Year,District,DistLocale,Total_ProficientPct,EconDisadv_ProficientPct,NotEconDisadv_ProficientPct,Female_ProficientPct,Male_ProficientPct,AIAN_ProficientPct,Asian_ProficientPct,Black_ProficientPct,Filipino_ProficientPct,Hisp_ProficientPct,NHPI_ProficientPct,TwoOrMore_ProficientPct,White_ProficientPct,Total_ProficientCount,EconDisadv_ProficientCount,NotEconDisadv_ProficientCount,Female_ProficientCount,Male_ProficientCount,AIAN_ProficientCount,Asian_ProficientCount,Black_ProficientCount,Filipino_ProficientCount,Hisp_ProficientCount,NHPI_ProficientCount,TwoOrMore_ProficientCount,White_ProficientCount,Total_Count,EconDisadv_Count,NotEconDisadv_Count,Female_Count,Male_Count,AIAN_Count,Asian_Count,Black_Count,Filipino_Count,Hisp_Count,NHPI_Count,TwoOrMore_Count,White_Count,Total_ProficientPct_missing,EconDisadv_ProficientPct_missing,NotEconDisadv_ProficientPct_missing,Female_ProficientPct_missing,Male_ProficientPct_missing,AIAN_ProficientPct_missing,Asian_ProficientPct_missing,Black_ProficientPct_missing,Filipino_ProficientPct_missing,Hisp_ProficientPct_missing,NHPI_ProficientPct_missing,TwoOrMore_ProficientPct_missing,White_ProficientPct_missing,Total_ProficientCount_missing,EconDisadv_ProficientCount_missing,NotEconDisadv_ProficientCount_missing,Female_ProficientCount_missing,Male_ProficientCount_missing,AIAN_ProficientCount_missing,Asian_ProficientCount_missing,Black_ProficientCount_missing,Filipino_ProficientCount_missing,Hisp_ProficientCount_missing,NHPI_ProficientCount_missing,TwoOrMore_ProficientCount_missing,White_ProficientCount_missing,Total_Count_missing,EconDisadv_Count_missing,NotEconDisadv_Count_missing,Female_Count_missing,Male_Count_missing,AIAN_Count_missing,Asian_Count_missing,Black_Count_missing,Filipino_Count_missing,Hisp_Count_missing,NHPI_Count_missing,TwoOrMore_Count_missing,White_Count_missing,Total_ProficientPct_lag1,Total_ProficientPct_lag2,Total_ProficientPct_lag3,Total_ProficientPct_lag4
2015,abc unified,"Suburb, large",0.47,0.27,0.68,0.48,0.46,,0.79,0.31,0.7,0.25,,0.67,0.57,723.0,212.0,506.0,380.0,335.0,0.0,285.0,34.0,120.0,181.0,0.0,32.0,64.0,1538.0,784.0,754.0,809.0,729.0,2.0,361.0,109.0,171.0,722.0,9.0,48.0,113.0,0,0,0,0,0,1,0,0,0,0,1,0,0,0,0,0,0,0,0,0,0,0,0,0,0,0,0,0,0,0,0,0,0,0,0,0,0,0,0,,,,
2016,abc unified,"Suburb, large",0.54,0.37,0.72,0.55,0.53,,0.85,0.37,0.77,0.34,,0.67,0.68,843.0,300.0,541.0,424.0,420.0,0.0,306.0,54.0,132.0,248.0,0.0,28.0,63.0,1562.0,811.0,751.0,771.0,791.0,4.0,359.0,145.0,171.0,728.0,10.0,42.0,93.0,0,0,0,0,0,1,0,0,0,0,1,0,0,0,0,0,0,0,0,0,0,0,0,0,0,0,0,0,0,0,0,0,0,0,0,0,0,0,0,0.47,,,
2017,abc unified,"Suburb, large",0.5188,0.3357,0.7173,0.488,0.5494,,0.8575,0.4091,0.6573,0.3486,,0.5821,0.5354,826.0,278.0,548.0,387.0,439.0,0.0,307.0,54.0,94.0,266.0,0.0,39.0,53.0,1592.0,828.0,764.0,793.0,799.0,0.0,358.0,132.0,143.0,763.0,0.0,67.0,99.0,0,0,0,0,0,1,0,0,0,0,1,0,0,0,0,0,0,0,0,0,0,0,0,0,0,0,0,0,0,0,0,0,0,0,0,0,0,0,0,0.54,0.47,,
2018,abc unified,"Suburb, large",0.5443,0.3619,0.7461,0.5246,0.5627,,0.8719,0.4595,0.6928,0.346,,0.5833,0.6047,799.0,279.0,520.0,373.0,426.0,0.0,313.0,51.0,106.0,237.0,0.0,28.0,52.0,1469.0,772.0,697.0,711.0,758.0,0.0,359.0,111.0,153.0,686.0,0.0,48.0,86.0,0,0,0,0,0,1,0,0,0,0,1,0,0,0,0,0,0,0,0,0,0,0,0,0,0,0,0,0,0,0,0,0,0,0,0,0,0,0,0,0.5188,0.54,0.47,
2019,abc unified,"Suburb, large",0.5449,0.3755,0.7535,0.537,0.5523,,0.8712,0.4123,0.7014,0.3676,,0.6739,0.6667,789.0,300.0,489.0,377.0,412.0,0.0,284.0,47.0,101.0,261.0,0.0,31.0,56.0,1448.0,799.0,649.0,702.0,746.0,0.0,326.0,114.0,144.0,710.0,10.0,46.0,84.0,0,0,0,0,0,1,0,0,0,0,1,0,0,0,0,0,0,0,0,0,0,0,0,0,0,0,0,0,0,0,0,0,0,0,0,0,0,0,0,0.5443,0.5188,0.54,0.47
2015,ackerman charter,"Town, fringe",0.63,0.33,0.72,0.57,0.69,,,,,,,,0.67,39.0,5.0,34.0,17.0,22.0,0.0,0.0,0.0,,0.0,,0.0,32.0,62.0,15.0,47.0,30.0,32.0,1.0,2.0,2.0,,6.0,,1.0,48.0,0,0,0,0,0,1,1,1,1,1,1,1,0,0,0,0,0,0,0,0,0,1,0,1,0,0,0,0,0,0,0,0,0,0,1,0,1,0,0,,,,
2016,ackerman charter,"Town, fringe",0.63,0.38,0.72,0.58,0.7,,,,,,,,0.6,40.0,6.0,34.0,21.0,19.0,,0.0,,,0.0,,0.0,31.0,63.0,16.0,47.0,36.0,27.0,,1.0,,,8.0,,2.0,52.0,0,0,0,0,0,1,1,1,1,1,1,1,0,0,0,0,0,0,1,0,1,1,0,1,0,0,0,0,0,0,0,1,0,1,1,0,1,0,0,0.63,,,
2017,ackerman charter,"Town, fringe",0.5806,0.5,0.625,0.4848,0.6897,,,,,0.5455,,,0.587,36.0,11.0,25.0,16.0,20.0,,0.0,0.0,,6.0,,0.0,27.0,62.0,22.0,40.0,33.0,29.0,,0.0,0.0,,11.0,,0.0,46.0,0,0,0,0,0,1,1,1,1,0,1,1,0,0,0,0,0,0,1,0,0,1,0,1,0,0,0,0,0,0,0,1,0,0,1,0,1,0,0,0.63,0.63,,
2018,ackerman charter,"Town, fringe",0.629,0.5,0.6739,0.6471,0.6071,,,,,,,,0.6383,39.0,8.0,31.0,22.0,17.0,0.0,0.0,,,0.0,,0.0,30.0,62.0,16.0,46.0,34.0,28.0,0.0,0.0,,,0.0,,0.0,47.0,0,0,0,0,0,1,1,1,1,1,1,1,0,0,0,0,0,0,0,0,1,1,0,1,0,0,0,0,0,0,0,0,0,1,1,0,1,0,0,0.5806,0.63,0.63,
2019,ackerman charter,"Town, fringe",0.6567,0.4118,0.74,0.5161,0.7778,,,,,0.3333,,,0.6957,44.0,7.0,37.0,16.0,28.0,,,0.0,,4.0,,0.0,32.0,67.0,17.0,50.0,31.0,36.0,,,0.0,,12.0,,8.0,46.0,0,0,0,0,0,1,1,1,1,0,1,1,0,0,0,0,0,0,1,1,0,1,0,1,0,0,0,0,0,0,0,1,1,0,1,0,1,0,0,0.629,0.5806,0.63,0.63
2015,acton-agua dulce unified,"City, large",0.46,0.35,0.53,0.37,0.53,,,,,0.19,,,0.56,27.0,8.0,19.0,10.0,17.0,,0.0,,,3.0,,0.0,23.0,59.0,23.0,36.0,27.0,32.0,,1.0,,,16.0,,1.0,41.0,0,0,0,0,0,1,1,1,1,0,1,1,0,0,0,0,0,0,1,0,1,1,0,1,0,0,0,0,0,0,0,1,0,1,1,0,1,0,0,,,,
2016,acton-agua dulce unified,"Suburb, large",0.49,0.35,0.6,0.61,0.39,,,,,0.38,,,0.6,50.0,16.0,33.0,27.0,22.0,,0.0,0.0,0.0,14.0,0.0,0.0,30.0,102.0,46.0,56.0,44.0,58.0,,2.0,1.0,3.0,37.0,2.0,4.0,51.0,0,0,0,0,0,1,1,1,1,0,1,1,0,0,0,0,0,0,1,0,0,0,0,0,0,0,0,0,0,0,0,1,0,0,0,0,0,0,0,0.46,,,
2017,acton-agua dulce unified,"Rural, fringe",0.3462,0.225,0.4737,0.1935,0.4468,,,,,0.2647,,,0.4595,27.0,9.0,18.0,6.0,21.0,,0.0,,,9.0,,0.0,17.0,78.0,40.0,38.0,31.0,47.0,,0.0,,,34.0,,0.0,37.0,0,0,0,0,0,1,1,1,1,0,1,1,0,0,0,0,0,0,1,0,1,1,0,1,0,0,0,0,0,0,0,1,0,1,1,0,1,0,0,0.49,0.46,,
2018,acton-agua dulce unified,"Rural, distant",0.3421,0.234,0.5172,0.4118,0.2857,,,,,0.2927,,,0.4643,26.0,11.0,15.0,14.0,12.0,,0.0,0.0,,12.0,0.0,0.0,13.0,76.0,47.0,29.0,34.0,42.0,,0.0,0.0,,41.0,0.0,0.0,28.0,0,0,0,0,0,1,1,1,1,0,1,1,0,0,0,0,0,0,1,0,0,1,0,0,0,0,0,0,0,0,0,1,0,0,1,0,0,0,0,0.3462,0.49,0.46,
2019,acton-agua dulce unified,"Rural, fringe",0.2683,0.2273,0.3158,0.2619,0.275,,,,,0.2286,,,0.2955,22.0,10.0,12.0,11.0,11.0,,,0.0,,8.0,,0.0,13.0,82.0,44.0,38.0,42.0,40.0,,,0.0,,35.0,,0.0,44.0,0,0,0,0,0,1,1,1,1,0,1,1,0,0,0,0,0,0,1,1,0,1,0,1,0,0,0,0,0,0,0,1,1,0,1,0,1,0,0,0.3421,0.3462,0.49,0.46
2015,adelanto elementary,"Suburb, large",0.14,0.13,0.24,0.14,0.13,,,0.1,,0.14,,0.05,0.23,129.0,109.0,21.0,63.0,61.0,0.0,0.0,20.0,0.0,81.0,0.0,1.0,19.0,921.0,833.0,88.0,452.0,469.0,1.0,9.0,202.0,7.0,575.0,7.0,19.0,84.0,0,0,0,0,0,1,1,0,1,0,1,0,0,0,0,0,0,0,0,0,0,0,0,0,0,0,0,0,0,0,0,0,0,0,0,0,0,0,0,,,,
2016,adelanto elementary,"Suburb, large",0.14,0.12,0.28,0.13,0.14,,,0.06,,0.13,,0.14,0.27,135.0,103.0,28.0,61.0,64.0,0.0,0.0,13.0,0.0,82.0,0.0,5.0,25.0,963.0,863.0,100.0,470.0,493.0,4.0,7.0,210.0,5.0,586.0,7.0,36.0,93.0,0,0,0,0,0,1,1,0,1,0,1,0,0,0,0,0,0,0,0,0,0,0,0,0,0,0,0,0,0,0,0,0,0,0,0,0,0,0,0,0.14,,,
2017,adelanto elementary,"Suburb, large",0.1714,0.1385,0.3617,0.1598,0.1832,,,0.0725,,0.1908,,0.0455,0.2727,164.0,113.0,51.0,77.0,87.0,0.0,0.0,15.0,0.0,116.0,0.0,1.0,18.0,957.0,816.0,141.0,482.0,475.0,0.0,0.0,207.0,0.0,608.0,0.0,22.0,66.0,0,0,0,0,0,1,1,0,1,0,1,0,0,0,0,0,0,0,0,0,0,0,0,0,0,0,0,0,0,0,0,0,0,0,0,0,0,0,0,0.14,0.14,,
2018,adelanto elementary,"Suburb, large",0.1718,0.1497,0.2738,0.1811,0.1624,,0.3636,0.0825,,0.1867,,0.1714,0.2162,162.0,116.0,46.0,86.0,76.0,0.0,4.0,16.0,0.0,112.0,0.0,6.0,16.0,943.0,775.0,168.0,475.0,468.0,0.0,11.0,194.0,0.0,600.0,0.0,35.0,74.0,0,0,0,0,0,1,0,0,1,0,1,0,0,0,0,0,0,0,0,0,0,0,0,0,0,0,0,0,0,0,0,0,0,0,0,0,0,0,0,0.1714,0.14,0.14,
2019,adelanto elementary,"Suburb, large",0.2257,0.2083,0.3151,0.2203,0.2315,,,0.1257,,0.2444,,0.1739,0.303,202.0,156.0,46.0,102.0,100.0,0.0,0.0,22.0,0.0,142.0,0.0,4.0,20.0,895.0,749.0,146.0,463.0,432.0,4.0,6.0,175.0,6.0,581.0,6.0,23.0,66.0,0,0,0,0,0,1,1,0,1,0,1,0,0,0,0,0,0,0,0,0,0,0,0,0,0,0,0,0,0,0,0,0,0,0,0,0,0,0,0,0.1718,0.1714,0.14,0.14
2015,alameda unified,"Suburb, large",0.6,0.37,0.7,0.59,0.6,,0.71,0.24,0.57,0.44,,0.56,0.68,435.0,86.0,354.0,225.0,218.0,0.0,136.0,12.0,30.0,54.0,0.0,44.0,159.0,738.0,232.0,506.0,375.0,363.0,3.0,191.0,51.0,53.0,123.0,5.0,77.0,233.0,0,0,0,0,0,1,0,0,0,0,1,0,0,0,0,0,0,0,0,0,0,0,0,0,0,0,0,0,0,0,0,0,0,0,0,0,0,0,0,,,,
2016,alameda unified,"Suburb, large",0.6,0.32,0.72,0.59,0.62,,0.7,0.3,0.52,0.45,,0.77,0.69,428.0,67.0,362.0,210.0,222.0,0.0,102.0,16.0,30.0,62.0,0.0,57.0,165.0,713.0,209.0,504.0,355.0,358.0,4.0,145.0,54.0,58.0,133.0,6.0,74.0,239.0,0,0,0,0,0,1,0,0,0,0,1,0,0,0,0,0,0,0,0,0,0,0,0,0,0,0,0,0,0,0,0,0,0,0,0,0,0,0,0,0.6,,,
2017,alameda unified,"Suburb, large",0.5924,0.3347,0.7089,0.5399,0.6395,,0.72,0.12,0.3438,0.4407,,0.68,0.6652,455.0,80.0,375.0,196.0,259.0,0.0,162.0,6.0,11.0,52.0,0.0,68.0,153.0,768.0,239.0,529.0,363.0,405.0,0.0,225.0,50.0,32.0,118.0,0.0,100.0,230.0,0,0,0,0,0,1,0,0,0,0,1,0,0,0,0,0,0,0,0,0,0,0,0,0,0,0,0,0,0,0,0,0,0,0,0,0,0,0,0,0.6,0.6,,
2018,alameda unified,"Suburb, large",0.6246,0.4038,0.7216,0.6147,0.6348,,0.7461,0.3158,0.5128,0.5271,,0.6571,0.6402,436.0,86.0,350.0,217.0,219.0,0.0,144.0,12.0,20.0,68.0,0.0,69.0,121.0,698.0,213.0,485.0,353.0,345.0,0.0,193.0,38.0,39.0,129.0,0.0,105.0,189.0,0,0,0,0,0,1,0,0,0,0,1,0,0,0,0,0,0,0,0,0,0,0,0,0,0,0,0,0,0,0,0,0,0,0,0,0,0,0,0,0.5924,0.6,0.6,
2019,alameda unified,"Suburb, large",0.6541,0.4205,0.7382,0.6619,0.6456,,0.7284,0.1613,0.6061,0.4712,,0.7059,0.7685,435.0,74.0,361.0,231.0,204.0,0.0,118.0,5.0,20.0,49.0,0.0,84.0,156.0,666.0,177.0,489.0,349.0,317.0,0.0,162.0,31.0,33.0,105.0,5.0,119.0,203.0,0,0,0,0,0,1,0,0,0,0,1,0,0,0,0,0,0,0,0,0,0,0,0,0,0,0,0,0,0,0,0,0,0,0,0,0,0,0,0,0.6246,0.5924,0.6,0.6
2015,albany city unified,"Suburb, large",0.71,0.53,0.76,0.7,0.72,,0.77,,,0.54,,0.69,0.8,204.0,30.0,171.0,99.0,104.0,,57.0,0.0,0.0,31.0,0.0,35.0,74.0,286.0,57.0,229.0,141.0,145.0,,74.0,8.0,2.0,57.0,1.0,51.0,93.0,0,0,0,0,0,1,0,1,1,0,1,0,0,0,0,0,0,0,1,0,0,0,0,0,0,0,0,0,0,0,0,1,0,0,0,0,0,0,0,,,,
2016,albany city unified,"Suburb, large",0.71,0.62,0.73,0.73,0.69,,0.8,,,0.56,,0.67,0.76,181.0,38.0,143.0,82.0,100.0,,57.0,0.0,,28.0,0.0,22.0,74.0,258.0,62.0,196.0,113.0,145.0,,71.0,6.0,,50.0,1.0,33.0,97.0,0,0,0,0,0,1,0,1,1,0,1,0,0,0,0,0,0,0,1,0,0,1,0,0,0,0,0,0,0,0,0,1,0,0,1,0,0,0,0,0.71,,,
2017,albany city unified,"Suburb, large",0.7633,0.6,0.7983,0.7589,0.7676,,0.8846,,,0.5909,,0.7308,0.7849,216.0,30.0,186.0,107.0,109.0,,69.0,0.0,0.0,26.0,,38.0,73.0,283.0,50.0,233.0,141.0,142.0,,78.0,0.0,0.0,44.0,,52.0,93.0,0,0,0,0,0,1,0,1,1,0,1,0,0,0,0,0,0,0,1,0,0,0,0,1,0,0,0,0,0,0,0,1,0,0,0,0,1,0,0,0.71,0.71,,
2018,albany city unified,"Suburb, large",0.7632,0.6087,0.7955,0.7561,0.7692,,0.7895,,,0.6216,,0.7941,0.8286,203.0,28.0,175.0,93.0,110.0,0.0,60.0,0.0,0.0,23.0,,27.0,87.0,266.0,46.0,220.0,123.0,143.0,0.0,76.0,0.0,0.0,37.0,,34.0,105.0,0,0,0,0,0,1,0,1,1,0,1,0,0,0,0,0,0,0,0,0,0,0,0,1,0,0,0,0,0,0,0,0,0,0,0,0,1,0,0,0.7633,0.71,0.71,
2019,albany city unified,"Suburb, large",0.7149,0.4717,0.7806,0.6619,0.7818,,0.8533,,,0.5385,,0.6279,0.7595,178.0,25.0,153.0,92.0,86.0,,64.0,0.0,,21.0,,27.0,60.0,249.0,53.0,196.0,139.0,110.0,,75.0,9.0,,39.0,,43.0,79.0,0,0,0,0,0,1,0,1,1,0,1,0,0,0,0,0,0,0,1,0,0,1,0,1,0,0,0,0,0,0,0,1,0,0,1,0,1,0,0,0.7632,0.7633,0.71,0.71
2015,alexander valley union elementary,"Rural, fringe",0.59,,,,0.5,,,,,,,,,10.0,0.0,0.0,0.0,6.0,,,,,0.0,,,0.0,17.0,8.0,9.0,5.0,12.0,,,,,7.0,,,10.0,0,1,1,1,0,1,1,1,1,1,1,1,1,0,0,0,0,0,1,1,1,1,0,1,1,0,0,0,0,0,0,1,1,1,1,0,1,1,0,,,,
2016,alexander valley union elementary,"Rural, fringe",0.47,,,0.45,,,,,,,,,,7.0,0.0,0.0,5.0,0.0,,,,,0.0,,,0.0,15.0,9.0,6.0,11.0,4.0,,,,,8.0,,,7.0,0,1,1,0,1,1,1,1,1,1,1,1,1,0,0,0,0,0,1,1,1,1,0,1,1,0,0,0,0,0,0,1,1,1,1,0,1,1,0,0.59,,,
2017,alexander valley union elementary,"Rural, fringe",0.2778,,,,,,,,,,,,0.3636,5.0,0.0,0.0,0.0,0.0,,,,,0.0,,,4.0,18.0,0.0,0.0,0.0,0.0,,,,,0.0,,,11.0,0,1,1,1,1,1,1,1,1,1,1,1,0,0,0,0,0,0,1,1,1,1,0,1,1,0,0,0,0,0,0,1,1,1,1,0,1,1,0,0.47,0.59,,
2018,alexander valley union elementary,"Rural, fringe",0.4545,,,,,,,,,,,,,5.0,0.0,0.0,0.0,0.0,,,,,0.0,,,0.0,11.0,0.0,0.0,0.0,0.0,,,,,0.0,,,0.0,0,1,1,1,1,1,1,1,1,1,1,1,1,0,0,0,0,0,1,1,1,1,0,1,1,0,0,0,0,0,0,1,1,1,1,0,1,1,0,0.2778,0.47,0.59,
2019,alexander valley union elementary,"Rural, fringe",0.5714,,0.6667,,,,,,,,,,,8.0,0.0,8.0,0.0,0.0,,,,,0.0,,,0.0,14.0,0.0,12.0,9.0,5.0,,,,,5.0,,,9.0,0,1,0,1,1,1,1,1,1,1,1,1,1,0,0,0,0,0,1,1,1,1,0,1,1,0,0,0,0,0,0,1,1,1,1,0,1,1,0,0.4545,0.2778,0.47,0.59
2015,alhambra unified,"Suburb, large",0.49,0.42,0.65,0.5,0.49,,0.7,,0.61,0.28,,0.55,0.32,543.0,312.0,242.0,270.0,278.0,0.0,371.0,0.0,17.0,135.0,0.0,12.0,8.0,1108.0,741.0,367.0,540.0,568.0,2.0,523.0,6.0,28.0,498.0,2.0,22.0,25.0,0,0,0,0,0,1,0,1,0,0,1,0,0,0,0,0,0,0,0,0,0,0,0,0,0,0,0,0,0,0,0,0,0,0,0,0,0,0,0,,,,
2016,alhambra unified,"Suburb, large",0.51,0.45,0.66,0.51,0.52,,0.7,,0.71,0.31,,0.68,0.39,556.0,337.0,225.0,289.0,267.0,0.0,349.0,0.0,20.0,146.0,0.0,23.0,7.0,1090.0,749.0,341.0,567.0,523.0,4.0,505.0,10.0,28.0,489.0,1.0,34.0,18.0,0,0,0,0,0,1,0,1,0,0,1,0,0,0,0,0,0,0,0,0,0,0,0,0,0,0,0,0,0,0,0,0,0,0,0,0,0,0,0,0.49,,,
2017,alhambra unified,"Suburb, large",0.5581,0.4709,0.7079,0.5589,0.5573,,0.7354,,0.5833,0.3756,,0.775,0.25,576.0,307.0,269.0,294.0,282.0,0.0,353.0,0.0,14.0,169.0,0.0,31.0,6.0,1032.0,652.0,380.0,526.0,506.0,0.0,480.0,0.0,24.0,450.0,0.0,40.0,24.0,0,0,0,0,0,1,0,1,0,0,1,0,0,0,0,0,0,0,0,0,0,0,0,0,0,0,0,0,0,0,0,0,0,0,0,0,0,0,0,0.51,0.49,,
2018,alhambra unified,"Suburb, large",0.586,0.5,0.7642,0.5783,0.5929,,0.7673,,0.7619,0.3885,,0.6923,0.5294,634.0,365.0,269.0,299.0,335.0,,389.0,0.0,16.0,190.0,0.0,27.0,9.0,1082.0,730.0,352.0,517.0,565.0,,507.0,0.0,21.0,489.0,0.0,39.0,17.0,0,0,0,0,0,1,0,1,0,0,1,0,0,0,0,0,0,0,1,0,0,0,0,0,0,0,0,0,0,0,0,1,0,0,0,0,0,0,0,0.5581,0.51,0.49,
2019,alhambra unified,"Suburb, large",0.5952,0.4991,0.7289,0.5766,0.613,,0.7827,,0.6429,0.372,,0.9412,0.5769,572.0,279.0,293.0,271.0,301.0,0.0,353.0,0.0,9.0,157.0,0.0,32.0,15.0,961.0,559.0,402.0,470.0,491.0,0.0,451.0,5.0,14.0,422.0,0.0,34.0,26.0,0,0,0,0,0,1,0,1,0,0,1,0,0,0,0,0,0,0,0,0,0,0,0,0,0,0,0,0,0,0,0,0,0,0,0,0,0,0,0,0.586,0.5581,0.51,0.49
2015,alisal union,"City, midsize",0.1,0.09,0.2,0.1,0.1,,,,,0.09,,,0.53,124.0,87.0,30.0,59.0,65.0,,0.0,0.0,0.0,117.0,0.0,0.0,9.0,1232.0,1083.0,149.0,587.0,645.0,,7.0,4.0,8.0,1174.0,5.0,3.0,17.0,0,0,0,0,0,1,1,1,1,0,1,1,0,0,0,0,0,0,1,0,0,0,0,0,0,0,0,0,0,0,0,1,0,0,0,0,0,0,0,,,,
2016,alisal union,"City, midsize",0.16,0.14,0.36,0.16,0.16,,,,,0.15,,,0.38,219.0,180.0,31.0,107.0,112.0,,0.0,0.0,0.0,183.0,0.0,0.0,5.0,1368.0,1281.0,87.0,668.0,700.0,,10.0,4.0,9.0,1310.0,3.0,4.0,13.0,0,0,0,0,0,1,1,1,1,0,1,1,0,0,0,0,0,0,1,0,0,0,0,0,0,0,0,0,0,0,0,1,0,0,0,0,0,0,0,0.1,,,
2017,alisal union,"City, midsize",0.2199,0.2129,0.268,0.211,0.2285,,0.6,,,0.2028,,,0.5333,268.0,227.0,41.0,127.0,141.0,,9.0,0.0,0.0,232.0,0.0,0.0,8.0,1219.0,1066.0,153.0,602.0,617.0,,15.0,0.0,0.0,1144.0,0.0,0.0,15.0,0,0,0,0,0,1,0,1,1,0,1,1,0,0,0,0,0,0,1,0,0,0,0,0,0,0,0,0,0,0,0,1,0,0,0,0,0,0,0,0.16,0.1,,
2018,alisal union,"City, midsize",0.2188,0.2067,0.3006,0.2017,0.234,,,,,0.2116,,,0.25,277.0,228.0,49.0,120.0,157.0,0.0,0.0,0.0,0.0,252.0,0.0,,3.0,1267.0,1104.0,163.0,595.0,672.0,0.0,0.0,0.0,0.0,1192.0,0.0,,12.0,0,0,0,0,0,1,1,1,1,0,1,1,0,0,0,0,0,0,0,0,0,0,0,0,1,0,0,0,0,0,0,0,0,0,0,0,0,1,0,0.2199,0.16,0.1,
2019,alisal union,"City, midsize",0.2885,0.2881,0.2914,0.2914,0.2857,,,,,0.2918,,,0.4167,335.0,291.0,44.0,167.0,168.0,0.0,0.0,0.0,0.0,300.0,0.0,0.0,10.0,1161.0,1010.0,151.0,573.0,588.0,6.0,10.0,0.0,0.0,1028.0,0.0,5.0,24.0,0,0,0,0,0,1,1,1,1,0,1,1,0,0,0,0,0,0,0,0,0,0,0,0,0,0,0,0,0,0,0,0,0,0,0,0,0,0,0,0.2188,0.2199,0.16,0.1
2015,alpaugh unified,"Rural, distant",0.13,0.14,,0.16,0.09,,,,,0.14,,,,4.0,4.0,0.0,3.0,1.0,,0.0,,,4.0,,,0.0,31.0,30.0,1.0,20.0,11.0,,1.0,,,29.0,,,1.0,0,0,1,0,0,1,1,1,1,0,1,1,1,0,0,0,0,0,1,0,1,1,0,1,1,0,0,0,0,0,0,1,0,1,1,0,1,1,0,,,,
2016,alpaugh unified,"City, midsize",0.14,0.14,,0.18,0.1,,,,,0.14,,,,6.0,5.0,0.0,4.0,2.0,,0.0,,,5.0,,,0.0,42.0,36.0,6.0,22.0,20.0,,1.0,,,37.0,,,4.0,0,0,1,0,0,1,1,1,1,0,1,1,1,0,0,0,0,0,1,0,1,1,0,1,1,0,0,0,0,0,0,1,0,1,1,0,1,1,0,0.13,,,
2017,alpaugh unified,"Rural, distant",0.05,0.0526,,0.0,,,,,,0.0526,,,,1.0,1.0,0.0,0.0,0.0,,,,,1.0,,,0.0,20.0,19.0,0.0,11.0,0.0,,,,,19.0,,,0.0,0,0,1,0,1,1,1,1,1,0,1,1,1,0,0,0,0,0,1,1,1,1,0,1,1,0,0,0,0,0,0,1,1,1,1,0,1,1,0,0.14,0.13,,
2018,alpaugh unified,"Rural, distant",0.1481,0.16,,0.0625,0.2727,,,,,0.16,,,,4.0,4.0,0.0,1.0,3.0,,0.0,,,4.0,,,0.0,27.0,25.0,0.0,16.0,11.0,,0.0,,,25.0,,,0.0,0,0,1,0,0,1,1,1,1,0,1,1,1,0,0,0,0,0,1,0,1,1,0,1,1,0,0,0,0,0,0,1,0,1,1,0,1,1,0,0.05,0.14,0.13,
2019,alpaugh unified,"Rural, distant",0.0811,0.0556,,0.0588,0.1,,,,,0.0833,,,,3.0,2.0,0.0,1.0,2.0,,,,,3.0,,0.0,,37.0,36.0,0.0,17.0,20.0,,,,,36.0,,0.0,,0,0,1,0,0,1,1,1,1,0,1,1,1,0,0,0,0,0,1,1,1,1,0,1,0,1,0,0,0,0,0,1,1,1,1,0,1,0,1,0.1481,0.05,0.14,0.13
2015,alpine union elementary,"Suburb, large",0.43,0.26,0.49,0.4,0.46,0.64,,,,0.23,,,0.47,85.0,14.0,73.0,40.0,47.0,7.0,0.0,0.0,0.0,9.0,,0.0,67.0,203.0,53.0,150.0,100.0,103.0,11.0,2.0,7.0,3.0,39.0,,2.0,139.0,0,0,0,0,0,0,1,1,1,0,1,1,0,0,0,0,0,0,0,0,0,0,0,1,0,0,0,0,0,0,0,0,0,0,0,0,1,0,0,,,,
2016,alpine union elementary,"Suburb, large",0.48,0.37,0.54,0.45,0.52,,,,,0.43,,,0.53,93.0,26.0,67.0,45.0,48.0,0.0,0.0,0.0,0.0,17.0,,0.0,70.0,194.0,71.0,123.0,101.0,93.0,9.0,2.0,5.0,2.0,40.0,,3.0,132.0,0,0,0,0,0,1,1,1,1,0,1,1,0,0,0,0,0,0,0,0,0,0,0,1,0,0,0,0,0,0,0,0,0,0,0,0,1,0,0,0.43,,,
2017,alpine union elementary,"Suburb, large",0.5254,0.24,0.6378,0.5052,0.55,,,,,0.3448,,,0.5656,93.0,12.0,81.0,49.0,44.0,0.0,0.0,0.0,0.0,10.0,0.0,0.0,69.0,177.0,50.0,127.0,97.0,80.0,0.0,0.0,0.0,0.0,29.0,0.0,0.0,122.0,0,0,0,0,0,1,1,1,1,0,1,1,0,0,0,0,0,0,0,0,0,0,0,0,0,0,0,0,0,0,0,0,0,0,0,0,0,0,0,0.48,0.43,,
2018,alpine union elementary,"Suburb, large",0.5466,0.4474,0.5772,0.5357,0.5584,,,,,0.4571,,,0.5794,88.0,17.0,71.0,45.0,43.0,0.0,,0.0,0.0,16.0,,0.0,62.0,161.0,38.0,123.0,84.0,77.0,0.0,,0.0,0.0,35.0,,0.0,107.0,0,0,0,0,0,1,1,1,1,0,1,1,0,0,0,0,0,0,0,1,0,0,0,1,0,0,0,0,0,0,0,0,1,0,0,0,1,0,0,0.5254,0.48,0.43,
2019,alpine union elementary,"Suburb, large",0.4802,0.275,0.5401,0.4719,0.4886,,,,,0.381,,0.3333,0.5556,85.0,11.0,74.0,42.0,43.0,0.0,0.0,0.0,0.0,16.0,0.0,4.0,60.0,177.0,40.0,137.0,89.0,88.0,4.0,0.0,4.0,0.0,42.0,0.0,12.0,108.0,0,0,0,0,0,1,1,1,1,0,1,0,0,0,0,0,0,0,0,0,0,0,0,0,0,0,0,0,0,0,0,0,0,0,0,0,0,0,0,0.5466,0.5254,0.48,0.43
2015,alta loma elementary,"Suburb, large",0.45,0.37,0.47,0.43,0.48,,0.66,0.23,,0.38,,,0.56,277.0,29.0,247.0,137.0,143.0,0.0,25.0,10.0,0.0,108.0,0.0,0.0,127.0,616.0,79.0,537.0,318.0,298.0,8.0,38.0,45.0,10.0,282.0,3.0,5.0,225.0,0,0,0,0,0,1,0,0,1,0,1,1,0,0,0,0,0,0,0,0,0,0,0,0,0,0,0,0,0,0,0,0,0,0,0,0,0,0,0,,,,
2016,alta loma elementary,"Suburb, large",0.49,0.36,0.56,0.48,0.5,,0.83,0.33,0.64,0.37,,0.61,0.58,324.0,81.0,237.0,147.0,174.0,0.0,38.0,13.0,7.0,102.0,0.0,11.0,142.0,648.0,224.0,424.0,300.0,348.0,7.0,46.0,39.0,11.0,275.0,6.0,18.0,244.0,0,0,0,0,0,1,0,0,0,0,1,0,0,0,0,0,0,0,0,0,0,0,0,0,0,0,0,0,0,0,0,0,0,0,0,0,0,0,0,0.45,,,
2017,alta loma elementary,"Suburb, large",0.5268,0.4424,0.5773,0.4868,0.5605,,0.7241,0.3488,,0.4658,,,0.6114,305.0,96.0,209.0,129.0,176.0,0.0,21.0,15.0,0.0,136.0,0.0,0.0,118.0,579.0,217.0,362.0,265.0,314.0,0.0,29.0,43.0,0.0,292.0,0.0,0.0,193.0,0,0,0,0,0,1,0,0,1,0,1,1,0,0,0,0,0,0,0,0,0,0,0,0,0,0,0,0,0,0,0,0,0,0,0,0,0,0,0,0.49,0.45,,
2018,alta loma elementary,"Suburb, large",0.5772,0.3895,0.7112,0.5528,0.6019,,0.78,0.4889,,0.5118,,,0.6222,370.0,104.0,266.0,178.0,192.0,0.0,39.0,22.0,0.0,152.0,0.0,0.0,140.0,641.0,267.0,374.0,322.0,319.0,0.0,50.0,45.0,0.0,297.0,0.0,0.0,225.0,0,0,0,0,0,1,0,0,1,0,1,1,0,0,0,0,0,0,0,0,0,0,0,0,0,0,0,0,0,0,0,0,0,0,0,0,0,0,0,0.5268,0.49,0.45,
2019,alta loma elementary,"Suburb, large",0.715,0.4421,0.7636,0.7261,0.7038,,0.9038,0.5366,,0.6826,,0.9091,0.7352,449.0,42.0,407.0,228.0,221.0,0.0,47.0,22.0,0.0,200.0,0.0,10.0,161.0,628.0,95.0,533.0,314.0,314.0,0.0,52.0,41.0,7.0,293.0,0.0,11.0,219.0,0,0,0,0,0,1,0,0,1,0,1,0,0,0,0,0,0,0,0,0,0,0,0,0,0,0,0,0,0,0,0,0,0,0,0,0,0,0,0,0.5772,0.5268,0.49,0.45
2015,alta vista elementary,"Suburb, small",0.01,0.02,,0.0,0.03,,,,,0.02,,,,1.0,1.0,0.0,0.0,1.0,,0.0,,,1.0,,,0.0,70.0,65.0,5.0,30.0,40.0,,2.0,,,59.0,,,9.0,0,0,1,0,0,1,1,1,1,0,1,1,1,0,0,0,0,0,1,0,1,1,0,1,1,0,0,0,0,0,0,1,0,1,1,0,1,1,0,,,,
2016,alta vista elementary,"Suburb, small",0.06,0.05,,0.07,0.06,,,,,0.04,,,0.09,4.0,3.0,0.0,2.0,2.0,0.0,0.0,,,2.0,0.0,,1.0,64.0,59.0,5.0,30.0,34.0,1.0,1.0,,,49.0,2.0,,11.0,0,0,1,0,0,1,1,1,1,0,1,1,0,0,0,0,0,0,0,0,1,1,0,0,1,0,0,0,0,0,0,0,0,1,1,0,0,1,0,0.01,,,
2017,alta vista elementary,"Suburb, small",0.0,0.0,,0.0,0.0,,,,,0.0,,,,0.0,0.0,0.0,0.0,0.0,,,,,0.0,0.0,,0.0,51.0,46.0,0.0,25.0,26.0,,,,,42.0,0.0,,0.0,0,0,1,0,0,1,1,1,1,0,1,1,1,0,0,0,0,0,1,1,1,1,0,0,1,0,0,0,0,0,0,1,1,1,1,0,0,1,0,0.06,0.01,,
2018,alta vista elementary,"Suburb, small",0.0857,0.0769,,0.1154,0.0682,,,,,0.1,,,,6.0,5.0,0.0,3.0,3.0,,,,,6.0,0.0,,0.0,70.0,65.0,0.0,26.0,44.0,,,,,60.0,0.0,,0.0,0,0,1,0,0,1,1,1,1,0,1,1,1,0,0,0,0,0,1,1,1,1,0,0,1,0,0,0,0,0,0,1,1,1,1,0,0,1,0,0.0,0.06,0.01,
2019,alta vista elementary,"Suburb, small",0.1765,0.1739,,0.1304,0.2143,,,,,0.1591,,,,9.0,8.0,0.0,3.0,6.0,0.0,,,,7.0,,0.0,0.0,51.0,46.0,5.0,23.0,28.0,0.0,,,,44.0,,0.0,5.0,0,0,1,0,0,1,1,1,1,0,1,1,1,0,0,0,0,0,0,1,1,1,0,1,0,0,0,0,0,0,0,0,1,1,1,0,1,0,0,0.0857,0.0,0.06,0.01
2015,alum rock union elementary,"City, large",0.24,0.2,0.49,0.25,0.23,,0.62,0.19,0.4,0.17,0.26,,0.5,321.0,244.0,86.0,161.0,160.0,0.0,100.0,3.0,10.0,182.0,5.0,0.0,17.0,1338.0,1162.0,176.0,642.0,696.0,2.0,159.0,16.0,25.0,1073.0,19.0,10.0,34.0,0,0,0,0,0,1,0,0,0,0,0,1,0,0,0,0,0,0,0,0,0,0,0,0,0,0,0,0,0,0,0,0,0,0,0,0,0,0,0,,,,
2016,alum rock union elementary,"City, large",0.22,0.19,0.5,0.2,0.24,,0.5,0.11,0.34,0.18,0.41,0.27,0.21,303.0,224.0,68.0,136.0,161.0,0.0,74.0,2.0,10.0,182.0,7.0,3.0,3.0,1317.0,1181.0,136.0,648.0,669.0,5.0,149.0,19.0,29.0,1071.0,17.0,11.0,14.0,0,0,0,0,0,1,0,0,0,0,0,0,0,0,0,0,0,0,0,0,0,0,0,0,0,0,0,0,0,0,0,0,0,0,0,0,0,0,0,0.24,,,
2017,alum rock union elementary,"City, large",0.3161,0.2826,0.5497,0.2882,0.3419,,0.6852,0.1111,0.5455,0.2423,0.3571,,0.375,380.0,297.0,83.0,166.0,214.0,0.0,111.0,2.0,24.0,227.0,5.0,0.0,6.0,1202.0,1051.0,151.0,576.0,626.0,0.0,162.0,18.0,44.0,937.0,14.0,0.0,16.0,0,0,0,0,0,1,0,0,0,0,0,1,0,0,0,0,0,0,0,0,0,0,0,0,0,0,0,0,0,0,0,0,0,0,0,0,0,0,0,0.22,0.24,,
2018,alum rock union elementary,"City, large",0.3381,0.3057,0.5,0.3156,0.3596,,0.6161,,0.5263,0.2834,,0.6471,,377.0,284.0,93.0,172.0,205.0,0.0,69.0,0.0,30.0,257.0,0.0,11.0,0.0,1115.0,929.0,186.0,545.0,570.0,0.0,112.0,0.0,57.0,907.0,0.0,17.0,0.0,0,0,0,0,0,1,0,1,0,0,1,0,1,0,0,0,0,0,0,0,0,0,0,0,0,0,0,0,0,0,0,0,0,0,0,0,0,0,0,0.3161,0.22,0.24,
2019,alum rock union elementary,"City, large",0.292,0.2553,0.4969,0.2627,0.3197,,0.5093,0.4167,0.5962,0.2336,,0.6154,0.4667,306.0,227.0,79.0,134.0,172.0,0.0,55.0,5.0,31.0,196.0,0.0,8.0,7.0,1048.0,889.0,159.0,510.0,538.0,0.0,108.0,12.0,52.0,839.0,7.0,13.0,15.0,0,0,0,0,0,1,0,0,0,0,1,0,0,0,0,0,0,0,0,0,0,0,0,0,0,0,0,0,0,0,0,0,0,0,0,0,0,0,0,0.3381,0.3161,0.22,0.24
2015,alview-dairyland union elementary,"Rural, distant",0.28,0.24,0.36,0.24,0.3,,,,,0.17,,,0.38,11.0,7.0,4.0,4.0,7.0,,0.0,,,4.0,,,6.0,40.0,29.0,11.0,17.0,23.0,,1.0,,,23.0,,,16.0,0,0,0,0,0,1,1,1,1,0,1,1,0,0,0,0,0,0,1,0,1,1,0,1,1,0,0,0,0,0,0,1,0,1,1,0,1,1,0,,,,
2016,alview-dairyland union elementary,"Rural, distant",0.31,0.2,0.53,0.32,0.3,,,,,0.12,,,0.53,14.0,6.0,8.0,8.0,6.0,,0.0,,,3.0,,,10.0,45.0,30.0,15.0,25.0,20.0,,1.0,,,25.0,,,19.0,0,0,0,0,0,1,1,1,1,0,1,1,0,0,0,0,0,0,1,0,1,1,0,1,1,0,0,0,0,0,0,1,0,1,1,0,1,1,0,0.28,,,
2017,alview-dairyland union elementary,"Rural, distant",0.4286,0.2857,0.619,0.5,0.36,,,,,0.24,,,0.6087,21.0,8.0,13.0,12.0,9.0,,0.0,,,6.0,,,14.0,49.0,28.0,21.0,24.0,25.0,,0.0,,,25.0,,,23.0,0,0,0,0,0,1,1,1,1,0,1,1,0,0,0,0,0,0,1,0,1,1,0,1,1,0,0,0,0,0,0,1,0,1,1,0,1,1,0,0.31,0.28,,
2018,alview-dairyland union elementary,"Rural, distant",0.3636,0.35,0.3846,0.3125,0.4118,,,,,0.2857,,,,12.0,7.0,5.0,5.0,7.0,,0.0,,0.0,6.0,,,0.0,33.0,20.0,13.0,16.0,17.0,,0.0,,0.0,21.0,,,0.0,0,0,0,0,0,1,1,1,1,0,1,1,1,0,0,0,0,0,1,0,1,0,0,1,1,0,0,0,0,0,0,1,0,1,0,0,1,1,0,0.4286,0.31,0.28,
2019,alview-dairyland union elementary,"Rural, distant",0.4318,0.4688,0.3333,0.5263,0.36,,,,,0.3462,,,0.5556,19.0,15.0,4.0,10.0,9.0,,,,,9.0,,,10.0,44.0,32.0,12.0,19.0,25.0,,,,,26.0,,,18.0,0,0,0,0,0,1,1,1,1,0,1,1,0,0,0,0,0,0,1,1,1,1,0,1,1,0,0,0,0,0,0,1,1,1,1,0,1,1,0,0.3636,0.4286,0.31,0.28
2015,alvina elementary,"Rural, distant",0.15,0.1,,0.07,0.27,,,,,0.1,,,,4.0,2.0,0.0,1.0,3.0,,,,,2.0,0.0,,0.0,26.0,20.0,6.0,15.0,11.0,,,,,20.0,1.0,,5.0,0,0,1,0,0,1,1,1,1,0,1,1,1,0,0,0,0,0,1,1,1,1,0,0,1,0,0,0,0,0,0,1,1,1,1,0,0,1,0,,,,
2016,alvina elementary,"Rural, distant",0.6,0.5,,,,,,,,0.54,,,,9.0,6.0,0.0,0.0,0.0,,,,,7.0,,,0.0,15.0,12.0,3.0,10.0,5.0,,,,,13.0,,,2.0,0,0,1,1,1,1,1,1,1,0,1,1,1,0,0,0,0,0,1,1,1,1,0,1,1,0,0,0,0,0,0,1,1,1,1,0,1,1,0,0.15,,,
2017,alvina elementary,"Rural, distant",0.6087,0.4375,,,0.6667,,,,,0.5556,,,,14.0,7.0,0.0,0.0,12.0,,,,,10.0,,,0.0,23.0,16.0,0.0,0.0,18.0,,,,,18.0,,,0.0,0,0,1,1,0,1,1,1,1,0,1,1,1,0,0,0,0,0,1,1,1,1,0,1,1,0,0,0,0,0,0,1,1,1,1,0,1,1,0,0.6,0.15,,
2018,alvina elementary,"Rural, distant",0.2917,0.25,,0.3571,,,,,,0.3043,,,,7.0,5.0,0.0,5.0,0.0,,,,,7.0,,,0.0,24.0,20.0,0.0,14.0,0.0,,,,,23.0,,,0.0,0,0,1,0,1,1,1,1,1,0,1,1,1,0,0,0,0,0,1,1,1,1,0,1,1,0,0,0,0,0,0,1,1,1,1,0,1,1,0,0.6087,0.6,0.15,
2019,alvina elementary,"Rural, distant",0.4348,0.3684,,,0.5385,,,,,0.3333,,,,10.0,7.0,0.0,0.0,7.0,,0.0,,,6.0,,,0.0,23.0,19.0,4.0,10.0,13.0,,0.0,,,18.0,,,0.0,0,0,1,1,0,1,1,1,1,0,1,1,1,0,0,0,0,0,1,0,1,1,0,1,1,0,0,0,0,0,0,1,0,1,1,0,1,1,0,0.2917,0.6087,0.6,0.15
2015,alvord unified,"City, large",0.28,0.23,0.49,0.27,0.28,,0.65,0.28,0.4,0.24,,0.54,0.41,412.0,279.0,130.0,201.0,205.0,0.0,32.0,16.0,8.0,279.0,0.0,7.0,68.0,1472.0,1213.0,259.0,743.0,729.0,1.0,49.0,57.0,20.0,1162.0,4.0,13.0,166.0,0,0,0,0,0,1,0,0,0,0,1,0,0,0,0,0,0,0,0,0,0,0,0,0,0,0,0,0,0,0,0,0,0,0,0,0,0,0,0,,,,
2016,alvord unified,"City, large",0.29,0.24,0.53,0.27,0.31,,0.69,0.31,0.65,0.24,,0.24,0.49,451.0,312.0,134.0,207.0,251.0,0.0,37.0,15.0,15.0,295.0,0.0,4.0,82.0,1553.0,1299.0,254.0,769.0,784.0,4.0,54.0,49.0,23.0,1229.0,8.0,17.0,169.0,0,0,0,0,0,1,0,0,0,0,1,0,0,0,0,0,0,0,0,0,0,0,0,0,0,0,0,0,0,0,0,0,0,0,0,0,0,0,0,0.28,,,
2017,alvord unified,"City, large",0.3162,0.2719,0.5083,0.3244,0.308,,0.6977,0.3934,0.5,0.2817,0.3846,0.5,0.3609,409.0,286.0,122.0,209.0,201.0,0.0,30.0,24.0,8.0,283.0,5.0,10.0,48.0,1294.0,1053.0,241.0,643.0,651.0,0.0,43.0,61.0,16.0,1005.0,13.0,21.0,134.0,0,0,0,0,0,1,0,0,0,0,0,0,0,0,0,0,0,0,0,0,0,0,0,0,0,0,0,0,0,0,0,0,0,0,0,0,0,0,0,0.29,0.28,,
2018,alvord unified,"City, large",0.3135,0.2676,0.5167,0.3181,0.3092,,0.64,0.25,0.5714,0.2748,,0.6,0.4526,458.0,319.0,139.0,223.0,235.0,0.0,32.0,13.0,12.0,321.0,0.0,12.0,62.0,1461.0,1192.0,269.0,701.0,760.0,0.0,50.0,52.0,21.0,1168.0,0.0,20.0,137.0,0,0,0,0,0,1,0,0,0,0,1,0,0,0,0,0,0,0,0,0,0,0,0,0,0,0,0,0,0,0,0,0,0,0,0,0,0,0,0,0.3162,0.29,0.28,
2019,alvord unified,"City, large",0.3328,0.284,0.5373,0.3288,0.3368,,0.6981,0.2813,0.6364,0.2867,,0.625,0.4962,452.0,308.0,146.0,221.0,230.0,0.0,37.0,9.0,15.0,308.0,0.0,12.0,70.0,1356.0,1084.0,272.0,672.0,684.0,0.0,54.0,33.0,24.0,1075.0,7.0,18.0,141.0,0,0,0,0,0,1,0,0,0,0,1,0,0,0,0,0,0,0,0,0,0,0,0,0,0,0,0,0,0,0,0,0,0,0,0,0,0,0,0,0.3135,0.3162,0.29,0.28
2015,amador county unified,"Town, distant",0.27,0.16,0.37,0.28,0.26,,,,,0.2,,0.28,0.29,81.0,23.0,59.0,44.0,38.0,0.0,0.0,0.0,0.0,11.0,,5.0,62.0,301.0,144.0,157.0,156.0,145.0,5.0,2.0,2.0,1.0,56.0,,18.0,214.0,0,0,0,0,0,1,1,1,1,0,1,0,0,0,0,0,0,0,0,0,0,0,0,1,0,0,0,0,0,0,0,0,0,0,0,0,1,0,0,,,,
2016,amador county unified,"Town, distant",0.26,0.2,0.34,0.22,0.3,0.21,,,,0.14,,0.27,0.29,83.0,36.0,47.0,34.0,47.0,3.0,0.0,0.0,0.0,10.0,0.0,4.0,59.0,318.0,180.0,138.0,156.0,162.0,14.0,5.0,4.0,4.0,69.0,1.0,15.0,206.0,0,0,0,0,0,0,1,1,1,0,1,0,0,0,0,0,0,0,0,0,0,0,0,0,0,0,0,0,0,0,0,0,0,0,0,0,0,0,0,0.27,,,
2017,amador county unified,"Town, distant",0.3357,0.2051,0.5,0.2716,0.4237,0.2308,,,,0.2656,,,0.3696,94.0,32.0,62.0,44.0,50.0,3.0,0.0,0.0,0.0,17.0,0.0,0.0,68.0,280.0,156.0,124.0,162.0,118.0,13.0,0.0,0.0,0.0,64.0,0.0,0.0,184.0,0,0,0,0,0,0,1,1,1,0,1,1,0,0,0,0,0,0,0,0,0,0,0,0,0,0,0,0,0,0,0,0,0,0,0,0,0,0,0,0.26,0.27,,
2018,amador county unified,"Town, distant",0.4034,0.3467,0.4621,0.3961,0.4113,0.3636,,,,0.3382,,0.5,0.4072,119.0,52.0,67.0,61.0,58.0,4.0,0.0,0.0,,23.0,,8.0,79.0,295.0,150.0,145.0,154.0,141.0,11.0,0.0,0.0,,68.0,,16.0,194.0,0,0,0,0,0,0,1,1,1,0,1,0,0,0,0,0,0,0,0,0,0,1,0,1,0,0,0,0,0,0,0,0,0,0,1,0,1,0,0,0.3357,0.26,0.27,
2019,amador county unified,"Town, distant",0.374,0.2541,0.4848,0.3359,0.4127,,,,,0.2037,,0.3125,0.4237,95.0,31.0,64.0,43.0,52.0,0.0,,0.0,0.0,11.0,,5.0,75.0,254.0,122.0,132.0,128.0,126.0,0.0,,0.0,0.0,54.0,,16.0,177.0,0,0,0,0,0,1,1,1,1,0,1,0,0,0,0,0,0,0,0,1,0,0,0,1,0,0,0,0,0,0,0,0,1,0,0,0,1,0,0,0.4034,0.3357,0.26,0.27
2015,anderson valley unified,"Rural, remote",0.19,0.16,,0.08,0.32,,,,,0.13,,,,8.0,6.0,0.0,2.0,6.0,,,0.0,,4.0,,,0.0,44.0,39.0,5.0,25.0,19.0,,,1.0,,33.0,,,10.0,0,0,1,0,0,1,1,1,1,0,1,1,1,0,0,0,0,0,1,1,0,1,0,1,1,0,0,0,0,0,0,1,1,0,1,0,1,1,0,,,,
2016,anderson valley unified,"Rural, remote",0.18,0.13,,0.2,0.17,,,,,0.13,,,,7.0,4.0,0.0,3.0,4.0,0.0,,0.0,,4.0,,,0.0,39.0,32.0,7.0,15.0,24.0,1.0,,1.0,,31.0,,,6.0,0,0,1,0,0,1,1,1,1,0,1,1,1,0,0,0,0,0,0,1,0,1,0,1,1,0,0,0,0,0,0,0,1,0,1,0,1,1,0,0.19,,,
2017,anderson valley unified,"Rural, remote",0.1622,0.1515,,0.2105,0.1111,,,,,0.0968,,,,6.0,5.0,0.0,4.0,2.0,,,,,3.0,,,0.0,37.0,33.0,0.0,19.0,18.0,,,,,31.0,,,0.0,0,0,1,0,0,1,1,1,1,0,1,1,1,0,0,0,0,0,1,1,1,1,0,1,1,0,0,0,0,0,0,1,1,1,1,0,1,1,0,0.18,0.19,,
2018,anderson valley unified,"Rural, remote",0.3158,0.25,,0.2917,0.3571,,,,,0.2414,,,,12.0,8.0,0.0,7.0,5.0,,,,,7.0,,,0.0,38.0,32.0,0.0,24.0,14.0,,,,,29.0,,,0.0,0,0,1,0,0,1,1,1,1,0,1,1,1,0,0,0,0,0,1,1,1,1,0,1,1,0,0,0,0,0,0,1,1,1,1,0,1,1,0,0.1622,0.18,0.19,
2019,anderson valley unified,"Rural, remote",0.4138,0.3929,,0.4375,0.3846,,,,,0.3913,,,,12.0,11.0,0.0,7.0,5.0,,,,,9.0,,,0.0,29.0,28.0,0.0,16.0,13.0,,,,,23.0,,,6.0,0,0,1,0,0,1,1,1,1,0,1,1,1,0,0,0,0,0,1,1,1,1,0,1,1,0,0,0,0,0,0,1,1,1,1,0,1,1,0,0.3158,0.1622,0.18,0.19
2015,antelope elementary,"Town, distant",0.37,0.27,0.5,0.32,0.43,,,,,0.33,,,0.41,26.0,11.0,15.0,13.0,13.0,0.0,0.0,0.0,,5.0,,0.0,20.0,71.0,41.0,30.0,41.0,30.0,3.0,1.0,2.0,,15.0,,1.0,49.0,0,0,0,0,0,1,1,1,1,0,1,1,0,0,0,0,0,0,0,0,0,1,0,1,0,0,0,0,0,0,0,0,0,0,1,0,1,0,0,,,,
2016,antelope elementary,"Town, distant",0.25,0.2,0.32,0.21,0.29,,,,,0.17,,,0.3,20.0,10.0,10.0,9.0,11.0,0.0,0.0,0.0,,4.0,,0.0,15.0,80.0,49.0,31.0,42.0,38.0,3.0,1.0,1.0,,24.0,,1.0,50.0,0,0,0,0,0,1,1,1,1,0,1,1,0,0,0,0,0,0,0,0,0,1,0,1,0,0,0,0,0,0,0,0,0,0,1,0,1,0,0,0.37,,,
2017,antelope elementary,"Town, distant",0.493,0.3421,0.6667,0.4815,0.5,,,,,0.3333,,,0.5098,35.0,13.0,22.0,13.0,22.0,0.0,0.0,,,5.0,,0.0,26.0,71.0,38.0,33.0,27.0,44.0,0.0,0.0,,,15.0,,0.0,51.0,0,0,0,0,0,1,1,1,1,0,1,1,0,0,0,0,0,0,0,0,1,1,0,1,0,0,0,0,0,0,0,0,0,1,1,0,1,0,0,0.25,0.37,,
2018,antelope elementary,"Town, distant",0.4778,0.3962,0.5946,0.5217,0.4318,,,,,0.5,,,0.4643,43.0,21.0,22.0,24.0,19.0,0.0,0.0,,,12.0,,0.0,26.0,90.0,53.0,37.0,46.0,44.0,0.0,0.0,,,24.0,,0.0,56.0,0,0,0,0,0,1,1,1,1,0,1,1,0,0,0,0,0,0,0,0,1,1,0,1,0,0,0,0,0,0,0,0,0,1,1,0,1,0,0,0.493,0.25,0.37,
2019,antelope elementary,"Town, distant",0.4625,0.3922,0.5862,0.4146,0.5128,,,,,0.3478,,,0.5098,37.0,20.0,17.0,17.0,20.0,0.0,,,,8.0,0.0,0.0,26.0,80.0,51.0,29.0,41.0,39.0,0.0,,,,23.0,0.0,0.0,51.0,0,0,0,0,0,1,1,1,1,0,1,1,0,0,0,0,0,0,0,1,1,1,0,0,0,0,0,0,0,0,0,0,1,1,1,0,0,0,0,0.4778,0.493,0.25,0.37
2015,antioch unified,"Suburb, large",0.23,0.16,0.42,0.24,0.21,,0.59,0.1,0.47,0.17,0.33,0.34,0.35,289.0,151.0,130.0,148.0,134.0,0.0,29.0,30.0,21.0,94.0,6.0,27.0,70.0,1254.0,945.0,309.0,617.0,637.0,10.0,49.0,300.0,45.0,551.0,19.0,78.0,201.0,0,0,0,0,0,1,0,0,0,0,0,0,0,0,0,0,0,0,0,0,0,0,0,0,0,0,0,0,0,0,0,0,0,0,0,0,0,0,0,,,,
2016,antioch unified,"Suburb, large",0.19,0.13,0.36,0.18,0.2,,0.35,0.13,0.51,0.14,,0.18,0.27,255.0,131.0,119.0,121.0,134.0,0.0,23.0,41.0,34.0,86.0,0.0,15.0,46.0,1341.0,1012.0,329.0,671.0,670.0,3.0,65.0,321.0,67.0,615.0,7.0,84.0,179.0,0,0,0,0,0,1,0,0,0,0,1,0,0,0,0,0,0,0,0,0,0,0,0,0,0,0,0,0,0,0,0,0,0,0,0,0,0,0,0,0.23,,,
2017,antioch unified,"Suburb, large",0.2131,0.1769,0.325,0.2217,0.2041,,0.3333,0.1331,0.587,0.179,0.3333,0.2872,0.2849,279.0,175.0,104.0,149.0,130.0,0.0,19.0,41.0,27.0,109.0,6.0,27.0,49.0,1311.0,991.0,320.0,672.0,639.0,0.0,57.0,309.0,46.0,610.0,18.0,94.0,172.0,0,0,0,0,0,1,0,0,0,0,0,0,0,0,0,0,0,0,0,0,0,0,0,0,0,0,0,0,0,0,0,0,0,0,0,0,0,0,0,0.19,0.23,,
2018,antioch unified,"Suburb, large",0.1987,0.146,0.3456,0.1575,0.2371,,0.3529,0.1069,0.54,0.1749,0.2,0.1975,0.3026,246.0,133.0,113.0,94.0,152.0,0.0,18.0,31.0,27.0,103.0,3.0,16.0,46.0,1238.0,911.0,327.0,597.0,641.0,0.0,51.0,290.0,50.0,589.0,15.0,81.0,152.0,0,0,0,0,0,1,0,0,0,0,0,0,0,0,0,0,0,0,0,0,0,0,0,0,0,0,0,0,0,0,0,0,0,0,0,0,0,0,0,0.2131,0.19,0.23,
2019,antioch unified,"Suburb, large",0.2217,0.178,0.3561,0.1759,0.2635,,0.322,0.1241,0.3774,0.2022,0.1111,0.3651,0.3358,251.0,152.0,99.0,95.0,156.0,0.0,19.0,33.0,20.0,108.0,2.0,23.0,46.0,1132.0,854.0,278.0,540.0,592.0,0.0,59.0,266.0,53.0,534.0,18.0,63.0,137.0,0,0,0,0,0,1,0,0,0,0,0,0,0,0,0,0,0,0,0,0,0,0,0,0,0,0,0,0,0,0,0,0,0,0,0,0,0,0,0,0.1987,0.2131,0.19,0.23
2015,apple valley unified,"Suburb, large",0.23,0.15,0.42,0.23,0.22,,0.44,0.15,,0.17,,,0.29,226.0,106.0,116.0,114.0,107.0,0.0,7.0,16.0,0.0,72.0,0.0,0.0,120.0,980.0,710.0,270.0,495.0,485.0,8.0,16.0,108.0,3.0,425.0,5.0,10.0,402.0,0,0,0,0,0,1,0,0,1,0,1,1,0,0,0,0,0,0,0,0,0,0,0,0,0,0,0,0,0,0,0,0,0,0,0,0,0,0,0,,,,
2016,apple valley unified,"Suburb, large",0.26,0.2,0.44,0.26,0.26,,0.54,0.1,,0.22,,0.35,0.33,264.0,149.0,117.0,132.0,132.0,0.0,7.0,10.0,0.0,103.0,0.0,7.0,132.0,1015.0,749.0,266.0,508.0,507.0,4.0,13.0,99.0,4.0,468.0,4.0,20.0,402.0,0,0,0,0,0,1,0,0,1,0,1,0,0,0,0,0,0,0,0,0,0,0,0,0,0,0,0,0,0,0,0,0,0,0,0,0,0,0,0,0.23,,,
2017,apple valley unified,"Suburb, large",0.2715,0.1992,0.4704,0.2642,0.2789,,0.3913,0.0941,,0.2336,,0.3125,0.3403,275.0,148.0,127.0,135.0,140.0,0.0,9.0,8.0,0.0,114.0,0.0,5.0,131.0,1013.0,743.0,270.0,511.0,502.0,0.0,23.0,85.0,0.0,488.0,0.0,16.0,385.0,0,0,0,0,0,1,0,0,1,0,1,0,0,0,0,0,0,0,0,0,0,0,0,0,0,0,0,0,0,0,0,0,0,0,0,0,0,0,0,0.26,0.23,,
2018,apple valley unified,"Suburb, large",0.3125,0.2399,0.5176,0.2878,0.336,,0.625,0.1154,,0.2653,,0.2857,0.4068,305.0,173.0,132.0,137.0,168.0,0.0,10.0,9.0,0.0,126.0,0.0,4.0,155.0,977.0,722.0,255.0,476.0,501.0,0.0,16.0,78.0,0.0,476.0,0.0,14.0,381.0,0,0,0,0,0,1,0,0,1,0,1,0,0,0,0,0,0,0,0,0,0,0,0,0,0,0,0,0,0,0,0,0,0,0,0,0,0,0,0,0.2715,0.26,0.23,
2019,apple valley unified,"Suburb, large",0.3069,0.2547,0.4876,0.2539,0.3592,,0.5882,0.1579,,0.2292,,0.4091,0.4238,275.0,177.0,98.0,113.0,162.0,0.0,10.0,12.0,0.0,102.0,0.0,9.0,139.0,897.0,696.0,201.0,445.0,452.0,0.0,17.0,76.0,0.0,446.0,0.0,22.0,328.0,0,0,0,0,0,1,0,0,1,0,1,0,0,0,0,0,0,0,0,0,0,0,0,0,0,0,0,0,0,0,0,0,0,0,0,0,0,0,0,0.3125,0.2715,0.26,0.23
2015,arcadia unified,"City, small",0.77,0.62,0.81,0.73,0.81,,0.88,0.46,0.67,0.36,,,0.7,500.0,84.0,415.0,237.0,259.0,0.0,376.0,6.0,12.0,29.0,,0.0,70.0,649.0,136.0,513.0,329.0,320.0,2.0,433.0,13.0,18.0,81.0,,2.0,100.0,0,0,0,0,0,1,0,0,0,0,1,1,0,0,0,0,0,0,0,0,0,0,0,1,0,0,0,0,0,0,0,0,0,0,0,0,1,0,0,,,,
2016,arcadia unified,"City, small",0.78,0.55,0.85,0.79,0.78,,0.86,,0.79,0.45,,,0.75,541.0,86.0,449.0,263.0,271.0,0.0,387.0,0.0,15.0,41.0,,0.0,81.0,684.0,156.0,528.0,337.0,347.0,1.0,456.0,8.0,19.0,89.0,,4.0,107.0,0,0,0,0,0,1,0,1,0,0,1,1,0,0,0,0,0,0,0,0,0,0,0,1,0,0,0,0,0,0,0,0,0,0,0,0,1,0,0,0.77,,,
2017,arcadia unified,"City, small",0.751,0.559,0.8057,0.7232,0.782,,0.8627,0.3636,0.7619,0.42,,,0.6122,546.0,90.0,456.0,277.0,269.0,0.0,421.0,4.0,16.0,42.0,,0.0,60.0,727.0,161.0,566.0,383.0,344.0,0.0,488.0,11.0,21.0,100.0,,0.0,98.0,0,0,0,0,0,1,0,0,0,0,1,1,0,0,0,0,0,0,0,0,0,0,0,1,0,0,0,0,0,0,0,0,0,0,0,0,1,0,0,0.78,0.77,,
2018,arcadia unified,"City, small",0.8196,0.6982,0.8629,0.8141,0.8248,,0.9048,,0.5833,0.5385,,,0.7625,527.0,118.0,409.0,254.0,273.0,0.0,399.0,0.0,7.0,49.0,,0.0,61.0,643.0,169.0,474.0,312.0,331.0,0.0,441.0,0.0,12.0,91.0,,0.0,80.0,0,0,0,0,0,1,0,1,0,0,1,1,0,0,0,0,0,0,0,0,0,0,0,1,0,0,0,0,0,0,0,0,0,0,0,0,1,0,0,0.751,0.78,0.77,
2019,arcadia unified,"City, small",0.7667,0.6049,0.8226,0.7617,0.7711,,0.8599,0.4375,0.8333,0.4886,,,0.675,483.0,98.0,385.0,227.0,256.0,0.0,362.0,7.0,10.0,43.0,0.0,0.0,54.0,630.0,162.0,468.0,298.0,332.0,0.0,421.0,16.0,12.0,88.0,0.0,9.0,80.0,0,0,0,0,0,1,0,0,0,0,1,1,0,0,0,0,0,0,0,0,0,0,0,0,0,0,0,0,0,0,0,0,0,0,0,0,0,0,0,0.8196,0.751,0.78,0.77
2015,arcata elementary,"Town, remote",0.24,0.18,0.35,0.32,0.17,,,,,,,,0.19,11.0,5.0,6.0,7.0,4.0,0.0,,0.0,,0.0,,0.0,5.0,46.0,29.0,17.0,23.0,23.0,3.0,,1.0,,9.0,,5.0,28.0,0,0,0,0,0,1,1,1,1,1,1,1,0,0,0,0,0,0,0,1,0,1,0,1,0,0,0,0,0,0,0,0,1,0,1,0,1,0,0,,,,
2016,arcata elementary,"Town, remote",0.27,0.22,0.45,0.17,0.39,,,,,,,,0.24,14.0,9.0,5.0,5.0,9.0,0.0,0.0,0.0,,0.0,,0.0,7.0,52.0,41.0,11.0,29.0,23.0,6.0,2.0,1.0,,10.0,,4.0,29.0,0,0,0,0,0,1,1,1,1,1,1,1,0,0,0,0,0,0,0,0,0,1,0,1,0,0,0,0,0,0,0,0,0,0,1,0,1,0,0,0.24,,,
2017,arcata elementary,"Town, remote",0.3091,0.3158,0.2941,0.2593,0.3571,,,,,0.1538,,,0.4194,17.0,12.0,5.0,7.0,10.0,0.0,0.0,0.0,,2.0,,0.0,13.0,55.0,38.0,17.0,27.0,28.0,0.0,0.0,0.0,,13.0,,0.0,31.0,0,0,0,0,0,1,1,1,1,0,1,1,0,0,0,0,0,0,0,0,0,1,0,1,0,0,0,0,0,0,0,0,0,0,1,0,1,0,0,0.27,0.24,,
2018,arcata elementary,"Town, remote",0.4048,0.3333,0.5833,0.2,0.5909,,,,,,,,0.4783,17.0,10.0,7.0,4.0,13.0,0.0,0.0,0.0,,0.0,0.0,0.0,11.0,42.0,30.0,12.0,20.0,22.0,0.0,0.0,0.0,,0.0,0.0,0.0,23.0,0,0,0,0,0,1,1,1,1,1,1,1,0,0,0,0,0,0,0,0,0,1,0,0,0,0,0,0,0,0,0,0,0,0,1,0,0,0,0,0.3091,0.27,0.24,
2019,arcata elementary,"Town, remote",0.4167,0.3438,0.5625,0.4167,0.4167,,,,,,,,0.5714,20.0,11.0,9.0,10.0,10.0,0.0,,0.0,,0.0,,0.0,16.0,48.0,32.0,16.0,24.0,24.0,0.0,,0.0,,8.0,,8.0,28.0,0,0,0,0,0,1,1,1,1,1,1,1,0,0,0,0,0,0,0,1,0,1,0,1,0,0,0,0,0,0,0,0,1,0,1,0,1,0,0,0.4048,0.3091,0.27,0.24
2015,arcohe union elementary,"Rural, fringe",0.46,0.38,0.56,0.58,0.4,,,,,0.4,,,0.57,17.0,8.0,9.0,7.0,10.0,,0.0,,,8.0,,0.0,8.0,37.0,21.0,16.0,12.0,25.0,,1.0,,,20.0,,2.0,14.0,0,0,0,0,0,1,1,1,1,0,1,1,0,0,0,0,0,0,1,0,1,1,0,1,0,0,0,0,0,0,0,1,0,1,1,0,1,0,0,,,,
2016,arcohe union elementary,"Rural, fringe",0.2,0.12,0.35,0.09,0.29,,,,,0.17,,,0.28,10.0,4.0,6.0,2.0,8.0,0.0,,0.0,,5.0,,,5.0,50.0,33.0,17.0,22.0,28.0,1.0,,1.0,,30.0,,,18.0,0,0,0,0,0,1,1,1,1,0,1,1,0,0,0,0,0,0,0,1,0,1,0,1,1,0,0,0,0,0,0,0,1,0,1,0,1,1,0,0.46,,,
2017,arcohe union elementary,"Rural, fringe",0.3333,0.2857,0.4211,0.3333,0.3333,,,,,0.3478,,,0.3478,18.0,10.0,8.0,9.0,9.0,0.0,0.0,0.0,,8.0,0.0,0.0,8.0,54.0,35.0,19.0,27.0,27.0,0.0,0.0,0.0,,23.0,0.0,0.0,23.0,0,0,0,0,0,1,1,1,1,0,1,1,0,0,0,0,0,0,0,0,0,1,0,0,0,0,0,0,0,0,0,0,0,0,1,0,0,0,0,0.2,0.46,,
2018,arcohe union elementary,"Rural, fringe",0.5,0.4545,0.5714,0.5217,0.4615,,,,,0.4167,,,0.5882,18.0,10.0,8.0,12.0,6.0,,0.0,0.0,0.0,5.0,,0.0,10.0,36.0,22.0,14.0,23.0,13.0,,0.0,0.0,0.0,12.0,,0.0,17.0,0,0,0,0,0,1,1,1,1,0,1,1,0,0,0,0,0,0,1,0,0,0,0,1,0,0,0,0,0,0,0,1,0,0,0,0,1,0,0,0.3333,0.2,0.46,
2019,arcohe union elementary,"Rural, fringe",0.5405,0.3636,0.8,0.5714,0.5,,,,,0.5294,,,0.6667,20.0,8.0,12.0,12.0,8.0,0.0,0.0,0.0,,9.0,,0.0,10.0,37.0,22.0,15.0,21.0,16.0,0.0,0.0,0.0,,17.0,,0.0,15.0,0,0,0,0,0,1,1,1,1,0,1,1,0,0,0,0,0,0,0,0,0,1,0,1,0,0,0,0,0,0,0,0,0,0,1,0,1,0,0,0.5,0.3333,0.2,0.46
2015,arena union elementary,"Rural, remote",0.29,0.27,,0.33,0.25,,,,,0.2,,,,7.0,6.0,0.0,4.0,3.0,0.0,,,,2.0,,,0.0,25.0,23.0,2.0,12.0,13.0,6.0,,,,11.0,,,8.0,0,0,1,0,0,1,1,1,1,0,1,1,1,0,0,0,0,0,0,1,1,1,0,1,1,0,0,0,0,0,0,0,1,1,1,0,1,1,0,,,,
2016,arena union elementary,"Rural, remote",0.38,0.26,,0.27,0.45,,,,,0.21,,,0.75,14.0,7.0,0.0,4.0,10.0,0.0,,,,4.0,,0.0,9.0,37.0,27.0,10.0,15.0,22.0,5.0,,,,19.0,,1.0,12.0,0,0,1,0,0,1,1,1,1,0,1,1,0,0,0,0,0,0,0,1,1,1,0,1,0,0,0,0,0,0,0,0,1,1,1,0,1,0,0,0.29,,,
2017,arena union elementary,"Rural, remote",0.4375,0.4444,,0.5,0.3889,,,,,0.3889,,,,14.0,12.0,0.0,7.0,7.0,0.0,,,,7.0,,0.0,0.0,32.0,27.0,0.0,14.0,18.0,0.0,,,,18.0,,0.0,0.0,0,0,1,0,0,1,1,1,1,0,1,1,1,0,0,0,0,0,0,1,1,1,0,1,0,0,0,0,0,0,0,0,1,1,1,0,1,0,0,0.38,0.29,,
2018,arena union elementary,"Rural, remote",0.4783,0.4545,,0.4615,,,,,,0.4706,,,,11.0,10.0,0.0,6.0,0.0,0.0,,,,8.0,,0.0,0.0,23.0,22.0,0.0,13.0,0.0,0.0,,,,17.0,,0.0,0.0,0,0,1,0,1,1,1,1,1,0,1,1,1,0,0,0,0,0,0,1,1,1,0,1,0,0,0,0,0,0,0,0,1,1,1,0,1,0,0,0.4375,0.38,0.29,
2019,arena union elementary,"Rural, remote",0.52,0.45,,0.4167,0.6154,,,,,0.4706,,,,13.0,9.0,0.0,5.0,8.0,,,,,8.0,,,0.0,25.0,20.0,5.0,12.0,13.0,,,,,17.0,,,8.0,0,0,1,0,0,1,1,1,1,0,1,1,1,0,0,0,0,0,1,1,1,1,0,1,1,0,0,0,0,0,0,1,1,1,1,0,1,1,0,0.4783,0.4375,0.38,0.29
2015,armona union elementary,"Suburb, small",0.15,0.13,,0.14,0.15,,,,,0.17,,,0.0,18.0,15.0,0.0,9.0,9.0,0.0,0.0,0.0,,17.0,,0.0,0.0,124.0,115.0,9.0,63.0,61.0,2.0,4.0,1.0,,103.0,,3.0,11.0,0,0,1,0,0,1,1,1,1,0,1,1,0,0,0,0,0,0,0,0,0,1,0,1,0,0,0,0,0,0,0,0,0,0,1,0,1,0,0,,,,
2016,armona union elementary,"Suburb, small",0.16,0.16,,0.17,0.14,,,,,0.16,,,0.18,20.0,19.0,0.0,11.0,9.0,0.0,0.0,0.0,,17.0,,0.0,2.0,127.0,124.0,3.0,63.0,64.0,1.0,3.0,5.0,,105.0,,2.0,11.0,0,0,1,0,0,1,1,1,1,0,1,1,0,0,0,0,0,0,0,0,0,1,0,1,0,0,0,0,0,0,0,0,0,0,1,0,1,0,0,0.15,,,
2017,armona union elementary,"Suburb, small",0.1413,0.1333,,0.1667,0.1053,,,,,0.1463,,,,13.0,12.0,0.0,9.0,4.0,,,0.0,,12.0,,,0.0,92.0,90.0,0.0,54.0,38.0,,,0.0,,82.0,,,0.0,0,0,1,0,0,1,1,1,1,0,1,1,1,0,0,0,0,0,1,1,0,1,0,1,1,0,0,0,0,0,0,1,1,0,1,0,1,1,0,0.16,0.15,,
2018,armona union elementary,"Suburb, small",0.4091,0.43,,0.377,0.449,,,,,0.4149,,,0.3636,45.0,43.0,0.0,23.0,22.0,,0.0,0.0,,39.0,,0.0,4.0,111.0,101.0,0.0,62.0,49.0,,0.0,0.0,,94.0,,0.0,12.0,0,0,1,0,0,1,1,1,1,0,1,1,0,0,0,0,0,0,1,0,0,1,0,1,0,0,0,0,0,0,0,1,0,0,1,0,1,0,0,0.1413,0.16,0.15,
2019,armona union elementary,"Suburb, small",0.3333,0.3269,,0.3061,0.3548,,,,,0.3571,,,0.1818,37.0,34.0,0.0,15.0,22.0,,,0.0,,35.0,,,2.0,111.0,104.0,7.0,49.0,62.0,,,0.0,,98.0,,,11.0,0,0,1,0,0,1,1,1,1,0,1,1,0,0,0,0,0,0,1,1,0,1,0,1,1,0,0,0,0,0,0,1,1,0,1,0,1,1,0,0.4091,0.1413,0.16,0.15
2015,arvin union,"Town, fringe",0.11,0.11,0.27,0.13,0.1,,,,,0.11,,,0.08,38.0,34.0,3.0,23.0,17.0,0.0,,0.0,0.0,36.0,,0.0,1.0,346.0,335.0,11.0,179.0,167.0,1.0,,3.0,1.0,327.0,,1.0,13.0,0,0,0,0,0,1,1,1,1,0,1,1,0,0,0,0,0,0,0,1,0,0,0,1,0,0,0,0,0,0,0,0,1,0,0,0,1,0,0,,,,
2016,arvin union,"Town, fringe",0.17,0.16,0.35,0.15,0.19,,,,,0.17,,,0.21,61.0,54.0,7.0,26.0,31.0,,,0.0,0.0,56.0,,0.0,4.0,355.0,335.0,20.0,180.0,175.0,,,5.0,1.0,329.0,,1.0,19.0,0,0,0,0,0,1,1,1,1,0,1,1,0,0,0,0,0,0,1,1,0,0,0,1,0,0,0,0,0,0,0,1,1,0,0,0,1,0,0,0.11,,,
2017,arvin union,"Town, fringe",0.2067,0.1899,0.6154,0.2256,0.1879,,,,,0.2013,,,,68.0,60.0,8.0,37.0,31.0,0.0,,0.0,,64.0,,,0.0,329.0,316.0,13.0,164.0,165.0,0.0,,0.0,,318.0,,,0.0,0,0,0,0,0,1,1,1,1,0,1,1,1,0,0,0,0,0,0,1,0,1,0,1,1,0,0,0,0,0,0,0,1,0,1,0,1,1,0,0.17,0.11,,
2018,arvin union,"Town, fringe",0.2548,0.2528,,0.2568,0.2527,,,,,0.255,,,,93.0,90.0,0.0,47.0,46.0,,0.0,0.0,,90.0,,,0.0,365.0,356.0,0.0,183.0,182.0,,0.0,0.0,,353.0,,,0.0,0,0,1,0,0,1,1,1,1,0,1,1,1,0,0,0,0,0,1,0,0,1,0,1,1,0,0,0,0,0,0,1,0,0,1,0,1,1,0,0.2067,0.17,0.11,
2019,arvin union,"Town, fringe",0.2117,0.2032,0.375,0.2108,0.2125,,,,,0.2136,,,,69.0,63.0,6.0,35.0,34.0,0.0,0.0,0.0,,66.0,,,0.0,326.0,310.0,16.0,166.0,160.0,0.0,0.0,5.0,,309.0,,,9.0,0,0,0,0,0,1,1,1,1,0,1,1,1,0,0,0,0,0,0,0,0,1,0,1,1,0,0,0,0,0,0,0,0,0,1,0,1,1,0,0.2548,0.2067,0.17,0.11
2015,atascadero unified,"Suburb, small",0.34,0.28,0.4,0.31,0.38,,,,,0.26,,0.36,0.37,122.0,43.0,77.0,57.0,63.0,0.0,0.0,0.0,0.0,23.0,,4.0,88.0,347.0,156.0,191.0,182.0,165.0,5.0,3.0,3.0,4.0,89.0,,11.0,230.0,0,0,0,0,0,1,1,1,1,0,1,0,0,0,0,0,0,0,0,0,0,0,0,1,0,0,0,0,0,0,0,0,0,0,0,0,1,0,0,,,,
2016,atascadero unified,"Suburb, small",0.45,0.3,0.56,0.45,0.45,,,,,0.33,,0.58,0.49,154.0,41.0,110.0,74.0,78.0,0.0,,0.0,0.0,31.0,,14.0,102.0,333.0,136.0,197.0,161.0,172.0,2.0,,2.0,1.0,95.0,,24.0,208.0,0,0,0,0,0,1,1,1,1,0,1,0,0,0,0,0,0,0,0,1,0,0,0,1,0,0,0,0,0,0,0,0,1,0,0,0,1,0,0,0.34,,,
2017,atascadero unified,"Suburb, small",0.418,0.24,0.5417,0.3864,0.4474,,,,,0.3111,,0.3571,0.4578,153.0,36.0,117.0,68.0,85.0,0.0,,0.0,0.0,28.0,0.0,5.0,114.0,366.0,150.0,216.0,176.0,190.0,0.0,,0.0,0.0,90.0,0.0,14.0,249.0,0,0,0,0,0,1,1,1,1,0,1,0,0,0,0,0,0,0,0,1,0,0,0,0,0,0,0,0,0,0,0,0,1,0,0,0,0,0,0,0.45,0.34,,
2018,atascadero unified,"Suburb, small",0.4321,0.3022,0.5297,0.3975,0.4663,,,,,0.2143,,,0.5425,140.0,42.0,98.0,64.0,76.0,0.0,0.0,0.0,0.0,18.0,,0.0,115.0,324.0,139.0,185.0,161.0,163.0,0.0,0.0,0.0,0.0,84.0,,0.0,212.0,0,0,0,0,0,1,1,1,1,0,1,1,0,0,0,0,0,0,0,0,0,0,0,1,0,0,0,0,0,0,0,0,0,0,0,0,1,0,0,0.418,0.45,0.34,
2019,atascadero unified,"Suburb, small",0.5443,0.3984,0.6497,0.5238,0.5633,,,,,0.3542,,,0.6368,166.0,51.0,115.0,77.0,89.0,0.0,0.0,0.0,0.0,34.0,,0.0,121.0,305.0,128.0,177.0,147.0,158.0,0.0,0.0,6.0,0.0,96.0,,6.0,190.0,0,0,0,0,0,1,1,1,1,0,1,1,0,0,0,0,0,0,0,0,0,0,0,1,0,0,0,0,0,0,0,0,0,0,0,0,1,0,0,0.4321,0.418,0.45,0.34
2015,atwater elementary,"Suburb, midsize",0.21,0.19,0.4,0.21,0.22,,0.19,0.09,,0.19,,,0.29,114.0,91.0,25.0,48.0,70.0,0.0,3.0,1.0,0.0,72.0,,0.0,37.0,544.0,481.0,63.0,228.0,316.0,4.0,16.0,11.0,1.0,382.0,,7.0,123.0,0,0,0,0,0,1,0,0,1,0,1,1,0,0,0,0,0,0,0,0,0,0,0,1,0,0,0,0,0,0,0,0,0,0,0,0,1,0,0,,,,
2016,atwater elementary,"Suburb, midsize",0.31,0.28,0.53,0.29,0.34,,0.48,0.17,,0.27,,0.36,0.44,158.0,118.0,37.0,67.0,92.0,0.0,10.0,2.0,,96.0,0.0,5.0,44.0,509.0,439.0,70.0,239.0,270.0,2.0,21.0,12.0,,356.0,3.0,14.0,101.0,0,0,0,0,0,1,0,0,1,0,1,0,0,0,0,0,0,0,0,0,0,1,0,0,0,0,0,0,0,0,0,0,0,0,1,0,0,0,0,0.21,,,
2017,atwater elementary,"Suburb, midsize",0.3394,0.2885,0.6092,0.337,0.3418,,0.5,,,0.3104,,0.3846,0.4348,186.0,133.0,53.0,92.0,94.0,0.0,7.0,0.0,0.0,122.0,0.0,5.0,50.0,548.0,461.0,87.0,273.0,275.0,0.0,14.0,0.0,0.0,393.0,0.0,13.0,115.0,0,0,0,0,0,1,0,1,1,0,1,0,0,0,0,0,0,0,0,0,0,0,0,0,0,0,0,0,0,0,0,0,0,0,0,0,0,0,0,0.31,0.21,,
2018,atwater elementary,"Suburb, midsize",0.3297,0.2873,0.5368,0.3279,0.3312,,0.45,,,0.3015,,0.5,0.41,184.0,133.0,51.0,81.0,103.0,0.0,9.0,0.0,0.0,123.0,0.0,7.0,41.0,558.0,463.0,95.0,247.0,311.0,0.0,20.0,0.0,0.0,408.0,0.0,14.0,100.0,0,0,0,0,0,1,0,1,1,0,1,0,0,0,0,0,0,0,0,0,0,0,0,0,0,0,0,0,0,0,0,0,0,0,0,0,0,0,0,0.3394,0.31,0.21,
2019,atwater elementary,"Suburb, midsize",0.3831,0.3127,0.5852,0.3554,0.4071,,0.2308,0.0,,0.336,,0.7692,0.5784,200.0,121.0,79.0,86.0,114.0,0.0,3.0,0.0,0.0,127.0,,10.0,59.0,523.0,388.0,135.0,243.0,280.0,4.0,13.0,11.0,0.0,378.0,,13.0,103.0,0,0,0,0,0,1,0,0,1,0,1,0,0,0,0,0,0,0,0,0,0,0,0,1,0,0,0,0,0,0,0,0,0,0,0,0,1,0,0,0.3297,0.3394,0.31,0.21
2015,auburn union elementary,"Town, fringe",0.28,0.16,0.45,0.28,0.28,,,,,0.21,,0.33,0.32,60.0,21.0,39.0,32.0,29.0,,0.0,0.0,0.0,14.0,,4.0,42.0,215.0,129.0,86.0,111.0,104.0,,3.0,3.0,2.0,67.0,,12.0,127.0,0,0,0,0,0,1,1,1,1,0,1,0,0,0,0,0,0,0,1,0,0,0,0,1,0,0,0,0,0,0,0,1,0,0,0,0,1,0,0,,,,
2016,auburn union elementary,"Town, fringe",0.3,0.19,0.45,0.33,0.26,,,,,0.13,,,0.37,64.0,24.0,41.0,40.0,25.0,0.0,0.0,,0.0,7.0,,0.0,53.0,215.0,126.0,89.0,119.0,96.0,2.0,3.0,,4.0,55.0,,7.0,142.0,0,0,0,0,0,1,1,1,1,0,1,1,0,0,0,0,0,0,0,0,1,0,0,1,0,0,0,0,0,0,0,0,0,1,0,0,1,0,0,0.28,,,
2017,auburn union elementary,"Town, fringe",0.1826,0.1042,0.314,0.1795,0.1858,,,,,0.1548,,,0.208,42.0,15.0,27.0,21.0,21.0,0.0,,0.0,0.0,13.0,0.0,0.0,26.0,230.0,144.0,86.0,117.0,113.0,0.0,,0.0,0.0,84.0,0.0,0.0,125.0,0,0,0,0,0,1,1,1,1,0,1,1,0,0,0,0,0,0,0,1,0,0,0,0,0,0,0,0,0,0,0,0,1,0,0,0,0,0,0,0.3,0.28,,
2018,auburn union elementary,"Town, fringe",0.2476,0.1533,0.4348,0.2115,0.2843,,,,,0.1212,,,0.3451,51.0,21.0,30.0,22.0,29.0,0.0,0.0,0.0,0.0,8.0,0.0,0.0,39.0,206.0,137.0,69.0,104.0,102.0,0.0,0.0,0.0,0.0,66.0,0.0,0.0,113.0,0,0,0,0,0,1,1,1,1,0,1,1,0,0,0,0,0,0,0,0,0,0,0,0,0,0,0,0,0,0,0,0,0,0,0,0,0,0,0,0.1826,0.3,0.28,
2019,auburn union elementary,"Town, fringe",0.3881,0.25,0.5618,0.4773,0.3186,,,,,0.2877,,,0.4636,78.0,28.0,50.0,42.0,36.0,0.0,0.0,0.0,0.0,21.0,,0.0,51.0,201.0,112.0,89.0,88.0,113.0,0.0,0.0,0.0,0.0,73.0,,8.0,110.0,0,0,0,0,0,1,1,1,1,0,1,1,0,0,0,0,0,0,0,0,0,0,0,1,0,0,0,0,0,0,0,0,0,0,0,0,1,0,0,0.2476,0.1826,0.3,0.28
2015,azusa unified,"Suburb, large",0.24,0.21,0.47,0.24,0.25,,,,,0.23,,,0.32,164.0,125.0,44.0,74.0,87.0,,0.0,0.0,0.0,155.0,,0.0,7.0,686.0,592.0,94.0,324.0,362.0,,4.0,10.0,4.0,643.0,,3.0,22.0,0,0,0,0,0,1,1,1,1,0,1,1,0,0,0,0,0,0,1,0,0,0,0,1,0,0,0,0,0,0,0,1,0,0,0,0,1,0,0,,,,
2016,azusa unified,"Suburb, large",0.21,0.19,0.36,0.19,0.23,,,0.36,,0.2,,,0.26,145.0,108.0,32.0,62.0,83.0,,0.0,4.0,0.0,129.0,,0.0,6.0,689.0,600.0,89.0,328.0,361.0,,3.0,11.0,5.0,645.0,,1.0,23.0,0,0,0,0,0,1,1,0,1,0,1,1,0,0,0,0,0,0,1,0,0,0,0,1,0,0,0,0,0,0,0,1,0,0,0,0,1,0,0,0.24,,,
2017,azusa unified,"Suburb, large",0.3685,0.3464,0.5,0.3569,0.38,,,,,0.3436,,,0.5625,220.0,177.0,43.0,106.0,114.0,0.0,0.0,0.0,0.0,189.0,,0.0,9.0,597.0,511.0,86.0,297.0,300.0,0.0,0.0,0.0,0.0,550.0,,0.0,16.0,0,0,0,0,0,1,1,1,1,0,1,1,0,0,0,0,0,0,0,0,0,0,0,1,0,0,0,0,0,0,0,0,0,0,0,0,1,0,0,0.21,0.24,,
2018,azusa unified,"Suburb, large",0.4099,0.3754,0.6757,0.3836,0.4356,,,,,0.398,,,0.7368,264.0,214.0,50.0,122.0,142.0,0.0,0.0,0.0,0.0,240.0,,0.0,14.0,644.0,570.0,74.0,318.0,326.0,0.0,0.0,0.0,0.0,603.0,,0.0,19.0,0,0,0,0,0,1,1,1,1,0,1,1,0,0,0,0,0,0,0,0,0,0,0,1,0,0,0,0,0,0,0,0,0,0,0,0,1,0,0,0.3685,0.21,0.24,
2019,azusa unified,"Suburb, large",0.3526,0.3448,0.4,0.3421,0.3607,,,,,0.3375,,,0.5263,214.0,180.0,34.0,91.0,123.0,,0.0,0.0,0.0,188.0,,0.0,10.0,607.0,522.0,85.0,266.0,341.0,,9.0,5.0,9.0,557.0,,0.0,19.0,0,0,0,0,0,1,1,1,1,0,1,1,0,0,0,0,0,0,1,0,0,0,0,1,0,0,0,0,0,0,0,1,0,0,0,0,1,0,0,0.4099,0.3685,0.21,0.24
2015,bakersfield city,"City, large",0.2,0.18,0.39,0.2,0.2,0.11,0.39,0.1,0.73,0.19,,0.2,0.33,667.0,535.0,143.0,324.0,343.0,2.0,11.0,27.0,11.0,497.0,0.0,11.0,108.0,3334.0,2968.0,366.0,1618.0,1716.0,18.0,28.0,274.0,15.0,2613.0,4.0,56.0,326.0,0,0,0,0,0,0,0,0,0,0,1,0,0,0,0,0,0,0,0,0,0,0,0,0,0,0,0,0,0,0,0,0,0,0,0,0,0,0,0,,,,
2016,bakersfield city,"City, large",0.23,0.2,0.56,0.23,0.23,0.33,0.37,0.14,0.46,0.21,,0.27,0.4,803.0,647.0,143.0,415.0,388.0,5.0,7.0,34.0,6.0,616.0,0.0,13.0,130.0,3491.0,3235.0,256.0,1806.0,1685.0,15.0,19.0,259.0,13.0,2799.0,3.0,49.0,334.0,0,0,0,0,0,0,0,0,0,0,1,0,0,0,0,0,0,0,0,0,0,0,0,0,0,0,0,0,0,0,0,0,0,0,0,0,0,0,0,0.2,,,
2017,bakersfield city,"City, large",0.251,0.2204,0.5559,0.2407,0.2614,0.5,0.4848,0.145,,0.2343,,0.3469,0.4346,789.0,630.0,159.0,381.0,408.0,8.0,16.0,38.0,0.0,584.0,0.0,17.0,123.0,3144.0,2858.0,286.0,1583.0,1561.0,16.0,33.0,262.0,0.0,2492.0,0.0,49.0,283.0,0,0,0,0,0,0,0,0,1,0,1,0,0,0,0,0,0,0,0,0,0,0,0,0,0,0,0,0,0,0,0,0,0,0,0,0,0,0,0,0.23,0.2,,
2018,bakersfield city,"City, large",0.2368,0.205,0.5648,0.2231,0.2496,0.1765,0.3636,0.1078,0.6429,0.2272,,0.2388,0.4236,805.0,635.0,170.0,365.0,440.0,3.0,8.0,29.0,9.0,618.0,0.0,16.0,122.0,3400.0,3099.0,301.0,1637.0,1763.0,17.0,22.0,269.0,14.0,2721.0,0.0,67.0,288.0,0,0,0,0,0,0,0,0,0,0,1,0,0,0,0,0,0,0,0,0,0,0,0,0,0,0,0,0,0,0,0,0,0,0,0,0,0,0,0,0.251,0.23,0.2,
2019,bakersfield city,"City, large",0.2504,0.2273,0.5238,0.2292,0.2711,0.25,0.3103,0.1403,,0.2439,,0.2625,0.4029,810.0,678.0,132.0,366.0,444.0,5.0,9.0,39.0,0.0,620.0,0.0,21.0,110.0,3236.0,2984.0,252.0,1597.0,1639.0,20.0,29.0,278.0,10.0,2543.0,0.0,80.0,273.0,0,0,0,0,0,0,0,0,1,0,1,0,0,0,0,0,0,0,0,0,0,0,0,0,0,0,0,0,0,0,0,0,0,0,0,0,0,0,0,0.2368,0.251,0.23,0.2
2015,baldwin park unified,"Suburb, large",0.23,0.19,0.27,0.23,0.23,,0.52,,0.38,0.21,,,,252.0,106.0,145.0,124.0,127.0,0.0,29.0,0.0,8.0,211.0,0.0,,0.0,1094.0,558.0,536.0,539.0,555.0,2.0,56.0,5.0,21.0,1003.0,2.0,,5.0,0,0,0,0,0,1,0,1,0,0,1,1,1,0,0,0,0,0,0,0,0,0,0,0,1,0,0,0,0,0,0,0,0,0,0,0,0,1,0,,,,
2016,baldwin park unified,"Suburb, large",0.24,0.22,0.5,0.26,0.23,,0.67,,0.54,0.22,,,0.27,277.0,230.0,56.0,150.0,133.0,0.0,28.0,0.0,13.0,235.0,0.0,,3.0,1152.0,1042.0,110.0,576.0,576.0,2.0,42.0,2.0,24.0,1070.0,1.0,,11.0,0,0,0,0,0,1,0,1,0,0,1,1,0,0,0,0,0,0,0,0,0,0,0,0,1,0,0,0,0,0,0,0,0,0,0,0,0,1,0,0.23,,,
2017,baldwin park unified,"Suburb, large",0.2804,0.2634,0.4568,0.2479,0.3142,,0.766,,0.4545,0.2544,,,,258.0,221.0,37.0,116.0,142.0,0.0,36.0,0.0,5.0,216.0,,,0.0,920.0,839.0,81.0,468.0,452.0,0.0,47.0,0.0,11.0,849.0,,,0.0,0,0,0,0,0,1,0,1,0,0,1,1,1,0,0,0,0,0,0,0,0,0,0,1,1,0,0,0,0,0,0,0,0,0,0,0,1,1,0,0.24,0.23,,
2018,baldwin park unified,"Suburb, large",0.3327,0.316,0.48,0.3191,0.345,,0.7931,,0.5,0.2994,,,,327.0,279.0,48.0,150.0,177.0,0.0,46.0,0.0,6.0,268.0,0.0,,0.0,983.0,883.0,100.0,470.0,513.0,0.0,58.0,0.0,12.0,895.0,0.0,,0.0,0,0,0,0,0,1,0,1,0,0,1,1,1,0,0,0,0,0,0,0,0,0,0,0,1,0,0,0,0,0,0,0,0,0,0,0,0,1,0,0.2804,0.24,0.23,
2019,baldwin park unified,"Suburb, large",0.3467,0.3314,0.4944,0.3183,0.374,,0.74,,0.3333,0.3253,,,,329.0,285.0,44.0,148.0,181.0,,37.0,0.0,5.0,284.0,,,0.0,950.0,861.0,89.0,466.0,484.0,,50.0,6.0,15.0,874.0,,,5.0,0,0,0,0,0,1,0,1,0,0,1,1,1,0,0,0,0,0,1,0,0,0,0,1,1,0,0,0,0,0,0,1,0,0,0,0,1,1,0,0.3327,0.2804,0.24,0.23
2015,ballard elementary,"Rural, fringe",0.67,,0.71,,,,,,,,,,0.69,12.0,0.0,12.0,0.0,0.0,,0.0,,,0.0,,,11.0,18.0,1.0,17.0,10.0,8.0,,1.0,,,1.0,,,16.0,0,1,0,1,1,1,1,1,1,1,1,1,0,0,0,0,0,0,1,0,1,1,0,1,1,0,0,0,0,0,0,1,0,1,1,0,1,1,0,,,,
2016,ballard elementary,"Rural, fringe",0.89,,0.94,,0.83,,,,,,,,0.94,17.0,0.0,17.0,0.0,10.0,,0.0,,,0.0,,,15.0,19.0,1.0,18.0,7.0,12.0,,1.0,,,2.0,,,16.0,0,1,0,1,0,1,1,1,1,1,1,1,0,0,0,0,0,0,1,0,1,1,0,1,1,0,0,0,0,0,0,1,0,1,1,0,1,1,0,0.67,,,
2017,ballard elementary,"Rural, fringe",0.6,,0.6316,,0.6154,,,,,,,,0.5556,12.0,0.0,12.0,0.0,8.0,,,0.0,,0.0,,,10.0,20.0,0.0,19.0,0.0,13.0,,,0.0,,0.0,,,18.0,0,1,0,1,0,1,1,1,1,1,1,1,0,0,0,0,0,0,1,1,0,1,0,1,1,0,0,0,0,0,0,1,1,0,1,0,1,1,0,0.89,0.67,,
2018,ballard elementary,"Rural, fringe",0.8235,,0.8235,0.75,,,,,,,,,0.8182,14.0,,14.0,9.0,0.0,,,,,0.0,,,9.0,17.0,,17.0,12.0,0.0,,,,,0.0,,,11.0,0,1,0,0,1,1,1,1,1,1,1,1,0,0,1,0,0,0,1,1,1,1,0,1,1,0,0,1,0,0,0,1,1,1,1,0,1,1,0,0.6,0.89,0.67,
2019,ballard elementary,"Rural, fringe",1.0,,1.0,,,,,,,,,,1.0,19.0,,19.0,0.0,0.0,,,,,0.0,,,18.0,19.0,,19.0,9.0,10.0,,,,,0.0,,,18.0,0,1,0,1,1,1,1,1,1,1,1,1,0,0,1,0,0,0,1,1,1,1,0,1,1,0,0,1,0,0,0,1,1,1,1,0,1,1,0,0.8235,0.6,0.89,0.67
2015,ballico-cressey elementary,"Rural, fringe",0.29,0.18,,0.19,0.39,,,,,0.29,,,,11.0,5.0,0.0,3.0,7.0,,,,,7.0,,,0.0,36.0,29.0,7.0,17.0,19.0,,,,,24.0,,,10.0,0,0,1,0,0,1,1,1,1,0,1,1,1,0,0,0,0,0,1,1,1,1,0,1,1,0,0,0,0,0,0,1,1,1,1,0,1,1,0,,,,
2016,ballico-cressey elementary,"Rural, fringe",0.38,0.32,0.5,0.32,0.44,,,,,0.26,,,,20.0,11.0,9.0,8.0,12.0,0.0,0.0,,,6.0,,,0.0,52.0,34.0,18.0,25.0,27.0,1.0,2.0,,,23.0,,,10.0,0,0,0,0,0,1,1,1,1,0,1,1,1,0,0,0,0,0,0,0,1,1,0,1,1,0,0,0,0,0,0,0,0,1,1,0,1,1,0,0.29,,,
2017,ballico-cressey elementary,"Rural, fringe",0.2045,0.1875,0.25,0.2778,0.1538,,,,,0.1053,,,,9.0,6.0,3.0,5.0,4.0,,0.0,0.0,,2.0,,0.0,0.0,44.0,32.0,12.0,18.0,26.0,,0.0,0.0,,19.0,,0.0,0.0,0,0,0,0,0,1,1,1,1,0,1,1,1,0,0,0,0,0,1,0,0,1,0,1,0,0,0,0,0,0,0,1,0,0,1,0,1,0,0,0.38,0.29,,
2018,ballico-cressey elementary,"Rural, fringe",0.3659,0.2857,0.5385,0.25,0.4762,,,,,0.3,,,0.4,15.0,8.0,7.0,5.0,10.0,0.0,0.0,,,6.0,,,6.0,41.0,28.0,13.0,20.0,21.0,0.0,0.0,,,20.0,,,15.0,0,0,0,0,0,1,1,1,1,0,1,1,0,0,0,0,0,0,0,0,1,1,0,1,1,0,0,0,0,0,0,0,0,1,1,0,1,1,0,0.2045,0.38,0.29,
2019,ballico-cressey elementary,"Rural, fringe",0.3889,0.3077,,0.3077,0.4348,,,,,0.2273,,,0.5833,14.0,8.0,0.0,4.0,10.0,,0.0,,,5.0,,,7.0,36.0,26.0,10.0,13.0,23.0,,0.0,,,22.0,,,12.0,0,0,1,0,0,1,1,1,1,0,1,1,0,0,0,0,0,0,1,0,1,1,0,1,1,0,0,0,0,0,0,1,0,1,1,0,1,1,0,0.3659,0.2045,0.38,0.29
2015,banning unified,"Suburb, large",0.24,0.2,0.29,0.24,0.24,0.21,0.36,0.23,,0.22,,0.27,0.26,80.0,37.0,42.0,42.0,38.0,3.0,5.0,6.0,0.0,50.0,0.0,3.0,10.0,333.0,188.0,145.0,173.0,160.0,14.0,14.0,26.0,2.0,225.0,2.0,11.0,39.0,0,0,0,0,0,0,0,0,1,0,1,0,0,0,0,0,0,0,0,0,0,0,0,0,0,0,0,0,0,0,0,0,0,0,0,0,0,0,0,,,,
2016,banning unified,"Suburb, large",0.19,0.18,0.32,0.18,0.21,,0.27,0.22,,0.19,,0.14,0.26,74.0,64.0,11.0,32.0,44.0,0.0,4.0,5.0,0.0,53.0,,2.0,12.0,388.0,354.0,34.0,189.0,199.0,5.0,15.0,23.0,3.0,279.0,,14.0,47.0,0,0,0,0,0,1,0,0,1,0,1,0,0,0,0,0,0,0,0,0,0,0,0,1,0,0,0,0,0,0,0,0,0,0,0,0,1,0,0,0.24,,,
2017,banning unified,"Suburb, large",0.2047,0.1821,0.3696,0.1798,0.2266,,0.2667,0.1613,,0.1769,,0.4375,0.3061,78.0,61.0,17.0,32.0,46.0,0.0,4.0,5.0,0.0,46.0,,7.0,15.0,381.0,335.0,46.0,178.0,203.0,0.0,15.0,31.0,0.0,260.0,,16.0,49.0,0,0,0,0,0,1,0,0,1,0,1,0,0,0,0,0,0,0,0,0,0,0,0,1,0,0,0,0,0,0,0,0,0,0,0,0,1,0,0,0.19,0.24,,
2018,banning unified,"Suburb, large",0.2328,0.2255,0.3103,0.2026,0.2582,,0.3846,0.125,,0.2358,,0.1538,0.2917,78.0,69.0,9.0,31.0,47.0,0.0,5.0,3.0,0.0,54.0,,2.0,14.0,335.0,306.0,29.0,153.0,182.0,0.0,13.0,24.0,0.0,229.0,,13.0,48.0,0,0,0,0,0,1,0,0,1,0,1,0,0,0,0,0,0,0,0,0,0,0,0,1,0,0,0,0,0,0,0,0,0,0,0,0,1,0,0,0.2047,0.19,0.24,
2019,banning unified,"Suburb, large",0.2151,0.2045,0.3226,0.1892,0.2347,,0.1667,0.08,,0.2367,,0.1538,0.2813,74.0,64.0,10.0,28.0,46.0,0.0,3.0,2.0,0.0,58.0,,2.0,9.0,345.0,314.0,31.0,149.0,196.0,8.0,18.0,25.0,0.0,245.0,,13.0,33.0,0,0,0,0,0,1,0,0,1,0,1,0,0,0,0,0,0,0,0,0,0,0,0,1,0,0,0,0,0,0,0,0,0,0,0,0,1,0,0,0.2328,0.2047,0.19,0.24
2015,banta elementary,"Rural, fringe",0.26,0.14,,0.09,0.35,,,,,0.29,,,,8.0,3.0,0.0,1.0,7.0,,,0.0,,6.0,,0.0,0.0,31.0,22.0,9.0,11.0,20.0,,,1.0,,21.0,,1.0,8.0,0,0,1,0,0,1,1,1,1,0,1,1,1,0,0,0,0,0,1,1,0,1,0,1,0,0,0,0,0,0,0,1,1,0,1,0,1,0,0,,,,
2016,banta elementary,"Rural, fringe",0.28,0.23,0.34,0.33,0.24,,0.44,,,0.24,,,0.23,23.0,11.0,12.0,13.0,10.0,,7.0,0.0,0.0,9.0,,0.0,5.0,82.0,47.0,35.0,40.0,42.0,,16.0,1.0,4.0,38.0,,1.0,22.0,0,0,0,0,0,1,0,1,1,0,1,1,0,0,0,0,0,0,1,0,0,0,0,1,0,0,0,0,0,0,0,1,0,0,0,0,1,0,0,0.26,,,
2017,banta elementary,"Rural, fringe",0.494,0.3889,0.5745,0.4444,0.5526,,0.7727,,,0.3429,,,0.4667,41.0,14.0,27.0,20.0,21.0,,17.0,0.0,0.0,12.0,,0.0,7.0,83.0,36.0,47.0,45.0,38.0,,22.0,0.0,0.0,35.0,,0.0,15.0,0,0,0,0,0,1,0,1,1,0,1,1,0,0,0,0,0,0,1,0,0,0,0,1,0,0,0,0,0,0,0,1,0,0,0,0,1,0,0,0.28,0.26,,
2018,banta elementary,"Rural, fringe",0.382,0.2727,0.5588,0.4286,0.3404,,0.5556,,,0.2353,,,0.3043,34.0,15.0,19.0,18.0,16.0,,10.0,0.0,0.0,8.0,0.0,0.0,7.0,89.0,55.0,34.0,42.0,47.0,,18.0,0.0,0.0,34.0,0.0,0.0,23.0,0,0,0,0,0,1,0,1,1,0,1,1,0,0,0,0,0,0,1,0,0,0,0,0,0,0,0,0,0,0,0,1,0,0,0,0,0,0,0,0.494,0.28,0.26,
2019,banta elementary,"Rural, fringe",0.3514,0.3103,,0.2941,0.4,,,,,0.3704,,,,13.0,9.0,0.0,5.0,8.0,,,0.0,,10.0,,0.0,0.0,37.0,29.0,8.0,17.0,20.0,,,0.0,,27.0,,0.0,7.0,0,0,1,0,0,1,1,1,1,0,1,1,1,0,0,0,0,0,1,1,0,1,0,1,0,0,0,0,0,0,0,1,1,0,1,0,1,0,0,0.382,0.494,0.28,0.26
2015,barstow unified,"Town, distant",0.21,0.13,0.56,0.21,0.2,,,0.07,,0.2,,0.29,0.29,99.0,57.0,47.0,49.0,52.0,0.0,0.0,6.0,0.0,50.0,0.0,7.0,33.0,494.0,409.0,85.0,234.0,260.0,3.0,3.0,89.0,5.0,251.0,5.0,25.0,113.0,0,0,0,0,0,1,1,0,1,0,1,0,0,0,0,0,0,0,0,0,0,0,0,0,0,0,0,0,0,0,0,0,0,0,0,0,0,0,0,,,,
2016,barstow unified,"Town, distant",0.2,0.17,0.36,0.2,0.19,,,0.07,,0.17,,0.17,0.33,105.0,74.0,32.0,49.0,53.0,0.0,0.0,5.0,0.0,51.0,0.0,4.0,39.0,524.0,434.0,90.0,245.0,279.0,2.0,4.0,69.0,2.0,301.0,5.0,24.0,117.0,0,0,0,0,0,1,1,0,1,0,1,0,0,0,0,0,0,0,0,0,0,0,0,0,0,0,0,0,0,0,0,0,0,0,0,0,0,0,0,0.21,,,
2017,barstow unified,"Town, distant",0.2412,0.1935,0.4756,0.2154,0.2678,,,0.0909,,0.2355,,0.375,0.3488,117.0,78.0,39.0,53.0,64.0,0.0,0.0,7.0,0.0,65.0,0.0,12.0,30.0,485.0,403.0,82.0,246.0,239.0,0.0,0.0,77.0,0.0,276.0,0.0,32.0,86.0,0,0,0,0,0,1,1,0,1,0,1,0,0,0,0,0,0,0,0,0,0,0,0,0,0,0,0,0,0,0,0,0,0,0,0,0,0,0,0,0.2,0.21,,
2018,barstow unified,"Town, distant",0.205,0.1577,0.4744,0.1977,0.2121,,,0.0982,,0.1962,,0.1765,0.2941,107.0,70.0,37.0,51.0,56.0,0.0,0.0,11.0,0.0,51.0,0.0,6.0,30.0,522.0,444.0,78.0,258.0,264.0,0.0,0.0,112.0,0.0,260.0,0.0,34.0,102.0,0,0,0,0,0,1,1,0,1,0,1,0,0,0,0,0,0,0,0,0,0,0,0,0,0,0,0,0,0,0,0,0,0,0,0,0,0,0,0,0.2412,0.2,0.21,
2019,barstow unified,"Town, distant",0.2305,0.1973,0.4023,0.2143,0.2448,,,0.0536,,0.2284,,0.1905,0.4063,124.0,89.0,35.0,54.0,70.0,0.0,0.0,6.0,0.0,66.0,0.0,4.0,39.0,541.0,453.0,88.0,253.0,288.0,6.0,0.0,112.0,0.0,292.0,9.0,21.0,96.0,0,0,0,0,0,1,1,0,1,0,1,0,0,0,0,0,0,0,0,0,0,0,0,0,0,0,0,0,0,0,0,0,0,0,0,0,0,0,0,0.205,0.2412,0.2,0.21
2015,bass lake joint union elementary,"Rural, distant",0.38,0.34,0.41,0.31,0.42,,,,,0.18,,,0.41,30.0,14.0,16.0,11.0,19.0,0.0,,,0.0,2.0,,,27.0,80.0,41.0,39.0,35.0,45.0,2.0,,,1.0,11.0,,,66.0,0,0,0,0,0,1,1,1,1,0,1,1,0,0,0,0,0,0,0,1,1,0,0,1,1,0,0,0,0,0,0,0,1,1,0,0,1,1,0,,,,
2016,bass lake joint union elementary,"Rural, distant",0.34,0.35,0.32,0.32,0.35,,,,,0.32,,,0.34,30.0,18.0,12.0,11.0,19.0,,0.0,0.0,,6.0,,0.0,22.0,89.0,52.0,37.0,34.0,55.0,,2.0,1.0,,19.0,,2.0,65.0,0,0,0,0,0,1,1,1,1,0,1,1,0,0,0,0,0,0,1,0,0,1,0,1,0,0,0,0,0,0,0,1,0,0,1,0,1,0,0,0.38,,,
2017,bass lake joint union elementary,"Rural, distant",0.4783,0.4314,0.5366,0.4146,0.5294,,,,,0.3684,,,0.5156,44.0,22.0,22.0,17.0,27.0,0.0,0.0,0.0,,7.0,,0.0,33.0,92.0,51.0,41.0,41.0,51.0,0.0,0.0,0.0,,19.0,,0.0,64.0,0,0,0,0,0,1,1,1,1,0,1,1,0,0,0,0,0,0,0,0,0,1,0,1,0,0,0,0,0,0,0,0,0,0,1,0,1,0,0,0.34,0.38,,
2018,bass lake joint union elementary,"Rural, distant",0.4245,0.3333,0.5946,0.3968,0.4651,,,,,0.2,,,0.5139,45.0,23.0,22.0,25.0,20.0,0.0,0.0,0.0,0.0,5.0,,0.0,37.0,106.0,69.0,37.0,63.0,43.0,0.0,0.0,0.0,0.0,25.0,,0.0,72.0,0,0,0,0,0,1,1,1,1,0,1,1,0,0,0,0,0,0,0,0,0,0,0,1,0,0,0,0,0,0,0,0,0,0,0,0,1,0,0,0.4783,0.34,0.38,
2019,bass lake joint union elementary,"Rural, distant",0.4405,0.2857,0.6571,0.4444,0.4375,,,,,0.4,,,0.4386,37.0,14.0,23.0,16.0,21.0,0.0,0.0,,0.0,8.0,,0.0,25.0,84.0,49.0,35.0,36.0,48.0,0.0,0.0,,0.0,20.0,,0.0,57.0,0,0,0,0,0,1,1,1,1,0,1,1,0,0,0,0,0,0,0,0,1,0,0,1,0,0,0,0,0,0,0,0,0,1,0,0,1,0,0,0.4245,0.4783,0.34,0.38
2015,bassett unified,"Suburb, large",0.24,0.23,,0.28,0.2,,,,,0.22,,,,70.0,65.0,0.0,39.0,31.0,,0.0,0.0,0.0,64.0,,0.0,0.0,292.0,282.0,10.0,139.0,153.0,,8.0,1.0,3.0,278.0,,1.0,1.0,0,0,1,0,0,1,1,1,1,0,1,1,1,0,0,0,0,0,1,0,0,0,0,1,0,0,0,0,0,0,0,1,0,0,0,0,1,0,0,,,,
2016,bassett unified,"Suburb, large",0.26,0.24,0.56,0.22,0.3,,,,,0.25,,,0.25,85.0,72.0,14.0,32.0,52.0,0.0,0.0,0.0,0.0,73.0,0.0,0.0,3.0,327.0,302.0,25.0,153.0,174.0,1.0,9.0,2.0,6.0,293.0,1.0,3.0,12.0,0,0,0,0,0,1,1,1,1,0,1,1,0,0,0,0,0,0,0,0,0,0,0,0,0,0,0,0,0,0,0,0,0,0,0,0,0,0,0,0.24,,,
2017,bassett unified,"Suburb, large",0.3496,0.3303,0.5,0.3565,0.3435,,,,,0.3534,,,,86.0,72.0,14.0,41.0,45.0,,0.0,0.0,0.0,82.0,,,0.0,246.0,218.0,28.0,115.0,131.0,,0.0,0.0,0.0,232.0,,,0.0,0,0,0,0,0,1,1,1,1,0,1,1,1,0,0,0,0,0,1,0,0,0,0,1,1,0,0,0,0,0,0,1,0,0,0,0,1,1,0,0.26,0.24,,
2018,bassett unified,"Suburb, large",0.4128,0.4118,0.4231,0.4106,0.415,,0.6923,,,0.3949,,,,123.0,112.0,11.0,62.0,61.0,,9.0,0.0,0.0,109.0,,,0.0,298.0,272.0,26.0,151.0,147.0,,13.0,0.0,0.0,276.0,,,0.0,0,0,0,0,0,1,0,1,1,0,1,1,1,0,0,0,0,0,1,0,0,0,0,1,1,0,0,0,0,0,0,1,0,0,0,0,1,1,0,0.3496,0.26,0.24,
2019,bassett unified,"Suburb, large",0.4764,0.4686,0.6,0.4846,0.4677,,0.8571,,,0.4596,,,,121.0,112.0,9.0,63.0,58.0,,12.0,,0.0,108.0,,,0.0,254.0,239.0,15.0,130.0,124.0,,14.0,,0.0,235.0,,,0.0,0,0,0,0,0,1,0,1,1,0,1,1,1,0,0,0,0,0,1,0,1,0,0,1,1,0,0,0,0,0,0,1,0,1,0,0,1,1,0,0.4128,0.3496,0.26,0.24
2015,bayshore elementary,"Suburb, large",0.15,0.14,0.15,0.18,0.12,,,,0.19,0.12,,,,7.0,5.0,2.0,4.0,3.0,,0.0,0.0,3.0,2.0,0.0,0.0,0.0,48.0,35.0,13.0,22.0,26.0,,9.0,2.0,16.0,17.0,2.0,1.0,1.0,0,0,0,0,0,1,1,1,0,0,1,1,1,0,0,0,0,0,1,0,0,0,0,0,0,0,0,0,0,0,0,1,0,0,0,0,0,0,0,,,,
2016,bayshore elementary,"Suburb, large",0.33,0.32,,0.3,0.37,,,,,0.23,,,,14.0,12.0,0.0,7.0,7.0,,0.0,0.0,0.0,5.0,0.0,0.0,0.0,43.0,39.0,4.0,23.0,20.0,,4.0,4.0,7.0,23.0,2.0,2.0,1.0,0,0,1,0,0,1,1,1,1,0,1,1,1,0,0,0,0,0,1,0,0,0,0,0,0,0,0,0,0,0,0,1,0,0,0,0,0,0,0,0.15,,,
2017,bayshore elementary,"Suburb, large",0.0345,0.0526,,0.0909,0.0,,,,,0.0,,,,1.0,1.0,0.0,1.0,0.0,,0.0,0.0,0.0,0.0,0.0,0.0,,29.0,19.0,0.0,11.0,18.0,,0.0,0.0,0.0,11.0,0.0,0.0,,0,0,1,0,0,1,1,1,1,0,1,1,1,0,0,0,0,0,1,0,0,0,0,0,0,1,0,0,0,0,0,1,0,0,0,0,0,0,1,0.33,0.15,,
2018,bayshore elementary,"Suburb, large",0.2778,0.28,0.2727,0.1875,0.35,,,,,0.0667,,,,10.0,7.0,3.0,3.0,7.0,,0.0,,0.0,1.0,0.0,,0.0,36.0,25.0,11.0,16.0,20.0,,0.0,,0.0,15.0,0.0,,0.0,0,0,0,0,0,1,1,1,1,0,1,1,1,0,0,0,0,0,1,0,1,0,0,0,1,0,0,0,0,0,0,1,0,1,0,0,0,1,0,0.0345,0.33,0.15,
2019,bayshore elementary,"Suburb, large",0.3182,0.25,0.4,0.4211,0.24,,,,,0.2143,,,,14.0,6.0,8.0,8.0,6.0,,0.0,0.0,0.0,3.0,0.0,0.0,,44.0,24.0,20.0,19.0,25.0,,7.0,5.0,9.0,14.0,4.0,4.0,,0,0,0,0,0,1,1,1,1,0,1,1,1,0,0,0,0,0,1,0,0,0,0,0,0,1,0,0,0,0,0,1,0,0,0,0,0,0,1,0.2778,0.0345,0.33,0.15
2015,bear valley unified,"Town, distant",0.2,0.11,0.43,0.2,0.2,,,,,0.05,,,0.3,35.0,14.0,21.0,19.0,16.0,0.0,0.0,0.0,,3.0,0.0,0.0,31.0,175.0,126.0,49.0,93.0,82.0,2.0,1.0,1.0,,65.0,1.0,3.0,102.0,0,0,0,0,0,1,1,1,1,0,1,1,0,0,0,0,0,0,0,0,0,1,0,0,0,0,0,0,0,0,0,0,0,0,1,0,0,0,0,,,,
2016,bear valley unified,"Town, distant",0.15,0.12,0.25,0.14,0.15,,,,,0.07,,,0.21,26.0,16.0,10.0,13.0,14.0,,0.0,0.0,,5.0,,0.0,21.0,186.0,146.0,40.0,93.0,93.0,,1.0,2.0,,75.0,,6.0,102.0,0,0,0,0,0,1,1,1,1,0,1,1,0,0,0,0,0,0,1,0,0,1,0,1,0,0,0,0,0,0,0,1,0,0,1,0,1,0,0,0.2,,,
2017,bear valley unified,"Town, distant",0.2647,0.2241,0.3519,0.2048,0.3218,,,,,0.1912,,,0.2826,45.0,26.0,19.0,17.0,28.0,,0.0,0.0,,13.0,,0.0,26.0,170.0,116.0,54.0,83.0,87.0,,0.0,0.0,,68.0,,0.0,92.0,0,0,0,0,0,1,1,1,1,0,1,1,0,0,0,0,0,0,1,0,0,1,0,1,0,0,0,0,0,0,0,1,0,0,1,0,1,0,0,0.15,0.2,,
2018,bear valley unified,"Town, distant",0.2755,0.2215,0.4468,0.2308,0.3261,,,,,0.1818,,,0.3306,54.0,33.0,21.0,24.0,30.0,0.0,0.0,0.0,,12.0,,0.0,40.0,196.0,149.0,47.0,104.0,92.0,0.0,0.0,0.0,,66.0,,0.0,121.0,0,0,0,0,0,1,1,1,1,0,1,1,0,0,0,0,0,0,0,0,0,1,0,1,0,0,0,0,0,0,0,0,0,0,1,0,1,0,0,0.2647,0.15,0.2,
2019,bear valley unified,"Town, distant",0.3861,0.3304,0.5349,0.3855,0.3867,,,,,0.2632,,,0.4624,61.0,38.0,23.0,32.0,29.0,,0.0,,,15.0,,0.0,43.0,158.0,115.0,43.0,83.0,75.0,,0.0,,,57.0,,6.0,93.0,0,0,0,0,0,1,1,1,1,0,1,1,0,0,0,0,0,0,1,0,1,1,0,1,0,0,0,0,0,0,0,1,0,1,1,0,1,0,0,0.2755,0.2647,0.15,0.2
2015,beardsley elementary,"Suburb, large",0.13,0.08,0.34,0.15,0.11,,,,,0.11,,,0.16,23.0,12.0,11.0,13.0,10.0,0.0,,0.0,,6.0,,0.0,17.0,176.0,144.0,32.0,87.0,89.0,3.0,,5.0,,57.0,,2.0,108.0,0,0,0,0,0,1,1,1,1,0,1,1,0,0,0,0,0,0,0,1,0,1,0,1,0,0,0,0,0,0,0,0,1,0,1,0,1,0,0,,,,
2016,beardsley elementary,"Suburb, large",0.17,0.11,0.52,0.18,0.17,,,,,0.12,,,0.19,33.0,16.0,16.0,15.0,18.0,,0.0,0.0,,8.0,,0.0,19.0,191.0,160.0,31.0,83.0,108.0,,2.0,5.0,,67.0,,7.0,100.0,0,0,0,0,0,1,1,1,1,0,1,1,0,0,0,0,0,0,1,0,0,1,0,1,0,0,0,0,0,0,0,1,0,0,1,0,1,0,0,0.13,,,
2017,beardsley elementary,"Suburb, large",0.1476,0.1053,0.55,0.1313,0.1622,,,,,0.1176,,,0.1776,31.0,20.0,11.0,13.0,18.0,,,0.0,,10.0,,0.0,19.0,210.0,190.0,20.0,99.0,111.0,,,0.0,,85.0,,0.0,107.0,0,0,0,0,0,1,1,1,1,0,1,1,0,0,0,0,0,0,1,1,0,1,0,1,0,0,0,0,0,0,0,1,1,0,1,0,1,0,0,0.17,0.13,,
2018,beardsley elementary,"Suburb, large",0.2,0.1635,0.5455,0.181,0.216,,,,,0.1509,,0.25,0.2371,46.0,34.0,12.0,19.0,27.0,,,0.0,0.0,16.0,0.0,3.0,23.0,230.0,208.0,22.0,105.0,125.0,,,0.0,0.0,106.0,0.0,12.0,97.0,0,0,0,0,0,1,1,1,1,0,1,0,0,0,0,0,0,0,1,1,0,0,0,0,0,0,0,0,0,0,0,1,1,0,0,0,0,0,0,0.1476,0.17,0.13,
2019,beardsley elementary,"Suburb, large",0.1735,0.1412,0.4737,0.13,0.2188,,,,,0.1461,,,0.2222,34.0,25.0,9.0,13.0,21.0,,0.0,0.0,,13.0,,0.0,20.0,196.0,177.0,19.0,100.0,96.0,,0.0,7.0,,89.0,,8.0,90.0,0,0,0,0,0,1,1,1,1,0,1,1,0,0,0,0,0,0,1,0,0,1,0,1,0,0,0,0,0,0,0,1,0,0,1,0,1,0,0,0.2,0.1476,0.17,0.13
2015,beaumont unified,"Suburb, large",0.34,0.24,0.47,0.34,0.34,,0.63,0.21,0.64,0.27,,0.14,0.44,256.0,109.0,150.0,134.0,122.0,0.0,17.0,10.0,14.0,111.0,0.0,3.0,95.0,753.0,435.0,318.0,383.0,370.0,7.0,27.0,48.0,22.0,396.0,1.0,21.0,217.0,0,0,0,0,0,1,0,0,0,0,1,0,0,0,0,0,0,0,0,0,0,0,0,0,0,0,0,0,0,0,0,0,0,0,0,0,0,0,0,,,,
2016,beaumont unified,"Suburb, large",0.38,0.27,0.53,0.35,0.41,,0.7,0.24,0.64,0.3,,0.55,0.48,293.0,116.0,172.0,140.0,152.0,0.0,16.0,13.0,9.0,120.0,0.0,17.0,113.0,772.0,448.0,324.0,402.0,370.0,6.0,23.0,54.0,14.0,398.0,2.0,31.0,241.0,0,0,0,0,0,1,0,0,0,0,1,0,0,0,0,0,0,0,0,0,0,0,0,0,0,0,0,0,0,0,0,0,0,0,0,0,0,0,0,0.34,,,
2017,beaumont unified,"Suburb, large",0.4048,0.3059,0.5286,0.4198,0.3899,,0.6667,0.2273,0.7,0.327,,0.4286,0.5287,319.0,134.0,185.0,165.0,154.0,0.0,12.0,10.0,14.0,137.0,0.0,12.0,129.0,788.0,438.0,350.0,393.0,395.0,0.0,18.0,44.0,20.0,419.0,0.0,28.0,244.0,0,0,0,0,0,1,0,0,0,0,1,0,0,0,0,0,0,0,0,0,0,0,0,0,0,0,0,0,0,0,0,0,0,0,0,0,0,0,0,0.38,0.34,,
2018,beaumont unified,"Suburb, large",0.4154,0.3237,0.5528,0.3883,0.4393,0.1429,0.6875,0.25,0.7143,0.3575,,0.5926,0.5021,334.0,156.0,178.0,146.0,188.0,2.0,11.0,16.0,20.0,148.0,0.0,16.0,117.0,804.0,482.0,322.0,376.0,428.0,14.0,16.0,64.0,28.0,414.0,0.0,27.0,233.0,0,0,0,0,0,0,0,0,0,0,1,0,0,0,0,0,0,0,0,0,0,0,0,0,0,0,0,0,0,0,0,0,0,0,0,0,0,0,0,0.4048,0.38,0.34,
2019,beaumont unified,"Suburb, large",0.4802,0.3821,0.6185,0.459,0.5013,,0.7778,0.383,0.7333,0.4067,,0.6818,0.5973,376.0,175.0,201.0,179.0,197.0,0.0,14.0,18.0,11.0,183.0,0.0,15.0,132.0,783.0,458.0,325.0,390.0,393.0,4.0,18.0,47.0,15.0,450.0,0.0,22.0,221.0,0,0,0,0,0,1,0,0,0,0,1,0,0,0,0,0,0,0,0,0,0,0,0,0,0,0,0,0,0,0,0,0,0,0,0,0,0,0,0,0.4154,0.4048,0.38,0.34
2015,bella vista elementary,"Rural, fringe",0.38,0.34,0.47,0.4,0.36,,,,,,,,0.36,19.0,12.0,7.0,10.0,9.0,0.0,,0.0,,0.0,,0.0,15.0,50.0,35.0,15.0,25.0,25.0,5.0,,1.0,,1.0,,1.0,42.0,0,0,0,0,0,1,1,1,1,1,1,1,0,0,0,0,0,0,0,1,0,1,0,1,0,0,0,0,0,0,0,0,1,0,1,0,1,0,0,,,,
2016,bella vista elementary,"Rural, fringe",0.34,0.23,0.56,0.4,0.27,,,,,,,,0.42,16.0,7.0,9.0,10.0,6.0,0.0,0.0,,,0.0,,,16.0,47.0,31.0,16.0,25.0,22.0,3.0,3.0,,,3.0,,,38.0,0,0,0,0,0,1,1,1,1,1,1,1,0,0,0,0,0,0,0,0,1,1,0,1,1,0,0,0,0,0,0,0,0,1,1,0,1,1,0,0.38,,,
2017,bella vista elementary,"Rural, fringe",0.3864,0.25,0.625,0.6667,0.1923,,,,,,,,0.4444,17.0,7.0,10.0,12.0,5.0,0.0,,0.0,,0.0,,0.0,16.0,44.0,28.0,16.0,18.0,26.0,0.0,,0.0,,0.0,,0.0,36.0,0,0,0,0,0,1,1,1,1,1,1,1,0,0,0,0,0,0,0,1,0,1,0,1,0,0,0,0,0,0,0,0,1,0,1,0,1,0,0,0.34,0.38,,
2018,bella vista elementary,"Rural, fringe",0.3714,0.3077,,0.3889,0.3529,,,,,,,,0.4444,13.0,8.0,0.0,7.0,6.0,0.0,0.0,0.0,,0.0,,,12.0,35.0,26.0,0.0,18.0,17.0,0.0,0.0,0.0,,0.0,,,27.0,0,0,1,0,0,1,1,1,1,1,1,1,0,0,0,0,0,0,0,0,0,1,0,1,1,0,0,0,0,0,0,0,0,0,1,0,1,1,0,0.3864,0.34,0.38,
2019,bella vista elementary,"Rural, fringe",0.4333,0.4,,0.6429,0.25,,,,,,,,0.5,13.0,8.0,0.0,9.0,4.0,0.0,0.0,,0.0,0.0,,0.0,11.0,30.0,20.0,10.0,14.0,16.0,0.0,0.0,,0.0,4.0,,0.0,22.0,0,0,1,0,0,1,1,1,1,1,1,1,0,0,0,0,0,0,0,0,1,0,0,1,0,0,0,0,0,0,0,0,0,1,0,0,1,0,0,0.3714,0.3864,0.34,0.38
2015,belleview elementary,"Rural, fringe",0.2,0.18,,,,,,,,,,,0.15,3.0,2.0,0.0,0.0,0.0,,,,,0.0,,0.0,2.0,15.0,11.0,4.0,8.0,7.0,,,,,1.0,,1.0,13.0,0,0,1,1,1,1,1,1,1,1,1,1,0,0,0,0,0,0,1,1,1,1,0,1,0,0,0,0,0,0,0,1,1,1,1,0,1,0,0,,,,
2016,belleview elementary,"Rural, fringe",0.36,,,,,,,,,,,,,4.0,0.0,0.0,0.0,0.0,,,0.0,,0.0,0.0,0.0,0.0,11.0,5.0,6.0,7.0,4.0,,,1.0,,1.0,1.0,1.0,7.0,0,1,1,1,1,1,1,1,1,1,1,1,1,0,0,0,0,0,1,1,0,1,0,0,0,0,0,0,0,0,0,1,1,0,1,0,0,0,0,0.2,,,
2017,belleview elementary,"Rural, fringe",0.2143,,,,,,,,,,,,0.25,3.0,0.0,0.0,0.0,0.0,0.0,,,,0.0,,0.0,3.0,14.0,0.0,0.0,0.0,0.0,0.0,,,,0.0,,0.0,12.0,0,1,1,1,1,1,1,1,1,1,1,1,0,0,0,0,0,0,0,1,1,1,0,1,0,0,0,0,0,0,0,0,1,1,1,0,1,0,0,0.36,0.2,,
2018,belleview elementary,"Rural, fringe",0.0588,,,,0.0,,,,,,,,0.0909,1.0,0.0,0.0,0.0,0.0,,,,,0.0,,0.0,1.0,17.0,0.0,0.0,0.0,11.0,,,,,0.0,,0.0,11.0,0,1,1,1,0,1,1,1,1,1,1,1,0,0,0,0,0,0,1,1,1,1,0,1,0,0,0,0,0,0,0,1,1,1,1,0,1,0,0,0.2143,0.36,0.2,
2019,belleview elementary,"Rural, fringe",0.2727,,,,,,,,,,,,,3.0,0.0,0.0,0.0,0.0,,,,,0.0,0.0,,0.0,11.0,4.0,7.0,8.0,0.0,,,,,0.0,0.0,,7.0,0,1,1,1,1,1,1,1,1,1,1,1,1,0,0,0,0,0,1,1,1,1,0,0,1,0,0,0,0,0,0,1,1,1,1,0,0,1,0,0.0588,0.2143,0.36,0.2
2015,bellflower unified,"Suburb, large",0.27,0.21,0.51,0.27,0.27,,0.56,0.27,0.56,0.22,,0.19,0.35,252.0,147.0,99.0,119.0,134.0,0.0,20.0,31.0,23.0,133.0,0.0,5.0,36.0,935.0,737.0,198.0,438.0,497.0,3.0,36.0,112.0,41.0,605.0,8.0,27.0,103.0,0,0,0,0,0,1,0,0,0,0,1,0,0,0,0,0,0,0,0,0,0,0,0,0,0,0,0,0,0,0,0,0,0,0,0,0,0,0,0,,,,
2016,bellflower unified,"Suburb, large",0.27,0.21,0.47,0.28,0.25,,0.48,0.16,0.67,0.23,0.47,0.25,0.42,258.0,162.0,104.0,143.0,120.0,0.0,10.0,20.0,22.0,152.0,7.0,7.0,45.0,992.0,772.0,220.0,511.0,481.0,2.0,21.0,127.0,33.0,659.0,15.0,28.0,107.0,0,0,0,0,0,1,0,0,0,0,0,0,0,0,0,0,0,0,0,0,0,0,0,0,0,0,0,0,0,0,0,0,0,0,0,0,0,0,0,0.27,,,
2017,bellflower unified,"Suburb, large",0.289,0.2133,0.4959,0.2651,0.3094,,0.6923,0.243,0.5333,0.2068,0.3636,0.5,0.475,261.0,141.0,120.0,110.0,151.0,0.0,36.0,26.0,24.0,121.0,4.0,10.0,38.0,903.0,661.0,242.0,415.0,488.0,0.0,52.0,107.0,45.0,585.0,11.0,20.0,80.0,0,0,0,0,0,1,0,0,0,0,0,0,0,0,0,0,0,0,0,0,0,0,0,0,0,0,0,0,0,0,0,0,0,0,0,0,0,0,0,0.27,0.27,,
2018,bellflower unified,"Suburb, large",0.2822,0.2171,0.4744,0.2505,0.3128,,0.6364,0.1888,0.5405,0.2203,,0.5,0.451,261.0,150.0,111.0,114.0,147.0,0.0,28.0,27.0,20.0,126.0,0.0,8.0,46.0,925.0,691.0,234.0,455.0,470.0,0.0,44.0,143.0,37.0,572.0,0.0,16.0,102.0,0,0,0,0,0,1,0,0,0,0,1,0,0,0,0,0,0,0,0,0,0,0,0,0,0,0,0,0,0,0,0,0,0,0,0,0,0,0,0,0.289,0.27,0.27,
2019,bellflower unified,"Suburb, large",0.3059,0.2591,0.4423,0.2692,0.3396,,0.5,0.1959,0.5294,0.2844,,0.3684,0.3974,249.0,157.0,92.0,105.0,144.0,0.0,16.0,19.0,18.0,153.0,0.0,7.0,31.0,814.0,606.0,208.0,390.0,424.0,4.0,32.0,97.0,34.0,538.0,8.0,19.0,78.0,0,0,0,0,0,1,0,0,0,0,1,0,0,0,0,0,0,0,0,0,0,0,0,0,0,0,0,0,0,0,0,0,0,0,0,0,0,0,0,0.2822,0.289,0.27,0.27
2015,benicia unified,"Suburb, midsize",0.56,0.24,0.64,0.55,0.56,,0.91,0.26,0.75,0.39,,0.61,0.57,191.0,17.0,172.0,95.0,99.0,,21.0,6.0,21.0,25.0,,28.0,88.0,341.0,72.0,269.0,168.0,173.0,,23.0,24.0,28.0,64.0,,47.0,154.0,0,0,0,0,0,1,0,0,0,0,1,0,0,0,0,0,0,0,1,0,0,0,0,1,0,0,0,0,0,0,0,1,0,0,0,0,1,0,0,,,,
2016,benicia unified,"Suburb, midsize",0.61,0.33,0.69,0.61,0.61,,0.85,0.19,0.74,0.48,,0.6,0.72,199.0,25.0,173.0,93.0,107.0,0.0,12.0,6.0,23.0,30.0,0.0,15.0,110.0,326.0,75.0,251.0,150.0,176.0,5.0,14.0,31.0,31.0,62.0,1.0,25.0,153.0,0,0,0,0,0,1,0,0,0,0,1,0,0,0,0,0,0,0,0,0,0,0,0,0,0,0,0,0,0,0,0,0,0,0,0,0,0,0,0,0.56,,,
2017,benicia unified,"Suburb, midsize",0.6536,0.4545,0.7205,0.6449,0.6607,,0.8,0.2632,0.6667,0.5588,,0.7381,0.7113,200.0,35.0,165.0,89.0,111.0,0.0,12.0,5.0,10.0,38.0,,31.0,101.0,306.0,77.0,229.0,138.0,168.0,0.0,15.0,19.0,15.0,68.0,,42.0,142.0,0,0,0,0,0,1,0,0,0,0,1,0,0,0,0,0,0,0,0,0,0,0,0,1,0,0,0,0,0,0,0,0,0,0,0,0,1,0,0,0.61,0.56,,
2018,benicia unified,"Suburb, midsize",0.6306,0.4359,0.6902,0.6398,0.6221,,0.6667,0.32,0.7895,0.4925,,0.6053,0.7239,210.0,34.0,176.0,103.0,107.0,0.0,10.0,8.0,15.0,33.0,,23.0,118.0,333.0,78.0,255.0,161.0,172.0,0.0,15.0,25.0,19.0,67.0,,38.0,163.0,0,0,0,0,0,1,0,0,0,0,1,0,0,0,0,0,0,0,0,0,0,0,0,1,0,0,0,0,0,0,0,0,0,0,0,0,1,0,0,0.6536,0.61,0.56,
2019,benicia unified,"Suburb, midsize",0.5915,0.3488,0.6281,0.5569,0.6273,,0.9167,0.48,0.6667,0.4063,,0.5217,0.6712,194.0,15.0,179.0,93.0,101.0,0.0,11.0,12.0,10.0,26.0,0.0,24.0,98.0,328.0,43.0,285.0,167.0,161.0,0.0,12.0,25.0,15.0,64.0,0.0,46.0,146.0,0,0,0,0,0,1,0,0,0,0,1,0,0,0,0,0,0,0,0,0,0,0,0,0,0,0,0,0,0,0,0,0,0,0,0,0,0,0,0,0.6306,0.6536,0.61,0.56
2015,bennett valley union elementary,"City, midsize",0.51,0.29,0.55,0.46,0.54,,,,,0.21,,0.58,0.57,80.0,8.0,71.0,33.0,46.0,,0.0,0.0,0.0,4.0,0.0,7.0,63.0,157.0,28.0,129.0,71.0,86.0,,8.0,5.0,1.0,19.0,1.0,12.0,111.0,0,0,0,0,0,1,1,1,1,0,1,0,0,0,0,0,0,0,1,0,0,0,0,0,0,0,0,0,0,0,0,1,0,0,0,0,0,0,0,,,,
2016,bennett valley union elementary,"City, midsize",0.51,0.13,0.62,0.46,0.57,,,,,0.34,,,0.6,73.0,4.0,67.0,32.0,39.0,0.0,0.0,0.0,0.0,10.0,0.0,0.0,53.0,139.0,31.0,108.0,70.0,69.0,1.0,7.0,3.0,3.0,29.0,2.0,3.0,89.0,0,0,0,0,0,1,1,1,1,0,1,1,0,0,0,0,0,0,0,0,0,0,0,0,0,0,0,0,0,0,0,0,0,0,0,0,0,0,0,0.51,,,
2017,bennett valley union elementary,"City, midsize",0.625,0.35,0.6724,0.6029,0.6471,,,,,0.3333,,,0.6634,85.0,7.0,78.0,41.0,44.0,,0.0,0.0,0.0,7.0,,0.0,67.0,136.0,20.0,116.0,68.0,68.0,,0.0,0.0,0.0,21.0,,0.0,101.0,0,0,0,0,0,1,1,1,1,0,1,1,0,0,0,0,0,0,1,0,0,0,0,1,0,0,0,0,0,0,0,1,0,0,0,0,1,0,0,0.51,0.51,,
2018,bennett valley union elementary,"City, midsize",0.5532,0.5263,0.5631,0.5,0.5882,,,,,0.5,,,0.5667,78.0,20.0,58.0,28.0,50.0,,0.0,0.0,,15.0,0.0,0.0,51.0,141.0,38.0,103.0,56.0,85.0,,0.0,0.0,,30.0,0.0,0.0,90.0,0,0,0,0,0,1,1,1,1,0,1,1,0,0,0,0,0,0,1,0,0,1,0,0,0,0,0,0,0,0,0,1,0,0,1,0,0,0,0,0.625,0.51,0.51,
2019,bennett valley union elementary,"City, midsize",0.5923,0.3235,0.6875,0.5441,0.6452,,,,,0.36,,,0.65,77.0,11.0,66.0,37.0,40.0,0.0,0.0,0.0,0.0,9.0,0.0,0.0,52.0,130.0,34.0,96.0,68.0,62.0,0.0,5.0,0.0,0.0,25.0,0.0,10.0,80.0,0,0,0,0,0,1,1,1,1,0,1,1,0,0,0,0,0,0,0,0,0,0,0,0,0,0,0,0,0,0,0,0,0,0,0,0,0,0,0,0.5532,0.625,0.51,0.51
2015,berkeley unified,"City, midsize",0.58,0.29,0.8,0.59,0.58,,0.62,0.18,,0.35,,0.74,0.82,396.0,82.0,305.0,188.0,205.0,0.0,26.0,22.0,0.0,49.0,0.0,79.0,211.0,671.0,285.0,386.0,318.0,353.0,2.0,43.0,112.0,6.0,140.0,1.0,107.0,258.0,0,0,0,0,0,1,0,0,1,0,1,0,0,0,0,0,0,0,0,0,0,0,0,0,0,0,0,0,0,0,0,0,0,0,0,0,0,0,0,,,,
2016,berkeley unified,"City, midsize",0.58,0.3,0.76,0.53,0.62,,0.57,0.15,,0.42,,0.65,0.82,415.0,83.0,328.0,175.0,239.0,0.0,29.0,19.0,0.0,59.0,0.0,75.0,225.0,715.0,284.0,431.0,337.0,378.0,4.0,51.0,124.0,4.0,140.0,1.0,117.0,274.0,0,0,0,0,0,1,0,0,1,0,1,0,0,0,0,0,0,0,0,0,0,0,0,0,0,0,0,0,0,0,0,0,0,0,0,0,0,0,0,0.58,,,
2017,berkeley unified,"City, midsize",0.5905,0.2747,0.7495,0.5633,0.6154,,0.697,0.2,,0.3571,,0.73,0.8078,411.0,64.0,347.0,187.0,224.0,,23.0,18.0,0.0,65.0,,73.0,227.0,696.0,233.0,463.0,332.0,364.0,,33.0,90.0,0.0,182.0,,100.0,281.0,0,0,0,0,0,1,0,0,1,0,1,0,0,0,0,0,0,0,1,0,0,0,0,1,0,0,0,0,0,0,0,1,0,0,0,0,1,0,0,0.58,0.58,,
2018,berkeley unified,"City, midsize",0.5456,0.259,0.7158,0.5442,0.5469,,0.5778,0.124,,0.3837,,0.6442,0.7911,407.0,72.0,335.0,197.0,210.0,0.0,26.0,16.0,0.0,66.0,0.0,67.0,231.0,746.0,278.0,468.0,362.0,384.0,0.0,45.0,129.0,0.0,172.0,0.0,104.0,292.0,0,0,0,0,0,1,0,0,1,0,1,0,0,0,0,0,0,0,0,0,0,0,0,0,0,0,0,0,0,0,0,0,0,0,0,0,0,0,0,0.5905,0.58,0.58,
2019,berkeley unified,"City, midsize",0.6522,0.346,0.7863,0.642,0.662,,0.7258,0.2247,,0.5157,,0.717,0.8266,452.0,73.0,379.0,217.0,235.0,,45.0,20.0,0.0,82.0,0.0,76.0,224.0,693.0,211.0,482.0,338.0,355.0,,62.0,89.0,5.0,159.0,0.0,106.0,271.0,0,0,0,0,0,1,0,0,1,0,1,0,0,0,0,0,0,0,1,0,0,0,0,0,0,0,0,0,0,0,0,1,0,0,0,0,0,0,0,0.5456,0.5905,0.58,0.58
2015,beverly hills unified,"Suburb, large",0.68,0.75,0.67,0.71,0.65,,0.91,,,0.61,,,0.66,182.0,12.0,168.0,99.0,83.0,0.0,32.0,0.0,0.0,14.0,,0.0,124.0,267.0,16.0,251.0,139.0,128.0,2.0,35.0,6.0,4.0,24.0,,7.0,189.0,0,0,0,0,0,1,0,1,1,0,1,1,0,0,0,0,0,0,0,0,0,0,0,1,0,0,0,0,0,0,0,0,0,0,0,0,1,0,0,,,,
2016,beverly hills unified,"Suburb, large",0.66,0.65,0.67,0.64,0.69,,0.82,,,0.63,,,0.67,182.0,11.0,170.0,90.0,91.0,0.0,28.0,0.0,,12.0,,0.0,132.0,271.0,17.0,254.0,140.0,131.0,1.0,34.0,8.0,,19.0,,8.0,201.0,0,0,0,0,0,1,0,1,1,0,1,1,0,0,0,0,0,0,0,0,0,1,0,1,0,0,0,0,0,0,0,0,0,0,1,0,1,0,0,0.68,,,
2017,beverly hills unified,"Suburb, large",0.6951,0.5152,0.7169,0.7344,0.6667,,0.8158,,,0.7222,,0.7059,0.6849,212.0,17.0,195.0,94.0,118.0,0.0,31.0,0.0,0.0,13.0,,12.0,150.0,305.0,33.0,272.0,128.0,177.0,0.0,38.0,0.0,0.0,18.0,,17.0,219.0,0,0,0,0,0,1,0,1,1,0,1,0,0,0,0,0,0,0,0,0,0,0,0,1,0,0,0,0,0,0,0,0,0,0,0,0,1,0,0,0.66,0.68,,
2018,beverly hills unified,"Suburb, large",0.69,0.5091,0.7361,0.697,0.6835,,0.875,,,0.6,,0.6667,0.6834,187.0,28.0,159.0,92.0,95.0,,28.0,0.0,0.0,12.0,,8.0,136.0,271.0,55.0,216.0,132.0,139.0,,32.0,0.0,0.0,20.0,,12.0,199.0,0,0,0,0,0,1,0,1,1,0,1,0,0,0,0,0,0,0,1,0,0,0,0,1,0,0,0,0,0,0,0,1,0,0,0,0,1,0,0,0.6951,0.66,0.68,
2019,beverly hills unified,"Suburb, large",0.7224,0.641,0.7379,0.7521,0.6935,,0.7742,,,0.5556,,0.6667,0.7576,177.0,25.0,152.0,91.0,86.0,,24.0,0.0,,10.0,0.0,12.0,125.0,245.0,39.0,206.0,121.0,124.0,,31.0,7.0,,18.0,0.0,18.0,165.0,0,0,0,0,0,1,0,1,1,0,1,0,0,0,0,0,0,0,1,0,0,1,0,0,0,0,0,0,0,0,0,1,0,0,1,0,0,0,0,0.69,0.6951,0.66,0.68
2015,big springs union elementary,"Rural, remote",0.5,,,,,,,,,,,,0.5,6.0,0.0,0.0,0.0,0.0,0.0,,,,0.0,,,5.0,13.0,8.0,5.0,7.0,6.0,1.0,,,,1.0,,,11.0,0,1,1,1,1,1,1,1,1,1,1,1,0,0,0,0,0,0,0,1,1,1,0,1,1,0,0,0,0,0,0,0,1,1,1,0,1,1,0,,,,
2016,big springs union elementary,"Rural, remote",0.43,0.38,,0.42,0.45,,,,,,,,0.44,10.0,5.0,0.0,5.0,5.0,0.0,0.0,,,0.0,,,7.0,23.0,13.0,10.0,12.0,11.0,3.0,1.0,,,3.0,,,16.0,0,0,1,0,0,1,1,1,1,1,1,1,0,0,0,0,0,0,0,0,1,1,0,1,1,0,0,0,0,0,0,0,0,1,1,0,1,1,0,0.5,,,
2017,big springs union elementary,"Rural, remote",0.5882,,,,,,,,,,,,0.75,10.0,0.0,0.0,0.0,0.0,,0.0,,,0.0,,0.0,9.0,17.0,0.0,0.0,0.0,0.0,,0.0,,,0.0,,0.0,12.0,0,1,1,1,1,1,1,1,1,1,1,1,0,0,0,0,0,0,1,0,1,1,0,1,0,0,0,0,0,0,0,1,0,1,1,0,1,0,0,0.43,0.5,,
2018,big springs union elementary,"Rural, remote",0.5357,0.375,0.75,0.6154,0.4667,,,,,,,,0.5556,15.0,6.0,9.0,8.0,7.0,,0.0,,,0.0,,0.0,10.0,28.0,16.0,12.0,13.0,15.0,,0.0,,,0.0,,0.0,18.0,0,0,0,0,0,1,1,1,1,1,1,1,0,0,0,0,0,0,1,0,1,1,0,1,0,0,0,0,0,0,0,1,0,1,1,0,1,0,0,0.5882,0.43,0.5,
2019,big springs union elementary,"Rural, remote",0.2381,0.2308,,0.0909,,,,,,,,,,5.0,3.0,0.0,1.0,0.0,0.0,0.0,0.0,,0.0,,,0.0,21.0,13.0,8.0,11.0,10.0,0.0,5.0,0.0,,0.0,,,10.0,0,0,1,0,1,1,1,1,1,1,1,1,1,0,0,0,0,0,0,0,0,1,0,1,1,0,0,0,0,0,0,0,0,0,1,0,1,1,0,0.5357,0.5882,0.43,0.5
2015,biggs unified,"Rural, distant",0.05,0.03,,0.08,0.0,,,,,0.0,,,0.13,2.0,1.0,0.0,2.0,0.0,,0.0,,,0.0,,0.0,2.0,38.0,30.0,8.0,24.0,14.0,,1.0,,,20.0,,1.0,15.0,0,0,1,0,0,1,1,1,1,0,1,1,0,0,0,0,0,0,1,0,1,1,0,1,0,0,0,0,0,0,0,1,0,1,1,0,1,0,0,,,,
2016,biggs unified,"Rural, distant",0.11,0.03,,0.05,0.18,,,,,0.06,,,0.17,5.0,1.0,0.0,1.0,4.0,0.0,0.0,0.0,,1.0,0.0,,4.0,44.0,34.0,10.0,22.0,22.0,1.0,1.0,1.0,,16.0,1.0,,24.0,0,0,1,0,0,1,1,1,1,0,1,1,0,0,0,0,0,0,0,0,0,1,0,0,1,0,0,0,0,0,0,0,0,0,1,0,0,1,0,0.05,,,
2017,biggs unified,"Rural, distant",0.2571,0.28,,0.35,0.1333,,,,,,,,0.3043,9.0,7.0,0.0,7.0,2.0,0.0,,0.0,,0.0,,,7.0,35.0,25.0,0.0,20.0,15.0,0.0,,0.0,,0.0,,,23.0,0,0,1,0,0,1,1,1,1,1,1,1,0,0,0,0,0,0,0,1,0,1,0,1,1,0,0,0,0,0,0,0,1,0,1,0,1,1,0,0.11,0.05,,
2018,biggs unified,"Rural, distant",0.1765,0.0769,,0.1429,0.2,,,,,0.0667,,,0.2632,6.0,2.0,0.0,2.0,4.0,,,,,1.0,,,5.0,34.0,26.0,0.0,14.0,20.0,,,,,15.0,,,19.0,0,0,1,0,0,1,1,1,1,0,1,1,0,0,0,0,0,0,1,1,1,1,0,1,1,0,0,0,0,0,0,1,1,1,1,0,1,1,0,0.2571,0.11,0.05,
2019,biggs unified,"Rural, distant",0.2391,0.1429,0.5455,0.25,0.2308,,,,,0.1333,,,0.3214,11.0,5.0,6.0,5.0,6.0,,,0.0,,2.0,0.0,,9.0,46.0,35.0,11.0,20.0,26.0,,,0.0,,15.0,0.0,,28.0,0,0,0,0,0,1,1,1,1,0,1,1,0,0,0,0,0,0,1,1,0,1,0,0,1,0,0,0,0,0,0,1,1,0,1,0,0,1,0,0.1765,0.2571,0.11,0.05
2015,bishop unified,"Town, remote",0.26,0.13,0.51,0.25,0.28,0.19,,,,0.04,,,0.54,35.0,11.0,23.0,16.0,19.0,4.0,0.0,,,2.0,,0.0,26.0,130.0,85.0,45.0,64.0,66.0,21.0,2.0,,,55.0,,3.0,48.0,0,0,0,0,0,0,1,1,1,0,1,1,0,0,0,0,0,0,0,0,1,1,0,1,0,0,0,0,0,0,0,0,0,1,1,0,1,0,0,,,,
2016,bishop unified,"Town, remote",0.31,0.18,0.56,0.25,0.36,0.21,,,,0.1,,,0.56,45.0,18.0,27.0,17.0,28.0,5.0,0.0,0.0,,7.0,,0.0,27.0,147.0,99.0,48.0,69.0,78.0,24.0,1.0,1.0,,67.0,,5.0,48.0,0,0,0,0,0,0,1,1,1,0,1,1,0,0,0,0,0,0,0,0,0,1,0,1,0,0,0,0,0,0,0,0,0,0,1,0,1,0,0,0.26,,,
2017,bishop unified,"Town, remote",0.3445,0.1739,0.58,0.2708,0.3944,0.375,,,,0.2128,,,0.4783,41.0,12.0,29.0,13.0,28.0,6.0,,0.0,,10.0,,0.0,22.0,119.0,69.0,50.0,48.0,71.0,16.0,,0.0,,47.0,,0.0,46.0,0,0,0,0,0,0,1,1,1,0,1,1,0,0,0,0,0,0,0,1,0,1,0,1,0,0,0,0,0,0,0,0,1,0,1,0,1,0,0,0.31,0.26,,
2018,bishop unified,"Town, remote",0.4328,0.3205,0.5893,0.381,0.4789,0.3,,,,0.2653,,,0.566,58.0,25.0,33.0,24.0,34.0,6.0,0.0,,,13.0,,0.0,30.0,134.0,78.0,56.0,63.0,71.0,20.0,0.0,,,49.0,,0.0,53.0,0,0,0,0,0,0,1,1,1,0,1,1,0,0,0,0,0,0,0,0,1,1,0,1,0,0,0,0,0,0,0,0,0,1,1,0,1,0,0,0.3445,0.31,0.26,
2019,bishop unified,"Town, remote",0.3171,0.1899,0.4353,0.2771,0.358,0.1429,,,,0.169,,,0.5161,52.0,15.0,37.0,23.0,29.0,3.0,0.0,,0.0,12.0,,0.0,32.0,164.0,79.0,85.0,83.0,81.0,21.0,0.0,,0.0,71.0,,8.0,62.0,0,0,0,0,0,0,1,1,1,0,1,1,0,0,0,0,0,0,0,0,1,0,0,1,0,0,0,0,0,0,0,0,0,1,0,0,1,0,0,0.4328,0.3445,0.31,0.26
2015,black butte union elementary,"Rural, distant",0.13,0.12,,0.18,0.07,,,,,,,,0.18,4.0,3.0,0.0,3.0,1.0,0.0,,,,0.0,0.0,0.0,4.0,31.0,25.0,6.0,17.0,14.0,1.0,,,,4.0,1.0,3.0,22.0,0,0,1,0,0,1,1,1,1,1,1,1,0,0,0,0,0,0,0,1,1,1,0,0,0,0,0,0,0,0,0,0,1,1,1,0,0,0,0,,,,
2016,black butte union elementary,"Rural, distant",0.38,0.46,,,,,,,,,,,0.31,6.0,6.0,0.0,0.0,0.0,,,,,0.0,,,4.0,16.0,13.0,3.0,10.0,6.0,,,,,2.0,,,13.0,0,0,1,1,1,1,1,1,1,1,1,1,0,0,0,0,0,0,1,1,1,1,0,1,1,0,0,0,0,0,0,1,1,1,1,0,1,1,0,0.13,,,
2017,black butte union elementary,"Rural, distant",0.2,0.2353,,0.3846,0.0,,,,,,,,0.1905,5.0,4.0,0.0,5.0,0.0,0.0,,,,0.0,,0.0,4.0,25.0,17.0,0.0,13.0,12.0,0.0,,,,0.0,,0.0,21.0,0,0,1,0,0,1,1,1,1,1,1,1,0,0,0,0,0,0,0,1,1,1,0,1,0,0,0,0,0,0,0,0,1,1,1,0,1,0,0,0.38,0.13,,
2018,black butte union elementary,"Rural, distant",0.1111,0.0833,,,,,,,,,,,0.125,2.0,1.0,0.0,0.0,0.0,,,,,,,0.0,2.0,18.0,12.0,0.0,0.0,0.0,,,,,,,0.0,16.0,0,0,1,1,1,1,1,1,1,1,1,1,0,0,0,0,0,0,1,1,1,1,1,1,0,0,0,0,0,0,0,1,1,1,1,1,1,0,0,0.2,0.38,0.13,
2019,black butte union elementary,"Rural, distant",0.2273,0.2222,,,0.25,,,,,,,,0.2667,5.0,4.0,0.0,0.0,3.0,,,,,0.0,,0.0,4.0,22.0,18.0,4.0,10.0,12.0,,,,,4.0,,0.0,15.0,0,0,1,1,0,1,1,1,1,1,1,1,0,0,0,0,0,0,1,1,1,1,0,1,0,0,0,0,0,0,0,1,1,1,1,0,1,0,0,0.1111,0.2,0.38,0.13
2015,black oak mine unified,"Rural, distant",0.21,0.1,0.37,0.12,0.28,,,,,,,,0.22,20.0,6.0,14.0,5.0,15.0,0.0,,0.0,,0.0,,0.0,17.0,96.0,58.0,38.0,43.0,53.0,3.0,,1.0,,9.0,,4.0,79.0,0,0,0,0,0,1,1,1,1,1,1,1,0,0,0,0,0,0,0,1,0,1,0,1,0,0,0,0,0,0,0,0,1,0,1,0,1,0,0,,,,
2016,black oak mine unified,"Rural, distant",0.18,0.07,0.26,0.13,0.22,,,,,0.08,,,0.21,17.0,3.0,14.0,6.0,11.0,0.0,0.0,0.0,,1.0,,0.0,15.0,96.0,42.0,54.0,46.0,50.0,6.0,2.0,1.0,,12.0,,2.0,72.0,0,0,0,0,0,1,1,1,1,0,1,1,0,0,0,0,0,0,0,0,0,1,0,1,0,0,0,0,0,0,0,0,0,0,1,0,1,0,0,0.21,,,
2017,black oak mine unified,"Rural, distant",0.2778,0.2174,0.3226,0.2545,0.3019,,,,,,,,0.3053,30.0,10.0,20.0,14.0,16.0,0.0,0.0,,,0.0,,0.0,29.0,108.0,46.0,62.0,55.0,53.0,0.0,0.0,,,0.0,,0.0,95.0,0,0,0,0,0,1,1,1,1,1,1,1,0,0,0,0,0,0,0,0,1,1,0,1,0,0,0,0,0,0,0,0,0,1,1,0,1,0,0,0.18,0.21,,
2018,black oak mine unified,"Rural, distant",0.2604,0.2857,0.234,0.2321,0.3,,,,,0.3077,,,0.2375,25.0,14.0,11.0,13.0,12.0,,0.0,,,4.0,,0.0,19.0,96.0,49.0,47.0,56.0,40.0,,0.0,,,13.0,,0.0,80.0,0,0,0,0,0,1,1,1,1,0,1,1,0,0,0,0,0,0,1,0,1,1,0,1,0,0,0,0,0,0,0,1,0,1,1,0,1,0,0,0.2778,0.18,0.21,
2019,black oak mine unified,"Rural, distant",0.3608,0.2979,0.42,0.34,0.383,,,,,,,,0.3412,35.0,14.0,21.0,17.0,18.0,0.0,,,0.0,0.0,,0.0,29.0,97.0,47.0,50.0,50.0,47.0,0.0,,,0.0,6.0,,0.0,85.0,0,0,0,0,0,1,1,1,1,1,1,1,0,0,0,0,0,0,0,1,1,0,0,1,0,0,0,0,0,0,0,0,1,1,0,0,1,0,0,0.2604,0.2778,0.18,0.21
2015,blochman union elementary,"Rural, fringe",0.17,0.0,,,0.08,,,,,,,,0.25,4.0,0.0,0.0,0.0,1.0,,,0.0,,0.0,,,3.0,23.0,14.0,9.0,10.0,13.0,,,1.0,,10.0,,,12.0,0,0,1,1,0,1,1,1,1,1,1,1,0,0,0,0,0,0,1,1,0,1,0,1,1,0,0,0,0,0,0,1,1,0,1,0,1,1,0,,,,
2016,blochman union elementary,"Rural, fringe",0.18,0.17,,,0.33,,,,,,,,,4.0,2.0,0.0,0.0,4.0,0.0,,0.0,,0.0,,0.0,0.0,22.0,12.0,10.0,10.0,12.0,1.0,,1.0,,6.0,,2.0,10.0,0,0,1,1,0,1,1,1,1,1,1,1,1,0,0,0,0,0,0,1,0,1,0,1,0,0,0,0,0,0,0,0,1,0,1,0,1,0,0,0.17,,,
2017,blochman union elementary,"Rural, fringe",0.5294,,,,,,,,,,,,,9.0,0.0,0.0,0.0,0.0,0.0,,,,0.0,,,0.0,17.0,0.0,0.0,0.0,0.0,0.0,,,,0.0,,,0.0,0,1,1,1,1,1,1,1,1,1,1,1,1,0,0,0,0,0,0,1,1,1,0,1,1,0,0,0,0,0,0,0,1,1,1,0,1,1,0,0.18,0.17,,
2018,blochman union elementary,"Rural, fringe",0.4783,0.3077,,0.2727,0.6667,,,,,0.4167,,,0.5455,11.0,4.0,0.0,3.0,8.0,,,,,5.0,,,6.0,23.0,13.0,0.0,11.0,12.0,,,,,12.0,,,11.0,0,0,1,0,0,1,1,1,1,0,1,1,0,0,0,0,0,0,1,1,1,1,0,1,1,0,0,0,0,0,0,1,1,1,1,0,1,1,0,0.5294,0.18,0.17,
2019,blochman union elementary,"Rural, fringe",0.2917,,0.2667,0.1875,,,,,,,,,0.25,7.0,0.0,4.0,3.0,0.0,,,,,0.0,,0.0,3.0,24.0,9.0,15.0,16.0,8.0,,,,,10.0,,0.0,12.0,0,1,0,0,1,1,1,1,1,1,1,1,0,0,0,0,0,0,1,1,1,1,0,1,0,0,0,0,0,0,0,1,1,1,1,0,1,0,0,0.4783,0.5294,0.18,0.17
2015,bonita unified,"Suburb, large",0.46,0.36,0.55,0.46,0.46,,0.8,0.18,0.69,0.36,,0.54,0.57,332.0,115.0,209.0,162.0,163.0,0.0,35.0,4.0,11.0,132.0,0.0,20.0,120.0,707.0,319.0,388.0,353.0,354.0,1.0,44.0,22.0,16.0,365.0,1.0,37.0,212.0,0,0,0,0,0,1,0,0,0,0,1,0,0,0,0,0,0,0,0,0,0,0,0,0,0,0,0,0,0,0,0,0,0,0,0,0,0,0,0,,,,
2016,bonita unified,"Suburb, large",0.48,0.36,0.56,0.48,0.49,,0.79,0.14,0.72,0.4,,0.5,0.58,349.0,105.0,243.0,182.0,170.0,0.0,27.0,3.0,13.0,150.0,0.0,15.0,129.0,728.0,294.0,434.0,381.0,347.0,5.0,34.0,22.0,18.0,377.0,1.0,30.0,221.0,0,0,0,0,0,1,0,0,0,0,1,0,0,0,0,0,0,0,0,0,0,0,0,0,0,0,0,0,0,0,0,0,0,0,0,0,0,0,0,0.46,,,
2017,bonita unified,"Suburb, large",0.5857,0.4362,0.6837,0.5522,0.6154,,0.8936,0.35,0.8462,0.5082,,0.6,0.6716,417.0,123.0,294.0,185.0,232.0,,42.0,7.0,11.0,186.0,0.0,24.0,135.0,713.0,282.0,431.0,335.0,378.0,,47.0,20.0,13.0,367.0,0.0,40.0,201.0,0,0,0,0,0,1,0,0,0,0,1,0,0,0,0,0,0,0,1,0,0,0,0,0,0,0,0,0,0,0,0,1,0,0,0,0,0,0,0,0.48,0.46,,
2018,bonita unified,"Suburb, large",0.5814,0.4406,0.6744,0.5976,0.5678,,0.8571,0.2,0.8,0.5244,,0.697,0.6359,418.0,126.0,292.0,196.0,222.0,0.0,36.0,3.0,12.0,204.0,,23.0,131.0,719.0,286.0,433.0,328.0,391.0,0.0,42.0,15.0,15.0,389.0,,33.0,206.0,0,0,0,0,0,1,0,0,0,0,1,0,0,0,0,0,0,0,0,0,0,0,0,1,0,0,0,0,0,0,0,0,0,0,0,0,1,0,0,0.5857,0.48,0.46,
2019,bonita unified,"Suburb, large",0.6594,0.5729,0.7222,0.6393,0.6793,,0.8269,0.6429,1.0,0.5879,,0.8,0.6879,451.0,165.0,286.0,218.0,233.0,,43.0,9.0,17.0,214.0,,36.0,119.0,684.0,288.0,396.0,341.0,343.0,,52.0,14.0,17.0,364.0,,45.0,173.0,0,0,0,0,0,1,0,0,0,0,1,0,0,0,0,0,0,0,1,0,0,0,0,1,0,0,0,0,0,0,0,1,0,0,0,0,1,0,0,0.5814,0.5857,0.48,0.46
2015,bonny doon union elementary,"Rural, fringe",0.47,,0.46,,,,,,,,,,0.46,7.0,0.0,6.0,0.0,0.0,,0.0,,,0.0,,,6.0,15.0,2.0,13.0,9.0,6.0,,1.0,,,1.0,,,13.0,0,1,0,1,1,1,1,1,1,1,1,1,0,0,0,0,0,0,1,0,1,1,0,1,1,0,0,0,0,0,0,1,0,1,1,0,1,1,0,,,,
2016,bonny doon union elementary,"Rural, fringe",0.59,,0.62,,0.62,,,,,,,,0.6,13.0,0.0,8.0,0.0,8.0,0.0,0.0,,,,,,12.0,22.0,9.0,13.0,9.0,13.0,1.0,1.0,,,,,,20.0,0,1,0,1,0,1,1,1,1,1,1,1,0,0,0,0,0,0,0,0,1,1,1,1,1,0,0,0,0,0,0,0,0,1,1,1,1,1,0,0.47,,,
2017,bonny doon union elementary,"Rural, fringe",0.5,,0.5455,0.5,0.5,,,,,,,,0.5,15.0,0.0,12.0,8.0,7.0,,,,,0.0,,,14.0,30.0,0.0,22.0,16.0,14.0,,,,,0.0,,,28.0,0,1,0,0,0,1,1,1,1,1,1,1,0,0,0,0,0,0,1,1,1,1,0,1,1,0,0,0,0,0,0,1,1,1,1,0,1,1,0,0.59,0.47,,
2018,bonny doon union elementary,"Rural, fringe",0.6667,,0.7826,0.8182,0.5625,,,,,,,,0.6923,18.0,0.0,18.0,9.0,9.0,,,,,0.0,,0.0,18.0,27.0,0.0,23.0,11.0,16.0,,,,,0.0,,0.0,26.0,0,1,0,0,0,1,1,1,1,1,1,1,0,0,0,0,0,0,1,1,1,1,0,1,0,0,0,0,0,0,0,1,1,1,1,0,1,0,0,0.5,0.59,0.47,
2019,bonny doon union elementary,"Rural, fringe",0.48,,0.45,0.5,0.4615,,,,,,,,0.4783,12.0,0.0,9.0,6.0,6.0,,,,,0.0,,0.0,11.0,25.0,5.0,20.0,12.0,13.0,,,,,0.0,,0.0,23.0,0,1,0,0,0,1,1,1,1,1,1,1,0,0,0,0,0,0,1,1,1,1,0,1,0,0,0,0,0,0,0,1,1,1,1,0,1,0,0,0.6667,0.5,0.59,0.47
2015,bonsall unified,"Suburb, large",0.64,0.41,0.77,0.63,0.65,,,,,0.47,,0.76,0.75,149.0,33.0,117.0,73.0,78.0,0.0,0.0,0.0,0.0,36.0,,13.0,81.0,233.0,81.0,152.0,115.0,118.0,9.0,10.0,3.0,8.0,77.0,,17.0,108.0,0,0,0,0,0,1,1,1,1,0,1,0,0,0,0,0,0,0,0,0,0,0,0,1,0,0,0,0,0,0,0,0,0,0,0,0,1,0,0,,,,
2016,bonsall unified,"Suburb, large",0.62,0.33,0.76,0.57,0.67,,,,,0.35,,,0.74,167.0,28.0,137.0,79.0,89.0,0.0,0.0,0.0,0.0,24.0,0.0,0.0,108.0,268.0,85.0,183.0,137.0,131.0,8.0,6.0,6.0,7.0,70.0,3.0,6.0,146.0,0,0,0,0,0,1,1,1,1,0,1,1,0,0,0,0,0,0,0,0,0,0,0,0,0,0,0,0,0,0,0,0,0,0,0,0,0,0,0,0.64,,,
2017,bonsall unified,"Suburb, large",0.6452,0.4894,0.7403,0.6404,0.6493,0.2353,,,,0.5256,,,0.7603,160.0,46.0,114.0,73.0,87.0,4.0,0.0,0.0,0.0,41.0,0.0,0.0,92.0,248.0,94.0,154.0,114.0,134.0,17.0,0.0,0.0,0.0,78.0,0.0,0.0,121.0,0,0,0,0,0,0,1,1,1,0,1,1,0,0,0,0,0,0,0,0,0,0,0,0,0,0,0,0,0,0,0,0,0,0,0,0,0,0,0,0.62,0.64,,
2018,bonsall unified,"Suburb, large",0.5612,0.2976,0.6753,0.5565,0.5644,0.125,0.8333,,,0.3708,,0.6923,0.7377,156.0,25.0,131.0,64.0,92.0,3.0,10.0,0.0,0.0,33.0,0.0,9.0,90.0,279.0,84.0,195.0,116.0,163.0,24.0,12.0,0.0,0.0,90.0,0.0,13.0,122.0,0,0,0,0,0,0,0,1,1,0,1,0,0,0,0,0,0,0,0,0,0,0,0,0,0,0,0,0,0,0,0,0,0,0,0,0,0,0,0,0.6452,0.62,0.64,
2019,bonsall unified,"Suburb, large",0.5249,0.3971,0.5817,0.5308,0.5165,0.0909,,,,0.4713,,0.7333,0.6067,116.0,27.0,89.0,69.0,47.0,1.0,0.0,0.0,0.0,41.0,0.0,11.0,54.0,221.0,68.0,153.0,130.0,91.0,11.0,4.0,4.0,0.0,87.0,4.0,15.0,89.0,0,0,0,0,0,0,1,1,1,0,1,0,0,0,0,0,0,0,0,0,0,0,0,0,0,0,0,0,0,0,0,0,0,0,0,0,0,0,0,0.5612,0.6452,0.62,0.64
2015,borrego springs unified,"Rural, distant",0.18,0.18,,0.11,0.36,,,,,0.17,,,,7.0,6.0,0.0,3.0,4.0,,,,,5.0,,0.0,0.0,38.0,33.0,5.0,27.0,11.0,,,,,30.0,,1.0,7.0,0,0,1,0,0,1,1,1,1,0,1,1,1,0,0,0,0,0,1,1,1,1,0,1,0,0,0,0,0,0,0,1,1,1,1,0,1,0,0,,,,
2016,borrego springs unified,"Rural, distant",0.35,0.36,,0.37,0.33,,,,,0.36,,,,12.0,11.0,0.0,8.0,4.0,,,,,11.0,,,0.0,34.0,31.0,3.0,21.0,13.0,,,,,31.0,,,3.0,0,0,1,0,0,1,1,1,1,0,1,1,1,0,0,0,0,0,1,1,1,1,0,1,1,0,0,0,0,0,0,1,1,1,1,0,1,1,0,0.18,,,
2017,borrego springs unified,"Rural, distant",0.3043,0.1667,,0.2667,,,,,,0.1429,,,,7.0,3.0,0.0,4.0,0.0,,,0.0,,2.0,,0.0,0.0,23.0,18.0,0.0,15.0,0.0,,,0.0,,14.0,,0.0,0.0,0,0,1,0,1,1,1,1,1,0,1,1,1,0,0,0,0,0,1,1,0,1,0,1,0,0,0,0,0,0,0,1,1,0,1,0,1,0,0,0.35,0.18,,
2018,borrego springs unified,"Rural, distant",0.25,0.2174,,0.0714,0.4286,,,,,0.25,,,,7.0,5.0,0.0,1.0,6.0,,,,0.0,5.0,,0.0,0.0,28.0,23.0,0.0,14.0,14.0,,,,0.0,20.0,,0.0,0.0,0,0,1,0,0,1,1,1,1,0,1,1,1,0,0,0,0,0,1,1,1,0,0,1,0,0,0,0,0,0,0,1,1,1,0,0,1,0,0,0.3043,0.35,0.18,
2019,borrego springs unified,"Rural, distant",0.3448,0.3571,,0.2857,0.4,,,,,0.3077,,,,10.0,10.0,0.0,4.0,6.0,,,,,8.0,,0.0,0.0,29.0,28.0,0.0,14.0,15.0,,,,,26.0,,0.0,0.0,0,0,1,0,0,1,1,1,1,0,1,1,1,0,0,0,0,0,1,1,1,1,0,1,0,0,0,0,0,0,0,1,1,1,1,0,1,0,0,0.25,0.3043,0.35,0.18
2015,brawley elementary,"Town, fringe",0.17,0.14,0.28,0.15,0.18,,,,,0.15,,,0.42,67.0,48.0,23.0,32.0,40.0,,,0.0,0.0,59.0,,0.0,8.0,419.0,338.0,81.0,196.0,223.0,,,2.0,1.0,395.0,,1.0,19.0,0,0,0,0,0,1,1,1,1,0,1,1,0,0,0,0,0,0,1,1,0,0,0,1,0,0,0,0,0,0,0,1,1,0,0,0,1,0,0,,,,
2016,brawley elementary,"Town, fringe",0.23,0.22,0.33,0.22,0.25,,,,,0.22,,,0.53,95.0,75.0,23.0,49.0,47.0,,0.0,0.0,,84.0,0.0,,9.0,410.0,340.0,70.0,221.0,189.0,,3.0,3.0,,385.0,1.0,,17.0,0,0,0,0,0,1,1,1,1,0,1,1,0,0,0,0,0,0,1,0,0,1,0,0,1,0,0,0,0,0,0,1,0,0,1,0,0,1,0,0.17,,,
2017,brawley elementary,"Town, fringe",0.3077,0.2614,0.5517,0.3175,0.2971,,,,,0.3009,,,0.4167,112.0,80.0,32.0,60.0,52.0,,0.0,0.0,,105.0,,0.0,5.0,364.0,306.0,58.0,189.0,175.0,,0.0,0.0,,349.0,,0.0,12.0,0,0,0,0,0,1,1,1,1,0,1,1,0,0,0,0,0,0,1,0,0,1,0,1,0,0,0,0,0,0,0,1,0,0,1,0,1,0,0,0.23,0.17,,
2018,brawley elementary,"Town, fringe",0.3722,0.3191,0.75,0.3575,0.3846,,,,,0.3704,,,0.5,169.0,127.0,42.0,74.0,95.0,,0.0,0.0,0.0,160.0,,,6.0,455.0,398.0,57.0,207.0,248.0,,0.0,0.0,0.0,432.0,,,12.0,0,0,0,0,0,1,1,1,1,0,1,1,0,0,0,0,0,0,1,0,0,0,0,1,1,0,0,0,0,0,0,1,0,0,0,0,1,1,0,0.3077,0.23,0.17,
2019,brawley elementary,"Town, fringe",0.3455,0.3258,0.5366,0.3564,0.3362,,,,,0.3475,,,,151.0,129.0,22.0,72.0,79.0,,,0.0,,147.0,,0.0,0.0,437.0,396.0,41.0,202.0,235.0,,,5.0,,423.0,,0.0,8.0,0,0,0,0,0,1,1,1,1,0,1,1,1,0,0,0,0,0,1,1,0,1,0,1,0,0,0,0,0,0,0,1,1,0,1,0,1,0,0,0.3722,0.3077,0.23,0.17
2015,brea-olinda unified,"Suburb, large",0.66,0.41,0.75,0.66,0.65,,0.84,,0.72,0.52,,,0.67,278.0,45.0,231.0,128.0,149.0,,83.0,0.0,13.0,74.0,0.0,0.0,98.0,421.0,112.0,309.0,192.0,229.0,,99.0,9.0,18.0,141.0,1.0,10.0,143.0,0,0,0,0,0,1,0,1,0,0,1,1,0,0,0,0,0,0,1,0,0,0,0,0,0,0,0,0,0,0,0,1,0,0,0,0,0,0,0,,,,
2016,brea-olinda unified,"Suburb, large",0.64,0.38,0.77,0.63,0.66,,0.83,,0.78,0.51,,,0.7,291.0,54.0,236.0,132.0,156.0,0.0,82.0,0.0,14.0,91.0,0.0,0.0,95.0,447.0,141.0,306.0,210.0,237.0,1.0,99.0,5.0,18.0,177.0,2.0,10.0,135.0,0,0,0,0,0,1,0,1,0,0,1,1,0,0,0,0,0,0,0,0,0,0,0,0,0,0,0,0,0,0,0,0,0,0,0,0,0,0,0,0.66,,,
2017,brea-olinda unified,"Suburb, large",0.6869,0.512,0.7591,0.7005,0.6753,,0.8807,,0.8,0.5302,,0.9091,0.6387,294.0,64.0,230.0,138.0,156.0,0.0,96.0,0.0,12.0,79.0,0.0,20.0,76.0,428.0,125.0,303.0,197.0,231.0,0.0,109.0,0.0,15.0,149.0,0.0,22.0,119.0,0,0,0,0,0,1,0,1,0,0,1,0,0,0,0,0,0,0,0,0,0,0,0,0,0,0,0,0,0,0,0,0,0,0,0,0,0,0,0,0.64,0.66,,
2018,brea-olinda unified,"Suburb, large",0.737,0.5915,0.806,0.7455,0.7281,,0.908,,0.8235,0.6,,0.8636,0.7748,325.0,84.0,241.0,167.0,158.0,0.0,79.0,0.0,14.0,93.0,0.0,19.0,117.0,441.0,142.0,299.0,224.0,217.0,0.0,87.0,0.0,17.0,155.0,0.0,22.0,151.0,0,0,0,0,0,1,0,1,0,0,1,0,0,0,0,0,0,0,0,0,0,0,0,0,0,0,0,0,0,0,0,0,0,0,0,0,0,0,0,0.6869,0.64,0.66,
2019,brea-olinda unified,"Suburb, large",0.7291,0.5303,0.8248,0.712,0.7442,,0.8857,,,0.6266,,0.8,0.7523,296.0,70.0,226.0,136.0,160.0,0.0,93.0,0.0,0.0,99.0,0.0,16.0,82.0,406.0,132.0,274.0,191.0,215.0,0.0,105.0,4.0,8.0,158.0,0.0,20.0,109.0,0,0,0,0,0,1,0,1,1,0,1,0,0,0,0,0,0,0,0,0,0,0,0,0,0,0,0,0,0,0,0,0,0,0,0,0,0,0,0,0.737,0.6869,0.64,0.66
2015,briggs elementary,"Rural, fringe",0.18,0.16,0.25,0.14,0.24,,,,,0.15,,,,12.0,8.0,4.0,5.0,7.0,,,,,9.0,,,0.0,66.0,50.0,16.0,37.0,29.0,,,,,61.0,,,5.0,0,0,0,0,0,1,1,1,1,0,1,1,1,0,0,0,0,0,1,1,1,1,0,1,1,0,0,0,0,0,0,1,1,1,1,0,1,1,0,,,,
2016,briggs elementary,"Rural, fringe",0.31,0.27,0.46,0.21,0.4,,,,,0.32,,,,20.0,14.0,6.0,6.0,14.0,,,,,20.0,,,0.0,64.0,51.0,13.0,29.0,35.0,,,,,63.0,,,1.0,0,0,0,0,0,1,1,1,1,0,1,1,1,0,0,0,0,0,1,1,1,1,0,1,1,0,0,0,0,0,0,1,1,1,1,0,1,1,0,0.18,,,
2017,briggs elementary,"Rural, fringe",0.4603,0.4222,0.5556,0.2963,0.5833,,,,,0.4677,,,,29.0,19.0,10.0,8.0,21.0,,,,,29.0,,,0.0,63.0,45.0,18.0,27.0,36.0,,,,,62.0,,,0.0,0,0,0,0,0,1,1,1,1,0,1,1,1,0,0,0,0,0,1,1,1,1,0,1,1,0,0,0,0,0,0,1,1,1,1,0,1,1,0,0.31,0.18,,
2018,briggs elementary,"Rural, fringe",0.375,0.3617,,0.3182,0.4118,,,,,0.375,,,,21.0,17.0,0.0,7.0,14.0,,,,,21.0,,,,56.0,47.0,0.0,22.0,34.0,,,,,56.0,,,,0,0,1,0,0,1,1,1,1,0,1,1,1,0,0,0,0,0,1,1,1,1,0,1,1,1,0,0,0,0,0,1,1,1,1,0,1,1,1,0.4603,0.31,0.18,
2019,briggs elementary,"Rural, fringe",0.36,0.3659,,0.375,0.3333,,,,,0.3469,,,,18.0,15.0,0.0,12.0,6.0,,,,,17.0,,0.0,,50.0,41.0,9.0,32.0,18.0,,,,,49.0,,0.0,,0,0,1,0,0,1,1,1,1,0,1,1,1,0,0,0,0,0,1,1,1,1,0,1,0,1,0,0,0,0,0,1,1,1,1,0,1,0,1,0.375,0.4603,0.31,0.18
2015,brisbane elementary,"Suburb, large",0.55,0.31,0.69,0.52,0.6,,,,,0.53,,,0.58,23.0,5.0,18.0,14.0,9.0,,0.0,0.0,0.0,8.0,0.0,0.0,7.0,42.0,16.0,26.0,27.0,15.0,,4.0,2.0,3.0,15.0,2.0,3.0,12.0,0,0,0,0,0,1,1,1,1,0,1,1,0,0,0,0,0,0,1,0,0,0,0,0,0,0,0,0,0,0,0,1,0,0,0,0,0,0,0,,,,
2016,brisbane elementary,"Suburb, large",0.36,0.17,0.46,0.54,0.23,,,,,0.18,,,0.5,20.0,3.0,17.0,13.0,7.0,,0.0,0.0,0.0,3.0,,0.0,8.0,55.0,18.0,37.0,24.0,31.0,,10.0,1.0,5.0,17.0,,6.0,16.0,0,0,0,0,0,1,1,1,1,0,1,1,0,0,0,0,0,0,1,0,0,0,0,1,0,0,0,0,0,0,0,1,0,0,0,0,1,0,0,0.55,,,
2017,brisbane elementary,"Suburb, large",0.4894,,0.5676,0.4,0.5909,,0.5385,,,,,,0.5,23.0,0.0,21.0,10.0,13.0,,7.0,,0.0,0.0,0.0,0.0,8.0,47.0,0.0,37.0,25.0,22.0,,13.0,,0.0,0.0,0.0,0.0,16.0,0,1,0,0,0,1,0,1,1,1,1,1,0,0,0,0,0,0,1,0,1,0,0,0,0,0,0,0,0,0,0,1,0,1,0,0,0,0,0,0.36,0.55,,
2018,brisbane elementary,"Suburb, large",0.3421,0.0909,0.4444,0.2778,0.4,,,,,0.1333,,,0.4545,13.0,1.0,12.0,5.0,8.0,,0.0,,0.0,2.0,,0.0,5.0,38.0,11.0,27.0,18.0,20.0,,0.0,,0.0,15.0,,0.0,11.0,0,0,0,0,0,1,1,1,1,0,1,1,0,0,0,0,0,0,1,0,1,0,0,1,0,0,0,0,0,0,0,1,0,1,0,0,1,0,0,0.4894,0.36,0.55,
2019,brisbane elementary,"Suburb, large",0.561,0.4545,0.6,0.55,0.5714,,,,,,,,0.5455,23.0,5.0,18.0,11.0,12.0,,0.0,0.0,0.0,0.0,,0.0,6.0,41.0,11.0,30.0,20.0,21.0,,7.0,0.0,4.0,9.0,,8.0,11.0,0,0,0,0,0,1,1,1,1,1,1,1,0,0,0,0,0,0,1,0,0,0,0,1,0,0,0,0,0,0,0,1,0,0,0,0,1,0,0,0.3421,0.4894,0.36,0.55
2015,brittan elementary,"Rural, fringe",0.34,0.29,0.4,0.32,0.38,,,,,0.18,,,0.36,20.0,8.0,12.0,11.0,9.0,0.0,,,,2.0,,0.0,14.0,58.0,28.0,30.0,34.0,24.0,1.0,,,,11.0,,7.0,39.0,0,0,0,0,0,1,1,1,1,0,1,1,0,0,0,0,0,0,0,1,1,1,0,1,0,0,0,0,0,0,0,0,1,1,1,0,1,0,0,,,,
2016,brittan elementary,"Rural, fringe",0.3,0.1,0.54,0.26,0.32,,,,,0.33,,,0.29,16.0,3.0,13.0,6.0,10.0,0.0,,,,4.0,,0.0,10.0,54.0,30.0,24.0,23.0,31.0,2.0,,,,12.0,,5.0,35.0,0,0,0,0,0,1,1,1,1,0,1,1,0,0,0,0,0,0,0,1,1,1,0,1,0,0,0,0,0,0,0,0,1,1,1,0,1,0,0,0.34,,,
2017,brittan elementary,"Rural, fringe",0.3333,0.2083,0.4762,0.2308,0.375,,,,,0.1667,,,0.4138,15.0,5.0,10.0,3.0,12.0,0.0,,,,2.0,,0.0,12.0,45.0,24.0,21.0,13.0,32.0,0.0,,,,12.0,,0.0,29.0,0,0,0,0,0,1,1,1,1,0,1,1,0,0,0,0,0,0,0,1,1,1,0,1,0,0,0,0,0,0,0,0,1,1,1,0,1,0,0,0.3,0.34,,
2018,brittan elementary,"Rural, fringe",0.3488,0.28,0.4444,0.2632,0.4167,,,,,0.2727,,,0.4286,15.0,7.0,8.0,5.0,10.0,,,,,3.0,,0.0,12.0,43.0,25.0,18.0,19.0,24.0,,,,,11.0,,0.0,28.0,0,0,0,0,0,1,1,1,1,0,1,1,0,0,0,0,0,0,1,1,1,1,0,1,0,0,0,0,0,0,0,1,1,1,1,0,1,0,0,0.3333,0.3,0.34,
2019,brittan elementary,"Rural, fringe",0.3953,0.2353,0.5,0.3913,0.4,,,,,,,,0.3548,17.0,4.0,13.0,9.0,8.0,,,,,0.0,,0.0,11.0,43.0,17.0,26.0,23.0,20.0,,,,,8.0,,4.0,31.0,0,0,0,0,0,1,1,1,1,1,1,1,0,0,0,0,0,0,1,1,1,1,0,1,0,0,0,0,0,0,0,1,1,1,1,0,1,0,0,0.3488,0.3333,0.3,0.34
2015,buckeye union elementary,"Suburb, large",0.57,0.37,0.61,0.58,0.56,,0.76,,0.55,0.46,,0.36,0.59,326.0,35.0,290.0,168.0,158.0,0.0,32.0,0.0,6.0,36.0,0.0,10.0,233.0,571.0,96.0,475.0,290.0,281.0,5.0,42.0,7.0,11.0,77.0,5.0,29.0,395.0,0,0,0,0,0,1,0,1,0,0,1,0,0,0,0,0,0,0,0,0,0,0,0,0,0,0,0,0,0,0,0,0,0,0,0,0,0,0,0,,,,
2016,buckeye union elementary,"Suburb, large",0.61,0.32,0.68,0.61,0.6,,0.88,,,0.48,,0.75,0.6,301.0,31.0,270.0,143.0,157.0,0.0,30.0,0.0,0.0,29.0,0.0,18.0,217.0,493.0,96.0,397.0,235.0,258.0,2.0,34.0,4.0,5.0,61.0,1.0,24.0,362.0,0,0,0,0,0,1,0,1,1,0,1,0,0,0,0,0,0,0,0,0,0,0,0,0,0,0,0,0,0,0,0,0,0,0,0,0,0,0,0,0.57,,,
2017,buckeye union elementary,"Suburb, large",0.6667,0.4595,0.6987,0.6233,0.7154,,0.7381,,,0.64,,0.5806,0.6797,368.0,34.0,334.0,182.0,186.0,0.0,31.0,0.0,0.0,48.0,0.0,18.0,261.0,552.0,74.0,478.0,292.0,260.0,0.0,42.0,0.0,0.0,75.0,0.0,31.0,384.0,0,0,0,0,0,1,0,1,1,0,1,0,0,0,0,0,0,0,0,0,0,0,0,0,0,0,0,0,0,0,0,0,0,0,0,0,0,0,0,0.61,0.57,,
2018,buckeye union elementary,"Suburb, large",0.7336,0.5,0.7767,0.7378,0.73,,0.8333,,,0.5846,,0.7455,0.7516,358.0,38.0,320.0,166.0,192.0,0.0,30.0,0.0,0.0,38.0,,41.0,239.0,488.0,76.0,412.0,225.0,263.0,0.0,36.0,0.0,0.0,65.0,,55.0,318.0,0,0,0,0,0,1,0,1,1,0,1,0,0,0,0,0,0,0,0,0,0,0,0,1,0,0,0,0,0,0,0,0,0,0,0,0,1,0,0,0.6667,0.61,0.57,
2019,buckeye union elementary,"Suburb, large",0.6833,0.4444,0.7342,0.6955,0.6722,,0.8333,,,0.5429,,0.75,0.703,315.0,36.0,279.0,153.0,162.0,0.0,35.0,0.0,0.0,38.0,,21.0,213.0,461.0,81.0,380.0,220.0,241.0,0.0,42.0,7.0,9.0,70.0,,28.0,303.0,0,0,0,0,0,1,0,1,1,0,1,0,0,0,0,0,0,0,0,0,0,0,0,1,0,0,0,0,0,0,0,0,0,0,0,0,1,0,0,0.7336,0.6667,0.61,0.57
2015,buellton union elementary,"Town, distant",0.58,0.43,0.64,0.41,0.69,,,,,0.43,,,0.75,38.0,9.0,29.0,11.0,27.0,,0.0,0.0,,13.0,,0.0,21.0,66.0,21.0,45.0,27.0,39.0,,1.0,1.0,,30.0,,5.0,28.0,0,0,0,0,0,1,1,1,1,0,1,1,0,0,0,0,0,0,1,0,0,1,0,1,0,0,0,0,0,0,0,1,0,0,1,0,1,0,0,,,,
2016,buellton union elementary,"Town, distant",0.57,0.19,0.78,0.75,0.44,,,,,0.23,,,0.86,33.0,4.0,29.0,18.0,15.0,0.0,,,,6.0,,0.0,25.0,58.0,21.0,37.0,24.0,34.0,1.0,,,,26.0,,2.0,29.0,0,0,0,0,0,1,1,1,1,0,1,1,0,0,0,0,0,0,0,1,1,1,0,1,0,0,0,0,0,0,0,0,1,1,1,0,1,0,0,0.58,,,
2017,buellton union elementary,"Town, distant",0.5645,0.4375,0.6087,0.5333,0.5938,,,,,0.4545,,,0.6563,35.0,7.0,28.0,16.0,19.0,,0.0,0.0,,10.0,,0.0,21.0,62.0,16.0,46.0,30.0,32.0,,0.0,0.0,,22.0,,0.0,32.0,0,0,0,0,0,1,1,1,1,0,1,1,0,0,0,0,0,0,1,0,0,1,0,1,0,0,0,0,0,0,0,1,0,0,1,0,1,0,0,0.57,0.58,,
2018,buellton union elementary,"Town, distant",0.4324,0.2188,0.5952,0.4474,0.4167,,,,,0.303,,,0.5556,32.0,7.0,25.0,17.0,15.0,,,0.0,,10.0,,0.0,20.0,74.0,32.0,42.0,38.0,36.0,,,0.0,,33.0,,0.0,36.0,0,0,0,0,0,1,1,1,1,0,1,1,0,0,0,0,0,0,1,1,0,1,0,1,0,0,0,0,0,0,0,1,1,0,1,0,1,0,0,0.5645,0.57,0.58,
2019,buellton union elementary,"Town, distant",0.3889,0.25,0.4583,0.2619,0.5667,,,,,0.2258,,,0.5625,28.0,6.0,22.0,11.0,17.0,,0.0,,,7.0,,0.0,18.0,72.0,24.0,48.0,42.0,30.0,,0.0,,,31.0,,8.0,32.0,0,0,0,0,0,1,1,1,1,0,1,1,0,0,0,0,0,0,1,0,1,1,0,1,0,0,0,0,0,0,0,1,0,1,1,0,1,0,0,0.4324,0.5645,0.57,0.58
2015,buena park elementary,"Suburb, large",0.34,0.26,0.6,0.34,0.34,,0.81,0.12,0.67,0.23,,,0.43,192.0,112.0,81.0,95.0,97.0,0.0,64.0,3.0,16.0,88.0,0.0,0.0,17.0,565.0,429.0,136.0,279.0,286.0,1.0,79.0,25.0,24.0,384.0,5.0,5.0,40.0,0,0,0,0,0,1,0,0,0,0,1,1,0,0,0,0,0,0,0,0,0,0,0,0,0,0,0,0,0,0,0,0,0,0,0,0,0,0,0,,,,
2016,buena park elementary,"Suburb, large",0.41,0.35,0.63,0.4,0.43,,0.83,0.37,0.62,0.32,,0.38,0.45,236.0,153.0,86.0,112.0,127.0,0.0,70.0,10.0,13.0,117.0,0.0,6.0,17.0,575.0,439.0,136.0,278.0,297.0,5.0,84.0,27.0,21.0,380.0,1.0,16.0,38.0,0,0,0,0,0,1,0,0,0,0,1,0,0,0,0,0,0,0,0,0,0,0,0,0,0,0,0,0,0,0,0,0,0,0,0,0,0,0,0,0.34,,,
2017,buena park elementary,"Suburb, large",0.4447,0.3836,0.625,0.4345,0.4561,,0.7527,0.2857,0.6364,0.3322,,,0.617,225.0,145.0,80.0,116.0,109.0,0.0,70.0,8.0,14.0,101.0,0.0,0.0,29.0,506.0,378.0,128.0,267.0,239.0,0.0,93.0,28.0,22.0,304.0,0.0,0.0,47.0,0,0,0,0,0,1,0,0,0,0,1,1,0,0,0,0,0,0,0,0,0,0,0,0,0,0,0,0,0,0,0,0,0,0,0,0,0,0,0,0.41,0.34,,
2018,buena park elementary,"Suburb, large",0.3932,0.3239,0.6339,0.3878,0.3984,,0.726,0.4118,0.6818,0.3035,,0.4167,0.3793,197.0,126.0,71.0,95.0,102.0,0.0,53.0,7.0,15.0,105.0,0.0,5.0,11.0,501.0,389.0,112.0,245.0,256.0,0.0,73.0,17.0,22.0,346.0,0.0,12.0,29.0,0,0,0,0,0,1,0,0,0,0,1,0,0,0,0,0,0,0,0,0,0,0,0,0,0,0,0,0,0,0,0,0,0,0,0,0,0,0,0,0.4447,0.41,0.34,
2019,buena park elementary,"Suburb, large",0.4513,0.4011,0.605,0.3972,0.4944,,0.7875,0.3571,0.8182,0.3614,,,0.3462,218.0,146.0,72.0,85.0,133.0,0.0,63.0,5.0,18.0,116.0,0.0,0.0,9.0,483.0,364.0,119.0,214.0,269.0,0.0,80.0,14.0,22.0,321.0,0.0,9.0,26.0,0,0,0,0,0,1,0,0,0,0,1,1,0,0,0,0,0,0,0,0,0,0,0,0,0,0,0,0,0,0,0,0,0,0,0,0,0,0,0,0.3932,0.4447,0.41,0.34
2015,buena vista elementary,"Rural, fringe",0.33,0.31,,0.38,0.27,,,,,0.29,,,,8.0,5.0,0.0,5.0,3.0,,,,,4.0,,0.0,0.0,24.0,16.0,8.0,13.0,11.0,,,,,14.0,,1.0,9.0,0,0,1,0,0,1,1,1,1,0,1,1,1,0,0,0,0,0,1,1,1,1,0,1,0,0,0,0,0,0,0,1,1,1,1,0,1,0,0,,,,
2016,buena vista elementary,"Rural, fringe",0.3,0.31,,0.17,,,,,,0.33,,,,6.0,5.0,0.0,2.0,0.0,,,,,4.0,,,0.0,20.0,16.0,4.0,12.0,8.0,,,,,12.0,,,8.0,0,0,1,0,1,1,1,1,1,0,1,1,1,0,0,0,0,0,1,1,1,1,0,1,1,0,0,0,0,0,0,1,1,1,1,0,1,1,0,0.33,,,
2017,buena vista elementary,"Rural, fringe",0.4783,0.2727,0.6667,0.5833,0.3636,,,,,0.4286,,,,11.0,3.0,8.0,7.0,4.0,,,0.0,,6.0,,,0.0,23.0,11.0,12.0,12.0,11.0,,,0.0,,14.0,,,0.0,0,0,0,0,0,1,1,1,1,0,1,1,1,0,0,0,0,0,1,1,0,1,0,1,1,0,0,0,0,0,0,1,1,0,1,0,1,1,0,0.3,0.33,,
2018,buena vista elementary,"Rural, fringe",0.4091,0.1875,,0.4167,,,,,,0.375,,,,9.0,3.0,0.0,5.0,0.0,,,0.0,,6.0,,,0.0,22.0,16.0,0.0,12.0,0.0,,,0.0,,16.0,,,0.0,0,0,1,0,1,1,1,1,1,0,1,1,1,0,0,0,0,0,1,1,0,1,0,1,1,0,0,0,0,0,0,1,1,0,1,0,1,1,0,0.4783,0.3,0.33,
2019,buena vista elementary,"Rural, fringe",0.1111,0.0,,,0.0556,,,,,0.0476,,,,3.0,0.0,0.0,0.0,1.0,,,0.0,,1.0,,,0.0,27.0,20.0,7.0,9.0,18.0,,,0.0,,21.0,,,4.0,0,0,1,1,0,1,1,1,1,0,1,1,1,0,0,0,0,0,1,1,0,1,0,1,1,0,0,0,0,0,0,1,1,0,1,0,1,1,0,0.4091,0.4783,0.3,0.33
2015,burbank unified,"City, midsize",0.49,0.34,0.57,0.46,0.52,,0.7,0.24,0.67,0.33,,0.46,0.58,479.0,121.0,362.0,230.0,249.0,0.0,44.0,7.0,28.0,114.0,0.0,12.0,269.0,979.0,345.0,634.0,500.0,479.0,2.0,63.0,29.0,42.0,344.0,3.0,26.0,464.0,0,0,0,0,0,1,0,0,0,0,1,0,0,0,0,0,0,0,0,0,0,0,0,0,0,0,0,0,0,0,0,0,0,0,0,0,0,0,0,,,,
2016,burbank unified,"City, midsize",0.54,0.36,0.63,0.51,0.56,,0.72,0.46,0.65,0.39,,0.55,0.62,567.0,134.0,427.0,266.0,295.0,0.0,42.0,12.0,32.0,150.0,0.0,30.0,286.0,1049.0,371.0,678.0,523.0,526.0,3.0,58.0,26.0,49.0,387.0,2.0,55.0,460.0,0,0,0,0,0,1,0,0,0,0,1,0,0,0,0,0,0,0,0,0,0,0,0,0,0,0,0,0,0,0,0,0,0,0,0,0,0,0,0,0.49,,,
2017,burbank unified,"City, midsize",0.553,0.4093,0.6392,0.5398,0.5669,,0.8148,0.35,0.7778,0.4198,,0.7321,0.6035,569.0,158.0,411.0,285.0,284.0,0.0,44.0,7.0,28.0,165.0,0.0,41.0,274.0,1029.0,386.0,643.0,528.0,501.0,0.0,54.0,20.0,36.0,393.0,0.0,56.0,454.0,0,0,0,0,0,1,0,0,0,0,1,0,0,0,0,0,0,0,0,0,0,0,0,0,0,0,0,0,0,0,0,0,0,0,0,0,0,0,0,0.54,0.49,,
2018,burbank unified,"City, midsize",0.6045,0.4934,0.6692,0.5723,0.6355,,0.7045,0.6071,0.6944,0.4742,,0.6406,0.6725,622.0,187.0,435.0,289.0,333.0,0.0,31.0,17.0,25.0,156.0,,41.0,343.0,1030.0,380.0,650.0,506.0,524.0,0.0,44.0,28.0,36.0,330.0,,64.0,510.0,0,0,0,0,0,1,0,0,0,0,1,0,0,0,0,0,0,0,0,0,0,0,0,1,0,0,0,0,0,0,0,0,0,0,0,0,1,0,0,0.553,0.54,0.49,
2019,burbank unified,"City, midsize",0.5961,0.4481,0.6896,0.5574,0.6316,,0.8113,0.5,0.6176,0.4912,,0.6383,0.6423,608.0,177.0,431.0,272.0,336.0,0.0,43.0,10.0,21.0,167.0,0.0,30.0,325.0,1020.0,395.0,625.0,488.0,532.0,6.0,53.0,20.0,34.0,340.0,0.0,47.0,506.0,0,0,0,0,0,1,0,0,0,0,1,0,0,0,0,0,0,0,0,0,0,0,0,0,0,0,0,0,0,0,0,0,0,0,0,0,0,0,0,0.6045,0.553,0.54,0.49
2015,burlingame elementary,"Suburb, large",0.75,0.4,0.8,0.71,0.78,,0.94,,0.75,0.43,,0.87,0.79,285.0,21.0,267.0,135.0,153.0,0.0,63.0,0.0,9.0,30.0,0.0,20.0,163.0,385.0,52.0,333.0,190.0,195.0,2.0,67.0,3.0,12.0,69.0,2.0,23.0,207.0,0,0,0,0,0,1,0,1,0,0,1,0,0,0,0,0,0,0,0,0,0,0,0,0,0,0,0,0,0,0,0,0,0,0,0,0,0,0,0,,,,
2016,burlingame elementary,"Suburb, large",0.77,0.47,0.83,0.73,0.81,,0.99,,0.83,0.39,,0.75,0.82,290.0,27.0,266.0,133.0,157.0,0.0,68.0,,10.0,24.0,0.0,21.0,165.0,377.0,57.0,320.0,183.0,194.0,1.0,69.0,,12.0,62.0,1.0,28.0,202.0,0,0,0,0,0,1,0,1,0,0,1,0,0,0,0,0,0,0,0,0,1,0,0,0,0,0,0,0,0,0,0,0,0,1,0,0,0,0,0,0.75,,,
2017,burlingame elementary,"Suburb, large",0.8061,0.5238,0.8433,0.8232,0.7889,,0.925,,0.6154,0.6531,,0.9615,0.7967,291.0,22.0,269.0,149.0,142.0,0.0,74.0,0.0,8.0,32.0,0.0,25.0,145.0,361.0,42.0,319.0,181.0,180.0,0.0,80.0,0.0,13.0,49.0,0.0,26.0,182.0,0,0,0,0,0,1,0,1,0,0,1,0,0,0,0,0,0,0,0,0,0,0,0,0,0,0,0,0,0,0,0,0,0,0,0,0,0,0,0,0.77,0.75,,
2018,burlingame elementary,"Suburb, large",0.8151,0.4912,0.8716,0.8315,0.8,,0.9263,,0.5833,0.5217,,,0.8491,313.0,28.0,285.0,153.0,160.0,,88.0,0.0,7.0,24.0,0.0,0.0,180.0,384.0,57.0,327.0,184.0,200.0,,95.0,0.0,12.0,46.0,0.0,0.0,212.0,0,0,0,0,0,1,0,1,0,0,1,1,0,0,0,0,0,0,1,0,0,0,0,0,0,0,0,0,0,0,0,1,0,0,0,0,0,0,0,0.8061,0.77,0.75,
2019,burlingame elementary,"Suburb, large",0.8172,0.4898,0.8669,0.7889,0.8438,,0.9492,,,0.6136,,0.8462,0.813,304.0,24.0,280.0,142.0,162.0,,56.0,0.0,0.0,27.0,0.0,22.0,187.0,372.0,49.0,323.0,180.0,192.0,,59.0,0.0,8.0,44.0,0.0,26.0,230.0,0,0,0,0,0,1,0,1,1,0,1,0,0,0,0,0,0,0,1,0,0,0,0,0,0,0,0,0,0,0,0,1,0,0,0,0,0,0,0,0.8151,0.8061,0.77,0.75
2015,burton elementary,"City, small",0.23,0.18,0.35,0.23,0.22,,0.27,,0.14,0.18,,,0.34,106.0,60.0,43.0,56.0,48.0,,3.0,0.0,2.0,58.0,,0.0,37.0,461.0,334.0,127.0,244.0,217.0,,11.0,7.0,14.0,319.0,,1.0,109.0,0,0,0,0,0,1,0,1,0,0,1,1,0,0,0,0,0,0,1,0,0,0,0,1,0,0,0,0,0,0,0,1,0,0,0,0,1,0,0,,,,
2016,burton elementary,"City, small",0.28,0.24,0.42,0.23,0.33,,0.36,,0.27,0.26,,,0.35,125.0,84.0,40.0,50.0,75.0,0.0,5.0,0.0,4.0,78.0,0.0,0.0,35.0,444.0,348.0,96.0,216.0,228.0,7.0,14.0,2.0,15.0,300.0,1.0,4.0,100.0,0,0,0,0,0,1,0,1,0,0,1,1,0,0,0,0,0,0,0,0,0,0,0,0,0,0,0,0,0,0,0,0,0,0,0,0,0,0,0,0.23,,,
2017,burton elementary,"City, small",0.2814,0.2353,0.4407,0.2878,0.2745,,0.4706,,0.4375,0.2005,,,0.4762,148.0,96.0,52.0,78.0,70.0,0.0,8.0,0.0,7.0,75.0,,0.0,50.0,526.0,408.0,118.0,271.0,255.0,0.0,17.0,0.0,16.0,374.0,,0.0,105.0,0,0,0,0,0,1,0,1,0,0,1,1,0,0,0,0,0,0,0,0,0,0,0,1,0,0,0,0,0,0,0,0,0,0,0,0,1,0,0,0.28,0.23,,
2018,burton elementary,"City, small",0.3132,0.2749,0.4381,0.3148,0.3117,,,,,0.2622,,,0.4819,140.0,94.0,46.0,68.0,72.0,0.0,0.0,0.0,0.0,86.0,0.0,0.0,40.0,447.0,342.0,105.0,216.0,231.0,0.0,0.0,0.0,0.0,328.0,0.0,0.0,83.0,0,0,0,0,0,1,1,1,1,0,1,1,0,0,0,0,0,0,0,0,0,0,0,0,0,0,0,0,0,0,0,0,0,0,0,0,0,0,0,0.2814,0.28,0.23,
2019,burton elementary,"City, small",0.3658,0.3399,0.4417,0.3803,0.3515,,,,0.6667,0.3324,,,0.3933,173.0,120.0,53.0,89.0,84.0,0.0,0.0,0.0,12.0,114.0,0.0,0.0,35.0,473.0,353.0,120.0,234.0,239.0,5.0,10.0,0.0,18.0,343.0,0.0,0.0,89.0,0,0,0,0,0,1,1,1,0,0,1,1,0,0,0,0,0,0,0,0,0,0,0,0,0,0,0,0,0,0,0,0,0,0,0,0,0,0,0,0.3132,0.2814,0.28,0.23
2015,butte valley unified,"Rural, remote",0.29,,,,,,,,,,,,,4.0,0.0,0.0,0.0,0.0,,,,,0.0,,,0.0,14.0,6.0,8.0,7.0,7.0,,,,,4.0,,,10.0,0,1,1,1,1,1,1,1,1,1,1,1,1,0,0,0,0,0,1,1,1,1,0,1,1,0,0,0,0,0,0,1,1,1,1,0,1,1,0,,,,
2016,butte valley unified,"Rural, remote",0.25,0.21,,,0.36,,,,,0.15,,,,6.0,4.0,0.0,0.0,5.0,0.0,,,,2.0,,0.0,0.0,24.0,19.0,5.0,10.0,14.0,1.0,,,,13.0,,1.0,9.0,0,0,1,1,0,1,1,1,1,0,1,1,1,0,0,0,0,0,0,1,1,1,0,1,0,0,0,0,0,0,0,0,1,1,1,0,1,0,0,0.29,,,
2017,butte valley unified,"Rural, remote",0.2778,0.3333,,,,,,,,,,,,5.0,5.0,0.0,0.0,0.0,0.0,,,,0.0,,,0.0,18.0,15.0,0.0,0.0,0.0,0.0,,,,0.0,,,0.0,0,0,1,1,1,1,1,1,1,1,1,1,1,0,0,0,0,0,0,1,1,1,0,1,1,0,0,0,0,0,0,0,1,1,1,0,1,1,0,0.25,0.29,,
2018,butte valley unified,"Rural, remote",0.25,0.25,,,0.2273,,,,,0.1429,,,0.4,8.0,7.0,0.0,0.0,5.0,,0.0,,,2.0,,0.0,6.0,32.0,28.0,0.0,0.0,22.0,,0.0,,,14.0,,0.0,15.0,0,0,1,1,0,1,1,1,1,0,1,1,0,0,0,0,0,0,1,0,1,1,0,1,0,0,0,0,0,0,0,1,0,1,1,0,1,0,0,0.2778,0.25,0.29,
2019,butte valley unified,"Rural, remote",0.3333,0.3158,,,0.4545,,,,,,,,0.4167,7.0,6.0,0.0,0.0,5.0,,,,,0.0,,,5.0,21.0,19.0,0.0,10.0,11.0,,,,,9.0,,,12.0,0,0,1,1,0,1,1,1,1,1,1,1,0,0,0,0,0,0,1,1,1,1,0,1,1,0,0,0,0,0,0,1,1,1,1,0,1,1,0,0.25,0.2778,0.25,0.29
2015,butteville union elementary,"Rural, fringe",0.21,0.21,,0.08,0.33,,,,,,,,0.24,6.0,4.0,0.0,1.0,5.0,,,0.0,,0.0,,0.0,4.0,28.0,19.0,9.0,13.0,15.0,,,1.0,,4.0,,6.0,17.0,0,0,1,0,0,1,1,1,1,1,1,1,0,0,0,0,0,0,1,1,0,1,0,1,0,0,0,0,0,0,0,1,1,0,1,0,1,0,0,,,,
2016,butteville union elementary,"Rural, fringe",0.71,,,,,,,,,,,,,10.0,0.0,0.0,0.0,0.0,,,,,0.0,,0.0,0.0,14.0,6.0,8.0,5.0,9.0,,,,,2.0,,2.0,10.0,0,1,1,1,1,1,1,1,1,1,1,1,1,0,0,0,0,0,1,1,1,1,0,1,0,0,0,0,0,0,0,1,1,1,1,0,1,0,0,0.21,,,
2017,butteville union elementary,"Rural, fringe",0.6,0.4167,0.7222,0.4167,0.7222,,,,,,,,0.5714,18.0,5.0,13.0,5.0,13.0,,,,,0.0,,0.0,12.0,30.0,12.0,18.0,12.0,18.0,,,,,0.0,,0.0,21.0,0,0,0,0,0,1,1,1,1,1,1,1,0,0,0,0,0,0,1,1,1,1,0,1,0,0,0,0,0,0,0,1,1,1,1,0,1,0,0,0.71,0.21,,
2018,butteville union elementary,"Rural, fringe",0.6522,,0.7692,,0.7692,,,,,,,,0.6875,15.0,0.0,10.0,0.0,10.0,,,0.0,,0.0,,0.0,11.0,23.0,0.0,13.0,0.0,13.0,,,0.0,,0.0,,0.0,16.0,0,1,0,1,0,1,1,1,1,1,1,1,0,0,0,0,0,0,1,1,0,1,0,1,0,0,0,0,0,0,0,1,1,0,1,0,1,0,0,0.6,0.71,0.21,
2019,butteville union elementary,"Rural, fringe",0.6667,,0.8,0.6667,,,,,,,,,0.75,14.0,0.0,12.0,8.0,0.0,,,,,0.0,,0.0,12.0,21.0,6.0,15.0,12.0,9.0,,,,,0.0,,0.0,16.0,0,1,0,0,1,1,1,1,1,1,1,1,0,0,0,0,0,0,1,1,1,1,0,1,0,0,0,0,0,0,0,1,1,1,1,0,1,0,0,0.6522,0.6,0.71,0.21
2015,buttonwillow union elementary,"Rural, distant",0.03,0.03,,0.0,0.05,,,,,0.03,,,,1.0,1.0,0.0,0.0,1.0,,,,,1.0,,,,39.0,38.0,1.0,18.0,21.0,,,,,39.0,,,,0,0,1,0,0,1,1,1,1,0,1,1,1,0,0,0,0,0,1,1,1,1,0,1,1,1,0,0,0,0,0,1,1,1,1,0,1,1,1,,,,
2016,buttonwillow union elementary,"Rural, distant",0.02,0.03,,0.0,0.03,,,,,0.03,,,,1.0,1.0,0.0,0.0,1.0,,,0.0,,1.0,,,0.0,42.0,40.0,2.0,13.0,29.0,,,1.0,,39.0,,,1.0,0,0,1,0,0,1,1,1,1,0,1,1,1,0,0,0,0,0,1,1,0,1,0,1,1,0,0,0,0,0,0,1,1,0,1,0,1,1,0,0.03,,,
2017,buttonwillow union elementary,"Rural, distant",0.1282,0.1316,,0.1818,0.0588,,,,,0.0882,,,,5.0,5.0,0.0,4.0,1.0,,0.0,,,3.0,,,0.0,39.0,38.0,0.0,22.0,17.0,,0.0,,,34.0,,,0.0,0,0,1,0,0,1,1,1,1,0,1,1,1,0,0,0,0,0,1,0,1,1,0,1,1,0,0,0,0,0,0,1,0,1,1,0,1,1,0,0.02,0.03,,
2018,buttonwillow union elementary,"Rural, distant",0.0488,0.087,0.0,0.0,0.125,,,,,0.0294,,,,2.0,2.0,0.0,0.0,2.0,0.0,,0.0,,1.0,,0.0,0.0,41.0,23.0,18.0,25.0,16.0,0.0,,0.0,,34.0,,0.0,0.0,0,0,0,0,0,1,1,1,1,0,1,1,1,0,0,0,0,0,0,1,0,1,0,1,0,0,0,0,0,0,0,0,1,0,1,0,1,0,0,0.1282,0.02,0.03,
2019,buttonwillow union elementary,"Rural, distant",0.1471,0.1515,,0.125,0.1667,,,,,0.125,,,,5.0,5.0,0.0,2.0,3.0,,,0.0,,4.0,,,0.0,34.0,33.0,0.0,16.0,18.0,,,0.0,,32.0,,,0.0,0,0,1,0,0,1,1,1,1,0,1,1,1,0,0,0,0,0,1,1,0,1,0,1,1,0,0,0,0,0,0,1,1,0,1,0,1,1,0,0.0488,0.1282,0.02,0.03
2015,byron union elementary,"Town, fringe",0.39,0.23,0.46,0.45,0.32,,0.43,,,0.23,,,0.42,69.0,12.0,58.0,43.0,26.0,0.0,6.0,0.0,0.0,6.0,0.0,,52.0,178.0,53.0,125.0,96.0,82.0,5.0,14.0,6.0,2.0,26.0,3.0,,122.0,0,0,0,0,0,1,0,1,1,0,1,1,0,0,0,0,0,0,0,0,0,0,0,0,1,0,0,0,0,0,0,0,0,0,0,0,0,1,0,,,,
2016,byron union elementary,"Rural, fringe",0.53,0.43,0.58,0.53,0.54,,,0.27,,0.33,,,0.62,101.0,23.0,79.0,50.0,52.0,0.0,0.0,3.0,0.0,14.0,0.0,0.0,73.0,191.0,54.0,137.0,95.0,96.0,9.0,7.0,11.0,1.0,42.0,3.0,1.0,117.0,0,0,0,0,0,1,1,0,1,0,1,1,0,0,0,0,0,0,0,0,0,0,0,0,0,0,0,0,0,0,0,0,0,0,0,0,0,0,0,0.39,,,
2017,byron union elementary,"Rural, fringe",0.4734,0.2969,0.5645,0.4804,0.4651,,,0.25,,0.4103,,,0.5294,89.0,19.0,70.0,49.0,40.0,0.0,0.0,4.0,,16.0,0.0,0.0,54.0,189.0,64.0,125.0,102.0,87.0,0.0,0.0,16.0,,40.0,0.0,0.0,102.0,0,0,0,0,0,1,1,0,1,0,1,1,0,0,0,0,0,0,0,0,0,1,0,0,0,0,0,0,0,0,0,0,0,0,1,0,0,0,0,0.53,0.39,,
2018,byron union elementary,"Rural, fringe",0.5411,0.4318,0.5882,0.6618,0.4359,,,,,0.5161,,,0.5652,79.0,19.0,60.0,45.0,34.0,0.0,0.0,0.0,,16.0,0.0,0.0,52.0,146.0,44.0,102.0,68.0,78.0,0.0,0.0,0.0,,31.0,0.0,0.0,92.0,0,0,0,0,0,1,1,1,1,0,1,1,0,0,0,0,0,0,0,0,0,1,0,0,0,0,0,0,0,0,0,0,0,0,1,0,0,0,0,0.4734,0.53,0.39,
2019,byron union elementary,"Town, fringe",0.5212,0.2391,0.6303,0.5714,0.4773,,,,,0.3256,,,0.6,86.0,11.0,75.0,44.0,42.0,0.0,0.0,0.0,0.0,14.0,,0.0,57.0,165.0,46.0,119.0,77.0,88.0,0.0,7.0,7.0,0.0,43.0,,9.0,95.0,0,0,0,0,0,1,1,1,1,0,1,1,0,0,0,0,0,0,0,0,0,0,0,1,0,0,0,0,0,0,0,0,0,0,0,0,1,0,0,0.5411,0.4734,0.53,0.39
2015,cabrillo unified,"Town, fringe",0.38,0.09,0.63,0.38,0.39,,,,,0.19,,,0.62,93.0,10.0,86.0,51.0,42.0,0.0,0.0,0.0,0.0,25.0,,0.0,58.0,245.0,112.0,133.0,137.0,108.0,1.0,7.0,1.0,2.0,130.0,,10.0,94.0,0,0,0,0,0,1,1,1,1,0,1,1,0,0,0,0,0,0,0,0,0,0,0,1,0,0,0,0,0,0,0,0,0,0,0,0,1,0,0,,,,
2016,cabrillo unified,"Town, fringe",0.32,0.07,0.63,0.31,0.34,,,,,0.14,,,0.57,81.0,8.0,71.0,37.0,43.0,,0.0,,0.0,21.0,0.0,0.0,48.0,250.0,137.0,113.0,124.0,126.0,,4.0,,2.0,149.0,1.0,10.0,84.0,0,0,0,0,0,1,1,1,1,0,1,1,0,0,0,0,0,0,1,0,1,0,0,0,0,0,0,0,0,0,0,1,0,1,0,0,0,0,0,0.38,,,
2017,cabrillo unified,"Town, fringe",0.2817,0.0737,0.4492,0.3173,0.2477,,,,,0.0926,,,0.4946,60.0,7.0,53.0,33.0,27.0,,0.0,,0.0,10.0,,0.0,46.0,213.0,95.0,118.0,104.0,109.0,,0.0,,0.0,108.0,,0.0,93.0,0,0,0,0,0,1,1,1,1,0,1,1,0,0,0,0,0,0,1,0,1,0,0,1,0,0,0,0,0,0,0,1,0,1,0,0,1,0,0,0.32,0.38,,
2018,cabrillo unified,"Town, fringe",0.3602,0.2162,0.488,0.3852,0.3333,,,,,0.1463,,0.7143,0.5591,85.0,24.0,61.0,47.0,38.0,,0.0,,0.0,18.0,,10.0,52.0,236.0,111.0,125.0,122.0,114.0,,0.0,,0.0,123.0,,14.0,93.0,0,0,0,0,0,1,1,1,1,0,1,0,0,0,0,0,0,0,1,0,1,0,0,1,0,0,0,0,0,0,0,1,0,1,0,0,1,0,0,0.2817,0.32,0.38,
2019,cabrillo unified,"Town, fringe",0.3814,0.1683,0.5702,0.386,0.3762,,,,,0.2273,,,0.5402,82.0,17.0,65.0,44.0,38.0,,0.0,0.0,0.0,25.0,,0.0,47.0,215.0,101.0,114.0,114.0,101.0,,0.0,0.0,0.0,110.0,,10.0,87.0,0,0,0,0,0,1,1,1,1,0,1,1,0,0,0,0,0,0,1,0,0,0,0,1,0,0,0,0,0,0,0,1,0,0,0,0,1,0,0,0.3602,0.2817,0.32,0.38
2015,cajon valley union,"Suburb, large",0.32,0.23,0.5,0.3,0.34,,0.48,0.2,0.4,0.25,,0.45,0.37,535.0,273.0,268.0,256.0,298.0,0.0,14.0,27.0,6.0,147.0,0.0,13.0,328.0,1727.0,1190.0,537.0,852.0,875.0,4.0,29.0,125.0,15.0,587.0,4.0,29.0,887.0,0,0,0,0,0,1,0,0,0,0,1,0,0,0,0,0,0,0,0,0,0,0,0,0,0,0,0,0,0,0,0,0,0,0,0,0,0,0,0,,,,
2016,cajon valley union,"Suburb, large",0.39,0.3,0.64,0.37,0.41,,0.46,0.2,0.61,0.31,0.25,0.41,0.45,741.0,411.0,339.0,331.0,412.0,0.0,19.0,21.0,14.0,195.0,3.0,23.0,433.0,1899.0,1369.0,530.0,894.0,1005.0,8.0,41.0,105.0,23.0,629.0,12.0,57.0,962.0,0,0,0,0,0,1,0,0,0,0,0,0,0,0,0,0,0,0,0,0,0,0,0,0,0,0,0,0,0,0,0,0,0,0,0,0,0,0,0,0.32,,,
2017,cajon valley union,"Suburb, large",0.3472,0.2789,0.6119,0.3162,0.3762,,0.3514,0.1901,0.5833,0.2534,0.5,0.4314,0.4188,629.0,401.0,227.0,277.0,351.0,0.0,13.0,23.0,7.0,168.0,6.0,22.0,348.0,1811.0,1439.0,372.0,876.0,935.0,0.0,37.0,121.0,12.0,665.0,12.0,51.0,831.0,0,0,0,0,0,1,0,0,0,0,0,0,0,0,0,0,0,0,0,0,0,0,0,0,0,0,0,0,0,0,0,0,0,0,0,0,0,0,0,0.39,0.32,,
2018,cajon valley union,"Suburb, large",0.3831,0.2719,0.6193,0.3565,0.4082,,0.4915,0.2243,,0.2908,0.4286,0.3704,0.4641,657.0,317.0,340.0,297.0,360.0,0.0,29.0,24.0,0.0,173.0,6.0,20.0,381.0,1715.0,1166.0,549.0,833.0,882.0,0.0,59.0,107.0,0.0,595.0,14.0,54.0,821.0,0,0,0,0,0,1,0,0,1,0,0,0,0,0,0,0,0,0,0,0,0,0,0,0,0,0,0,0,0,0,0,0,0,0,0,0,0,0,0,0.3472,0.39,0.32,
2019,cajon valley union,"Suburb, large",0.3877,0.302,0.6193,0.3704,0.4029,,0.3617,0.2793,,0.2922,0.25,0.4375,0.4686,656.0,373.0,283.0,293.0,363.0,0.0,17.0,31.0,0.0,168.0,3.0,21.0,373.0,1692.0,1235.0,457.0,791.0,901.0,0.0,47.0,111.0,0.0,575.0,12.0,48.0,796.0,0,0,0,0,0,1,0,0,1,0,0,0,0,0,0,0,0,0,0,0,0,0,0,0,0,0,0,0,0,0,0,0,0,0,0,0,0,0,0,0.3831,0.3472,0.39,0.32
2015,calaveras unified,"Rural, distant",0.24,0.18,0.36,0.24,0.24,,,,,0.2,,,0.25,49.0,24.0,27.0,25.0,25.0,0.0,0.0,0.0,,7.0,,0.0,42.0,207.0,131.0,76.0,104.0,103.0,4.0,1.0,2.0,,35.0,,6.0,159.0,0,0,0,0,0,1,1,1,1,0,1,1,0,0,0,0,0,0,0,0,0,1,0,1,0,0,0,0,0,0,0,0,0,0,1,0,1,0,0,,,,
2016,calaveras unified,"Rural, distant",0.25,0.22,0.3,0.26,0.24,,,,,0.16,,0.45,0.25,49.0,32.0,19.0,26.0,25.0,0.0,0.0,0.0,,8.0,,5.0,37.0,206.0,143.0,63.0,100.0,106.0,2.0,1.0,1.0,,49.0,,11.0,142.0,0,0,0,0,0,1,1,1,1,0,1,0,0,0,0,0,0,0,0,0,0,1,0,1,0,0,0,0,0,0,0,0,0,0,1,0,1,0,0,0.24,,,
2017,calaveras unified,"Rural, distant",0.2537,0.1833,0.3529,0.2752,0.2292,,,,,0.0513,,0.5,0.2917,52.0,22.0,30.0,30.0,22.0,0.0,,,,2.0,0.0,8.0,42.0,205.0,120.0,85.0,109.0,96.0,0.0,,,,39.0,0.0,16.0,144.0,0,0,0,0,0,1,1,1,1,0,1,0,0,0,0,0,0,0,0,1,1,1,0,0,0,0,0,0,0,0,0,0,1,1,1,0,0,0,0,0.25,0.24,,
2018,calaveras unified,"Rural, distant",0.2284,0.1984,0.2817,0.2111,0.243,,,,,0.1316,,0.3333,0.2535,45.0,25.0,20.0,19.0,26.0,0.0,0.0,,,5.0,,4.0,36.0,197.0,126.0,71.0,90.0,107.0,0.0,0.0,,,38.0,,12.0,142.0,0,0,0,0,0,1,1,1,1,0,1,0,0,0,0,0,0,0,0,0,1,1,0,1,0,0,0,0,0,0,0,0,0,1,1,0,1,0,0,0.2537,0.25,0.24,
2019,calaveras unified,"Rural, distant",0.2652,0.2074,0.3474,0.2844,0.2479,,,,,0.2549,,0.2609,0.28,61.0,28.0,33.0,31.0,30.0,0.0,0.0,,,13.0,,6.0,42.0,230.0,135.0,95.0,109.0,121.0,5.0,0.0,,,51.0,,23.0,150.0,0,0,0,0,0,1,1,1,1,0,1,0,0,0,0,0,0,0,0,0,1,1,0,1,0,0,0,0,0,0,0,0,0,1,1,0,1,0,0,0.2284,0.2537,0.25,0.24
2015,calexico unified,"Suburb, midsize",0.09,0.07,0.18,0.08,0.1,,,,,0.09,,,,63.0,41.0,21.0,34.0,34.0,,0.0,0.0,,63.0,,,0.0,704.0,591.0,113.0,372.0,332.0,,1.0,1.0,,699.0,,,3.0,0,0,0,0,0,1,1,1,1,0,1,1,1,0,0,0,0,0,1,0,0,1,0,1,1,0,0,0,0,0,0,1,0,0,1,0,1,1,0,,,,
2016,calexico unified,"Suburb, midsize",0.11,0.1,0.19,0.1,0.13,,,,,0.11,,,,73.0,58.0,16.0,34.0,42.0,,0.0,,,72.0,,,0.0,665.0,578.0,87.0,341.0,324.0,,7.0,,,653.0,,,5.0,0,0,0,0,0,1,1,1,1,0,1,1,1,0,0,0,0,0,1,0,1,1,0,1,1,0,0,0,0,0,0,1,0,1,1,0,1,1,0,0.09,,,
2017,calexico unified,"Suburb, midsize",0.1669,0.1492,0.2574,0.1629,0.1711,,,,,0.1631,,,,103.0,77.0,26.0,51.0,52.0,0.0,0.0,,,100.0,,,0.0,617.0,516.0,101.0,313.0,304.0,0.0,0.0,,,613.0,,,0.0,0,0,0,0,0,1,1,1,1,0,1,1,1,0,0,0,0,0,0,0,1,1,0,1,1,0,0,0,0,0,0,0,0,1,1,0,1,1,0,0.11,0.09,,
2018,calexico unified,"Suburb, midsize",0.2487,0.2229,0.4286,0.2423,0.2542,,,,,0.2491,,,,139.0,109.0,30.0,63.0,76.0,,,,,139.0,,,,559.0,489.0,70.0,260.0,299.0,,,,,558.0,,,,0,0,0,0,0,1,1,1,1,0,1,1,1,0,0,0,0,0,1,1,1,1,0,1,1,1,0,0,0,0,0,1,1,1,1,0,1,1,1,0.1669,0.11,0.09,
2019,calexico unified,"Suburb, midsize",0.2373,0.2283,0.3134,0.2068,0.2641,,,,,0.2385,,,,150.0,129.0,21.0,61.0,89.0,,,,,150.0,,,0.0,633.0,565.0,68.0,295.0,338.0,,,,,630.0,,,0.0,0,0,0,0,0,1,1,1,1,0,1,1,1,0,0,0,0,0,1,1,1,1,0,1,1,0,0,0,0,0,0,1,1,1,1,0,1,1,0,0.2487,0.1669,0.11,0.09
2015,calipatria unified,"Town, distant",0.26,0.2,0.5,0.19,0.33,,,,,0.26,,,,25.0,15.0,10.0,8.0,17.0,,,,0.0,23.0,,,0.0,95.0,75.0,20.0,43.0,52.0,,,,1.0,88.0,,,6.0,0,0,0,0,0,1,1,1,1,0,1,1,1,0,0,0,0,0,1,1,1,0,0,1,1,0,0,0,0,0,0,1,1,1,0,0,1,1,0,,,,
2016,calipatria unified,"Town, distant",0.26,0.19,0.6,0.28,0.24,,,,,0.26,,,,23.0,14.0,9.0,11.0,12.0,,,0.0,,20.0,,0.0,0.0,89.0,74.0,15.0,39.0,50.0,,,2.0,,78.0,,1.0,8.0,0,0,0,0,0,1,1,1,1,0,1,1,1,0,0,0,0,0,1,1,0,1,0,1,0,0,0,0,0,0,0,1,1,0,1,0,1,0,0,0.26,,,
2017,calipatria unified,"Town, distant",0.3288,0.2879,,0.3548,0.3095,,,,,0.3125,,,,24.0,19.0,0.0,11.0,13.0,,0.0,0.0,,20.0,,,0.0,73.0,66.0,0.0,31.0,42.0,,0.0,0.0,,64.0,,,0.0,0,0,1,0,0,1,1,1,1,0,1,1,1,0,0,0,0,0,1,0,0,1,0,1,1,0,0,0,0,0,0,1,0,0,1,0,1,1,0,0.26,0.26,,
2018,calipatria unified,"Town, distant",0.3111,0.2714,0.45,0.3488,0.2766,,,,,0.3108,,,,28.0,19.0,9.0,15.0,13.0,,,0.0,0.0,23.0,,0.0,0.0,90.0,70.0,20.0,43.0,47.0,,,0.0,0.0,74.0,,0.0,0.0,0,0,0,0,0,1,1,1,1,0,1,1,1,0,0,0,0,0,1,1,0,0,0,1,0,0,0,0,0,0,0,1,1,0,0,0,1,0,0,0.3288,0.26,0.26,
2019,calipatria unified,"Town, distant",0.2987,0.2794,,0.3659,0.2222,,,,,0.2727,,,,23.0,19.0,0.0,15.0,8.0,,,0.0,,18.0,,0.0,0.0,77.0,68.0,9.0,41.0,36.0,,,0.0,,66.0,,0.0,7.0,0,0,1,0,0,1,1,1,1,0,1,1,1,0,0,0,0,0,1,1,0,1,0,1,0,0,0,0,0,0,0,1,1,0,1,0,1,0,0,0.3111,0.3288,0.26,0.26
2015,calistoga joint unified,"Town, fringe",0.19,0.12,0.44,0.13,0.24,,,,,0.14,,,0.42,15.0,7.0,7.0,4.0,10.0,,,,,9.0,0.0,,5.0,79.0,63.0,16.0,35.0,44.0,,,,,63.0,1.0,,12.0,0,0,0,0,0,1,1,1,1,0,1,1,0,0,0,0,0,0,1,1,1,1,0,0,1,0,0,0,0,0,0,1,1,1,1,0,0,1,0,,,,
2016,calistoga joint unified,"Town, fringe",0.21,0.17,0.29,0.11,0.32,,,,,0.16,,,,15.0,7.0,8.0,4.0,11.0,,,,0.0,10.0,,,0.0,70.0,42.0,28.0,36.0,34.0,,,,1.0,61.0,,,7.0,0,0,0,0,0,1,1,1,1,0,1,1,1,0,0,0,0,0,1,1,1,0,0,1,1,0,0,0,0,0,0,1,1,1,0,0,1,1,0,0.19,,,
2017,calistoga joint unified,"Town, fringe",0.4531,0.3404,0.7647,0.4412,0.4667,,,,,0.3654,,,,29.0,16.0,13.0,15.0,14.0,,,,0.0,19.0,,,0.0,64.0,47.0,17.0,34.0,30.0,,,,0.0,52.0,,,0.0,0,0,0,0,0,1,1,1,1,0,1,1,1,0,0,0,0,0,1,1,1,0,0,1,1,0,0,0,0,0,0,1,1,1,0,0,1,1,0,0.21,0.19,,
2018,calistoga joint unified,"Town, fringe",0.2258,0.2037,,0.129,0.3226,,,,,0.1852,,,,14.0,11.0,0.0,4.0,10.0,,,,0.0,10.0,,,0.0,62.0,54.0,0.0,31.0,31.0,,,,0.0,54.0,,,0.0,0,0,1,0,0,1,1,1,1,0,1,1,1,0,0,0,0,0,1,1,1,0,0,1,1,0,0,0,0,0,0,1,1,1,0,0,1,1,0,0.4531,0.21,0.19,
2019,calistoga joint unified,"Town, fringe",0.3333,0.25,0.6,0.3226,0.3438,,,,,0.2745,,,,21.0,12.0,9.0,10.0,11.0,,,,,14.0,,,0.0,63.0,48.0,15.0,31.0,32.0,,,,,51.0,,,8.0,0,0,0,0,0,1,1,1,1,0,1,1,1,0,0,0,0,0,1,1,1,1,0,1,1,0,0,0,0,0,0,1,1,1,1,0,1,1,0,0.2258,0.4531,0.21,0.19
2015,cambrian,"City, large",0.49,0.22,0.54,0.51,0.47,,0.81,,,0.3,,0.55,0.47,189.0,13.0,177.0,100.0,90.0,0.0,59.0,0.0,0.0,32.0,0.0,6.0,80.0,387.0,60.0,327.0,197.0,190.0,4.0,71.0,10.0,10.0,108.0,1.0,11.0,172.0,0,0,0,0,0,1,0,1,1,0,1,0,0,0,0,0,0,0,0,0,0,0,0,0,0,0,0,0,0,0,0,0,0,0,0,0,0,0,0,,,,
2016,cambrian,"City, large",0.49,0.23,0.56,0.48,0.49,,0.68,,,0.27,,0.67,0.5,178.0,19.0,159.0,86.0,91.0,0.0,42.0,0.0,0.0,23.0,0.0,22.0,78.0,363.0,84.0,279.0,179.0,184.0,1.0,62.0,9.0,8.0,85.0,3.0,33.0,156.0,0,0,0,0,0,1,0,1,1,0,1,0,0,0,0,0,0,0,0,0,0,0,0,0,0,0,0,0,0,0,0,0,0,0,0,0,0,0,0,0.49,,,
2017,cambrian,"City, large",0.6136,0.1667,0.7055,0.5647,0.6593,,0.8358,0.4167,,0.2987,,0.8214,0.6623,216.0,10.0,206.0,96.0,120.0,0.0,56.0,5.0,0.0,23.0,,23.0,102.0,352.0,60.0,292.0,170.0,182.0,0.0,67.0,12.0,0.0,77.0,,28.0,154.0,0,0,0,0,0,1,0,0,1,0,1,0,0,0,0,0,0,0,0,0,0,0,0,1,0,0,0,0,0,0,0,0,0,0,0,0,1,0,0,0.49,0.49,,
2018,cambrian,"City, large",0.6766,0.48,0.7217,0.6787,0.674,,0.8889,0.4545,,0.4455,,0.8108,0.6982,272.0,36.0,236.0,150.0,122.0,0.0,64.0,5.0,0.0,45.0,,30.0,118.0,402.0,75.0,327.0,221.0,181.0,0.0,72.0,11.0,0.0,101.0,,37.0,169.0,0,0,0,0,0,1,0,0,1,0,1,0,0,0,0,0,0,0,0,0,0,0,0,1,0,0,0,0,0,0,0,0,0,0,0,0,1,0,0,0.6136,0.49,0.49,
2019,cambrian,"City, large",0.6766,0.4085,0.7481,0.6753,0.6776,,0.8644,,,0.4235,,0.875,0.7055,228.0,29.0,199.0,104.0,124.0,0.0,51.0,0.0,0.0,36.0,,28.0,103.0,337.0,71.0,266.0,154.0,183.0,0.0,59.0,6.0,0.0,85.0,,32.0,146.0,0,0,0,0,0,1,0,1,1,0,1,0,0,0,0,0,0,0,0,0,0,0,0,1,0,0,0,0,0,0,0,0,0,0,0,0,1,0,0,0.6766,0.6136,0.49,0.49
2015,camino union elementary,"Rural, fringe",0.3,0.17,0.53,0.3,0.29,,,,,0.13,,,0.4,14.0,5.0,9.0,10.0,4.0,0.0,,,,2.0,,0.0,10.0,47.0,30.0,17.0,33.0,14.0,1.0,,,,16.0,,5.0,25.0,0,0,0,0,0,1,1,1,1,0,1,1,0,0,0,0,0,0,0,1,1,1,0,1,0,0,0,0,0,0,0,0,1,1,1,0,1,0,0,,,,
2016,camino union elementary,"Rural, fringe",0.35,0.22,0.5,0.27,0.43,,,,,0.21,,,0.48,18.0,6.0,12.0,7.0,12.0,0.0,,,,4.0,,0.0,15.0,53.0,29.0,24.0,26.0,27.0,1.0,,,,20.0,,2.0,30.0,0,0,0,0,0,1,1,1,1,0,1,1,0,0,0,0,0,0,0,1,1,1,0,1,0,0,0,0,0,0,0,0,1,1,1,0,1,0,0,0.3,,,
2017,camino union elementary,"Rural, fringe",0.3409,0.2593,0.4706,0.4167,0.25,,,,,0.1765,,,0.4783,15.0,7.0,8.0,10.0,5.0,0.0,,,,3.0,,0.0,11.0,44.0,27.0,17.0,24.0,20.0,0.0,,,,17.0,,0.0,23.0,0,0,0,0,0,1,1,1,1,0,1,1,0,0,0,0,0,0,0,1,1,1,0,1,0,0,0,0,0,0,0,0,1,1,1,0,1,0,0,0.35,0.3,,
2018,camino union elementary,"Rural, fringe",0.5366,0.3182,0.7895,0.5714,0.5,,,,,0.3333,,,0.75,22.0,7.0,15.0,12.0,10.0,,,,,6.0,,0.0,15.0,41.0,22.0,19.0,21.0,20.0,,,,,18.0,,0.0,20.0,0,0,0,0,0,1,1,1,1,0,1,1,0,0,0,0,0,0,1,1,1,1,0,1,0,0,0,0,0,0,0,1,1,1,1,0,1,0,0,0.3409,0.35,0.3,
2019,camino union elementary,"Rural, fringe",0.4054,0.3043,0.5714,0.4,0.4118,,,,,0.2143,,,0.6667,15.0,7.0,8.0,8.0,7.0,0.0,,0.0,,3.0,,0.0,12.0,37.0,23.0,14.0,20.0,17.0,0.0,,0.0,,14.0,,0.0,18.0,0,0,0,0,0,1,1,1,1,0,1,1,0,0,0,0,0,0,0,1,0,1,0,1,0,0,0,0,0,0,0,0,1,0,1,0,1,0,0,0.5366,0.3409,0.35,0.3
2015,campbell union,"Suburb, large",0.43,0.21,0.63,0.4,0.46,,0.76,0.31,0.47,0.23,,0.58,0.63,368.0,88.0,277.0,173.0,195.0,0.0,83.0,9.0,9.0,89.0,0.0,23.0,140.0,856.0,416.0,440.0,433.0,423.0,3.0,108.0,29.0,19.0,408.0,5.0,40.0,223.0,0,0,0,0,0,1,0,0,0,0,1,0,0,0,0,0,0,0,0,0,0,0,0,0,0,0,0,0,0,0,0,0,0,0,0,0,0,0,0,,,,
2016,campbell union,"Suburb, large",0.5,0.23,0.72,0.48,0.52,,0.82,0.22,0.75,0.26,,0.64,0.72,419.0,88.0,336.0,194.0,235.0,0.0,97.0,9.0,18.0,97.0,0.0,36.0,161.0,856.0,383.0,473.0,405.0,451.0,4.0,119.0,41.0,24.0,372.0,5.0,54.0,223.0,0,0,0,0,0,1,0,0,0,0,1,0,0,0,0,0,0,0,0,0,0,0,0,0,0,0,0,0,0,0,0,0,0,0,0,0,0,0,0,0.43,,,
2017,campbell union,"Suburb, large",0.5018,0.2727,0.7133,0.5051,0.4988,,0.886,0.36,0.6,0.2762,,0.8036,0.7135,417.0,108.0,310.0,199.0,218.0,0.0,101.0,9.0,9.0,116.0,0.0,47.0,124.0,831.0,396.0,435.0,394.0,437.0,0.0,114.0,25.0,16.0,421.0,0.0,58.0,173.0,0,0,0,0,0,1,0,0,0,0,1,0,0,0,0,0,0,0,0,0,0,0,0,0,0,0,0,0,0,0,0,0,0,0,0,0,0,0,0,0.5,0.43,,
2018,campbell union,"Suburb, large",0.5611,0.3333,0.7208,0.5204,0.6015,,0.85,0.28,,0.357,,0.7451,0.7882,441.0,108.0,333.0,204.0,237.0,0.0,85.0,7.0,0.0,136.0,0.0,38.0,160.0,786.0,324.0,462.0,392.0,394.0,0.0,100.0,25.0,0.0,381.0,0.0,51.0,203.0,0,0,0,0,0,1,0,0,1,0,1,0,0,0,0,0,0,0,0,0,0,0,0,0,0,0,0,0,0,0,0,0,0,0,0,0,0,0,0,0.5018,0.5,0.43,
2019,campbell union,"Suburb, large",0.5618,0.3868,0.7259,0.5364,0.5845,,0.9362,0.6364,0.8462,0.3351,,0.7436,0.7423,443.0,147.0,296.0,199.0,244.0,0.0,89.0,14.0,11.0,127.0,,29.0,121.0,787.0,380.0,407.0,371.0,416.0,0.0,95.0,22.0,13.0,379.0,,39.0,163.0,0,0,0,0,0,1,0,0,0,0,1,0,0,0,0,0,0,0,0,0,0,0,0,1,0,0,0,0,0,0,0,0,0,0,0,0,1,0,0,0.5611,0.5018,0.5,0.43
2015,capay joint union elementary,"Rural, distant",0.4,0.21,0.64,0.38,,,,,,,,,0.57,10.0,3.0,7.0,6.0,0.0,,,,,0.0,,0.0,8.0,25.0,14.0,11.0,16.0,9.0,,,,,10.0,,1.0,14.0,0,0,0,0,1,1,1,1,1,1,1,1,0,0,0,0,0,0,1,1,1,1,0,1,0,0,0,0,0,0,0,1,1,1,1,0,1,0,0,,,,
2016,capay joint union elementary,"Rural, distant",0.81,,0.82,,,,,,,,,,,13.0,0.0,9.0,0.0,0.0,,,,,0.0,,,0.0,16.0,5.0,11.0,9.0,7.0,,,,,7.0,,,9.0,0,1,0,1,1,1,1,1,1,1,1,1,1,0,0,0,0,0,1,1,1,1,0,1,1,0,0,0,0,0,0,1,1,1,1,0,1,1,0,0.4,,,
2017,capay joint union elementary,"Rural, distant",0.381,,0.5,0.4167,,,,,,0.2727,,,,8.0,0.0,6.0,5.0,0.0,,,,,3.0,,0.0,0.0,21.0,0.0,12.0,12.0,0.0,,,,,11.0,,0.0,0.0,0,1,0,0,1,1,1,1,1,0,1,1,1,0,0,0,0,0,1,1,1,1,0,1,0,0,0,0,0,0,0,1,1,1,1,0,1,0,0,0.81,0.4,,
2018,capay joint union elementary,"Rural, distant",0.4815,0.2143,0.7692,0.3636,0.5625,,,,,,,,0.6,13.0,3.0,10.0,4.0,9.0,,,,,0.0,,,12.0,27.0,14.0,13.0,11.0,16.0,,,,,0.0,,,20.0,0,0,0,0,0,1,1,1,1,1,1,1,0,0,0,0,0,0,1,1,1,1,0,1,1,0,0,0,0,0,0,1,1,1,1,0,1,1,0,0.381,0.81,0.4,
2019,capay joint union elementary,"Rural, distant",0.5,0.4167,,0.4545,,,,,,,,,0.5455,10.0,5.0,0.0,5.0,0.0,,,,,0.0,,0.0,6.0,20.0,12.0,8.0,11.0,9.0,,,,,8.0,,0.0,11.0,0,0,1,0,1,1,1,1,1,1,1,1,0,0,0,0,0,0,1,1,1,1,0,1,0,0,0,0,0,0,0,1,1,1,1,0,1,0,0,0.4815,0.381,0.81,0.4
2015,capistrano unified,"Suburb, large",0.55,0.27,0.64,0.52,0.57,,0.79,0.43,0.53,0.33,,0.67,0.61,2090.0,254.0,1830.0,971.0,1102.0,0.0,180.0,15.0,33.0,350.0,0.0,118.0,1369.0,3800.0,941.0,2859.0,1868.0,1932.0,6.0,228.0,35.0,62.0,1031.0,2.0,177.0,2244.0,0,0,0,0,0,1,0,0,0,0,1,0,0,0,0,0,0,0,0,0,0,0,0,0,0,0,0,0,0,0,0,0,0,0,0,0,0,0,0,,,,
2016,capistrano unified,"Suburb, large",0.62,0.33,0.71,0.59,0.64,,0.84,0.44,0.77,0.37,,0.72,0.69,2226.0,289.0,1927.0,1025.0,1204.0,0.0,200.0,15.0,46.0,345.0,0.0,145.0,1443.0,3590.0,875.0,2715.0,1709.0,1881.0,7.0,236.0,34.0,60.0,957.0,3.0,205.0,2061.0,0,0,0,0,0,1,0,0,0,0,1,0,0,0,0,0,0,0,0,0,0,0,0,0,0,0,0,0,0,0,0,0,0,0,0,0,0,0,0,0.55,,,
2017,capistrano unified,"Suburb, large",0.6137,0.3136,0.7141,0.5875,0.6374,,0.8861,0.52,0.6444,0.3718,,0.7679,0.6939,2152.0,275.0,1878.0,977.0,1176.0,0.0,180.0,13.0,29.0,374.0,0.0,182.0,1337.0,3508.0,878.0,2630.0,1663.0,1845.0,0.0,203.0,25.0,45.0,1008.0,0.0,237.0,1926.0,0,0,0,0,0,1,0,0,0,0,1,0,0,0,0,0,0,0,0,0,0,0,0,0,0,0,0,0,0,0,0,0,0,0,0,0,0,0,0,0.62,0.55,,
2018,capistrano unified,"Suburb, large",0.6435,0.4054,0.7353,0.6282,0.658,,0.815,0.4324,0.7115,0.4323,,0.75,0.7253,2152.0,377.0,1775.0,1017.0,1135.0,0.0,164.0,16.0,37.0,415.0,0.0,183.0,1294.0,3345.0,930.0,2415.0,1620.0,1725.0,0.0,201.0,37.0,52.0,960.0,0.0,244.0,1784.0,0,0,0,0,0,1,0,0,0,0,1,0,0,0,0,0,0,0,0,0,0,0,0,0,0,0,0,0,0,0,0,0,0,0,0,0,0,0,0,0.6137,0.62,0.55,
2019,capistrano unified,"Suburb, large",0.6542,0.4142,0.7461,0.6254,0.6804,,0.8578,0.5357,0.7544,0.4207,,0.7783,0.7269,2093.0,367.0,1727.0,955.0,1139.0,0.0,181.0,15.0,43.0,361.0,0.0,158.0,1261.0,3200.0,886.0,2314.0,1527.0,1673.0,0.0,211.0,28.0,57.0,858.0,6.0,203.0,1734.0,0,0,0,0,0,1,0,0,0,0,1,0,0,0,0,0,0,0,0,0,0,0,0,0,0,0,0,0,0,0,0,0,0,0,0,0,0,0,0,0.6435,0.6137,0.62,0.55
2015,cardiff elementary,"Suburb, large",0.69,0.21,0.77,0.71,0.68,,,,,0.19,,,0.79,75.0,3.0,72.0,36.0,40.0,,,,,3.0,,0.0,68.0,109.0,14.0,95.0,51.0,58.0,,,,,16.0,,7.0,86.0,0,0,0,0,0,1,1,1,1,0,1,1,0,0,0,0,0,0,1,1,1,1,0,1,0,0,0,0,0,0,0,1,1,1,1,0,1,0,0,,,,
2016,cardiff elementary,"Suburb, large",0.67,0.39,0.72,0.62,0.71,,,,,0.44,,,0.7,72.0,7.0,65.0,33.0,39.0,,0.0,,,8.0,,0.0,59.0,108.0,18.0,90.0,53.0,55.0,,3.0,,,18.0,,3.0,84.0,0,0,0,0,0,1,1,1,1,0,1,1,0,0,0,0,0,0,1,0,1,1,0,1,0,0,0,0,0,0,0,1,0,1,1,0,1,0,0,0.69,,,
2017,cardiff elementary,"Suburb, large",0.6727,0.2353,0.7527,0.6364,0.7091,,,,,0.4583,,,0.7105,74.0,4.0,70.0,35.0,39.0,,,,,11.0,,0.0,54.0,110.0,17.0,93.0,55.0,55.0,,,,,24.0,,0.0,76.0,0,0,0,0,0,1,1,1,1,0,1,1,0,0,0,0,0,0,1,1,1,1,0,1,0,0,0,0,0,0,0,1,1,1,1,0,1,0,0,0.67,0.69,,
2018,cardiff elementary,"Suburb, large",0.759,0.3889,0.8615,0.7083,0.8286,,,,,0.5,,,0.8276,63.0,7.0,56.0,34.0,29.0,,0.0,,,9.0,,0.0,48.0,83.0,18.0,65.0,48.0,35.0,,0.0,,,18.0,,0.0,58.0,0,0,0,0,0,1,1,1,1,0,1,1,0,0,0,0,0,0,1,0,1,1,0,1,0,0,0,0,0,0,0,1,0,1,1,0,1,0,0,0.6727,0.67,0.69,
2019,cardiff elementary,"Suburb, large",0.7619,0.3846,0.831,0.75,0.7727,,,,,0.4706,,,0.8214,64.0,5.0,59.0,30.0,34.0,,0.0,,,8.0,,0.0,46.0,84.0,13.0,71.0,40.0,44.0,,0.0,,,17.0,,9.0,56.0,0,0,0,0,0,1,1,1,1,0,1,1,0,0,0,0,0,0,1,0,1,1,0,1,0,0,0,0,0,0,0,1,0,1,1,0,1,0,0,0.759,0.6727,0.67,0.69
2015,carlsbad unified,"City, midsize",0.65,0.44,0.71,0.63,0.67,,0.84,0.45,,0.46,,0.74,0.71,514.0,81.0,437.0,251.0,272.0,0.0,48.0,5.0,0.0,103.0,0.0,20.0,330.0,791.0,184.0,607.0,392.0,399.0,2.0,57.0,11.0,6.0,224.0,2.0,27.0,459.0,0,0,0,0,0,1,0,0,1,0,1,0,0,0,0,0,0,0,0,0,0,0,0,0,0,0,0,0,0,0,0,0,0,0,0,0,0,0,0,,,,
2016,carlsbad unified,"City, midsize",0.67,0.38,0.77,0.62,0.71,,0.92,0.47,,0.41,,0.79,0.75,571.0,83.0,488.0,245.0,328.0,0.0,54.0,7.0,0.0,97.0,0.0,42.0,364.0,852.0,218.0,634.0,389.0,463.0,5.0,59.0,15.0,6.0,232.0,2.0,53.0,479.0,0,0,0,0,0,1,0,0,1,0,1,0,0,0,0,0,0,0,0,0,0,0,0,0,0,0,0,0,0,0,0,0,0,0,0,0,0,0,0,0.65,,,
2017,carlsbad unified,"City, midsize",0.7093,0.4066,0.7987,0.6658,0.7476,,0.8571,,,0.5023,,0.8571,0.7809,566.0,74.0,492.0,249.0,317.0,,36.0,0.0,0.0,109.0,0.0,48.0,360.0,798.0,182.0,616.0,374.0,424.0,,42.0,0.0,0.0,217.0,0.0,56.0,461.0,0,0,0,0,0,1,0,1,1,0,1,0,0,0,0,0,0,0,1,0,0,0,0,0,0,0,0,0,0,0,0,1,0,0,0,0,0,0,0,0.67,0.65,,
2018,carlsbad unified,"City, midsize",0.7326,0.5359,0.8213,0.697,0.7598,,0.9792,0.3846,,0.4951,,0.8143,0.8143,559.0,127.0,432.0,230.0,329.0,0.0,47.0,5.0,0.0,101.0,0.0,57.0,342.0,763.0,237.0,526.0,330.0,433.0,0.0,48.0,13.0,0.0,204.0,0.0,70.0,420.0,0,0,0,0,0,1,0,0,1,0,1,0,0,0,0,0,0,0,0,0,0,0,0,0,0,0,0,0,0,0,0,0,0,0,0,0,0,0,0,0.7093,0.67,0.65,
2019,carlsbad unified,"City, midsize",0.7383,0.4798,0.8161,0.7299,0.7461,,0.8864,0.0,,0.56,,0.7901,0.8165,632.0,95.0,537.0,300.0,332.0,0.0,39.0,0.0,0.0,126.0,0.0,64.0,396.0,856.0,198.0,658.0,411.0,445.0,0.0,44.0,11.0,7.0,225.0,0.0,81.0,485.0,0,0,0,0,0,1,0,0,1,0,1,0,0,0,0,0,0,0,0,0,0,0,0,0,0,0,0,0,0,0,0,0,0,0,0,0,0,0,0,0.7326,0.7093,0.67,0.65
2015,carmel unified,"Suburb, midsize",0.66,0.32,0.73,0.69,0.63,,,,,0.42,,0.47,0.72,113.0,10.0,103.0,59.0,55.0,,0.0,0.0,0.0,13.0,,8.0,81.0,174.0,31.0,143.0,86.0,88.0,,10.0,1.0,1.0,31.0,,17.0,112.0,0,0,0,0,0,1,1,1,1,0,1,0,0,0,0,0,0,0,1,0,0,0,0,1,0,0,0,0,0,0,0,1,0,0,0,0,1,0,0,,,,
2016,carmel unified,"Suburb, midsize",0.68,0.43,0.73,0.67,0.69,,,,,0.41,,0.83,0.75,132.0,13.0,119.0,66.0,66.0,,0.0,,0.0,17.0,,15.0,93.0,194.0,30.0,164.0,99.0,95.0,,4.0,,1.0,41.0,,18.0,124.0,0,0,0,0,0,1,1,1,1,0,1,0,0,0,0,0,0,0,1,0,1,0,0,1,0,0,0,0,0,0,0,1,0,1,0,0,1,0,0,0.66,,,
2017,carmel unified,"Suburb, midsize",0.6421,0.4348,0.7083,0.6383,0.6458,,,,,0.3684,,0.7222,0.7217,122.0,20.0,102.0,60.0,62.0,0.0,0.0,0.0,0.0,14.0,,13.0,83.0,190.0,46.0,144.0,94.0,96.0,0.0,0.0,0.0,0.0,38.0,,18.0,115.0,0,0,0,0,0,1,1,1,1,0,1,0,0,0,0,0,0,0,0,0,0,0,0,1,0,0,0,0,0,0,0,0,0,0,0,0,1,0,0,0.68,0.66,,
2018,carmel unified,"Suburb, midsize",0.6684,0.3571,0.7532,0.6364,0.6944,,0.9091,,,0.4412,,0.5714,0.7165,131.0,15.0,116.0,56.0,75.0,,10.0,,,15.0,0.0,8.0,91.0,196.0,42.0,154.0,88.0,108.0,,11.0,,,34.0,0.0,14.0,127.0,0,0,0,0,0,1,0,1,1,0,1,0,0,0,0,0,0,0,1,0,1,1,0,0,0,0,0,0,0,0,0,1,0,1,1,0,0,0,0,0.6421,0.68,0.66,
2019,carmel unified,"Suburb, midsize",0.7059,0.4242,0.7737,0.6512,0.7619,,,,,0.3077,,0.6429,0.8158,120.0,14.0,106.0,56.0,64.0,,0.0,0.0,,8.0,,9.0,93.0,170.0,33.0,137.0,86.0,84.0,,6.0,0.0,,26.0,,14.0,114.0,0,0,0,0,0,1,1,1,1,0,1,0,0,0,0,0,0,0,1,0,0,1,0,1,0,0,0,0,0,0,0,1,0,0,1,0,1,0,0,0.6684,0.6421,0.68,0.66
2015,carpinteria unified,"Suburb, midsize",0.35,0.27,0.58,0.35,0.36,,,,,0.28,,,0.61,67.0,38.0,29.0,30.0,36.0,0.0,0.0,,0.0,38.0,,,25.0,186.0,136.0,50.0,85.0,101.0,1.0,2.0,,1.0,141.0,,,41.0,0,0,0,0,0,1,1,1,1,0,1,1,0,0,0,0,0,0,0,0,1,0,0,1,1,0,0,0,0,0,0,0,0,1,0,0,1,1,0,,,,
2016,carpinteria unified,"Suburb, midsize",0.49,0.42,0.64,0.41,0.56,,,,,0.41,,,0.66,84.0,48.0,38.0,32.0,53.0,,0.0,,,51.0,,0.0,27.0,172.0,113.0,59.0,78.0,94.0,,5.0,,,123.0,,3.0,41.0,0,0,0,0,0,1,1,1,1,0,1,1,0,0,0,0,0,0,1,0,1,1,0,1,0,0,0,0,0,0,0,1,0,1,1,0,1,0,0,0.35,,,
2017,carpinteria unified,"Suburb, midsize",0.485,0.4696,0.5192,0.5301,0.4405,,,,,0.4375,,,0.6774,81.0,54.0,27.0,44.0,37.0,0.0,0.0,0.0,,56.0,,0.0,21.0,167.0,115.0,52.0,83.0,84.0,0.0,0.0,0.0,,128.0,,0.0,31.0,0,0,0,0,0,1,1,1,1,0,1,1,0,0,0,0,0,0,0,0,0,1,0,1,0,0,0,0,0,0,0,0,0,0,1,0,1,0,0,0.49,0.35,,
2018,carpinteria unified,"Suburb, midsize",0.5241,0.4505,0.6727,0.52,0.5275,,,,,0.4553,,,0.6842,87.0,50.0,37.0,39.0,48.0,,0.0,,0.0,56.0,,0.0,26.0,166.0,111.0,55.0,75.0,91.0,,0.0,,0.0,123.0,,0.0,38.0,0,0,0,0,0,1,1,1,1,0,1,1,0,0,0,0,0,0,1,0,1,0,0,1,0,0,0,0,0,0,0,1,0,1,0,0,1,0,0,0.485,0.49,0.35,
2019,carpinteria unified,"Suburb, midsize",0.4551,0.3524,0.6667,0.4595,0.4512,,,,,0.4,,,0.6538,71.0,37.0,34.0,34.0,37.0,,0.0,0.0,,50.0,,,17.0,156.0,105.0,51.0,74.0,82.0,,4.0,0.0,,125.0,,,26.0,0,0,0,0,0,1,1,1,1,0,1,1,0,0,0,0,0,0,1,0,0,1,0,1,1,0,0,0,0,0,0,1,0,0,1,0,1,1,0,0.5241,0.485,0.49,0.35
2015,caruthers unified,"Rural, distant",0.2,0.15,,0.11,0.27,,,,,0.15,,,,18.0,13.0,0.0,5.0,13.0,,0.0,,,13.0,,0.0,0.0,92.0,85.0,7.0,44.0,48.0,,2.0,,,84.0,,1.0,5.0,0,0,1,0,0,1,1,1,1,0,1,1,1,0,0,0,0,0,1,0,1,1,0,1,0,0,0,0,0,0,0,1,0,1,1,0,1,0,0,,,,
2016,caruthers unified,"Rural, distant",0.45,0.41,,0.41,0.48,,,,,0.48,,,,41.0,34.0,0.0,18.0,23.0,0.0,0.0,0.0,,39.0,,0.0,0.0,92.0,83.0,9.0,44.0,48.0,1.0,3.0,1.0,,82.0,,2.0,3.0,0,0,1,0,0,1,1,1,1,0,1,1,1,0,0,0,0,0,0,0,0,1,0,1,0,0,0,0,0,0,0,0,0,0,1,0,1,0,0,0.2,,,
2017,caruthers unified,"Rural, distant",0.494,0.4744,,0.5,0.4898,,,,,0.4571,,,,41.0,37.0,0.0,17.0,24.0,0.0,0.0,,,32.0,,,0.0,83.0,78.0,0.0,34.0,49.0,0.0,0.0,,,70.0,,,0.0,0,0,1,0,0,1,1,1,1,0,1,1,1,0,0,0,0,0,0,0,1,1,0,1,1,0,0,0,0,0,0,0,0,1,1,0,1,1,0,0.45,0.2,,
2018,caruthers unified,"Rural, distant",0.3511,0.3333,,0.3077,0.4048,,,,,0.3494,,,0.3636,33.0,30.0,0.0,16.0,17.0,,,,,29.0,,,4.0,94.0,90.0,0.0,52.0,42.0,,,,,83.0,,,11.0,0,0,1,0,0,1,1,1,1,0,1,1,0,0,0,0,0,0,1,1,1,1,0,1,1,0,0,0,0,0,0,1,1,1,1,0,1,1,0,0.494,0.45,0.2,
2019,caruthers unified,"Rural, distant",0.5464,0.5227,,0.5682,0.5283,,,,,0.5357,,,,53.0,46.0,0.0,25.0,28.0,,0.0,0.0,,45.0,,,0.0,97.0,88.0,9.0,44.0,53.0,,4.0,0.0,,84.0,,,8.0,0,0,1,0,0,1,1,1,1,0,1,1,1,0,0,0,0,0,1,0,0,1,0,1,1,0,0,0,0,0,0,1,0,0,1,0,1,1,0,0.3511,0.494,0.45,0.2
2015,cascade union elementary,"Suburb, midsize",0.25,0.25,0.25,0.32,0.19,0.17,,,,0.0,,,0.31,29.0,25.0,4.0,17.0,12.0,2.0,0.0,0.0,,0.0,0.0,0.0,22.0,117.0,101.0,16.0,53.0,64.0,12.0,6.0,1.0,,20.0,1.0,5.0,72.0,0,0,0,0,0,0,1,1,1,0,1,1,0,0,0,0,0,0,0,0,0,1,0,0,0,0,0,0,0,0,0,0,0,0,1,0,0,0,0,,,,
2016,cascade union elementary,"Suburb, midsize",0.19,0.16,0.32,0.15,0.22,,,,,0.14,,,0.2,23.0,16.0,6.0,8.0,15.0,0.0,0.0,0.0,,4.0,0.0,0.0,13.0,119.0,99.0,20.0,53.0,66.0,8.0,8.0,4.0,,30.0,1.0,2.0,66.0,0,0,0,0,0,1,1,1,1,0,1,1,0,0,0,0,0,0,0,0,0,1,0,0,0,0,0,0,0,0,0,0,0,0,1,0,0,0,0,0.25,,,
2017,cascade union elementary,"Suburb, midsize",0.2432,0.2604,0.1333,0.2321,0.2545,,,,,0.1852,,,0.2857,27.0,25.0,2.0,13.0,14.0,0.0,0.0,0.0,0.0,5.0,0.0,0.0,18.0,111.0,96.0,15.0,56.0,55.0,0.0,0.0,0.0,0.0,27.0,0.0,0.0,63.0,0,0,0,0,0,1,1,1,1,0,1,1,0,0,0,0,0,0,0,0,0,0,0,0,0,0,0,0,0,0,0,0,0,0,0,0,0,0,0,0.19,0.25,,
2018,cascade union elementary,"Suburb, midsize",0.2613,0.2473,0.3333,0.2449,0.2742,,,,,0.087,,,0.3226,29.0,23.0,6.0,12.0,17.0,0.0,0.0,0.0,,2.0,0.0,0.0,20.0,111.0,93.0,18.0,49.0,62.0,0.0,0.0,0.0,,23.0,0.0,0.0,62.0,0,0,0,0,0,1,1,1,1,0,1,1,0,0,0,0,0,0,0,0,0,1,0,0,0,0,0,0,0,0,0,0,0,0,1,0,0,0,0,0.2432,0.19,0.25,
2019,cascade union elementary,"Suburb, midsize",0.3644,0.3846,0.2963,0.3273,0.3968,0.375,,,,0.3793,,,0.3548,43.0,35.0,8.0,18.0,25.0,6.0,0.0,0.0,0.0,11.0,,0.0,22.0,118.0,91.0,27.0,55.0,63.0,16.0,7.0,0.0,0.0,29.0,,0.0,62.0,0,0,0,0,0,0,1,1,1,0,1,1,0,0,0,0,0,0,0,0,0,0,0,1,0,0,0,0,0,0,0,0,0,0,0,0,1,0,0,0.2613,0.2432,0.19,0.25
2015,castaic union,"Suburb, large",0.4,0.21,0.48,0.38,0.42,,,,,0.25,,,0.48,110.0,17.0,92.0,49.0,61.0,,0.0,0.0,0.0,30.0,0.0,0.0,62.0,274.0,82.0,192.0,128.0,146.0,,8.0,6.0,5.0,115.0,1.0,7.0,132.0,0,0,0,0,0,1,1,1,1,0,1,1,0,0,0,0,0,0,1,0,0,0,0,0,0,0,0,0,0,0,0,1,0,0,0,0,0,0,0,,,,
2016,castaic union,"Suburb, large",0.49,0.25,0.58,0.47,0.52,,0.77,,0.73,0.28,,,0.63,147.0,20.0,125.0,72.0,73.0,0.0,10.0,0.0,8.0,31.0,0.0,0.0,91.0,294.0,79.0,215.0,153.0,141.0,1.0,13.0,4.0,11.0,111.0,2.0,7.0,145.0,0,0,0,0,0,1,0,1,0,0,1,1,0,0,0,0,0,0,0,0,0,0,0,0,0,0,0,0,0,0,0,0,0,0,0,0,0,0,0,0.4,,,
2017,castaic union,"Suburb, large",0.5265,0.3134,0.6164,0.4854,0.561,,,,,0.4037,,,0.6667,119.0,21.0,98.0,50.0,69.0,,0.0,0.0,0.0,44.0,0.0,0.0,58.0,226.0,67.0,159.0,103.0,123.0,,0.0,0.0,0.0,109.0,0.0,0.0,87.0,0,0,0,0,0,1,1,1,1,0,1,1,0,0,0,0,0,0,1,0,0,0,0,0,0,0,0,0,0,0,0,1,0,0,0,0,0,0,0,0.49,0.4,,
2018,castaic union,"Suburb, large",0.5615,0.4,0.6475,0.5783,0.5481,,0.5833,,,0.4557,,,0.6098,105.0,26.0,79.0,48.0,57.0,,7.0,0.0,0.0,36.0,,0.0,50.0,187.0,65.0,122.0,83.0,104.0,,12.0,0.0,0.0,79.0,,0.0,82.0,0,0,0,0,0,1,0,1,1,0,1,1,0,0,0,0,0,0,1,0,0,0,0,1,0,0,0,0,0,0,0,1,0,0,0,0,1,0,0,0.5265,0.49,0.4,
2019,castaic union,"Suburb, large",0.586,0.4324,0.6667,0.62,0.5565,,,,,0.5,,,0.6596,126.0,32.0,94.0,62.0,64.0,,0.0,0.0,0.0,48.0,,0.0,62.0,215.0,74.0,141.0,100.0,115.0,,4.0,8.0,0.0,96.0,,10.0,94.0,0,0,0,0,0,1,1,1,1,0,1,1,0,0,0,0,0,0,1,0,0,0,0,1,0,0,0,0,0,0,0,1,0,0,0,0,1,0,0,0.5615,0.5265,0.49,0.4
2015,castro valley unified,"Suburb, large",0.61,0.33,0.68,0.55,0.66,,0.77,0.39,0.52,0.47,,0.63,0.64,411.0,43.0,370.0,169.0,242.0,0.0,131.0,16.0,16.0,65.0,0.0,34.0,146.0,673.0,128.0,545.0,306.0,367.0,3.0,169.0,41.0,31.0,139.0,6.0,54.0,225.0,0,0,0,0,0,1,0,0,0,0,1,0,0,0,0,0,0,0,0,0,0,0,0,0,0,0,0,0,0,0,0,0,0,0,0,0,0,0,0,,,,
2016,castro valley unified,"Suburb, large",0.61,0.41,0.67,0.6,0.63,,0.82,0.26,0.69,0.46,,0.72,0.63,419.0,62.0,358.0,195.0,228.0,0.0,127.0,9.0,25.0,89.0,0.0,36.0,133.0,686.0,152.0,534.0,325.0,361.0,2.0,153.0,35.0,36.0,192.0,3.0,51.0,212.0,0,0,0,0,0,1,0,0,0,0,1,0,0,0,0,0,0,0,0,0,0,0,0,0,0,0,0,0,0,0,0,0,0,0,0,0,0,0,0,0.61,,,
2017,castro valley unified,"Suburb, large",0.7294,0.542,0.7763,0.7214,0.7353,,0.8895,0.5417,0.5556,0.5625,,0.7403,0.7609,477.0,71.0,406.0,202.0,275.0,0.0,161.0,13.0,10.0,90.0,0.0,57.0,140.0,655.0,131.0,524.0,281.0,374.0,0.0,181.0,24.0,18.0,160.0,0.0,77.0,185.0,0,0,0,0,0,1,0,0,0,0,1,0,0,0,0,0,0,0,0,0,0,0,0,0,0,0,0,0,0,0,0,0,0,0,0,0,0,0,0,0.61,0.61,,
2018,castro valley unified,"Suburb, large",0.6374,0.4746,0.6956,0.622,0.6528,,0.828,0.4118,0.5833,0.4359,,0.6629,0.6554,429.0,84.0,345.0,209.0,220.0,,154.0,14.0,14.0,68.0,0.0,59.0,116.0,673.0,177.0,496.0,336.0,337.0,,186.0,34.0,24.0,156.0,0.0,89.0,177.0,0,0,0,0,0,1,0,0,0,0,1,0,0,0,0,0,0,0,1,0,0,0,0,0,0,0,0,0,0,0,0,1,0,0,0,0,0,0,0,0.7294,0.61,0.61,
2019,castro valley unified,"Suburb, large",0.6997,0.5112,0.7699,0.6849,0.713,,0.8554,0.5,0.6316,0.4872,,0.7816,0.7586,459.0,91.0,368.0,213.0,246.0,,142.0,17.0,12.0,76.0,0.0,68.0,132.0,656.0,178.0,478.0,311.0,345.0,,166.0,34.0,19.0,156.0,0.0,87.0,174.0,0,0,0,0,0,1,0,0,0,0,1,0,0,0,0,0,0,0,1,0,0,0,0,0,0,0,0,0,0,0,0,1,0,0,0,0,0,0,0,0.6374,0.7294,0.61,0.61
2015,cayucos elementary,"Town, fringe",0.74,,0.73,,0.83,,,,,,,,0.81,14.0,0.0,8.0,0.0,10.0,,0.0,,,0.0,,,13.0,19.0,8.0,11.0,7.0,12.0,,1.0,,,2.0,,,16.0,0,1,0,1,0,1,1,1,1,1,1,1,0,0,0,0,0,0,1,0,1,1,0,1,1,0,0,0,0,0,0,1,0,1,1,0,1,1,0,,,,
2016,cayucos elementary,"Town, fringe",0.74,0.55,,,0.73,,,,,,,,0.77,14.0,6.0,0.0,0.0,8.0,,,,,0.0,,0.0,10.0,19.0,11.0,8.0,8.0,11.0,,,,,4.0,,2.0,13.0,0,0,1,1,0,1,1,1,1,1,1,1,0,0,0,0,0,0,1,1,1,1,0,1,0,0,0,0,0,0,0,1,1,1,1,0,1,0,0,0.74,,,
2017,cayucos elementary,"Town, fringe",0.6154,0.5833,0.6429,0.5625,,,,,,0.5455,,,0.6429,16.0,7.0,9.0,9.0,0.0,,,,,6.0,,0.0,9.0,26.0,12.0,14.0,16.0,0.0,,,,,11.0,,0.0,14.0,0,0,0,0,1,1,1,1,1,0,1,1,0,0,0,0,0,0,1,1,1,1,0,1,0,0,0,0,0,0,0,1,1,1,1,0,1,0,0,0.74,0.74,,
2018,cayucos elementary,"Town, fringe",0.5625,,,0.6364,,,,,,,,,,9.0,0.0,0.0,7.0,0.0,,,,,0.0,,0.0,0.0,16.0,0.0,0.0,11.0,0.0,,,,,0.0,,0.0,0.0,0,1,1,0,1,1,1,1,1,1,1,1,1,0,0,0,0,0,1,1,1,1,0,1,0,0,0,0,0,0,0,1,1,1,1,0,1,0,0,0.6154,0.74,0.74,
2019,cayucos elementary,"Town, fringe",0.7368,,,,,,,,,,,,0.8182,14.0,0.0,0.0,0.0,0.0,,,,,0.0,,0.0,9.0,19.0,10.0,9.0,10.0,9.0,,,,,6.0,,0.0,11.0,0,1,1,1,1,1,1,1,1,1,1,1,0,0,0,0,0,0,1,1,1,1,0,1,0,0,0,0,0,0,0,1,1,1,1,0,1,0,0,0.5625,0.6154,0.74,0.74
2015,center joint unified,"Suburb, large",0.36,0.34,0.38,0.34,0.37,,0.56,0.14,,0.2,,0.34,0.44,122.0,71.0,51.0,64.0,57.0,0.0,14.0,3.0,0.0,17.0,0.0,11.0,68.0,337.0,203.0,134.0,184.0,153.0,1.0,25.0,22.0,10.0,87.0,3.0,32.0,156.0,0,0,0,0,0,1,0,0,1,0,1,0,0,0,0,0,0,0,0,0,0,0,0,0,0,0,0,0,0,0,0,0,0,0,0,0,0,0,0,,,,
2016,center joint unified,"Suburb, large",0.26,0.21,0.37,0.18,0.33,,0.22,0.08,,0.17,,0.21,0.37,94.0,53.0,41.0,31.0,61.0,0.0,4.0,3.0,0.0,17.0,0.0,6.0,60.0,362.0,251.0,111.0,170.0,192.0,5.0,18.0,40.0,6.0,100.0,5.0,28.0,157.0,0,0,0,0,0,1,0,0,1,0,1,0,0,0,0,0,0,0,0,0,0,0,0,0,0,0,0,0,0,0,0,0,0,0,0,0,0,0,0,0.36,,,
2017,center joint unified,"Suburb, large",0.3495,0.3052,0.4479,0.269,0.4207,,0.5556,0.1739,,0.3294,,0.3333,0.3778,108.0,65.0,43.0,39.0,69.0,0.0,10.0,4.0,0.0,28.0,0.0,9.0,51.0,309.0,213.0,96.0,145.0,164.0,0.0,18.0,23.0,0.0,85.0,0.0,27.0,135.0,0,0,0,0,0,1,0,0,1,0,1,0,0,0,0,0,0,0,0,0,0,0,0,0,0,0,0,0,0,0,0,0,0,0,0,0,0,0,0,0.26,0.36,,
2018,center joint unified,"Suburb, large",0.2781,0.2682,0.3049,0.2422,0.3046,,0.3889,0.1034,,0.3059,,0.3077,0.2662,84.0,59.0,25.0,31.0,53.0,,7.0,3.0,0.0,26.0,0.0,8.0,37.0,302.0,220.0,82.0,128.0,174.0,,18.0,29.0,0.0,85.0,0.0,26.0,139.0,0,0,0,0,0,1,0,0,1,0,1,0,0,0,0,0,0,0,1,0,0,0,0,0,0,0,0,0,0,0,0,1,0,0,0,0,0,0,0,0.3495,0.26,0.36,
2019,center joint unified,"Suburb, large",0.2941,0.2511,0.4267,0.2536,0.3274,,0.3,0.0857,,0.2857,,0.2759,0.3561,90.0,58.0,32.0,35.0,55.0,0.0,6.0,3.0,0.0,22.0,0.0,8.0,47.0,306.0,231.0,75.0,138.0,168.0,0.0,20.0,35.0,7.0,77.0,4.0,29.0,132.0,0,0,0,0,0,1,0,0,1,0,1,0,0,0,0,0,0,0,0,0,0,0,0,0,0,0,0,0,0,0,0,0,0,0,0,0,0,0,0,0.2781,0.3495,0.26,0.36
2015,central elementary,"Suburb, large",0.36,0.27,0.46,0.4,0.32,,0.59,0.16,0.58,0.29,,,0.5,180.0,80.0,105.0,95.0,88.0,,13.0,8.0,7.0,75.0,0.0,0.0,76.0,513.0,285.0,228.0,239.0,274.0,,22.0,50.0,12.0,268.0,2.0,6.0,153.0,0,0,0,0,0,1,0,0,0,0,1,1,0,0,0,0,0,0,1,0,0,0,0,0,0,0,0,0,0,0,0,1,0,0,0,0,0,0,0,,,,
2016,central elementary,"Suburb, large",0.39,0.33,0.48,0.4,0.38,,0.85,0.23,,0.32,,,0.48,214.0,108.0,106.0,113.0,103.0,,22.0,14.0,0.0,91.0,0.0,0.0,75.0,549.0,328.0,221.0,277.0,272.0,,26.0,62.0,9.0,285.0,2.0,10.0,155.0,0,0,0,0,0,1,0,0,1,0,1,1,0,0,0,0,0,0,1,0,0,0,0,0,0,0,0,0,0,0,0,1,0,0,0,0,0,0,0,0.36,,,
2017,central elementary,"Suburb, large",0.3932,0.311,0.5149,0.3275,0.4485,,0.7619,0.3696,,0.3011,,0.375,0.5145,197.0,93.0,104.0,75.0,122.0,,16.0,17.0,0.0,81.0,0.0,6.0,71.0,501.0,299.0,202.0,229.0,272.0,,21.0,46.0,0.0,269.0,0.0,16.0,138.0,0,0,0,0,0,1,0,0,1,0,1,0,0,0,0,0,0,0,1,0,0,0,0,0,0,0,0,0,0,0,0,1,0,0,0,0,0,0,0,0.39,0.36,,
2018,central elementary,"Suburb, large",0.4453,0.3718,0.5847,0.4549,0.4371,,0.6316,0.3231,,0.4275,,0.6429,0.4667,236.0,129.0,107.0,111.0,125.0,0.0,24.0,21.0,0.0,112.0,0.0,9.0,63.0,530.0,347.0,183.0,244.0,286.0,0.0,38.0,65.0,0.0,262.0,0.0,14.0,135.0,0,0,0,0,0,1,0,0,1,0,1,0,0,0,0,0,0,0,0,0,0,0,0,0,0,0,0,0,0,0,0,0,0,0,0,0,0,0,0,0.3932,0.39,0.36,
2019,central elementary,"Suburb, large",0.4568,0.3957,0.5549,0.4709,0.443,,0.6471,0.3542,,0.4036,,0.5,0.5164,206.0,110.0,96.0,105.0,101.0,0.0,11.0,17.0,0.0,90.0,0.0,13.0,63.0,451.0,278.0,173.0,223.0,228.0,0.0,17.0,48.0,9.0,223.0,0.0,26.0,122.0,0,0,0,0,0,1,0,0,1,0,1,0,0,0,0,0,0,0,0,0,0,0,0,0,0,0,0,0,0,0,0,0,0,0,0,0,0,0,0,0.4453,0.3932,0.39,0.36
2015,central unified,"City, large",0.26,0.17,0.44,0.26,0.26,,0.34,0.15,0.46,0.22,,0.4,0.38,308.0,133.0,178.0,157.0,158.0,0.0,49.0,17.0,6.0,143.0,0.0,6.0,79.0,1187.0,783.0,404.0,579.0,608.0,4.0,143.0,116.0,14.0,683.0,3.0,15.0,208.0,0,0,0,0,0,1,0,0,0,0,1,0,0,0,0,0,0,0,0,0,0,0,0,0,0,0,0,0,0,0,0,0,0,0,0,0,0,0,0,,,,
2016,central unified,"City, large",0.28,0.21,0.57,0.27,0.3,,0.45,0.16,0.47,0.23,,0.5,0.42,341.0,204.0,143.0,157.0,185.0,0.0,65.0,19.0,7.0,173.0,0.0,10.0,71.0,1221.0,969.0,252.0,603.0,618.0,6.0,143.0,110.0,15.0,750.0,4.0,20.0,171.0,0,0,0,0,0,1,0,0,0,0,1,0,0,0,0,0,0,0,0,0,0,0,0,0,0,0,0,0,0,0,0,0,0,0,0,0,0,0,0,0.26,,,
2017,central unified,"City, large",0.3902,0.3082,0.5881,0.3518,0.4303,,0.4865,0.2617,,0.3352,,0.3333,0.5842,469.0,262.0,207.0,216.0,253.0,0.0,72.0,28.0,0.0,242.0,,6.0,111.0,1203.0,851.0,352.0,614.0,589.0,0.0,148.0,108.0,0.0,722.0,,18.0,190.0,0,0,0,0,0,1,0,0,1,0,1,0,0,0,0,0,0,0,0,0,0,0,0,1,0,0,0,0,0,0,0,0,0,0,0,0,1,0,0,0.28,0.26,,
2018,central unified,"City, large",0.3821,0.3139,0.5791,0.3442,0.4169,,0.4901,0.24,0.5,0.3386,,0.6,0.5198,441.0,269.0,172.0,190.0,251.0,0.0,74.0,24.0,6.0,234.0,0.0,9.0,92.0,1154.0,857.0,297.0,552.0,602.0,0.0,151.0,100.0,12.0,691.0,0.0,15.0,177.0,0,0,0,0,0,1,0,0,0,0,1,0,0,0,0,0,0,0,0,0,0,0,0,0,0,0,0,0,0,0,0,0,0,0,0,0,0,0,0,0.3902,0.28,0.26,
2019,central unified,"City, large",0.4331,0.3873,0.5929,0.4207,0.4452,,0.5032,0.3448,,0.3986,,0.5,0.5482,492.0,342.0,150.0,236.0,256.0,0.0,78.0,30.0,0.0,277.0,0.0,8.0,91.0,1136.0,883.0,253.0,561.0,575.0,5.0,155.0,87.0,10.0,695.0,0.0,16.0,166.0,0,0,0,0,0,1,0,0,1,0,1,0,0,0,0,0,0,0,0,0,0,0,0,0,0,0,0,0,0,0,0,0,0,0,0,0,0,0,0,0.3821,0.3902,0.28,0.26
2015,central union elementary,"Town, fringe",0.46,0.4,0.54,0.43,0.48,0.08,,0.2,,0.38,,,0.75,82.0,43.0,38.0,40.0,41.0,2.0,0.0,3.0,0.0,23.0,0.0,0.0,41.0,178.0,108.0,70.0,93.0,85.0,24.0,3.0,15.0,6.0,61.0,5.0,7.0,55.0,0,0,0,0,0,0,1,0,1,0,1,1,0,0,0,0,0,0,0,0,0,0,0,0,0,0,0,0,0,0,0,0,0,0,0,0,0,0,0,,,,
2016,central union elementary,"Town, fringe",0.51,0.44,0.61,0.48,0.53,0.46,,0.33,0.64,0.41,,,0.59,91.0,46.0,44.0,39.0,51.0,6.0,0.0,4.0,9.0,28.0,0.0,0.0,34.0,177.0,105.0,72.0,81.0,96.0,13.0,2.0,12.0,14.0,68.0,1.0,7.0,58.0,0,0,0,0,0,0,1,0,0,0,1,1,0,0,0,0,0,0,0,0,0,0,0,0,0,0,0,0,0,0,0,0,0,0,0,0,0,0,0,0.46,,,
2017,central union elementary,"Town, fringe",0.4892,0.4057,0.6,0.4639,0.5169,,,,,0.3671,,0.4167,0.6935,91.0,43.0,48.0,45.0,46.0,0.0,0.0,0.0,0.0,29.0,0.0,5.0,43.0,186.0,106.0,80.0,97.0,89.0,0.0,0.0,0.0,0.0,79.0,0.0,12.0,62.0,0,0,0,0,0,1,1,1,1,0,1,0,0,0,0,0,0,0,0,0,0,0,0,0,0,0,0,0,0,0,0,0,0,0,0,0,0,0,0,0.51,0.46,,
2018,central union elementary,"Town, fringe",0.5979,0.5957,0.6,0.6286,0.5595,0.4615,,0.5,,0.5,,0.5714,0.8113,113.0,56.0,57.0,66.0,47.0,6.0,0.0,6.0,0.0,42.0,,12.0,43.0,189.0,94.0,95.0,105.0,84.0,13.0,0.0,12.0,0.0,84.0,,21.0,53.0,0,0,0,0,0,0,1,0,1,0,1,0,0,0,0,0,0,0,0,0,0,0,0,1,0,0,0,0,0,0,0,0,0,0,0,0,1,0,0,0.4892,0.51,0.46,
2019,central union elementary,"Town, fringe",0.6344,0.5979,0.6742,0.5402,0.7172,0.0909,,0.7368,,0.5417,,0.7619,0.7647,118.0,58.0,60.0,47.0,71.0,1.0,0.0,14.0,0.0,39.0,0.0,16.0,39.0,186.0,97.0,89.0,87.0,99.0,11.0,0.0,19.0,6.0,72.0,0.0,21.0,51.0,0,0,0,0,0,0,1,0,1,0,1,0,0,0,0,0,0,0,0,0,0,0,0,0,0,0,0,0,0,0,0,0,0,0,0,0,0,0,0,0.5979,0.4892,0.51,0.46
2015,centralia elementary,"Suburb, large",0.4,0.32,0.54,0.41,0.39,,0.79,0.26,0.59,0.29,,0.32,0.42,269.0,132.0,128.0,129.0,133.0,0.0,70.0,5.0,35.0,103.0,0.0,8.0,38.0,656.0,414.0,242.0,315.0,341.0,1.0,89.0,19.0,59.0,368.0,5.0,25.0,90.0,0,0,0,0,0,1,0,0,0,0,1,0,0,0,0,0,0,0,0,0,0,0,0,0,0,0,0,0,0,0,0,0,0,0,0,0,0,0,0,,,,
2016,centralia elementary,"Suburb, large",0.54,0.48,0.64,0.52,0.56,,0.78,0.55,0.78,0.42,,0.73,0.55,342.0,190.0,153.0,149.0,193.0,,76.0,12.0,39.0,144.0,0.0,11.0,55.0,632.0,396.0,236.0,287.0,345.0,,98.0,22.0,50.0,342.0,5.0,15.0,100.0,0,0,0,0,0,1,0,0,0,0,1,0,0,0,0,0,0,0,1,0,0,0,0,0,0,0,0,0,0,0,0,1,0,0,0,0,0,0,0,0.4,,,
2017,centralia elementary,"Suburb, large",0.5934,0.4959,0.7283,0.6033,0.5841,,0.8558,0.2609,0.8308,0.4863,,0.4762,0.6279,375.0,182.0,193.0,184.0,191.0,0.0,89.0,6.0,54.0,160.0,0.0,10.0,54.0,632.0,367.0,265.0,305.0,327.0,0.0,104.0,23.0,65.0,329.0,0.0,21.0,86.0,0,0,0,0,0,1,0,0,0,0,1,0,0,0,0,0,0,0,0,0,0,0,0,0,0,0,0,0,0,0,0,0,0,0,0,0,0,0,0,0.54,0.4,,
2018,centralia elementary,"Suburb, large",0.595,0.5102,0.7536,0.5821,0.6062,,0.9109,0.4,0.8269,0.4551,,0.8,0.6463,360.0,201.0,159.0,163.0,197.0,0.0,92.0,6.0,43.0,152.0,0.0,12.0,53.0,605.0,394.0,211.0,280.0,325.0,0.0,101.0,15.0,52.0,334.0,0.0,15.0,82.0,0,0,0,0,0,1,0,0,0,0,1,0,0,0,0,0,0,0,0,0,0,0,0,0,0,0,0,0,0,0,0,0,0,0,0,0,0,0,0,0.5934,0.54,0.4,
2019,centralia elementary,"Suburb, large",0.6296,0.537,0.7905,0.5959,0.6643,,0.9143,0.3636,0.7115,0.5032,,0.7308,0.7031,362.0,196.0,166.0,174.0,188.0,0.0,96.0,4.0,37.0,157.0,0.0,19.0,45.0,575.0,365.0,210.0,292.0,283.0,0.0,105.0,11.0,52.0,312.0,0.0,26.0,64.0,0,0,0,0,0,1,0,0,0,0,1,0,0,0,0,0,0,0,0,0,0,0,0,0,0,0,0,0,0,0,0,0,0,0,0,0,0,0,0,0.595,0.5934,0.54,0.4
2015,ceres unified,"Suburb, large",0.16,0.13,0.28,0.17,0.15,,0.35,0.2,,0.13,,,0.2,162.0,109.0,49.0,77.0,81.0,0.0,12.0,3.0,0.0,98.0,0.0,0.0,33.0,1011.0,835.0,176.0,476.0,535.0,5.0,34.0,15.0,10.0,758.0,8.0,7.0,174.0,0,0,0,0,0,1,0,0,1,0,1,1,0,0,0,0,0,0,0,0,0,0,0,0,0,0,0,0,0,0,0,0,0,0,0,0,0,0,0,,,,
2016,ceres unified,"Suburb, large",0.16,0.13,0.34,0.15,0.16,,0.37,0.18,,0.13,,0.17,0.24,176.0,125.0,45.0,81.0,101.0,0.0,19.0,2.0,0.0,114.0,0.0,2.0,31.0,1099.0,965.0,134.0,504.0,595.0,5.0,51.0,11.0,7.0,877.0,4.0,12.0,132.0,0,0,0,0,0,1,0,0,1,0,1,0,0,0,0,0,0,0,0,0,0,0,0,0,0,0,0,0,0,0,0,0,0,0,0,0,0,0,0,0.16,,,
2017,ceres unified,"Suburb, large",0.2313,0.2126,0.3418,0.2195,0.2439,,0.3636,0.0526,,0.2076,0.3571,,0.3273,253.0,199.0,54.0,124.0,129.0,0.0,16.0,1.0,0.0,174.0,5.0,0.0,54.0,1094.0,936.0,158.0,565.0,529.0,0.0,44.0,19.0,0.0,838.0,14.0,0.0,165.0,0,0,0,0,0,1,0,0,1,0,0,1,0,0,0,0,0,0,0,0,0,0,0,0,0,0,0,0,0,0,0,0,0,0,0,0,0,0,0,0.16,0.16,,
2018,ceres unified,"Suburb, large",0.2397,0.2114,0.3692,0.2192,0.2607,,0.4483,0.2143,0.4545,0.2159,0.4,,0.2614,261.0,189.0,72.0,121.0,140.0,0.0,26.0,3.0,5.0,179.0,6.0,0.0,40.0,1089.0,894.0,195.0,552.0,537.0,0.0,58.0,14.0,11.0,829.0,15.0,0.0,153.0,0,0,0,0,0,1,0,0,0,0,0,1,0,0,0,0,0,0,0,0,0,0,0,0,0,0,0,0,0,0,0,0,0,0,0,0,0,0,0,0.2313,0.16,0.16,
2019,ceres unified,"Suburb, large",0.28,0.2532,0.4101,0.2722,0.2873,,0.5,0.0455,,0.2597,,,0.3889,292.0,219.0,73.0,138.0,154.0,0.0,23.0,1.0,0.0,215.0,0.0,0.0,49.0,1045.0,867.0,178.0,509.0,536.0,0.0,46.0,23.0,6.0,828.0,5.0,7.0,127.0,0,0,0,0,0,1,0,0,1,0,1,1,0,0,0,0,0,0,0,0,0,0,0,0,0,0,0,0,0,0,0,0,0,0,0,0,0,0,0,0.2397,0.2313,0.16,0.16
2015,charter oak unified,"Suburb, large",0.37,0.29,0.4,0.32,0.42,,0.71,0.47,,0.27,,0.33,0.52,134.0,30.0,105.0,57.0,75.0,0.0,12.0,7.0,0.0,60.0,0.0,4.0,43.0,360.0,105.0,255.0,179.0,181.0,1.0,17.0,15.0,6.0,222.0,3.0,12.0,84.0,0,0,0,0,0,1,0,0,1,0,1,0,0,0,0,0,0,0,0,0,0,0,0,0,0,0,0,0,0,0,0,0,0,0,0,0,0,0,0,,,,
2016,charter oak unified,"Suburb, large",0.43,0.33,0.62,0.41,0.45,,0.67,,,0.35,,,0.56,140.0,68.0,72.0,66.0,74.0,,10.0,0.0,0.0,78.0,0.0,0.0,37.0,327.0,211.0,116.0,162.0,165.0,,15.0,6.0,9.0,222.0,1.0,8.0,66.0,0,0,0,0,0,1,0,1,1,0,1,1,0,0,0,0,0,0,1,0,0,0,0,0,0,0,0,0,0,0,0,1,0,0,0,0,0,0,0,0.37,,,
2017,charter oak unified,"Suburb, large",0.4129,0.3319,0.5507,0.4012,0.4229,,0.7895,,,0.355,,,0.5147,154.0,78.0,76.0,69.0,85.0,0.0,15.0,0.0,0.0,93.0,0.0,0.0,35.0,373.0,235.0,138.0,172.0,201.0,0.0,19.0,0.0,0.0,262.0,0.0,0.0,68.0,0,0,0,0,0,1,0,1,1,0,1,1,0,0,0,0,0,0,0,0,0,0,0,0,0,0,0,0,0,0,0,0,0,0,0,0,0,0,0,0.43,0.37,,
2018,charter oak unified,"Suburb, large",0.4799,0.398,0.6148,0.4321,0.528,,0.5909,0.3077,,0.4562,,,0.5,155.0,80.0,75.0,70.0,85.0,,13.0,4.0,0.0,99.0,0.0,0.0,26.0,323.0,201.0,122.0,162.0,161.0,,22.0,13.0,0.0,217.0,0.0,0.0,52.0,0,0,0,0,0,1,0,0,1,0,1,1,0,0,0,0,0,0,1,0,0,0,0,0,0,0,0,0,0,0,0,1,0,0,0,0,0,0,0,0.4129,0.43,0.37,
2019,charter oak unified,"Suburb, large",0.5333,0.4365,0.6642,0.5074,0.5531,,0.7692,,0.6429,0.4864,,0.75,0.625,168.0,79.0,89.0,69.0,99.0,0.0,10.0,0.0,9.0,107.0,,9.0,30.0,315.0,181.0,134.0,136.0,179.0,0.0,13.0,7.0,14.0,220.0,,12.0,48.0,0,0,0,0,0,1,0,1,0,0,1,0,0,0,0,0,0,0,0,0,0,0,0,1,0,0,0,0,0,0,0,0,0,0,0,0,1,0,0,0.4799,0.4129,0.43,0.37
2015,chatom union,"Rural, fringe",0.29,0.25,0.33,0.31,0.27,,,,,0.18,,,0.54,22.0,9.0,13.0,13.0,9.0,,,,0.0,9.0,,,13.0,75.0,36.0,39.0,42.0,33.0,,,,1.0,50.0,,,24.0,0,0,0,0,0,1,1,1,1,0,1,1,0,0,0,0,0,0,1,1,1,0,0,1,1,0,0,0,0,0,0,1,1,1,0,0,1,1,0,,,,
2016,chatom union,"Rural, fringe",0.25,0.22,0.36,0.2,0.32,,,,,0.21,,,0.4,14.0,10.0,4.0,7.0,7.0,,,0.0,,8.0,,0.0,6.0,57.0,46.0,11.0,35.0,22.0,,,1.0,,39.0,,1.0,15.0,0,0,0,0,0,1,1,1,1,0,1,1,0,0,0,0,0,0,1,1,0,1,0,1,0,0,0,0,0,0,0,1,1,0,1,0,1,0,0,0.29,,,
2017,chatom union,"Rural, fringe",0.2381,0.1837,0.4286,0.1613,0.3125,,,,,0.15,,,0.45,15.0,9.0,6.0,5.0,10.0,,,,,6.0,0.0,0.0,9.0,63.0,49.0,14.0,31.0,32.0,,,,,40.0,0.0,0.0,20.0,0,0,0,0,0,1,1,1,1,0,1,1,0,0,0,0,0,0,1,1,1,1,0,0,0,0,0,0,0,0,0,1,1,1,1,0,0,0,0,0.25,0.29,,
2018,chatom union,"Rural, fringe",0.4,0.3462,0.6154,0.2609,0.4762,,,,,0.3696,,,0.5,26.0,18.0,8.0,6.0,20.0,,,,,17.0,,0.0,9.0,65.0,52.0,13.0,23.0,42.0,,,,,46.0,,0.0,18.0,0,0,0,0,0,1,1,1,1,0,1,1,0,0,0,0,0,0,1,1,1,1,0,1,0,0,0,0,0,0,0,1,1,1,1,0,1,0,0,0.2381,0.25,0.29,
2019,chatom union,"Rural, fringe",0.3478,0.3448,0.3636,0.2353,0.4571,,,,,0.25,,,0.5,24.0,20.0,4.0,8.0,16.0,0.0,,,,10.0,,0.0,13.0,69.0,58.0,11.0,34.0,35.0,0.0,,,,40.0,,0.0,26.0,0,0,0,0,0,1,1,1,1,0,1,1,0,0,0,0,0,0,0,1,1,1,0,1,0,0,0,0,0,0,0,0,1,1,1,0,1,0,0,0.4,0.2381,0.25,0.29
2015,chawanakee unified,"Rural, distant",0.32,0.15,0.55,0.43,0.12,,,,,,,,0.44,15.0,4.0,11.0,13.0,2.0,0.0,,,,0.0,,0.0,12.0,47.0,27.0,20.0,30.0,17.0,8.0,,,,10.0,,2.0,27.0,0,0,0,0,0,1,1,1,1,1,1,1,0,0,0,0,0,0,0,1,1,1,0,1,0,0,0,0,0,0,0,0,1,1,1,0,1,0,0,,,,
2016,chawanakee unified,"Rural, distant",0.23,0.17,0.33,0.18,0.29,0.17,,,,0.18,,,0.26,14.0,7.0,7.0,6.0,8.0,2.0,,,,2.0,,0.0,10.0,63.0,41.0,22.0,34.0,29.0,12.0,,,,11.0,,1.0,39.0,0,0,0,0,0,0,1,1,1,0,1,1,0,0,0,0,0,0,0,1,1,1,0,1,0,0,0,0,0,0,0,0,1,1,1,0,1,0,0,0.32,,,
2017,chawanakee unified,"Rural, distant",0.3214,0.2286,0.4762,0.2308,0.4,,,,,,,,0.4,18.0,8.0,10.0,6.0,12.0,0.0,0.0,0.0,,0.0,,,16.0,56.0,35.0,21.0,26.0,30.0,0.0,0.0,0.0,,0.0,,,40.0,0,0,0,0,0,1,1,1,1,1,1,1,0,0,0,0,0,0,0,0,0,1,0,1,1,0,0,0,0,0,0,0,0,0,1,0,1,1,0,0.23,0.32,,
2018,chawanakee unified,"Rural, distant",0.2982,0.3243,0.25,0.3871,0.1923,,,,,0.3571,,,0.303,17.0,12.0,5.0,12.0,5.0,0.0,0.0,,,5.0,,0.0,10.0,57.0,37.0,20.0,31.0,26.0,0.0,0.0,,,14.0,,0.0,33.0,0,0,0,0,0,1,1,1,1,0,1,1,0,0,0,0,0,0,0,0,1,1,0,1,0,0,0,0,0,0,0,0,0,1,1,0,1,0,0,0.3214,0.23,0.32,
2019,chawanakee unified,"Rural, distant",0.1829,0.0476,0.325,0.1556,0.2162,0.0,,,,,,,0.193,15.0,2.0,13.0,7.0,8.0,0.0,0.0,,,0.0,,0.0,11.0,82.0,42.0,40.0,45.0,37.0,11.0,0.0,,,10.0,,0.0,57.0,0,0,0,0,0,0,1,1,1,1,1,1,0,0,0,0,0,0,0,0,1,1,0,1,0,0,0,0,0,0,0,0,0,1,1,0,1,0,0,0.2982,0.3214,0.23,0.32
2015,chicago park elementary,"Rural, fringe",0.41,,0.43,0.45,0.36,,,,,,,,0.46,9.0,0.0,6.0,5.0,4.0,0.0,,,,0.0,,0.0,6.0,22.0,8.0,14.0,11.0,11.0,1.0,,,,6.0,,2.0,13.0,0,1,0,0,0,1,1,1,1,1,1,1,0,0,0,0,0,0,0,1,1,1,0,1,0,0,0,0,0,0,0,0,1,1,1,0,1,0,0,,,,
2016,chicago park elementary,"Rural, fringe",0.5,,0.5,,,,,,,,,,0.47,10.0,0.0,8.0,0.0,0.0,,,,0.0,0.0,,0.0,7.0,20.0,4.0,16.0,10.0,10.0,,,,1.0,3.0,,1.0,15.0,0,1,0,1,1,1,1,1,1,1,1,1,0,0,0,0,0,0,1,1,1,0,0,1,0,0,0,0,0,0,0,1,1,1,0,0,1,0,0,0.41,,,
2017,chicago park elementary,"Rural, fringe",0.3529,,,,0.4167,,,,,,,,0.4286,6.0,0.0,0.0,0.0,5.0,,0.0,,,0.0,,,6.0,17.0,0.0,0.0,0.0,12.0,,0.0,,,0.0,,,14.0,0,1,1,1,0,1,1,1,1,1,1,1,0,0,0,0,0,0,1,0,1,1,0,1,1,0,0,0,0,0,0,1,0,1,1,0,1,1,0,0.5,0.41,,
2018,chicago park elementary,"Rural, fringe",0.3684,,,,0.4167,,,,,,,,0.375,7.0,0.0,0.0,0.0,5.0,,,,,0.0,,,6.0,19.0,0.0,0.0,0.0,12.0,,,,,0.0,,,16.0,0,1,1,1,0,1,1,1,1,1,1,1,0,0,0,0,0,0,1,1,1,1,0,1,1,0,0,0,0,0,0,1,1,1,1,0,1,1,0,0.3529,0.5,0.41,
2019,chicago park elementary,"Rural, fringe",0.619,0.5385,,0.6364,,,,,,,,,0.6667,13.0,7.0,0.0,7.0,0.0,0.0,,,,0.0,,0.0,10.0,21.0,13.0,8.0,11.0,10.0,0.0,,,,0.0,,0.0,15.0,0,0,1,0,1,1,1,1,1,1,1,1,0,0,0,0,0,0,0,1,1,1,0,1,0,0,0,0,0,0,0,0,1,1,1,0,1,0,0,0.3684,0.3529,0.5,0.41
2015,chico unified,"City, small",0.41,0.26,0.58,0.38,0.45,0.21,0.36,0.23,,0.29,,0.42,0.5,321.0,103.0,211.0,144.0,174.0,4.0,16.0,6.0,0.0,55.0,0.0,10.0,223.0,764.0,393.0,371.0,378.0,386.0,19.0,44.0,26.0,5.0,196.0,2.0,24.0,446.0,0,0,0,0,0,0,0,0,1,0,1,0,0,0,0,0,0,0,0,0,0,0,0,0,0,0,0,0,0,0,0,0,0,0,0,0,0,0,0,,,,
2016,chico unified,"City, small",0.47,0.32,0.62,0.43,0.51,,0.39,0.29,,0.34,,0.38,0.55,398.0,134.0,271.0,176.0,223.0,0.0,21.0,5.0,0.0,81.0,0.0,13.0,272.0,847.0,418.0,429.0,410.0,437.0,8.0,55.0,17.0,5.0,238.0,2.0,34.0,485.0,0,0,0,0,0,1,0,0,1,0,1,0,0,0,0,0,0,0,0,0,0,0,0,0,0,0,0,0,0,0,0,0,0,0,0,0,0,0,0,0.41,,,
2017,chico unified,"City, small",0.4943,0.3449,0.6378,0.4766,0.511,0.25,0.3913,0.4167,,0.3543,,0.5667,0.5827,436.0,149.0,287.0,204.0,232.0,4.0,18.0,10.0,0.0,90.0,0.0,17.0,289.0,882.0,432.0,450.0,428.0,454.0,16.0,46.0,24.0,0.0,254.0,0.0,30.0,496.0,0,0,0,0,0,0,0,0,1,0,1,0,0,0,0,0,0,0,0,0,0,0,0,0,0,0,0,0,0,0,0,0,0,0,0,0,0,0,0,0.47,0.41,,
2018,chico unified,"City, small",0.5013,0.3302,0.6995,0.4703,0.5286,0.25,0.4222,0.3529,,0.3767,,0.4082,0.5972,396.0,140.0,256.0,174.0,222.0,3.0,19.0,6.0,0.0,84.0,0.0,20.0,255.0,790.0,424.0,366.0,370.0,420.0,12.0,45.0,17.0,0.0,223.0,0.0,49.0,427.0,0,0,0,0,0,0,0,0,1,0,1,0,0,0,0,0,0,0,0,0,0,0,0,0,0,0,0,0,0,0,0,0,0,0,0,0,0,0,0,0.4943,0.47,0.41,
2019,chico unified,"City, small",0.491,0.3642,0.6601,0.4407,0.535,,0.4865,0.3125,,0.3868,,0.4151,0.5535,408.0,173.0,235.0,171.0,237.0,0.0,18.0,5.0,0.0,82.0,0.0,22.0,264.0,831.0,475.0,356.0,388.0,443.0,7.0,37.0,16.0,8.0,212.0,5.0,53.0,477.0,0,0,0,0,0,1,0,0,1,0,1,0,0,0,0,0,0,0,0,0,0,0,0,0,0,0,0,0,0,0,0,0,0,0,0,0,0,0,0,0.5013,0.4943,0.47,0.41
2015,chino valley unified,"Suburb, large",0.47,0.31,0.61,0.47,0.46,,0.82,0.45,0.67,0.32,,0.75,0.56,951.0,310.0,651.0,477.0,485.0,0.0,254.0,27.0,69.0,384.0,0.0,33.0,197.0,2069.0,1002.0,1067.0,1014.0,1055.0,3.0,306.0,60.0,103.0,1200.0,2.0,44.0,351.0,0,0,0,0,0,1,0,0,0,0,1,0,0,0,0,0,0,0,0,0,0,0,0,0,0,0,0,0,0,0,0,0,0,0,0,0,0,0,0,,,,
2016,chino valley unified,"Suburb, large",0.48,0.33,0.66,0.45,0.51,,0.85,0.3,0.82,0.35,,0.64,0.58,998.0,387.0,621.0,464.0,535.0,0.0,238.0,16.0,79.0,438.0,0.0,25.0,201.0,2080.0,1139.0,941.0,1032.0,1048.0,1.0,284.0,53.0,96.0,1250.0,5.0,39.0,347.0,0,0,0,0,0,1,0,0,0,0,1,0,0,0,0,0,0,0,0,0,0,0,0,0,0,0,0,0,0,0,0,0,0,0,0,0,0,0,0,0.47,,,
2017,chino valley unified,"Suburb, large",0.4897,0.3454,0.643,0.4635,0.5157,,0.8436,0.2698,0.7561,0.359,,0.6522,0.5764,1024.0,372.0,652.0,483.0,541.0,0.0,275.0,17.0,62.0,438.0,0.0,30.0,200.0,2091.0,1077.0,1014.0,1042.0,1049.0,0.0,326.0,63.0,82.0,1220.0,0.0,46.0,347.0,0,0,0,0,0,1,0,0,0,0,1,0,0,0,0,0,0,0,0,0,0,0,0,0,0,0,0,0,0,0,0,0,0,0,0,0,0,0,0,0.48,0.47,,
2018,chino valley unified,"Suburb, large",0.5012,0.3659,0.6474,0.4984,0.5037,,0.8049,0.3492,0.7284,0.3627,,0.7174,0.5903,1008.0,382.0,626.0,467.0,541.0,,293.0,22.0,59.0,412.0,0.0,33.0,183.0,2012.0,1045.0,967.0,937.0,1075.0,,364.0,63.0,81.0,1136.0,0.0,47.0,310.0,0,0,0,0,0,1,0,0,0,0,1,0,0,0,0,0,0,0,1,0,0,0,0,0,0,0,0,0,0,0,0,1,0,0,0,0,0,0,0,0.4897,0.48,0.47,
2019,chino valley unified,"Suburb, large",0.5165,0.3783,0.6428,0.4979,0.5339,,0.8244,0.3226,0.7654,0.3913,,0.6744,0.5752,1035.0,362.0,673.0,484.0,551.0,0.0,291.0,20.0,62.0,448.0,0.0,29.0,176.0,2004.0,957.0,1047.0,972.0,1032.0,0.0,353.0,62.0,81.0,1145.0,8.0,43.0,306.0,0,0,0,0,0,1,0,0,0,0,1,0,0,0,0,0,0,0,0,0,0,0,0,0,0,0,0,0,0,0,0,0,0,0,0,0,0,0,0,0.5012,0.4897,0.48,0.47
2015,chowchilla elementary,"Town, distant",0.17,0.16,0.25,0.17,0.18,,,,,0.17,,,0.21,37.0,32.0,6.0,18.0,20.0,,0.0,0.0,0.0,26.0,,0.0,11.0,221.0,197.0,24.0,107.0,114.0,,7.0,9.0,1.0,150.0,,1.0,53.0,0,0,0,0,0,1,1,1,1,0,1,1,0,0,0,0,0,0,1,0,0,0,0,1,0,0,0,0,0,0,0,1,0,0,0,0,1,0,0,,,,
2016,chowchilla elementary,"Town, distant",0.17,0.16,0.24,0.16,0.19,,,,,0.15,,,0.21,43.0,32.0,9.0,19.0,23.0,,0.0,0.0,,24.0,,0.0,16.0,241.0,204.0,37.0,118.0,123.0,,2.0,2.0,,157.0,,4.0,76.0,0,0,0,0,0,1,1,1,1,0,1,1,0,0,0,0,0,0,1,0,0,1,0,1,0,0,0,0,0,0,0,1,0,0,1,0,1,0,0,0.17,,,
2017,chowchilla elementary,"Town, distant",0.1976,0.1608,0.3333,0.1452,0.2481,,,,,0.1384,,,0.3205,50.0,32.0,18.0,18.0,32.0,,0.0,0.0,,22.0,,0.0,25.0,253.0,199.0,54.0,124.0,129.0,,0.0,0.0,,159.0,,0.0,78.0,0,0,0,0,0,1,1,1,1,0,1,1,0,0,0,0,0,0,1,0,0,1,0,1,0,0,0,0,0,0,0,1,0,0,1,0,1,0,0,0.17,0.17,,
2018,chowchilla elementary,"Town, distant",0.2353,0.1943,0.4318,0.246,0.2248,,,,,0.2086,,,0.2817,60.0,41.0,19.0,31.0,29.0,0.0,0.0,0.0,0.0,34.0,0.0,0.0,20.0,255.0,211.0,44.0,126.0,129.0,0.0,0.0,0.0,0.0,163.0,0.0,0.0,71.0,0,0,0,0,0,1,1,1,1,0,1,1,0,0,0,0,0,0,0,0,0,0,0,0,0,0,0,0,0,0,0,0,0,0,0,0,0,0,0,0.1976,0.17,0.17,
2019,chowchilla elementary,"Town, distant",0.2632,0.2234,0.45,0.2288,0.3,,,,,0.2403,,,0.3333,60.0,42.0,18.0,27.0,33.0,0.0,0.0,0.0,,37.0,0.0,0.0,19.0,228.0,188.0,40.0,118.0,110.0,0.0,5.0,5.0,,154.0,0.0,5.0,57.0,0,0,0,0,0,1,1,1,1,0,1,1,0,0,0,0,0,0,0,0,0,1,0,0,0,0,0,0,0,0,0,0,0,0,1,0,0,0,0,0.2353,0.1976,0.17,0.17
2015,chualar union,"Rural, distant",0.23,0.23,,0.36,0.06,,,,,0.23,,,,9.0,9.0,,8.0,1.0,,,,,9.0,,,,40.0,40.0,,22.0,18.0,,,,,40.0,,,,0,0,1,0,0,1,1,1,1,0,1,1,1,0,0,1,0,0,1,1,1,1,0,1,1,1,0,0,1,0,0,1,1,1,1,0,1,1,1,,,,
2016,chualar union,"Rural, distant",0.22,0.19,,,0.15,,,,,0.2,,,,8.0,6.0,0.0,0.0,4.0,,,,,7.0,,,0.0,37.0,32.0,5.0,10.0,27.0,,,,,35.0,,,2.0,0,0,1,1,0,1,1,1,1,0,1,1,1,0,0,0,0,0,1,1,1,1,0,1,1,0,0,0,0,0,0,1,1,1,1,0,1,1,0,0.23,,,
2017,chualar union,"Rural, distant",0.303,0.3333,,0.4118,0.1875,,,,,0.303,,,,10.0,10.0,0.0,7.0,3.0,,,,,10.0,,,,33.0,30.0,0.0,17.0,16.0,,,,,33.0,,,,0,0,1,0,0,1,1,1,1,0,1,1,1,0,0,0,0,0,1,1,1,1,0,1,1,1,0,0,0,0,0,1,1,1,1,0,1,1,1,0.22,0.23,,
2018,chualar union,"Rural, distant",0.303,0.2414,,0.3333,0.2778,,,,,0.303,,,,10.0,7.0,0.0,5.0,5.0,,,,,10.0,,,,33.0,29.0,0.0,15.0,18.0,,,,,33.0,,,,0,0,1,0,0,1,1,1,1,0,1,1,1,0,0,0,0,0,1,1,1,1,0,1,1,1,0,0,0,0,0,1,1,1,1,0,1,1,1,0.303,0.22,0.23,
2019,chualar union,"Rural, distant",0.5135,0.5143,,0.4,0.5909,,,,,0.5278,,,,19.0,18.0,0.0,6.0,13.0,,,,,19.0,,,0.0,37.0,35.0,0.0,15.0,22.0,,,,,36.0,,,0.0,0,0,1,0,0,1,1,1,1,0,1,1,1,0,0,0,0,0,1,1,1,1,0,1,1,0,0,0,0,0,0,1,1,1,1,0,1,1,0,0.303,0.303,0.22,0.23
2015,chula vista elementary,"Suburb, large",0.42,0.3,0.54,0.4,0.44,,0.64,0.2,0.68,0.35,0.4,0.59,0.56,1453.0,526.0,923.0,668.0,770.0,0.0,58.0,24.0,241.0,824.0,6.0,76.0,217.0,3460.0,1752.0,1708.0,1670.0,1790.0,7.0,90.0,119.0,355.0,2354.0,15.0,128.0,388.0,0,0,0,0,0,1,0,0,0,0,0,0,0,0,0,0,0,0,0,0,0,0,0,0,0,0,0,0,0,0,0,0,0,0,0,0,0,0,0,,,,
2016,chula vista elementary,"Suburb, large",0.49,0.38,0.61,0.49,0.49,,0.68,0.42,0.72,0.42,0.45,0.69,0.59,1730.0,691.0,1027.0,850.0,880.0,0.0,58.0,54.0,264.0,998.0,10.0,89.0,240.0,3530.0,1819.0,1711.0,1734.0,1796.0,2.0,85.0,131.0,368.0,2376.0,23.0,131.0,406.0,0,0,0,0,0,1,0,0,0,0,0,0,0,0,0,0,0,0,0,0,0,0,0,0,0,0,0,0,0,0,0,0,0,0,0,0,0,0,0,0.42,,,
2017,chula vista elementary,"Suburb, large",0.5167,0.3632,0.6698,0.4804,0.5526,,0.8488,0.4508,0.7221,0.4362,0.5714,0.7132,0.6527,1672.0,587.0,1085.0,774.0,898.0,0.0,73.0,55.0,252.0,930.0,12.0,92.0,250.0,3236.0,1616.0,1620.0,1611.0,1625.0,0.0,86.0,122.0,349.0,2132.0,21.0,129.0,383.0,0,0,0,0,0,1,0,0,0,0,0,0,0,0,0,0,0,0,0,0,0,0,0,0,0,0,0,0,0,0,0,0,0,0,0,0,0,0,0,0.49,0.42,,
2018,chula vista elementary,"Suburb, large",0.5332,0.402,0.6826,0.5245,0.5417,,0.7805,0.4855,0.7739,0.4568,0.5714,0.7043,0.6449,1696.0,681.0,1015.0,825.0,871.0,0.0,64.0,67.0,267.0,957.0,8.0,81.0,247.0,3182.0,1695.0,1487.0,1573.0,1609.0,0.0,82.0,138.0,345.0,2096.0,14.0,115.0,383.0,0,0,0,0,0,1,0,0,0,0,0,0,0,0,0,0,0,0,0,0,0,0,0,0,0,0,0,0,0,0,0,0,0,0,0,0,0,0,0,0.5167,0.49,0.42,
2019,chula vista elementary,"Suburb, large",0.5444,0.4245,0.6834,0.5319,0.5558,,0.8312,0.4375,0.7918,0.4763,,0.7188,0.6195,1686.0,706.0,980.0,784.0,902.0,0.0,64.0,42.0,251.0,1004.0,0.0,92.0,210.0,3098.0,1664.0,1434.0,1475.0,1623.0,7.0,77.0,96.0,317.0,2108.0,8.0,128.0,340.0,0,0,0,0,0,1,0,0,0,0,1,0,0,0,0,0,0,0,0,0,0,0,0,0,0,0,0,0,0,0,0,0,0,0,0,0,0,0,0,0.5332,0.5167,0.49,0.42
2015,cinnabar elementary,"Suburb, small",0.39,0.39,,0.46,0.33,,,,,0.33,,,,11.0,7.0,0.0,6.0,5.0,,,,,6.0,,,0.0,28.0,18.0,10.0,13.0,15.0,,,,,18.0,,,10.0,0,0,1,0,0,1,1,1,1,0,1,1,1,0,0,0,0,0,1,1,1,1,0,1,1,0,0,0,0,0,0,1,1,1,1,0,1,1,0,,,,
2016,cinnabar elementary,"Suburb, small",0.35,0.24,,,0.43,,,,,0.2,,,,8.0,4.0,0.0,0.0,6.0,,,,,3.0,,0.0,0.0,23.0,17.0,6.0,9.0,14.0,,,,,15.0,,1.0,7.0,0,0,1,1,0,1,1,1,1,0,1,1,1,0,0,0,0,0,1,1,1,1,0,1,0,0,0,0,0,0,0,1,1,1,1,0,1,0,0,0.39,,,
2017,cinnabar elementary,"Suburb, small",0.3846,0.3478,,0.3529,,,,,,0.3158,,,,10.0,8.0,0.0,6.0,0.0,,,0.0,,6.0,0.0,0.0,0.0,26.0,23.0,0.0,17.0,0.0,,,0.0,,19.0,0.0,0.0,0.0,0,0,1,0,1,1,1,1,1,0,1,1,1,0,0,0,0,0,1,1,0,1,0,0,0,0,0,0,0,0,0,1,1,0,1,0,0,0,0,0.35,0.39,,
2018,cinnabar elementary,"Suburb, small",0.5,0.5385,0.4667,0.6429,0.3571,,,,,0.4545,,,,14.0,7.0,7.0,9.0,5.0,,,,,10.0,,,0.0,28.0,13.0,15.0,14.0,14.0,,,,,22.0,,,0.0,0,0,0,0,0,1,1,1,1,0,1,1,1,0,0,0,0,0,1,1,1,1,0,1,1,0,0,0,0,0,0,1,1,1,1,0,1,1,0,0.3846,0.35,0.39,
2019,cinnabar elementary,"Suburb, small",0.325,0.3077,0.3333,0.4286,0.2105,,,,,0.2308,,,0.5455,13.0,4.0,9.0,9.0,4.0,,,0.0,,6.0,0.0,0.0,6.0,40.0,13.0,27.0,21.0,19.0,,,0.0,,26.0,0.0,0.0,11.0,0,0,0,0,0,1,1,1,1,0,1,1,0,0,0,0,0,0,1,1,0,1,0,0,0,0,0,0,0,0,0,1,1,0,1,0,0,0,0,0.5,0.3846,0.35,0.39
2015,claremont unified,"Suburb, large",0.42,0.24,0.52,0.39,0.46,,0.76,0.12,,0.3,,0.55,0.5,198.0,40.0,159.0,96.0,104.0,,26.0,3.0,0.0,55.0,,17.0,92.0,472.0,167.0,305.0,247.0,225.0,,34.0,26.0,7.0,183.0,,31.0,187.0,0,0,0,0,0,1,0,0,1,0,1,0,0,0,0,0,0,0,1,0,0,0,0,1,0,0,0,0,0,0,0,1,0,0,0,0,1,0,0,,,,
2016,claremont unified,"Suburb, large",0.45,0.29,0.56,0.42,0.48,,0.74,0.29,,0.36,,0.66,0.49,228.0,60.0,168.0,100.0,126.0,0.0,25.0,10.0,0.0,69.0,0.0,23.0,92.0,506.0,207.0,299.0,239.0,267.0,2.0,34.0,34.0,10.0,194.0,1.0,35.0,188.0,0,0,0,0,0,1,0,0,1,0,1,0,0,0,0,0,0,0,0,0,0,0,0,0,0,0,0,0,0,0,0,0,0,0,0,0,0,0,0,0.42,,,
2017,claremont unified,"Suburb, large",0.507,0.3611,0.5899,0.4774,0.5354,,0.7451,0.2105,,0.3399,,0.6,0.6304,252.0,65.0,187.0,116.0,136.0,0.0,38.0,4.0,0.0,69.0,,15.0,116.0,498.0,181.0,317.0,244.0,254.0,0.0,51.0,19.0,0.0,204.0,,25.0,184.0,0,0,0,0,0,1,0,0,1,0,1,0,0,0,0,0,0,0,0,0,0,0,0,1,0,0,0,0,0,0,0,0,0,0,0,0,1,0,0,0.45,0.42,,
2018,claremont unified,"Suburb, large",0.5688,0.3885,0.6678,0.5215,0.6111,,0.8333,0.5882,,0.4541,,0.6957,0.619,268.0,64.0,205.0,117.0,151.0,,43.0,10.0,0.0,92.0,0.0,18.0,100.0,471.0,164.0,307.0,224.0,247.0,,51.0,18.0,0.0,204.0,0.0,25.0,161.0,0,0,0,0,0,1,0,0,1,0,1,0,0,0,0,0,0,0,1,0,0,0,0,0,0,0,0,0,0,0,0,1,0,0,0,0,0,0,0,0.507,0.45,0.42,
2019,claremont unified,"Suburb, large",0.5506,0.4259,0.6219,0.4878,0.6042,,0.7778,0.2632,,0.4205,,0.7179,0.6667,245.0,69.0,176.0,100.0,145.0,0.0,35.0,5.0,0.0,82.0,0.0,28.0,86.0,445.0,162.0,283.0,205.0,240.0,0.0,45.0,19.0,10.0,195.0,0.0,39.0,129.0,0,0,0,0,0,1,0,0,1,0,1,0,0,0,0,0,0,0,0,0,0,0,0,0,0,0,0,0,0,0,0,0,0,0,0,0,0,0,0,0.5688,0.507,0.45,0.42
2015,clay joint elementary,"Rural, fringe",0.55,,0.65,0.53,0.57,,,,,,,,0.55,16.0,0.0,13.0,8.0,8.0,,0.0,,,0.0,,0.0,11.0,29.0,9.0,20.0,15.0,14.0,,1.0,,,6.0,,2.0,20.0,0,1,0,0,0,1,1,1,1,1,1,1,0,0,0,0,0,0,1,0,1,1,0,1,0,0,0,0,0,0,0,1,0,1,1,0,1,0,0,,,,
2016,clay joint elementary,"Rural, fringe",0.79,,0.84,0.85,0.73,,,,,,,,1.0,22.0,0.0,16.0,11.0,11.0,,0.0,,,0.0,,,15.0,28.0,9.0,19.0,13.0,15.0,,2.0,,,10.0,,,15.0,0,1,0,0,0,1,1,1,1,1,1,1,0,0,0,0,0,0,1,0,1,1,0,1,1,0,0,0,0,0,0,1,0,1,1,0,1,1,0,0.55,,,
2017,clay joint elementary,"Rural, fringe",0.7333,,0.7692,0.6,0.8667,,,,,,,,0.7727,22.0,0.0,20.0,9.0,13.0,,0.0,,,0.0,,0.0,17.0,30.0,0.0,26.0,15.0,15.0,,0.0,,,0.0,,0.0,22.0,0,1,0,0,0,1,1,1,1,1,1,1,0,0,0,0,0,0,1,0,1,1,0,1,0,0,0,0,0,0,0,1,0,1,1,0,1,0,0,0.79,0.55,,
2018,clay joint elementary,"Rural, fringe",0.7813,,0.8462,0.6429,0.8889,,,,,0.5,,,0.95,25.0,0.0,22.0,9.0,16.0,,,,,6.0,,,19.0,32.0,0.0,26.0,14.0,18.0,,,,,12.0,,,20.0,0,1,0,0,0,1,1,1,1,0,1,1,0,0,0,0,0,0,1,1,1,1,0,1,1,0,0,0,0,0,0,1,1,1,1,0,1,1,0,0.7333,0.79,0.55,
2019,clay joint elementary,"Rural, fringe",0.6552,,0.68,0.5294,0.8333,,,,,,,,0.8125,19.0,0.0,17.0,9.0,10.0,,0.0,,,0.0,,0.0,13.0,29.0,4.0,25.0,17.0,12.0,,0.0,,,5.0,,0.0,16.0,0,1,0,0,0,1,1,1,1,1,1,1,0,0,0,0,0,0,1,0,1,1,0,1,0,0,0,0,0,0,0,1,0,1,1,0,1,0,0,0.7813,0.7333,0.79,0.55
2015,clear creek elementary,"Rural, distant",0.54,,,,,,,,,,,,,7.0,0.0,0.0,0.0,0.0,,,,,0.0,,0.0,0.0,13.0,6.0,7.0,5.0,8.0,,,,,2.0,,2.0,9.0,0,1,1,1,1,1,1,1,1,1,1,1,1,0,0,0,0,0,1,1,1,1,0,1,0,0,0,0,0,0,0,1,1,1,1,0,1,0,0,,,,
2016,clear creek elementary,"Rural, distant",0.59,,0.62,0.62,,,,,,,,,0.68,13.0,0.0,8.0,8.0,0.0,,,,,0.0,,0.0,13.0,22.0,9.0,13.0,13.0,9.0,,,,,2.0,,1.0,19.0,0,1,0,0,1,1,1,1,1,1,1,1,0,0,0,0,0,0,1,1,1,1,0,1,0,0,0,0,0,0,0,1,1,1,1,0,1,0,0,0.54,,,
2017,clear creek elementary,"Rural, distant",0.8571,,0.9286,,0.75,,,,,,,,0.8824,18.0,0.0,13.0,0.0,9.0,,,,,0.0,,0.0,15.0,21.0,0.0,14.0,0.0,12.0,,,,,0.0,,0.0,17.0,0,1,0,1,0,1,1,1,1,1,1,1,0,0,0,0,0,0,1,1,1,1,0,1,0,0,0,0,0,0,0,1,1,1,1,0,1,0,0,0.59,0.54,,
2018,clear creek elementary,"Rural, distant",0.45,,0.5,,0.5,,,,,,,,0.45,9.0,0.0,6.0,0.0,6.0,,,,,,,,9.0,20.0,0.0,12.0,0.0,12.0,,,,,,,,20.0,0,1,0,1,0,1,1,1,1,1,1,1,0,0,0,0,0,0,1,1,1,1,1,1,1,0,0,0,0,0,0,1,1,1,1,1,1,1,0,0.8571,0.59,0.54,
2019,clear creek elementary,"Rural, distant",0.3333,,0.25,,,,,,,,,,0.3529,6.0,0.0,3.0,0.0,0.0,,,,0.0,,,,6.0,18.0,6.0,12.0,9.0,9.0,,,,0.0,,,,17.0,0,1,0,1,1,1,1,1,1,1,1,1,0,0,0,0,0,0,1,1,1,0,1,1,1,0,0,0,0,0,0,1,1,1,0,1,1,1,0,0.45,0.8571,0.59,0.54
2015,cloverdale unified,"Town, fringe",0.29,0.2,0.47,0.34,0.24,,,,,0.16,,,0.51,29.0,14.0,15.0,16.0,13.0,0.0,,,,10.0,,0.0,18.0,101.0,69.0,32.0,47.0,54.0,2.0,,,,62.0,,2.0,35.0,0,0,0,0,0,1,1,1,1,0,1,1,0,0,0,0,0,0,0,1,1,1,0,1,0,0,0,0,0,0,0,0,1,1,1,0,1,0,0,,,,
2016,cloverdale unified,"Town, fringe",0.38,0.31,0.47,0.35,0.4,,,,,0.31,,,0.44,42.0,19.0,23.0,17.0,25.0,0.0,,,,17.0,,0.0,22.0,111.0,62.0,49.0,49.0,62.0,3.0,,,,54.0,,4.0,50.0,0,0,0,0,0,1,1,1,1,0,1,1,0,0,0,0,0,0,0,1,1,1,0,1,0,0,0,0,0,0,0,0,1,1,1,0,1,0,0,0.29,,,
2017,cloverdale unified,"Town, fringe",0.4037,0.2794,0.6098,0.4074,0.4,,,,,0.3091,,,0.5,44.0,19.0,25.0,22.0,22.0,0.0,,,,17.0,,0.0,24.0,109.0,68.0,41.0,54.0,55.0,0.0,,,,55.0,,0.0,48.0,0,0,0,0,0,1,1,1,1,0,1,1,0,0,0,0,0,0,0,1,1,1,0,1,0,0,0,0,0,0,0,0,1,1,1,0,1,0,0,0.38,0.29,,
2018,cloverdale unified,"Town, fringe",0.4636,0.4103,0.5938,0.5,0.4412,,,,,0.3231,,,0.697,51.0,32.0,19.0,21.0,30.0,0.0,0.0,0.0,,21.0,,0.0,23.0,110.0,78.0,32.0,42.0,68.0,0.0,0.0,0.0,,65.0,,0.0,33.0,0,0,0,0,0,1,1,1,1,0,1,1,0,0,0,0,0,0,0,0,0,1,0,1,0,0,0,0,0,0,0,0,0,0,1,0,1,0,0,0.4037,0.38,0.29,
2019,cloverdale unified,"Town, fringe",0.4087,0.3239,0.5455,0.4068,0.4107,,,,,0.2836,,,0.6216,47.0,23.0,24.0,24.0,23.0,0.0,0.0,,,19.0,,0.0,23.0,115.0,71.0,44.0,59.0,56.0,4.0,0.0,,,67.0,,5.0,37.0,0,0,0,0,0,1,1,1,1,0,1,1,0,0,0,0,0,0,0,0,1,1,0,1,0,0,0,0,0,0,0,0,0,1,1,0,1,0,0,0.4636,0.4037,0.38,0.29
2015,clovis unified,"Suburb, large",0.51,0.35,0.63,0.5,0.51,0.15,0.54,0.33,0.77,0.39,,0.67,0.59,1516.0,483.0,1027.0,734.0,782.0,3.0,213.0,35.0,67.0,432.0,0.0,67.0,694.0,2973.0,1342.0,1631.0,1469.0,1504.0,20.0,387.0,105.0,87.0,1107.0,10.0,100.0,1156.0,0,0,0,0,0,0,0,0,0,0,1,0,0,0,0,0,0,0,0,0,0,0,0,0,0,0,0,0,0,0,0,0,0,0,0,0,0,0,0,,,,
2016,clovis unified,"Suburb, large",0.56,0.42,0.69,0.55,0.58,0.43,0.61,0.48,0.81,0.46,,0.67,0.63,1764.0,622.0,1152.0,860.0,921.0,9.0,242.0,49.0,51.0,551.0,0.0,70.0,792.0,3151.0,1482.0,1669.0,1563.0,1588.0,21.0,396.0,103.0,63.0,1198.0,7.0,105.0,1258.0,0,0,0,0,0,0,0,0,0,0,1,0,0,0,0,0,0,0,0,0,0,0,0,0,0,0,0,0,0,0,0,0,0,0,0,0,0,0,0,0.51,,,
2017,clovis unified,"Suburb, large",0.6152,0.4803,0.717,0.6142,0.616,0.3333,0.699,0.3846,0.8462,0.5241,,0.7353,0.6775,1923.0,646.0,1277.0,925.0,998.0,6.0,288.0,40.0,55.0,621.0,0.0,75.0,836.0,3126.0,1345.0,1781.0,1506.0,1620.0,18.0,412.0,104.0,65.0,1185.0,0.0,102.0,1234.0,0,0,0,0,0,0,0,0,0,0,1,0,0,0,0,0,0,0,0,0,0,0,0,0,0,0,0,0,0,0,0,0,0,0,0,0,0,0,0,0.56,0.51,,
2018,clovis unified,"Suburb, large",0.6105,0.4427,0.7362,0.5923,0.627,0.5,0.6516,0.3663,0.8276,0.5097,0.5455,0.6857,0.7007,1890.0,587.0,1303.0,873.0,1017.0,8.0,273.0,37.0,48.0,603.0,6.0,72.0,843.0,3097.0,1327.0,1770.0,1474.0,1623.0,16.0,419.0,101.0,58.0,1183.0,11.0,105.0,1204.0,0,0,0,0,0,0,0,0,0,0,0,0,0,0,0,0,0,0,0,0,0,0,0,0,0,0,0,0,0,0,0,0,0,0,0,0,0,0,0,0.6152,0.56,0.51,
2019,clovis unified,"Suburb, large",0.619,0.4969,0.7305,0.6087,0.6297,0.56,0.6667,0.4886,0.8095,0.5213,,0.6909,0.7044,1911.0,732.0,1179.0,952.0,959.0,14.0,290.0,43.0,51.0,648.0,0.0,76.0,784.0,3088.0,1473.0,1615.0,1564.0,1524.0,25.0,435.0,88.0,63.0,1243.0,9.0,110.0,1114.0,0,0,0,0,0,0,0,0,0,0,1,0,0,0,0,0,0,0,0,0,0,0,0,0,0,0,0,0,0,0,0,0,0,0,0,0,0,0,0,0.6105,0.6152,0.56,0.51
2015,coachella valley unified,"Rural, fringe",0.12,0.11,0.22,0.11,0.12,,,,,0.12,,,0.21,193.0,167.0,18.0,83.0,102.0,0.0,,0.0,,188.0,,0.0,3.0,1605.0,1523.0,82.0,758.0,847.0,8.0,,3.0,,1568.0,,1.0,15.0,0,0,0,0,0,1,1,1,1,0,1,1,0,0,0,0,0,0,0,1,0,1,0,1,0,0,0,0,0,0,0,0,1,0,1,0,1,0,0,,,,
2016,coachella valley unified,"Rural, fringe",0.14,0.13,0.35,0.12,0.16,0.13,,,,0.14,,,0.18,227.0,185.0,27.0,95.0,133.0,2.0,,0.0,,221.0,,0.0,2.0,1619.0,1541.0,78.0,786.0,833.0,15.0,,2.0,,1583.0,,3.0,11.0,0,0,0,0,0,0,1,1,1,0,1,1,0,0,0,0,0,0,0,1,0,1,0,1,0,0,0,0,0,0,0,0,1,0,1,0,1,0,0,0.12,,,
2017,coachella valley unified,"Rural, fringe",0.1932,0.1876,0.2796,0.1692,0.2156,,,,,0.1928,,,0.2667,292.0,266.0,26.0,123.0,169.0,0.0,0.0,0.0,,285.0,,0.0,4.0,1512.0,1419.0,93.0,728.0,784.0,0.0,0.0,0.0,,1479.0,,0.0,15.0,0,0,0,0,0,1,1,1,1,0,1,1,0,0,0,0,0,0,0,0,0,1,0,1,0,0,0,0,0,0,0,0,0,0,1,0,1,0,0,0.14,0.12,,
2018,coachella valley unified,"Rural, fringe",0.2349,0.2177,0.4783,0.2387,0.2315,,,,,0.2345,,,,327.0,283.0,44.0,158.0,169.0,0.0,0.0,0.0,,321.0,0.0,0.0,0.0,1392.0,1300.0,92.0,662.0,730.0,0.0,0.0,0.0,,1369.0,0.0,0.0,0.0,0,0,0,0,0,1,1,1,1,0,1,1,1,0,0,0,0,0,0,0,0,1,0,0,0,0,0,0,0,0,0,0,0,0,1,0,0,0,0,0.1932,0.14,0.12,
2019,coachella valley unified,"Rural, fringe",0.237,0.2249,0.3918,0.2093,0.2626,,,,,0.2384,,,,318.0,280.0,38.0,135.0,183.0,0.0,0.0,,,314.0,,0.0,0.0,1343.0,1246.0,97.0,645.0,698.0,5.0,0.0,,,1318.0,,0.0,10.0,0,0,0,0,0,1,1,1,1,0,1,1,1,0,0,0,0,0,0,0,1,1,0,1,0,0,0,0,0,0,0,0,0,1,1,0,1,0,0,0.2349,0.1932,0.14,0.12
2015,coalinga-huron unified,"Town, distant",0.16,0.13,0.3,0.16,0.16,,,,,0.15,,,0.2,52.0,39.0,15.0,23.0,27.0,,0.0,0.0,0.0,44.0,,0.0,6.0,326.0,276.0,50.0,157.0,169.0,,4.0,4.0,4.0,279.0,,2.0,30.0,0,0,0,0,0,1,1,1,1,0,1,1,0,0,0,0,0,0,1,0,0,0,0,1,0,0,0,0,0,0,0,1,0,0,0,0,1,0,0,,,,
2016,coalinga-huron unified,"Town, distant",0.19,0.16,0.34,0.19,0.19,,,,,0.15,,,0.45,64.0,46.0,16.0,29.0,33.0,0.0,0.0,0.0,,44.0,,0.0,14.0,335.0,288.0,47.0,165.0,170.0,1.0,9.0,4.0,,288.0,,1.0,31.0,0,0,0,0,0,1,1,1,1,0,1,1,0,0,0,0,0,0,0,0,0,1,0,1,0,0,0,0,0,0,0,0,0,0,1,0,1,0,0,0.16,,,
2017,coalinga-huron unified,"Town, distant",0.125,0.0938,0.2813,0.1443,0.1053,,,,,0.1021,,,0.3056,48.0,30.0,18.0,28.0,20.0,,0.0,0.0,0.0,34.0,,0.0,11.0,384.0,320.0,64.0,194.0,190.0,,0.0,0.0,0.0,333.0,,0.0,36.0,0,0,0,0,0,1,1,1,1,0,1,1,0,0,0,0,0,0,1,0,0,0,0,1,0,0,0,0,0,0,0,1,0,0,0,0,1,0,0,0.19,0.16,,
2018,coalinga-huron unified,"Town, distant",0.1639,0.141,0.3125,0.1667,0.1615,,,,,0.14,,,0.2571,59.0,44.0,15.0,28.0,31.0,0.0,0.0,0.0,0.0,42.0,,0.0,9.0,360.0,312.0,48.0,168.0,192.0,0.0,0.0,0.0,0.0,300.0,,0.0,35.0,0,0,0,0,0,1,1,1,1,0,1,1,0,0,0,0,0,0,0,0,0,0,0,1,0,0,0,0,0,0,0,0,0,0,0,0,1,0,0,0.125,0.19,0.16,
2019,coalinga-huron unified,"Town, distant",0.2349,0.2075,0.4474,0.2152,0.2529,,,,,0.2128,,,0.3514,78.0,61.0,17.0,34.0,44.0,,0.0,0.0,0.0,60.0,,0.0,13.0,332.0,294.0,38.0,158.0,174.0,,0.0,5.0,0.0,282.0,,0.0,37.0,0,0,0,0,0,1,1,1,1,0,1,1,0,0,0,0,0,0,1,0,0,0,0,1,0,0,0,0,0,0,0,1,0,0,0,0,1,0,0,0.1639,0.125,0.19,0.16
2015,coast unified,"Rural, fringe",0.34,0.29,0.5,0.48,0.23,,,,,,,,0.39,16.0,10.0,6.0,10.0,6.0,,,0.0,,,,,9.0,47.0,35.0,12.0,21.0,26.0,,,2.0,,,,,23.0,0,0,0,0,0,1,1,1,1,1,1,1,0,0,0,0,0,0,1,1,0,1,1,1,1,0,0,0,0,0,0,1,1,0,1,1,1,1,0,,,,
2016,coast unified,"Rural, fringe",0.66,0.63,,0.59,0.73,,,,,0.61,,,,21.0,15.0,0.0,10.0,11.0,,0.0,,,14.0,,,0.0,32.0,24.0,8.0,17.0,15.0,,1.0,,,23.0,,,8.0,0,0,1,0,0,1,1,1,1,0,1,1,1,0,0,0,0,0,1,0,1,1,0,1,1,0,0,0,0,0,0,1,0,1,1,0,1,1,0,0.34,,,
2017,coast unified,"Rural, fringe",0.28,0.1905,,0.24,0.32,,,,,0.1944,,,0.6364,14.0,8.0,0.0,6.0,8.0,,,0.0,,7.0,,0.0,7.0,50.0,42.0,0.0,25.0,25.0,,,0.0,,36.0,,0.0,11.0,0,0,1,0,0,1,1,1,1,0,1,1,0,0,0,0,0,0,1,1,0,1,0,1,0,0,0,0,0,0,0,1,1,0,1,0,1,0,0,0.66,0.34,,
2018,coast unified,"Rural, fringe",0.2564,0.1935,,0.3478,0.125,,,,,0.1818,,,,10.0,6.0,0.0,8.0,2.0,,,,,6.0,,0.0,0.0,39.0,31.0,0.0,23.0,16.0,,,,,33.0,,0.0,0.0,0,0,1,0,0,1,1,1,1,0,1,1,1,0,0,0,0,0,1,1,1,1,0,1,0,0,0,0,0,0,0,1,1,1,1,0,1,0,0,0.28,0.66,0.34,
2019,coast unified,"Rural, fringe",0.4615,0.4242,,0.4375,0.4783,,,,,0.4286,,,,18.0,14.0,0.0,7.0,11.0,,,,,12.0,,,0.0,39.0,33.0,6.0,16.0,23.0,,,,,28.0,,,8.0,0,0,1,0,0,1,1,1,1,0,1,1,1,0,0,0,0,0,1,1,1,1,0,1,1,0,0,0,0,0,0,1,1,1,1,0,1,1,0,0.2564,0.28,0.66,0.34
2015,cold spring elementary,"Suburb, midsize",0.74,,0.77,0.69,,,,,,,,,0.74,17.0,0.0,17.0,11.0,0.0,,0.0,,,0.0,,0.0,14.0,23.0,1.0,22.0,16.0,7.0,,1.0,,,2.0,,1.0,19.0,0,1,0,0,1,1,1,1,1,1,1,1,0,0,0,0,0,0,1,0,1,1,0,1,0,0,0,0,0,0,0,1,0,1,1,0,1,0,0,,,,
2016,cold spring elementary,"Suburb, midsize",0.79,,0.79,,,,,,,,,,0.76,15.0,,15.0,0.0,0.0,,0.0,,,,,,13.0,19.0,,19.0,10.0,9.0,,2.0,,,,,,17.0,0,1,0,1,1,1,1,1,1,1,1,1,0,0,1,0,0,0,1,0,1,1,1,1,1,0,0,1,0,0,0,1,0,1,1,1,1,1,0,0.74,,,
2017,cold spring elementary,"Suburb, midsize",0.8462,,0.8333,0.7857,0.9167,,,,,,,,0.8571,22.0,0.0,20.0,11.0,11.0,,0.0,0.0,,0.0,,,18.0,26.0,0.0,24.0,14.0,12.0,,0.0,0.0,,0.0,,,21.0,0,1,0,0,0,1,1,1,1,1,1,1,0,0,0,0,0,0,1,0,0,1,0,1,1,0,0,0,0,0,0,1,0,0,1,0,1,1,0,0.79,0.74,,
2018,cold spring elementary,"Suburb, midsize",0.875,,0.8696,0.8182,0.9231,,,,,,,,0.85,21.0,0.0,20.0,9.0,12.0,,,,,0.0,,,17.0,24.0,0.0,23.0,11.0,13.0,,,,,0.0,,,20.0,0,1,0,0,0,1,1,1,1,1,1,1,0,0,0,0,0,0,1,1,1,1,0,1,1,0,0,0,0,0,0,1,1,1,1,0,1,1,0,0.8462,0.79,0.74,
2019,cold spring elementary,"Suburb, midsize",1.0,,1.0,1.0,,,,,,,,,1.0,21.0,0.0,20.0,16.0,0.0,,0.0,,,0.0,,0.0,15.0,21.0,0.0,20.0,16.0,5.0,,0.0,,,0.0,,0.0,15.0,0,1,0,0,1,1,1,1,1,1,1,1,0,0,0,0,0,0,1,0,1,1,0,1,0,0,0,0,0,0,0,1,0,1,1,0,1,0,0,0.875,0.8462,0.79,0.74
2015,colfax elementary,"Rural, fringe",0.62,0.5,0.8,0.59,0.65,,,,,,,,0.58,23.0,11.0,12.0,10.0,13.0,0.0,,,,0.0,,0.0,15.0,37.0,22.0,15.0,17.0,20.0,1.0,,,,4.0,,6.0,26.0,0,0,0,0,0,1,1,1,1,1,1,1,0,0,0,0,0,0,0,1,1,1,0,1,0,0,0,0,0,0,0,0,1,1,1,0,1,0,0,,,,
2016,colfax elementary,"Rural, fringe",0.58,0.53,0.61,0.63,0.53,,,,,,,,0.61,22.0,8.0,14.0,12.0,10.0,,0.0,,,0.0,,0.0,20.0,38.0,15.0,23.0,19.0,19.0,,1.0,,,3.0,,1.0,33.0,0,0,0,0,0,1,1,1,1,1,1,1,0,0,0,0,0,0,1,0,1,1,0,1,0,0,0,0,0,0,0,1,0,1,1,0,1,0,0,0.62,,,
2017,colfax elementary,"Rural, fringe",0.4872,0.3636,0.6471,0.4,0.5789,,,,,,,,0.4839,19.0,8.0,11.0,8.0,11.0,,,,,0.0,,0.0,15.0,39.0,22.0,17.0,20.0,19.0,,,,,0.0,,0.0,31.0,0,0,0,0,0,1,1,1,1,1,1,1,0,0,0,0,0,0,1,1,1,1,0,1,0,0,0,0,0,0,0,1,1,1,1,0,1,0,0,0.58,0.62,,
2018,colfax elementary,"Rural, fringe",0.2105,0.1111,0.3,0.1818,0.25,,,,,,,,0.2121,8.0,2.0,6.0,4.0,4.0,0.0,,,,0.0,,0.0,7.0,38.0,18.0,20.0,22.0,16.0,0.0,,,,0.0,,0.0,33.0,0,0,0,0,0,1,1,1,1,1,1,1,0,0,0,0,0,0,0,1,1,1,0,1,0,0,0,0,0,0,0,0,1,1,1,0,1,0,0,0.4872,0.58,0.62,
2019,colfax elementary,"Rural, fringe",0.5208,0.5417,0.5,0.7059,0.4194,,,,,,,,0.5385,25.0,13.0,12.0,12.0,13.0,,,,,0.0,,0.0,21.0,48.0,24.0,24.0,17.0,31.0,,,,,0.0,,6.0,39.0,0,0,0,0,0,1,1,1,1,1,1,1,0,0,0,0,0,0,1,1,1,1,0,1,0,0,0,0,0,0,0,1,1,1,1,0,1,0,0,0.2105,0.4872,0.58,0.62
2015,college elementary,"Town, distant",0.19,0.12,,0.18,0.2,,,,,0.11,,,,5.0,2.0,0.0,2.0,3.0,0.0,,,,2.0,,,0.0,26.0,17.0,9.0,11.0,15.0,1.0,,,,18.0,,,7.0,0,0,1,0,0,1,1,1,1,0,1,1,1,0,0,0,0,0,0,1,1,1,0,1,1,0,0,0,0,0,0,0,1,1,1,0,1,1,0,,,,
2016,college elementary,"Town, distant",0.26,0.18,0.33,0.2,,,,,,0.36,,,,6.0,2.0,4.0,3.0,0.0,0.0,,,,4.0,,0.0,0.0,23.0,11.0,12.0,15.0,8.0,3.0,,,,11.0,,1.0,7.0,0,0,0,0,1,1,1,1,1,0,1,1,1,0,0,0,0,0,0,1,1,1,0,1,0,0,0,0,0,0,0,0,1,1,1,0,1,0,0,0.19,,,
2017,college elementary,"Town, distant",0.4286,0.4167,,,0.5333,,,,,0.4286,,,,9.0,5.0,0.0,0.0,8.0,0.0,,,,6.0,,0.0,0.0,21.0,12.0,0.0,0.0,15.0,0.0,,,,14.0,,0.0,0.0,0,0,1,1,0,1,1,1,1,0,1,1,1,0,0,0,0,0,0,1,1,1,0,1,0,0,0,0,0,0,0,0,1,1,1,0,1,0,0,0.26,0.19,,
2018,college elementary,"Town, distant",0.6667,,0.6875,,0.7273,,,,,0.5,,,,14.0,0.0,11.0,0.0,8.0,0.0,,,,6.0,0.0,0.0,0.0,21.0,0.0,16.0,0.0,11.0,0.0,,,,12.0,0.0,0.0,0.0,0,1,0,1,0,1,1,1,1,0,1,1,1,0,0,0,0,0,0,1,1,1,0,0,0,0,0,0,0,0,0,0,1,1,1,0,0,0,0,0.4286,0.26,0.19,
2019,college elementary,"Town, distant",0.75,,0.7333,,0.8182,,,,,0.6875,,,,15.0,0.0,11.0,0.0,9.0,,,0.0,,11.0,,,0.0,20.0,5.0,15.0,9.0,11.0,,,0.0,,16.0,,,0.0,0,1,0,1,0,1,1,1,1,0,1,1,1,0,0,0,0,0,1,1,0,1,0,1,1,0,0,0,0,0,0,1,1,0,1,0,1,1,0,0.6667,0.4286,0.26,0.19
2015,colton joint unified,"Suburb, large",0.17,0.14,0.36,0.17,0.16,,0.5,0.07,0.47,0.16,,0.29,0.24,311.0,223.0,86.0,157.0,147.0,0.0,11.0,7.0,8.0,251.0,0.0,5.0,26.0,1834.0,1587.0,247.0,920.0,914.0,2.0,22.0,98.0,17.0,1566.0,4.0,17.0,107.0,0,0,0,0,0,1,0,0,0,0,1,0,0,0,0,0,0,0,0,0,0,0,0,0,0,0,0,0,0,0,0,0,0,0,0,0,0,0,0,,,,
2016,colton joint unified,"Suburb, large",0.23,0.2,0.39,0.23,0.22,,0.46,0.18,,0.21,,0.45,0.3,430.0,329.0,86.0,211.0,210.0,0.0,12.0,18.0,0.0,332.0,0.0,9.0,36.0,1869.0,1649.0,220.0,919.0,950.0,4.0,26.0,99.0,9.0,1583.0,9.0,20.0,119.0,0,0,0,0,0,1,0,0,1,0,1,0,0,0,0,0,0,0,0,0,0,0,0,0,0,0,0,0,0,0,0,0,0,0,0,0,0,0,0,0.17,,,
2017,colton joint unified,"Suburb, large",0.2439,0.2198,0.3891,0.233,0.254,,0.4545,0.1633,0.5385,0.2324,,0.4,0.3918,440.0,340.0,100.0,202.0,238.0,0.0,10.0,16.0,7.0,360.0,0.0,8.0,38.0,1804.0,1547.0,257.0,867.0,937.0,0.0,22.0,98.0,13.0,1549.0,0.0,20.0,97.0,0,0,0,0,0,1,0,0,0,0,1,0,0,0,0,0,0,0,0,0,0,0,0,0,0,0,0,0,0,0,0,0,0,0,0,0,0,0,0,0.23,0.17,,
2018,colton joint unified,"Suburb, large",0.2722,0.2398,0.4742,0.2665,0.2769,,0.4286,0.1262,0.5333,0.263,,0.3333,0.4545,420.0,319.0,101.0,186.0,234.0,0.0,12.0,13.0,8.0,335.0,0.0,7.0,45.0,1544.0,1331.0,213.0,698.0,846.0,0.0,28.0,103.0,15.0,1275.0,0.0,21.0,99.0,0,0,0,0,0,1,0,0,0,0,1,0,0,0,0,0,0,0,0,0,0,0,0,0,0,0,0,0,0,0,0,0,0,0,0,0,0,0,0,0.2439,0.23,0.17,
2019,colton joint unified,"Suburb, large",0.3147,0.2839,0.4533,0.3083,0.3216,,0.6154,0.2558,0.8462,0.2982,,0.3571,0.4535,519.0,383.0,136.0,263.0,256.0,0.0,16.0,22.0,11.0,422.0,0.0,5.0,39.0,1649.0,1349.0,300.0,853.0,796.0,6.0,26.0,86.0,13.0,1415.0,0.0,14.0,86.0,0,0,0,0,0,1,0,0,0,0,1,0,0,0,0,0,0,0,0,0,0,0,0,0,0,0,0,0,0,0,0,0,0,0,0,0,0,0,0,0.2722,0.2439,0.23,0.17
2015,columbia elementary,"Suburb, midsize",0.43,0.34,0.49,0.44,0.42,,,,,,,,0.48,31.0,10.0,21.0,17.0,14.0,0.0,0.0,,,0.0,,0.0,25.0,72.0,29.0,43.0,39.0,33.0,2.0,2.0,,,10.0,,6.0,52.0,0,0,0,0,0,1,1,1,1,1,1,1,0,0,0,0,0,0,0,0,1,1,0,1,0,0,0,0,0,0,0,0,0,1,1,0,1,0,0,,,,
2016,columbia elementary,"Suburb, midsize",0.4,0.31,0.46,0.41,0.4,,,,,,,,0.41,42.0,12.0,30.0,19.0,23.0,,,,,0.0,,0.0,36.0,104.0,39.0,65.0,46.0,58.0,,,,,8.0,,9.0,87.0,0,0,0,0,0,1,1,1,1,1,1,1,0,0,0,0,0,0,1,1,1,1,0,1,0,0,0,0,0,0,0,1,1,1,1,0,1,0,0,0.43,,,
2017,columbia elementary,"Rural, fringe",0.4722,0.3929,0.5227,0.4483,0.4884,,,,,,,,0.4909,34.0,11.0,23.0,13.0,21.0,0.0,0.0,0.0,,0.0,,0.0,27.0,72.0,28.0,44.0,29.0,43.0,0.0,0.0,0.0,,0.0,,0.0,55.0,0,0,0,0,0,1,1,1,1,1,1,1,0,0,0,0,0,0,0,0,0,1,0,1,0,0,0,0,0,0,0,0,0,0,1,0,1,0,0,0.4,0.43,,
2018,columbia elementary,"Rural, fringe",0.6027,0.5926,0.6087,0.5,0.7273,,,,,,,,0.6379,44.0,16.0,28.0,20.0,24.0,0.0,0.0,0.0,,0.0,,0.0,37.0,73.0,27.0,46.0,40.0,33.0,0.0,0.0,0.0,,0.0,,0.0,58.0,0,0,0,0,0,1,1,1,1,1,1,1,0,0,0,0,0,0,0,0,0,1,0,1,0,0,0,0,0,0,0,0,0,0,1,0,1,0,0,0.4722,0.4,0.43,
2019,columbia elementary,"Suburb, midsize",0.4416,0.2667,0.5532,0.4,0.4865,,,,,0.2143,,,0.5192,34.0,8.0,26.0,16.0,18.0,0.0,0.0,,,3.0,,0.0,27.0,77.0,30.0,47.0,40.0,37.0,0.0,0.0,,,14.0,,6.0,52.0,0,0,0,0,0,1,1,1,1,0,1,1,0,0,0,0,0,0,0,0,1,1,0,1,0,0,0,0,0,0,0,0,0,1,1,0,1,0,0,0.6027,0.4722,0.4,0.43
2015,columbia union,"Rural, fringe",0.3,0.22,0.45,0.32,0.28,,,,,,,,0.31,20.0,10.0,10.0,10.0,10.0,,,0.0,,0.0,,,19.0,67.0,45.0,22.0,31.0,36.0,,,1.0,,5.0,,,61.0,0,0,0,0,0,1,1,1,1,1,1,1,0,0,0,0,0,0,1,1,0,1,0,1,1,0,0,0,0,0,0,1,1,0,1,0,1,1,0,,,,
2016,columbia union,"Rural, fringe",0.34,0.35,0.32,0.21,0.41,,,,,,,,0.38,18.0,11.0,7.0,4.0,14.0,0.0,0.0,0.0,,0.0,0.0,,16.0,53.0,31.0,22.0,19.0,34.0,2.0,2.0,1.0,,3.0,1.0,,42.0,0,0,0,0,0,1,1,1,1,1,1,1,0,0,0,0,0,0,0,0,0,1,0,0,1,0,0,0,0,0,0,0,0,0,1,0,0,1,0,0.3,,,
2017,columbia union,"Rural, fringe",0.4643,0.3529,0.6364,0.3333,0.5625,,,,,,,,0.4048,26.0,12.0,14.0,8.0,18.0,0.0,,,0.0,0.0,,,17.0,56.0,34.0,22.0,24.0,32.0,0.0,,,0.0,0.0,,,42.0,0,0,0,0,0,1,1,1,1,1,1,1,0,0,0,0,0,0,0,1,1,0,0,1,1,0,0,0,0,0,0,0,1,1,0,0,1,1,0,0.34,0.3,,
2018,columbia union,"Rural, fringe",0.2917,0.2121,0.4667,0.2727,0.3077,,,,,,,,0.3158,14.0,7.0,7.0,6.0,8.0,0.0,,0.0,,0.0,,,12.0,48.0,33.0,15.0,22.0,26.0,0.0,,0.0,,0.0,,,38.0,0,0,0,0,0,1,1,1,1,1,1,1,0,0,0,0,0,0,0,1,0,1,0,1,1,0,0,0,0,0,0,0,1,0,1,0,1,1,0,0.4643,0.34,0.3,
2019,columbia union,"Rural, fringe",0.449,0.3939,0.5625,0.4783,0.4231,,,,,,,,0.4595,22.0,13.0,9.0,11.0,11.0,,0.0,0.0,0.0,0.0,,,17.0,49.0,33.0,16.0,23.0,26.0,,0.0,0.0,0.0,7.0,,,37.0,0,0,0,0,0,1,1,1,1,1,1,1,0,0,0,0,0,0,1,0,0,0,0,1,1,0,0,0,0,0,0,1,0,0,0,0,1,1,0,0.2917,0.4643,0.34,0.3
2015,columbine elementary,"Rural, fringe",0.3,0.17,0.45,0.23,,,,,,0.21,,,,7.0,2.0,5.0,3.0,0.0,,,,,4.0,,0.0,0.0,23.0,12.0,11.0,13.0,10.0,,,,,19.0,,1.0,3.0,0,0,0,0,1,1,1,1,1,0,1,1,1,0,0,0,0,0,1,1,1,1,0,1,0,0,0,0,0,0,0,1,1,1,1,0,1,0,0,,,,
2016,columbine elementary,"Rural, fringe",0.54,0.35,,0.53,0.55,,,,,0.5,,,,14.0,6.0,0.0,8.0,6.0,,0.0,,,11.0,,0.0,0.0,26.0,17.0,9.0,15.0,11.0,,2.0,,,22.0,,1.0,1.0,0,0,1,0,0,1,1,1,1,0,1,1,1,0,0,0,0,0,1,0,1,1,0,1,0,0,0,0,0,0,0,1,0,1,1,0,1,0,0,0.3,,,
2017,columbine elementary,"Rural, fringe",0.4545,0.4,,0.6364,0.2727,,,,,0.4762,,,,10.0,6.0,0.0,7.0,3.0,,,,0.0,10.0,,,,22.0,15.0,0.0,11.0,11.0,,,,0.0,21.0,,,,0,0,1,0,0,1,1,1,1,0,1,1,1,0,0,0,0,0,1,1,1,0,0,1,1,1,0,0,0,0,0,1,1,1,0,0,1,1,1,0.54,0.3,,
2018,columbine elementary,"Rural, fringe",0.8,0.7692,,0.7692,,,,,,0.8235,,,,16.0,10.0,0.0,10.0,0.0,,0.0,,,14.0,,,0.0,20.0,13.0,0.0,13.0,0.0,,0.0,,,17.0,,,0.0,0,0,1,0,1,1,1,1,1,0,1,1,1,0,0,0,0,0,1,0,1,1,0,1,1,0,0,0,0,0,0,1,0,1,1,0,1,1,0,0.4545,0.54,0.3,
2019,columbine elementary,"Rural, fringe",0.5714,,0.7692,,0.6364,,,,,0.5,,,,12.0,0.0,10.0,0.0,7.0,,,,,9.0,,0.0,0.0,21.0,8.0,13.0,10.0,11.0,,,,,18.0,,0.0,0.0,0,1,0,1,0,1,1,1,1,0,1,1,1,0,0,0,0,0,1,1,1,1,0,1,0,0,0,0,0,0,0,1,1,1,1,0,1,0,0,0.8,0.4545,0.54,0.3
2015,colusa unified,"Town, distant",0.32,0.23,0.57,0.37,0.25,,,,,0.27,,,0.53,26.0,14.0,12.0,17.0,9.0,0.0,0.0,,,17.0,,0.0,8.0,82.0,61.0,21.0,46.0,36.0,2.0,2.0,,,62.0,,1.0,15.0,0,0,0,0,0,1,1,1,1,0,1,1,0,0,0,0,0,0,0,0,1,1,0,1,0,0,0,0,0,0,0,0,0,1,1,0,1,0,0,,,,
2016,colusa unified,"Town, distant",0.29,0.18,0.68,0.27,0.31,,,,,0.21,,,0.45,30.0,15.0,15.0,12.0,18.0,0.0,0.0,,,16.0,,0.0,10.0,104.0,82.0,22.0,45.0,59.0,4.0,1.0,,,76.0,,1.0,22.0,0,0,0,0,0,1,1,1,1,0,1,1,0,0,0,0,0,0,0,0,1,1,0,1,0,0,0,0,0,0,0,0,0,1,1,0,1,0,0,0.32,,,
2017,colusa unified,"Town, distant",0.3802,0.3125,0.5122,0.3704,0.3881,,,,,0.2987,,,0.5714,46.0,25.0,21.0,20.0,26.0,0.0,0.0,0.0,,23.0,,0.0,20.0,121.0,80.0,41.0,54.0,67.0,0.0,0.0,0.0,,77.0,,0.0,35.0,0,0,0,0,0,1,1,1,1,0,1,1,0,0,0,0,0,0,0,0,0,1,0,1,0,0,0,0,0,0,0,0,0,0,1,0,1,0,0,0.29,0.32,,
2018,colusa unified,"Town, distant",0.2903,0.2069,0.4865,0.3125,0.2667,,,,,0.2234,,,0.6471,36.0,18.0,18.0,20.0,16.0,0.0,0.0,0.0,,21.0,0.0,0.0,11.0,124.0,87.0,37.0,64.0,60.0,0.0,0.0,0.0,,94.0,0.0,0.0,17.0,0,0,0,0,0,1,1,1,1,0,1,1,0,0,0,0,0,0,0,0,0,1,0,0,0,0,0,0,0,0,0,0,0,0,1,0,0,0,0,0.3802,0.29,0.32,
2019,colusa unified,"Town, distant",0.419,0.3913,0.6154,0.4727,0.36,,,,,0.4051,,,0.5,44.0,36.0,8.0,26.0,18.0,0.0,0.0,,,32.0,,,12.0,105.0,92.0,13.0,55.0,50.0,0.0,0.0,,,79.0,,,24.0,0,0,0,0,0,1,1,1,1,0,1,1,0,0,0,0,0,0,0,0,1,1,0,1,1,0,0,0,0,0,0,0,0,1,1,0,1,1,0,0.2903,0.3802,0.29,0.32
2015,compton unified,"Suburb, large",0.19,0.19,0.19,0.19,0.19,,,0.11,,0.21,0.23,,0.33,393.0,332.0,61.0,203.0,201.0,0.0,0.0,43.0,0.0,344.0,3.0,0.0,4.0,2069.0,1747.0,322.0,1014.0,1055.0,4.0,1.0,385.0,5.0,1641.0,13.0,6.0,12.0,0,0,0,0,0,1,1,0,1,0,0,1,0,0,0,0,0,0,0,0,0,0,0,0,0,0,0,0,0,0,0,0,0,0,0,0,0,0,0,,,,
2016,compton unified,"Suburb, large",0.27,0.27,0.28,0.28,0.26,,,0.17,,0.29,,,0.19,537.0,499.0,39.0,272.0,253.0,0.0,0.0,57.0,0.0,469.0,0.0,0.0,3.0,1986.0,1847.0,139.0,972.0,1014.0,4.0,2.0,330.0,1.0,1619.0,8.0,2.0,16.0,0,0,0,0,0,1,1,0,1,0,1,1,0,0,0,0,0,0,0,0,0,0,0,0,0,0,0,0,0,0,0,0,0,0,0,0,0,0,0,0.19,,,
2017,compton unified,"Suburb, large",0.3217,0.3219,0.3188,0.3059,0.3373,,,0.2159,,0.3476,,,,598.0,554.0,44.0,283.0,315.0,0.0,,65.0,,528.0,0.0,0.0,0.0,1859.0,1721.0,138.0,925.0,934.0,0.0,,301.0,,1519.0,0.0,0.0,0.0,0,0,0,0,0,1,1,0,1,0,1,1,1,0,0,0,0,0,0,1,0,1,0,0,0,0,0,0,0,0,0,0,1,0,1,0,0,0,0,0.27,0.19,,
2018,compton unified,"Suburb, large",0.3638,0.3495,0.4878,0.3593,0.3682,,,0.2396,,0.3867,,0.5833,0.2308,721.0,621.0,100.0,351.0,370.0,0.0,0.0,75.0,0.0,623.0,0.0,7.0,3.0,1982.0,1777.0,205.0,977.0,1005.0,0.0,0.0,313.0,0.0,1611.0,0.0,12.0,13.0,0,0,0,0,0,1,1,0,1,0,1,0,0,0,0,0,0,0,0,0,0,0,0,0,0,0,0,0,0,0,0,0,0,0,0,0,0,0,0,0.3217,0.27,0.19,
2019,compton unified,"Suburb, large",0.3838,0.3977,0.3061,0.3885,0.3796,,,0.2636,,0.4129,,,,619.0,544.0,75.0,296.0,323.0,0.0,,68.0,,543.0,0.0,0.0,0.0,1613.0,1368.0,245.0,762.0,851.0,0.0,,258.0,,1315.0,8.0,6.0,10.0,0,0,0,0,0,1,1,0,1,0,1,1,1,0,0,0,0,0,0,1,0,1,0,0,0,0,0,0,0,0,0,0,1,0,1,0,0,0,0,0.3638,0.3217,0.27,0.19
2015,conejo valley unified,"City, midsize",0.62,0.29,0.73,0.6,0.63,,0.84,0.71,0.75,0.29,,0.77,0.69,791.0,96.0,690.0,366.0,419.0,0.0,109.0,10.0,9.0,88.0,0.0,49.0,513.0,1275.0,330.0,945.0,610.0,665.0,4.0,130.0,14.0,12.0,305.0,2.0,64.0,744.0,0,0,0,0,0,1,0,0,0,0,1,0,0,0,0,0,0,0,0,0,0,0,0,0,0,0,0,0,0,0,0,0,0,0,0,0,0,0,0,,,,
2016,conejo valley unified,"City, midsize",0.63,0.29,0.75,0.6,0.65,,0.9,,0.57,0.32,,0.82,0.72,784.0,97.0,698.0,364.0,427.0,0.0,112.0,0.0,8.0,113.0,0.0,54.0,498.0,1265.0,335.0,930.0,608.0,657.0,1.0,125.0,10.0,14.0,354.0,4.0,66.0,691.0,0,0,0,0,0,1,0,1,0,0,1,0,0,0,0,0,0,0,0,0,0,0,0,0,0,0,0,0,0,0,0,0,0,0,0,0,0,0,0,0.62,,,
2017,conejo valley unified,"City, midsize",0.6139,0.2913,0.7454,0.5766,0.6472,,0.8972,,,0.2924,,0.7759,0.7171,759.0,104.0,653.0,337.0,422.0,0.0,98.0,0.0,0.0,100.0,0.0,45.0,507.0,1235.0,359.0,876.0,583.0,652.0,0.0,109.0,0.0,0.0,342.0,0.0,58.0,707.0,0,0,0,0,0,1,0,1,1,0,1,0,0,0,0,0,0,0,0,0,0,0,0,0,0,0,0,0,0,0,0,0,0,0,0,0,0,0,0,0.63,0.62,,
2018,conejo valley unified,"City, midsize",0.6275,0.3771,0.7339,0.5978,0.6542,,0.9314,0.8421,,0.3493,,0.6912,0.7237,736.0,132.0,604.0,333.0,403.0,0.0,95.0,16.0,0.0,124.0,0.0,47.0,448.0,1173.0,350.0,823.0,557.0,616.0,0.0,102.0,19.0,0.0,355.0,0.0,68.0,619.0,0,0,0,0,0,1,0,0,1,0,1,0,0,0,0,0,0,0,0,0,0,0,0,0,0,0,0,0,0,0,0,0,0,0,0,0,0,0,0,0.6139,0.63,0.62,
2019,conejo valley unified,"City, midsize",0.6148,0.3541,0.7284,0.595,0.6333,,0.9574,0.3571,,0.3821,,0.7167,0.7044,715.0,125.0,590.0,335.0,380.0,0.0,90.0,5.0,0.0,149.0,0.0,43.0,417.0,1163.0,353.0,810.0,563.0,600.0,0.0,94.0,14.0,8.0,390.0,0.0,60.0,592.0,0,0,0,0,0,1,0,0,1,0,1,0,0,0,0,0,0,0,0,0,0,0,0,0,0,0,0,0,0,0,0,0,0,0,0,0,0,0,0,0.6275,0.6139,0.63,0.62
2015,corcoran joint unified,"Town, distant",0.12,0.12,0.18,0.15,0.09,,,,,0.12,,,0.13,34.0,27.0,3.0,20.0,12.0,,,0.0,0.0,28.0,,,2.0,265.0,248.0,17.0,128.0,137.0,,,8.0,1.0,240.0,,,16.0,0,0,0,0,0,1,1,1,1,0,1,1,0,0,0,0,0,0,1,1,0,0,0,1,1,0,0,0,0,0,0,1,1,0,0,0,1,1,0,,,,
2016,corcoran joint unified,"Town, distant",0.1,0.09,0.15,0.04,0.16,,,,,0.11,,,,23.0,18.0,8.0,6.0,19.0,0.0,0.0,0.0,,26.0,,,0.0,254.0,200.0,54.0,137.0,117.0,2.0,1.0,8.0,,238.0,,,5.0,0,0,0,0,0,1,1,1,1,0,1,1,1,0,0,0,0,0,0,0,0,1,0,1,1,0,0,0,0,0,0,0,0,0,1,0,1,1,0,0.12,,,
2017,corcoran joint unified,"Town, distant",0.23,0.1975,0.3878,0.2113,0.2483,,,,,0.2337,,,0.25,66.0,47.0,19.0,30.0,36.0,0.0,,0.0,0.0,61.0,,,4.0,287.0,238.0,49.0,142.0,145.0,0.0,,0.0,0.0,261.0,,,16.0,0,0,0,0,0,1,1,1,1,0,1,1,0,0,0,0,0,0,0,1,0,0,0,1,1,0,0,0,0,0,0,0,1,0,0,0,1,1,0,0.1,0.12,,
2018,corcoran joint unified,"Town, distant",0.3179,0.2851,0.5263,0.3007,0.3358,,,,,0.305,,,,89.0,69.0,20.0,43.0,46.0,0.0,0.0,0.0,,79.0,,,0.0,280.0,242.0,38.0,143.0,137.0,0.0,0.0,0.0,,259.0,,,0.0,0,0,0,0,0,1,1,1,1,0,1,1,1,0,0,0,0,0,0,0,0,1,0,1,1,0,0,0,0,0,0,0,0,0,1,0,1,1,0,0.23,0.1,0.12,
2019,corcoran joint unified,"Town, distant",0.3053,0.2851,0.55,0.2993,0.312,,,,,0.2881,,,0.6923,80.0,69.0,11.0,41.0,39.0,0.0,0.0,0.0,0.0,68.0,,,9.0,262.0,242.0,20.0,137.0,125.0,0.0,0.0,8.0,0.0,236.0,,,13.0,0,0,0,0,0,1,1,1,1,0,1,1,0,0,0,0,0,0,0,0,0,0,0,1,1,0,0,0,0,0,0,0,0,0,0,0,1,1,0,0.3179,0.23,0.1,0.12
2015,corning union elementary,"Town, distant",0.16,0.12,0.47,0.14,0.19,,,,,0.13,,,0.21,37.0,25.0,14.0,15.0,24.0,0.0,0.0,0.0,0.0,22.0,0.0,,15.0,235.0,205.0,30.0,110.0,125.0,3.0,2.0,4.0,1.0,152.0,2.0,,71.0,0,0,0,0,0,1,1,1,1,0,1,1,0,0,0,0,0,0,0,0,0,0,0,0,1,0,0,0,0,0,0,0,0,0,0,0,0,1,0,,,,
2016,corning union elementary,"Town, distant",0.23,0.21,0.33,0.22,0.23,,,,,0.21,,,0.26,51.0,41.0,13.0,26.0,27.0,0.0,0.0,0.0,,31.0,,0.0,19.0,234.0,195.0,39.0,116.0,118.0,9.0,3.0,2.0,,147.0,,1.0,72.0,0,0,0,0,0,1,1,1,1,0,1,1,0,0,0,0,0,0,0,0,0,1,0,1,0,0,0,0,0,0,0,0,0,0,1,0,1,0,0,0.16,,,
2017,corning union elementary,"Town, distant",0.2667,0.2487,0.3929,0.2672,0.2661,,,,,0.2113,,,0.3429,60.0,49.0,11.0,31.0,29.0,0.0,0.0,0.0,0.0,30.0,,0.0,24.0,225.0,197.0,28.0,116.0,109.0,0.0,0.0,0.0,0.0,142.0,,0.0,70.0,0,0,0,0,0,1,1,1,1,0,1,1,0,0,0,0,0,0,0,0,0,0,0,1,0,0,0,0,0,0,0,0,0,0,0,0,1,0,0,0.23,0.16,,
2018,corning union elementary,"Town, distant",0.2937,0.2757,0.3947,0.2593,0.3333,,,,,0.25,,,0.3538,74.0,59.0,15.0,35.0,39.0,0.0,0.0,0.0,0.0,44.0,,,23.0,252.0,214.0,38.0,135.0,117.0,0.0,0.0,0.0,0.0,176.0,,,65.0,0,0,0,0,0,1,1,1,1,0,1,1,0,0,0,0,0,0,0,0,0,0,0,1,1,0,0,0,0,0,0,0,0,0,0,0,1,1,0,0.2667,0.23,0.16,
2019,corning union elementary,"Town, distant",0.3333,0.3152,0.4615,0.3465,0.3211,,,,,0.3026,,,0.449,70.0,58.0,12.0,35.0,35.0,0.0,0.0,0.0,,46.0,0.0,0.0,22.0,210.0,184.0,26.0,101.0,109.0,4.0,0.0,0.0,,152.0,0.0,0.0,49.0,0,0,0,0,0,1,1,1,1,0,1,1,0,0,0,0,0,0,0,0,0,1,0,0,0,0,0,0,0,0,0,0,0,0,1,0,0,0,0,0.2937,0.2667,0.23,0.16
2015,corona-norco unified,"City, midsize",0.38,0.24,0.5,0.37,0.38,0.25,0.65,0.3,0.62,0.27,0.31,0.49,0.48,1476.0,463.0,1052.0,714.0,763.0,4.0,220.0,64.0,82.0,581.0,5.0,37.0,498.0,3990.0,1927.0,2063.0,1984.0,2006.0,16.0,338.0,215.0,130.0,2154.0,16.0,76.0,1039.0,0,0,0,0,0,0,0,0,0,0,0,0,0,0,0,0,0,0,0,0,0,0,0,0,0,0,0,0,0,0,0,0,0,0,0,0,0,0,0,,,,
2016,corona-norco unified,"City, midsize",0.49,0.34,0.63,0.47,0.5,0.45,0.74,0.46,0.65,0.38,0.36,0.61,0.59,1908.0,659.0,1284.0,932.0,1017.0,5.0,285.0,105.0,82.0,765.0,4.0,39.0,621.0,3976.0,1938.0,2038.0,1982.0,1994.0,11.0,385.0,228.0,127.0,2066.0,11.0,64.0,1070.0,0,0,0,0,0,0,0,0,0,0,0,0,0,0,0,0,0,0,0,0,0,0,0,0,0,0,0,0,0,0,0,0,0,0,0,0,0,0,0,0.38,,,
2017,corona-norco unified,"City, midsize",0.5248,0.3801,0.6547,0.5158,0.5335,0.7059,0.797,0.4118,0.7295,0.4214,0.5333,0.6867,0.6236,2077.0,712.0,1365.0,1011.0,1066.0,12.0,318.0,84.0,89.0,904.0,8.0,57.0,598.0,3958.0,1873.0,2085.0,1960.0,1998.0,17.0,399.0,204.0,122.0,2145.0,15.0,83.0,959.0,0,0,0,0,0,0,0,0,0,0,0,0,0,0,0,0,0,0,0,0,0,0,0,0,0,0,0,0,0,0,0,0,0,0,0,0,0,0,0,0.49,0.38,,
2018,corona-norco unified,"City, midsize",0.5267,0.3839,0.6696,0.5115,0.5407,0.3684,0.7946,0.4038,0.7604,0.4156,0.7222,0.6557,0.657,2045.0,746.0,1299.0,956.0,1089.0,7.0,321.0,86.0,73.0,884.0,13.0,40.0,613.0,3883.0,1943.0,1940.0,1869.0,2014.0,19.0,404.0,213.0,96.0,2127.0,18.0,61.0,933.0,0,0,0,0,0,0,0,0,0,0,0,0,0,0,0,0,0,0,0,0,0,0,0,0,0,0,0,0,0,0,0,0,0,0,0,0,0,0,0,0.5248,0.49,0.38,
2019,corona-norco unified,"City, midsize",0.5409,0.3957,0.6685,0.5141,0.5672,0.4667,0.8333,0.3932,0.6771,0.4291,0.4545,0.7571,0.6627,2012.0,689.0,1323.0,948.0,1064.0,7.0,355.0,81.0,65.0,868.0,5.0,53.0,564.0,3720.0,1741.0,1979.0,1844.0,1876.0,15.0,426.0,206.0,96.0,2023.0,11.0,70.0,851.0,0,0,0,0,0,0,0,0,0,0,0,0,0,0,0,0,0,0,0,0,0,0,0,0,0,0,0,0,0,0,0,0,0,0,0,0,0,0,0,0.5267,0.5248,0.49,0.38
2015,coronado unified,"Suburb, large",0.71,,0.73,0.72,0.7,,,,,0.54,,0.71,0.78,138.0,0.0,136.0,65.0,74.0,,0.0,0.0,0.0,21.0,,10.0,100.0,195.0,8.0,187.0,90.0,105.0,,2.0,4.0,3.0,39.0,,14.0,131.0,0,1,0,0,0,1,1,1,1,0,1,0,0,0,0,0,0,0,1,0,0,0,0,1,0,0,0,0,0,0,0,1,0,0,0,0,1,0,0,,,,
2016,coronado unified,"Suburb, large",0.64,0.63,0.64,0.59,0.68,,,,,0.43,,0.7,0.7,119.0,12.0,106.0,52.0,66.0,0.0,0.0,0.0,0.0,15.0,0.0,14.0,81.0,185.0,19.0,166.0,88.0,97.0,1.0,6.0,1.0,4.0,35.0,2.0,20.0,116.0,0,0,0,0,0,1,1,1,1,0,1,0,0,0,0,0,0,0,0,0,0,0,0,0,0,0,0,0,0,0,0,0,0,0,0,0,0,0,0,0.71,,,
2017,coronado unified,"Suburb, large",0.6398,0.6,0.6464,0.5795,0.6829,,,,,0.575,,0.875,0.625,135.0,18.0,117.0,51.0,84.0,,0.0,0.0,0.0,23.0,0.0,14.0,90.0,211.0,30.0,181.0,88.0,123.0,,0.0,0.0,0.0,40.0,0.0,16.0,144.0,0,0,0,0,0,1,1,1,1,0,1,0,0,0,0,0,0,0,1,0,0,0,0,0,0,0,0,0,0,0,0,1,0,0,0,0,0,0,0,0.64,0.71,,
2018,coronado unified,"Suburb, large",0.7514,0.7,0.7576,0.7791,0.7273,,,,,0.6977,,,0.7459,139.0,14.0,125.0,67.0,72.0,,0.0,0.0,0.0,30.0,,0.0,91.0,185.0,20.0,165.0,86.0,99.0,,0.0,0.0,0.0,43.0,,0.0,122.0,0,0,0,0,0,1,1,1,1,0,1,1,0,0,0,0,0,0,1,0,0,0,0,1,0,0,0,0,0,0,0,1,0,0,0,0,1,0,0,0.6398,0.64,0.71,
2019,coronado unified,"Suburb, large",0.6491,0.2857,0.7203,0.6782,0.619,,,,,0.5366,,0.5,0.7579,111.0,8.0,103.0,59.0,52.0,0.0,0.0,0.0,0.0,22.0,,10.0,72.0,171.0,28.0,143.0,87.0,84.0,0.0,0.0,4.0,0.0,41.0,,20.0,95.0,0,0,0,0,0,1,1,1,1,0,1,0,0,0,0,0,0,0,0,0,0,0,0,1,0,0,0,0,0,0,0,0,0,0,0,0,1,0,0,0.7514,0.6398,0.64,0.71
2015,cotati-rohnert park unified,"Suburb, large",0.32,0.24,0.41,0.33,0.31,,0.4,,,0.24,,0.46,0.38,131.0,50.0,81.0,69.0,64.0,0.0,6.0,0.0,0.0,44.0,,12.0,69.0,409.0,211.0,198.0,207.0,202.0,3.0,15.0,4.0,2.0,176.0,,26.0,183.0,0,0,0,0,0,1,0,1,1,0,1,0,0,0,0,0,0,0,0,0,0,0,0,1,0,0,0,0,0,0,0,0,0,0,0,0,1,0,0,,,,
2016,cotati-rohnert park unified,"Suburb, large",0.4,0.25,0.54,0.37,0.43,,,,,0.27,,0.42,0.53,172.0,54.0,118.0,81.0,91.0,0.0,0.0,0.0,0.0,52.0,0.0,13.0,96.0,431.0,213.0,218.0,220.0,211.0,1.0,10.0,7.0,4.0,193.0,3.0,31.0,181.0,0,0,0,0,0,1,1,1,1,0,1,0,0,0,0,0,0,0,0,0,0,0,0,0,0,0,0,0,0,0,0,0,0,0,0,0,0,0,0,0.32,,,
2017,cotati-rohnert park unified,"Suburb, large",0.3318,0.2459,0.4421,0.3013,0.3659,,,0.2667,,0.2637,,0.3846,0.3931,144.0,60.0,84.0,69.0,75.0,0.0,0.0,4.0,0.0,53.0,0.0,10.0,68.0,434.0,244.0,190.0,229.0,205.0,0.0,0.0,15.0,0.0,201.0,0.0,26.0,173.0,0,0,0,0,0,1,1,0,1,0,1,0,0,0,0,0,0,0,0,0,0,0,0,0,0,0,0,0,0,0,0,0,0,0,0,0,0,0,0,0.4,0.32,,
2018,cotati-rohnert park unified,"Suburb, large",0.3688,0.3273,0.4185,0.3469,0.3894,,,,,0.266,,0.4839,0.4534,149.0,72.0,77.0,68.0,81.0,0.0,0.0,0.0,0.0,50.0,0.0,15.0,73.0,404.0,220.0,184.0,196.0,208.0,0.0,0.0,0.0,0.0,188.0,0.0,31.0,161.0,0,0,0,0,0,1,1,1,1,0,1,0,0,0,0,0,0,0,0,0,0,0,0,0,0,0,0,0,0,0,0,0,0,0,0,0,0,0,0,0.3318,0.4,0.32,
2019,cotati-rohnert park unified,"Suburb, large",0.3675,0.2667,0.4731,0.3602,0.3744,,0.6667,,,0.2443,,0.5294,0.4676,140.0,52.0,88.0,67.0,73.0,0.0,8.0,0.0,0.0,43.0,0.0,18.0,65.0,381.0,195.0,186.0,186.0,195.0,0.0,12.0,5.0,0.0,176.0,0.0,34.0,139.0,0,0,0,0,0,1,0,1,1,0,1,0,0,0,0,0,0,0,0,0,0,0,0,0,0,0,0,0,0,0,0,0,0,0,0,0,0,0,0,0.3688,0.3318,0.4,0.32
2015,covina-valley unified,"Suburb, large",0.27,0.22,0.43,0.23,0.32,,0.72,0.1,0.47,0.23,,,0.36,226.0,135.0,97.0,96.0,134.0,0.0,33.0,2.0,14.0,152.0,,0.0,24.0,837.0,612.0,225.0,418.0,419.0,4.0,46.0,21.0,30.0,661.0,,8.0,67.0,0,0,0,0,0,1,0,0,0,0,1,1,0,0,0,0,0,0,0,0,0,0,0,1,0,0,0,0,0,0,0,0,0,0,0,0,1,0,0,,,,
2016,covina-valley unified,"Suburb, large",0.36,0.29,0.53,0.37,0.35,,0.74,0.31,0.56,0.32,,,0.46,283.0,165.0,115.0,133.0,146.0,0.0,32.0,8.0,15.0,193.0,0.0,0.0,33.0,786.0,569.0,217.0,371.0,415.0,5.0,43.0,26.0,27.0,603.0,1.0,7.0,71.0,0,0,0,0,0,1,0,0,0,0,1,1,0,0,0,0,0,0,0,0,0,0,0,0,0,0,0,0,0,0,0,0,0,0,0,0,0,0,0,0.27,,,
2017,covina-valley unified,"Suburb, large",0.3771,0.3165,0.5352,0.3459,0.406,,0.6316,0.3478,0.4444,0.3551,,,0.4412,290.0,176.0,114.0,128.0,162.0,0.0,24.0,8.0,8.0,212.0,0.0,0.0,30.0,769.0,556.0,213.0,370.0,399.0,0.0,38.0,23.0,18.0,597.0,0.0,0.0,68.0,0,0,0,0,0,1,0,0,0,0,1,1,0,0,0,0,0,0,0,0,0,0,0,0,0,0,0,0,0,0,0,0,0,0,0,0,0,0,0,0.36,0.27,,
2018,covina-valley unified,"Suburb, large",0.48,0.4212,0.6396,0.4767,0.4833,,0.775,0.1579,0.625,0.4548,,,0.5455,396.0,254.0,142.0,194.0,202.0,0.0,31.0,3.0,15.0,302.0,0.0,0.0,36.0,825.0,603.0,222.0,407.0,418.0,0.0,40.0,19.0,24.0,664.0,0.0,0.0,66.0,0,0,0,0,0,1,0,0,0,0,1,1,0,0,0,0,0,0,0,0,0,0,0,0,0,0,0,0,0,0,0,0,0,0,0,0,0,0,0,0.3771,0.36,0.27,
2019,covina-valley unified,"Suburb, large",0.4858,0.4189,0.6555,0.4818,0.4895,,0.8,0.4706,0.8846,0.4296,,0.5455,0.6458,359.0,222.0,137.0,172.0,187.0,0.0,40.0,8.0,23.0,250.0,0.0,6.0,31.0,739.0,530.0,209.0,357.0,382.0,0.0,50.0,17.0,26.0,582.0,0.0,11.0,48.0,0,0,0,0,0,1,0,0,0,0,1,0,0,0,0,0,0,0,0,0,0,0,0,0,0,0,0,0,0,0,0,0,0,0,0,0,0,0,0,0.48,0.3771,0.36,0.27
2015,cucamonga elementary,"Suburb, large",0.18,0.17,0.23,0.17,0.19,,0.17,0.14,,0.17,,,0.24,49.0,34.0,17.0,23.0,26.0,0.0,2.0,5.0,0.0,34.0,0.0,0.0,4.0,274.0,201.0,73.0,135.0,139.0,1.0,12.0,37.0,5.0,198.0,1.0,3.0,17.0,0,0,0,0,0,1,0,0,1,0,1,1,0,0,0,0,0,0,0,0,0,0,0,0,0,0,0,0,0,0,0,0,0,0,0,0,0,0,0,,,,
2016,cucamonga elementary,"Suburb, large",0.16,0.14,0.26,0.2,0.12,,0.3,0.18,,0.13,,,0.13,47.0,33.0,15.0,27.0,18.0,0.0,3.0,9.0,0.0,24.0,0.0,0.0,4.0,289.0,231.0,58.0,136.0,153.0,1.0,11.0,51.0,9.0,180.0,2.0,3.0,30.0,0,0,0,0,0,1,0,0,1,0,1,1,0,0,0,0,0,0,0,0,0,0,0,0,0,0,0,0,0,0,0,0,0,0,0,0,0,0,0,0.18,,,
2017,cucamonga elementary,"Suburb, large",0.2042,0.2111,0.1882,0.1844,0.2238,,,0.1556,,0.2083,,,0.28,58.0,42.0,16.0,26.0,32.0,,0.0,7.0,0.0,40.0,0.0,0.0,7.0,284.0,199.0,85.0,141.0,143.0,,0.0,45.0,0.0,192.0,0.0,0.0,25.0,0,0,0,0,0,1,1,0,1,0,1,1,0,0,0,0,0,0,1,0,0,0,0,0,0,0,0,0,0,0,0,1,0,0,0,0,0,0,0,0.16,0.18,,
2018,cucamonga elementary,"Suburb, large",0.2615,0.2353,0.3291,0.25,0.2715,,0.6923,0.3,,0.19,,,0.5385,74.0,48.0,26.0,33.0,41.0,,9.0,9.0,0.0,38.0,0.0,0.0,14.0,283.0,204.0,79.0,132.0,151.0,,13.0,30.0,0.0,200.0,0.0,0.0,26.0,0,0,0,0,0,1,0,0,1,0,1,1,0,0,0,0,0,0,1,0,0,0,0,0,0,0,0,0,0,0,0,1,0,0,0,0,0,0,0,0.2042,0.16,0.18,
2019,cucamonga elementary,"Suburb, large",0.2551,0.2402,0.2969,0.2056,0.2941,,,0.2273,,0.2456,,,0.3571,62.0,43.0,19.0,22.0,40.0,0.0,0.0,10.0,0.0,42.0,,0.0,5.0,243.0,179.0,64.0,107.0,136.0,0.0,5.0,44.0,6.0,171.0,,0.0,14.0,0,0,0,0,0,1,1,0,1,0,1,1,0,0,0,0,0,0,0,0,0,0,0,1,0,0,0,0,0,0,0,0,0,0,0,0,1,0,0,0.2615,0.2042,0.16,0.18
2015,culver city unified,"Suburb, large",0.52,0.28,0.65,0.47,0.58,,0.83,0.23,,0.38,,0.65,0.71,254.0,49.0,208.0,116.0,139.0,0.0,43.0,15.0,0.0,64.0,0.0,31.0,97.0,488.0,169.0,319.0,247.0,241.0,4.0,52.0,64.0,10.0,173.0,1.0,48.0,136.0,0,0,0,0,0,1,0,0,1,0,1,0,0,0,0,0,0,0,0,0,0,0,0,0,0,0,0,0,0,0,0,0,0,0,0,0,0,0,0,,,,
2016,culver city unified,"Suburb, large",0.57,0.29,0.7,0.59,0.55,,0.88,0.31,,0.37,,0.93,0.79,279.0,46.0,236.0,138.0,143.0,0.0,51.0,17.0,0.0,77.0,0.0,38.0,92.0,489.0,153.0,336.0,234.0,255.0,1.0,58.0,56.0,5.0,209.0,2.0,41.0,117.0,0,0,0,0,0,1,0,0,1,0,1,0,0,0,0,0,0,0,0,0,0,0,0,0,0,0,0,0,0,0,0,0,0,0,0,0,0,0,0,0.52,,,
2017,culver city unified,"Suburb, large",0.6535,0.4907,0.7352,0.6813,0.6234,,0.8868,0.44,,0.5377,,0.7708,0.7717,315.0,79.0,236.0,171.0,144.0,,47.0,22.0,0.0,107.0,,37.0,98.0,482.0,161.0,321.0,251.0,231.0,,53.0,50.0,0.0,199.0,,48.0,127.0,0,0,0,0,0,1,0,0,1,0,1,0,0,0,0,0,0,0,1,0,0,0,0,1,0,0,0,0,0,0,0,1,0,0,0,0,1,0,0,0.57,0.52,,
2018,culver city unified,"Suburb, large",0.6793,0.4278,0.8199,0.6975,0.6629,,0.9565,0.5532,,0.5112,,0.8654,0.8347,341.0,77.0,264.0,166.0,175.0,0.0,44.0,26.0,0.0,114.0,0.0,45.0,101.0,502.0,180.0,322.0,238.0,264.0,0.0,46.0,47.0,0.0,223.0,0.0,52.0,121.0,0,0,0,0,0,1,0,0,1,0,1,0,0,0,0,0,0,0,0,0,0,0,0,0,0,0,0,0,0,0,0,0,0,0,0,0,0,0,0,0.6535,0.57,0.52,
2019,culver city unified,"Suburb, large",0.712,0.5375,0.7941,0.7102,0.7137,,0.8462,0.5532,,0.599,,0.8387,0.8125,356.0,86.0,270.0,174.0,182.0,,44.0,26.0,0.0,115.0,0.0,52.0,117.0,500.0,160.0,340.0,245.0,255.0,,52.0,47.0,0.0,192.0,0.0,62.0,144.0,0,0,0,0,0,1,0,0,1,0,1,0,0,0,0,0,0,0,1,0,0,0,0,0,0,0,0,0,0,0,0,1,0,0,0,0,0,0,0,0.6793,0.6535,0.57,0.52
2015,cupertino union,"City, small",0.83,0.3,0.86,0.83,0.84,,0.9,0.36,0.65,0.36,,0.81,0.71,1818.0,34.0,1808.0,899.0,930.0,0.0,1447.0,8.0,17.0,38.0,,54.0,251.0,2190.0,112.0,2078.0,1083.0,1107.0,4.0,1607.0,22.0,26.0,106.0,,68.0,353.0,0,0,0,0,0,1,0,0,0,0,1,0,0,0,0,0,0,0,0,0,0,0,0,1,0,0,0,0,0,0,0,0,0,0,0,0,1,0,0,,,,
2016,cupertino union,"City, small",0.88,0.48,0.9,0.87,0.88,,0.94,0.4,0.73,0.4,,0.84,0.81,1771.0,48.0,1704.0,832.0,941.0,,1367.0,6.0,11.0,42.0,0.0,56.0,243.0,2013.0,98.0,1915.0,956.0,1057.0,,1470.0,15.0,15.0,104.0,5.0,67.0,304.0,0,0,0,0,0,1,0,0,0,0,1,0,0,0,0,0,0,0,1,0,0,0,0,0,0,0,0,0,0,0,0,1,0,0,0,0,0,0,0,0.83,,,
2017,cupertino union,"City, small",0.8572,0.4138,0.8702,0.8382,0.8744,,0.9212,,0.7,0.3302,,0.7761,0.7649,1742.0,24.0,1718.0,809.0,934.0,0.0,1392.0,0.0,14.0,35.0,0.0,52.0,231.0,2033.0,58.0,1975.0,965.0,1068.0,0.0,1512.0,0.0,20.0,106.0,0.0,67.0,302.0,0,0,0,0,0,1,0,1,0,0,1,0,0,0,0,0,0,0,0,0,0,0,0,0,0,0,0,0,0,0,0,0,0,0,0,0,0,0,0,0.88,0.83,,
2018,cupertino union,"City, small",0.8636,0.4741,0.8879,0.8499,0.8767,,0.9152,0.6364,,0.4333,,0.8,0.7852,1704.0,55.0,1649.0,822.0,883.0,0.0,1350.0,7.0,0.0,39.0,0.0,81.0,212.0,1974.0,117.0,1857.0,967.0,1007.0,0.0,1475.0,11.0,0.0,90.0,0.0,101.0,270.0,0,0,0,0,0,1,0,0,1,0,1,0,0,0,0,0,0,0,0,0,0,0,0,0,0,0,0,0,0,0,0,0,0,0,0,0,0,0,0,0.8572,0.88,0.83,
2019,cupertino union,"City, small",0.8709,0.5208,0.8912,0.8468,0.8933,,0.9209,,,0.36,,0.8713,0.78,1525.0,50.0,1475.0,713.0,812.0,0.0,1187.0,0.0,0.0,27.0,0.0,88.0,195.0,1751.0,96.0,1655.0,842.0,909.0,0.0,1289.0,7.0,6.0,75.0,4.0,101.0,250.0,0,0,0,0,0,1,0,1,1,0,1,0,0,0,0,0,0,0,0,0,0,0,0,0,0,0,0,0,0,0,0,0,0,0,0,0,0,0,0,0.8636,0.8572,0.88,0.83
2015,curtis creek elementary,"Rural, fringe",0.16,0.04,0.32,0.1,0.22,,,,,0.09,,,0.2,7.0,1.0,6.0,2.0,5.0,,,,,1.0,,0.0,6.0,45.0,26.0,19.0,22.0,23.0,,,,,11.0,,1.0,31.0,0,0,0,0,0,1,1,1,1,0,1,1,0,0,0,0,0,0,1,1,1,1,0,1,0,0,0,0,0,0,0,1,1,1,1,0,1,0,0,,,,
2016,curtis creek elementary,"Rural, fringe",0.32,0.17,0.55,0.27,0.36,,,,,,,,0.37,16.0,5.0,11.0,6.0,10.0,0.0,,,,0.0,,0.0,14.0,50.0,30.0,20.0,22.0,28.0,1.0,,,,9.0,,1.0,38.0,0,0,0,0,0,1,1,1,1,1,1,1,0,0,0,0,0,0,0,1,1,1,0,1,0,0,0,0,0,0,0,0,1,1,1,0,1,0,0,0.16,,,
2017,curtis creek elementary,"Rural, fringe",0.3148,0.2424,0.4286,0.3333,0.3,,,,,,,,0.2791,17.0,8.0,9.0,8.0,9.0,0.0,,0.0,,0.0,,0.0,12.0,54.0,33.0,21.0,24.0,30.0,0.0,,0.0,,0.0,,0.0,43.0,0,0,0,0,0,1,1,1,1,1,1,1,0,0,0,0,0,0,0,1,0,1,0,1,0,0,0,0,0,0,0,0,1,0,1,0,1,0,0,0.32,0.16,,
2018,curtis creek elementary,"Rural, fringe",0.5,0.5417,0.4444,0.35,0.6364,,,,,,,,0.5517,21.0,13.0,8.0,7.0,14.0,,0.0,,,0.0,,0.0,16.0,42.0,24.0,18.0,20.0,22.0,,0.0,,,0.0,,0.0,29.0,0,0,0,0,0,1,1,1,1,1,1,1,0,0,0,0,0,0,1,0,1,1,0,1,0,0,0,0,0,0,0,1,0,1,1,0,1,0,0,0.3148,0.32,0.16,
2019,curtis creek elementary,"Rural, fringe",0.34,0.2692,0.4167,0.2632,0.3871,,,,,,,,0.35,17.0,7.0,10.0,5.0,12.0,,0.0,,,0.0,,0.0,14.0,50.0,26.0,24.0,19.0,31.0,,0.0,,,8.0,,0.0,40.0,0,0,0,0,0,1,1,1,1,1,1,1,0,0,0,0,0,0,1,0,1,1,0,1,0,0,0,0,0,0,0,1,0,1,1,0,1,0,0,0.5,0.3148,0.32,0.16
2015,cutten elementary,"Town, remote",0.31,0.22,0.39,0.19,0.41,,,,,,,0.25,0.27,25.0,8.0,17.0,7.0,18.0,0.0,0.0,,0.0,0.0,,3.0,13.0,81.0,37.0,44.0,37.0,44.0,6.0,4.0,,1.0,9.0,,12.0,49.0,0,0,0,0,0,1,1,1,1,1,1,0,0,0,0,0,0,0,0,0,1,0,0,1,0,0,0,0,0,0,0,0,0,1,0,0,1,0,0,,,,
2016,cutten elementary,"Town, remote",0.43,0.29,0.53,0.38,0.5,,,,,0.13,,,0.54,34.0,10.0,24.0,18.0,16.0,0.0,0.0,,0.0,2.0,,0.0,25.0,79.0,34.0,45.0,47.0,32.0,9.0,5.0,,1.0,16.0,,2.0,46.0,0,0,0,0,0,1,1,1,1,0,1,1,0,0,0,0,0,0,0,0,1,0,0,1,0,0,0,0,0,0,0,0,0,1,0,0,1,0,0,0.31,,,
2017,cutten elementary,"Town, remote",0.407,0.3095,0.5,0.4324,0.3878,,,,,0.2778,,,0.4898,35.0,13.0,22.0,16.0,19.0,0.0,0.0,0.0,,5.0,,0.0,24.0,86.0,42.0,44.0,37.0,49.0,0.0,0.0,0.0,,18.0,,0.0,49.0,0,0,0,0,0,1,1,1,1,0,1,1,0,0,0,0,0,0,0,0,0,1,0,1,0,0,0,0,0,0,0,0,0,0,1,0,1,0,0,0.43,0.31,,
2018,cutten elementary,"Town, remote",0.4177,0.2703,0.5476,0.3659,0.4737,,,,,0.3571,,,0.5102,33.0,10.0,23.0,15.0,18.0,0.0,0.0,,,5.0,,0.0,25.0,79.0,37.0,42.0,41.0,38.0,0.0,0.0,,,14.0,,0.0,49.0,0,0,0,0,0,1,1,1,1,0,1,1,0,0,0,0,0,0,0,0,1,1,0,1,0,0,0,0,0,0,0,0,0,1,1,0,1,0,0,0.407,0.43,0.31,
2019,cutten elementary,"Town, remote",0.4051,0.2857,0.5405,0.3,0.5128,,,,,0.1667,,,0.48,32.0,12.0,20.0,12.0,20.0,0.0,0.0,,0.0,3.0,,0.0,24.0,79.0,42.0,37.0,40.0,39.0,6.0,0.0,,0.0,18.0,,0.0,50.0,0,0,0,0,0,1,1,1,1,0,1,1,0,0,0,0,0,0,0,0,1,0,0,1,0,0,0,0,0,0,0,0,0,1,0,0,1,0,0,0.4177,0.407,0.43,0.31
2015,cuyama joint unified,"Rural, remote",0.13,0.15,,,,,,,,0.17,,,,2.0,2.0,0.0,0.0,0.0,,0.0,,,2.0,,,0.0,16.0,13.0,3.0,6.0,10.0,,1.0,,,12.0,,,3.0,0,0,1,1,1,1,1,1,1,0,1,1,1,0,0,0,0,0,1,0,1,1,0,1,1,0,0,0,0,0,0,1,0,1,1,0,1,1,0,,,,
2016,cuyama joint unified,"Rural, remote",0.18,0.16,,,0.21,,,,,0.18,,,,4.0,3.0,0.0,0.0,3.0,,,,,3.0,,,0.0,22.0,19.0,3.0,8.0,14.0,,,,,17.0,,,5.0,0,0,1,1,0,1,1,1,1,0,1,1,1,0,0,0,0,0,1,1,1,1,0,1,1,0,0,0,0,0,0,1,1,1,1,0,1,1,0,0.13,,,
2017,cuyama joint unified,"Rural, remote",0.0556,0.0,,,,,,,,0.0,,,,1.0,0.0,0.0,0.0,0.0,,,,,0.0,,,0.0,18.0,16.0,0.0,0.0,0.0,,,,,14.0,,,0.0,0,0,1,1,1,1,1,1,1,0,1,1,1,0,0,0,0,0,1,1,1,1,0,1,1,0,0,0,0,0,0,1,1,1,1,0,1,1,0,0.18,0.13,,
2018,cuyama joint unified,"Rural, remote",0.15,0.1667,,,,,,,,0.125,,,,3.0,3.0,0.0,0.0,0.0,,,,,2.0,,0.0,0.0,20.0,18.0,0.0,0.0,0.0,,,,,16.0,,0.0,0.0,0,0,1,1,1,1,1,1,1,0,1,1,1,0,0,0,0,0,1,1,1,1,0,1,0,0,0,0,0,0,0,1,1,1,1,0,1,0,0,0.0556,0.18,0.13,
2019,cuyama joint unified,"Rural, remote",0.2778,0.1429,,,,,,,,0.2143,,,,5.0,2.0,0.0,0.0,0.0,,,,,3.0,,,0.0,18.0,14.0,4.0,10.0,8.0,,,,,14.0,,,4.0,0,0,1,1,1,1,1,1,1,0,1,1,1,0,0,0,0,0,1,1,1,1,0,1,1,0,0,0,0,0,0,1,1,1,1,0,1,1,0,0.15,0.0556,0.18,0.13
2015,cypress elementary,"Suburb, large",0.57,0.38,0.67,0.57,0.56,,0.81,0.5,0.59,0.37,,0.48,0.53,317.0,78.0,235.0,155.0,161.0,,137.0,7.0,24.0,68.0,0.0,12.0,63.0,556.0,199.0,357.0,273.0,283.0,,172.0,14.0,41.0,183.0,2.0,25.0,119.0,0,0,0,0,0,1,0,0,0,0,1,0,0,0,0,0,0,0,1,0,0,0,0,0,0,0,0,0,0,0,0,1,0,0,0,0,0,0,0,,,,
2016,cypress elementary,"Suburb, large",0.64,0.47,0.72,0.62,0.66,,0.86,0.47,0.81,0.45,,0.58,0.47,375.0,92.0,287.0,196.0,182.0,,183.0,7.0,30.0,69.0,0.0,21.0,59.0,587.0,195.0,392.0,311.0,276.0,,216.0,15.0,37.0,152.0,4.0,36.0,126.0,0,0,0,0,0,1,0,0,0,0,1,0,0,0,0,0,0,0,1,0,0,0,0,0,0,0,0,0,0,0,0,1,0,0,0,0,0,0,0,0.57,,,
2017,cypress elementary,"Suburb, large",0.639,0.4171,0.7446,0.6203,0.657,,0.8528,0.4118,0.6897,0.4336,,0.55,0.5821,347.0,73.0,274.0,165.0,182.0,,168.0,7.0,20.0,62.0,0.0,11.0,78.0,543.0,175.0,368.0,266.0,277.0,,197.0,17.0,29.0,143.0,0.0,20.0,134.0,0,0,0,0,0,1,0,0,0,0,1,0,0,0,0,0,0,0,1,0,0,0,0,0,0,0,0,0,0,0,0,1,0,0,0,0,0,0,0,0.64,0.57,,
2018,cypress elementary,"Suburb, large",0.6706,0.5169,0.7532,0.6584,0.6817,,0.8627,0.5,0.7143,0.4903,,0.6563,0.6096,397.0,107.0,290.0,185.0,212.0,,177.0,12.0,20.0,76.0,0.0,21.0,89.0,593.0,207.0,386.0,282.0,311.0,,205.0,24.0,28.0,155.0,0.0,32.0,146.0,0,0,0,0,0,1,0,0,0,0,1,0,0,0,0,0,0,0,1,0,0,0,0,0,0,0,0,0,0,0,0,1,0,0,0,0,0,0,0,0.639,0.64,0.57,
2019,cypress elementary,"Suburb, large",0.7242,0.5545,0.8278,0.7273,0.7212,,0.9021,0.6154,0.8077,0.4815,,0.7308,0.7477,386.0,112.0,274.0,192.0,194.0,,175.0,8.0,21.0,78.0,0.0,19.0,80.0,533.0,202.0,331.0,264.0,269.0,,194.0,13.0,26.0,162.0,4.0,26.0,107.0,0,0,0,0,0,1,0,0,0,0,1,0,0,0,0,0,0,0,1,0,0,0,0,0,0,0,0,0,0,0,0,1,0,0,0,0,0,0,0,0.6706,0.639,0.64,0.57
2015,davis joint unified,"Suburb, small",0.64,0.34,0.74,0.64,0.65,,0.86,0.45,,0.37,,0.73,0.69,384.0,48.0,337.0,180.0,206.0,,81.0,5.0,0.0,48.0,0.0,36.0,212.0,599.0,143.0,456.0,282.0,317.0,,94.0,11.0,8.0,129.0,4.0,49.0,304.0,0,0,0,0,0,1,0,0,1,0,1,0,0,0,0,0,0,0,1,0,0,0,0,0,0,0,0,0,0,0,0,1,0,0,0,0,0,0,0,,,,
2016,davis joint unified,"Suburb, small",0.62,0.29,0.73,0.62,0.62,,0.84,0.33,,0.34,,0.78,0.67,395.0,45.0,352.0,190.0,210.0,0.0,91.0,7.0,0.0,52.0,0.0,35.0,201.0,638.0,156.0,482.0,305.0,333.0,2.0,109.0,21.0,4.0,153.0,5.0,45.0,299.0,0,0,0,0,0,1,0,0,1,0,1,0,0,0,0,0,0,0,0,0,0,0,0,0,0,0,0,0,0,0,0,0,0,0,0,0,0,0,0,0.64,,,
2017,davis joint unified,"Suburb, small",0.6546,0.3814,0.7287,0.6473,0.6619,,0.8958,0.25,,0.3894,,0.5833,0.6972,362.0,45.0,317.0,178.0,184.0,0.0,86.0,3.0,0.0,44.0,0.0,21.0,198.0,553.0,118.0,435.0,275.0,278.0,0.0,96.0,12.0,0.0,113.0,0.0,36.0,284.0,0,0,0,0,0,1,0,0,1,0,1,0,0,0,0,0,0,0,0,0,0,0,0,0,0,0,0,0,0,0,0,0,0,0,0,0,0,0,0,0.62,0.64,,
2018,davis joint unified,"Suburb, small",0.6683,0.4192,0.7624,0.6643,0.6718,,0.822,0.4444,,0.3972,,0.8846,0.7096,407.0,70.0,337.0,190.0,217.0,0.0,97.0,8.0,0.0,56.0,0.0,46.0,193.0,609.0,167.0,442.0,286.0,323.0,0.0,118.0,18.0,0.0,141.0,0.0,52.0,272.0,0,0,0,0,0,1,0,0,1,0,1,0,0,0,0,0,0,0,0,0,0,0,0,0,0,0,0,0,0,0,0,0,0,0,0,0,0,0,0,0.6546,0.62,0.64,
2019,davis joint unified,"Suburb, small",0.6589,0.3377,0.7602,0.6489,0.6687,,0.8053,0.3529,,0.45,,0.6667,0.717,423.0,52.0,371.0,207.0,216.0,0.0,91.0,6.0,0.0,63.0,0.0,34.0,223.0,642.0,154.0,488.0,319.0,323.0,0.0,113.0,17.0,4.0,140.0,0.0,51.0,311.0,0,0,0,0,0,1,0,0,1,0,1,0,0,0,0,0,0,0,0,0,0,0,0,0,0,0,0,0,0,0,0,0,0,0,0,0,0,0,0,0.6683,0.6546,0.62,0.64
2015,dehesa elementary,"Suburb, large",0.38,,0.44,,0.27,,,,,,,,0.64,8.0,0.0,7.0,0.0,3.0,0.0,,,0.0,0.0,,0.0,7.0,21.0,5.0,16.0,10.0,11.0,3.0,,,1.0,5.0,,1.0,11.0,0,1,0,1,0,1,1,1,1,1,1,1,0,0,0,0,0,0,0,1,1,0,0,1,0,0,0,0,0,0,0,0,1,1,0,0,1,0,0,,,,
2016,dehesa elementary,"Suburb, large",0.25,0.2,,0.21,,,,,,,,,0.31,6.0,4.0,0.0,3.0,0.0,0.0,,0.0,,0.0,,0.0,4.0,24.0,20.0,4.0,14.0,10.0,2.0,,1.0,,4.0,,4.0,13.0,0,0,1,0,1,1,1,1,1,1,1,1,0,0,0,0,0,0,0,1,0,1,0,1,0,0,0,0,0,0,0,0,1,0,1,0,1,0,0,0.38,,,
2017,dehesa elementary,"Rural, fringe",0.5714,,0.6154,,0.5,,,,,,,,,12.0,0.0,8.0,0.0,7.0,0.0,,,0.0,0.0,,0.0,0.0,21.0,0.0,13.0,0.0,14.0,0.0,,,0.0,0.0,,0.0,0.0,0,1,0,1,0,1,1,1,1,1,1,1,1,0,0,0,0,0,0,1,1,0,0,1,0,0,0,0,0,0,0,0,1,1,0,0,1,0,0,0.25,0.38,,
2018,dehesa elementary,"Rural, fringe",0.625,,,,,,,,,,,,,10.0,0.0,0.0,0.0,0.0,0.0,,0.0,,0.0,,0.0,0.0,16.0,0.0,0.0,0.0,0.0,0.0,,0.0,,0.0,,0.0,0.0,0,1,1,1,1,1,1,1,1,1,1,1,1,0,0,0,0,0,0,1,0,1,0,1,0,0,0,0,0,0,0,0,1,0,1,0,1,0,0,0.5714,0.25,0.38,
2019,dehesa elementary,"Rural, fringe",0.2667,,,,,,,,,,,,,4.0,0.0,0.0,0.0,0.0,0.0,,0.0,,0.0,,0.0,0.0,15.0,7.0,8.0,7.0,8.0,0.0,,0.0,,4.0,,0.0,4.0,0,1,1,1,1,1,1,1,1,1,1,1,1,0,0,0,0,0,0,1,0,1,0,1,0,0,0,0,0,0,0,0,1,0,1,0,1,0,0,0.625,0.5714,0.25,0.38
2015,del mar union elementary,"City, large",0.83,0.65,0.84,0.83,0.83,,0.91,,,0.62,,0.91,0.82,556.0,24.0,531.0,276.0,276.0,,176.0,0.0,0.0,34.0,,29.0,312.0,670.0,37.0,633.0,333.0,337.0,,194.0,3.0,5.0,55.0,,32.0,381.0,0,0,0,0,0,1,0,1,1,0,1,0,0,0,0,0,0,0,1,0,0,0,0,1,0,0,0,0,0,0,0,1,0,0,0,0,1,0,0,,,,
2016,del mar union elementary,"City, large",0.85,0.56,0.87,0.86,0.85,,0.94,,,0.61,,0.89,0.84,594.0,22.0,568.0,311.0,280.0,0.0,203.0,0.0,0.0,35.0,0.0,42.0,301.0,691.0,39.0,652.0,362.0,329.0,1.0,215.0,5.0,4.0,57.0,2.0,47.0,359.0,0,0,0,0,0,1,0,1,1,0,1,0,0,0,0,0,0,0,0,0,0,0,0,0,0,0,0,0,0,0,0,0,0,0,0,0,0,0,0,0.83,,,
2017,del mar union elementary,"City, large",0.8685,0.5435,0.8916,0.8571,0.8792,,0.9646,,,0.7429,,0.8293,0.8489,601.0,25.0,576.0,288.0,313.0,0.0,191.0,0.0,0.0,52.0,0.0,34.0,309.0,692.0,46.0,646.0,336.0,356.0,0.0,198.0,0.0,0.0,70.0,0.0,41.0,364.0,0,0,0,0,0,1,0,1,1,0,1,0,0,0,0,0,0,0,0,0,0,0,0,0,0,0,0,0,0,0,0,0,0,0,0,0,0,0,0,0.85,0.83,,
2018,del mar union elementary,"City, large",0.8239,0.5789,0.8473,0.8107,0.8363,,0.9318,,,0.5802,,0.6923,0.8233,539.0,33.0,506.0,257.0,282.0,0.0,206.0,,0.0,47.0,0.0,18.0,261.0,654.0,57.0,597.0,317.0,337.0,0.0,221.0,,0.0,81.0,0.0,26.0,317.0,0,0,0,0,0,1,0,1,1,0,1,0,0,0,0,0,0,0,0,0,1,0,0,0,0,0,0,0,0,0,0,0,0,1,0,0,0,0,0,0.8685,0.85,0.83,
2019,del mar union elementary,"City, large",0.8489,0.4255,0.8835,0.8462,0.8516,,0.9333,,,0.5833,,0.8718,0.881,529.0,20.0,509.0,264.0,265.0,,182.0,0.0,0.0,49.0,,35.0,259.0,623.0,47.0,576.0,312.0,311.0,,195.0,7.0,0.0,84.0,,40.0,294.0,0,0,0,0,0,1,0,1,1,0,1,0,0,0,0,0,0,0,1,0,0,0,0,1,0,0,0,0,0,0,0,1,0,0,0,0,1,0,0,0.8239,0.8685,0.85,0.83
2015,del norte county unified,"Town, remote",0.19,0.16,0.26,0.15,0.24,0.13,0.25,,,0.15,,,0.22,55.0,31.0,26.0,22.0,34.0,5.0,5.0,0.0,0.0,9.0,0.0,0.0,35.0,289.0,189.0,100.0,146.0,143.0,38.0,20.0,3.0,5.0,59.0,1.0,7.0,156.0,0,0,0,0,0,0,0,1,1,0,1,1,0,0,0,0,0,0,0,0,0,0,0,0,0,0,0,0,0,0,0,0,0,0,0,0,0,0,0,,,,
2016,del norte county unified,"Town, remote",0.24,0.2,0.35,0.17,0.31,0.16,0.23,,,0.19,,,0.27,75.0,45.0,29.0,25.0,49.0,8.0,3.0,0.0,0.0,13.0,,0.0,44.0,309.0,225.0,84.0,149.0,160.0,51.0,13.0,2.0,5.0,68.0,,5.0,165.0,0,0,0,0,0,0,0,1,1,0,1,1,0,0,0,0,0,0,0,0,0,0,0,1,0,0,0,0,0,0,0,0,0,0,0,0,1,0,0,0.19,,,
2017,del norte county unified,"Town, remote",0.2786,0.2021,0.4348,0.2662,0.2908,0.2895,0.0,,,0.15,,0.5,0.3267,78.0,38.0,40.0,37.0,41.0,11.0,0.0,0.0,0.0,9.0,,8.0,49.0,281.0,189.0,92.0,139.0,142.0,38.0,12.0,0.0,0.0,60.0,,16.0,151.0,0,0,0,0,0,0,0,1,1,0,1,0,0,0,0,0,0,0,0,0,0,0,0,1,0,0,0,0,0,0,0,0,0,0,0,0,1,0,0,0.24,0.19,,
2018,del norte county unified,"Town, remote",0.3382,0.3088,0.4265,0.3191,0.3588,0.2292,0.3077,,,0.2778,,0.4,0.4132,92.0,63.0,29.0,45.0,47.0,11.0,4.0,0.0,0.0,20.0,,6.0,50.0,272.0,204.0,68.0,141.0,131.0,48.0,13.0,0.0,0.0,72.0,,15.0,121.0,0,0,0,0,0,0,0,1,1,0,1,0,0,0,0,0,0,0,0,0,0,0,0,1,0,0,0,0,0,0,0,0,0,0,0,0,1,0,0,0.2786,0.24,0.19,
2019,del norte county unified,"Town, remote",0.3127,0.2421,0.5072,0.2679,0.3469,0.2,0.25,,,0.3115,,0.2632,0.352,81.0,46.0,35.0,30.0,51.0,7.0,4.0,0.0,0.0,19.0,,5.0,44.0,259.0,190.0,69.0,112.0,147.0,35.0,16.0,0.0,0.0,61.0,,19.0,125.0,0,0,0,0,0,0,0,1,1,0,1,0,0,0,0,0,0,0,0,0,0,0,0,1,0,0,0,0,0,0,0,0,0,0,0,0,1,0,0,0.3382,0.2786,0.24,0.19
2015,delano union elementary,"Suburb, small",0.18,0.15,0.41,0.19,0.17,,,,0.35,0.15,,,0.17,161.0,123.0,30.0,80.0,82.0,0.0,0.0,0.0,29.0,118.0,0.0,0.0,2.0,895.0,821.0,74.0,417.0,478.0,2.0,1.0,3.0,82.0,786.0,3.0,6.0,12.0,0,0,0,0,0,1,1,1,0,0,1,1,0,0,0,0,0,0,0,0,0,0,0,0,0,0,0,0,0,0,0,0,0,0,0,0,0,0,0,,,,
2016,delano union elementary,"Suburb, small",0.17,0.14,0.35,0.14,0.2,,,,0.32,0.15,,,0.18,138.0,106.0,37.0,61.0,87.0,0.0,0.0,0.0,24.0,114.0,,0.0,2.0,862.0,756.0,106.0,432.0,430.0,1.0,9.0,5.0,74.0,759.0,,2.0,11.0,0,0,0,0,0,1,1,1,0,0,1,1,0,0,0,0,0,0,0,0,0,0,0,1,0,0,0,0,0,0,0,0,0,0,0,0,1,0,0,0.18,,,
2017,delano union elementary,"Suburb, small",0.2365,0.2145,0.4,0.209,0.2613,,,,0.4531,0.211,,,0.2353,189.0,151.0,38.0,79.0,110.0,0.0,0.0,0.0,29.0,149.0,,0.0,4.0,799.0,704.0,95.0,378.0,421.0,0.0,0.0,0.0,64.0,706.0,,0.0,17.0,0,0,0,0,0,1,1,1,0,0,1,1,0,0,0,0,0,0,0,0,0,0,0,1,0,0,0,0,0,0,0,0,0,0,0,0,1,0,0,0.17,0.18,,
2018,delano union elementary,"Suburb, small",0.2955,0.2811,0.4286,0.2853,0.3046,,,,0.5821,0.266,,,,234.0,201.0,33.0,107.0,127.0,0.0,0.0,0.0,39.0,187.0,,0.0,0.0,792.0,715.0,77.0,375.0,417.0,0.0,0.0,0.0,67.0,703.0,,0.0,0.0,0,0,0,0,0,1,1,1,0,0,1,1,1,0,0,0,0,0,0,0,0,0,0,1,0,0,0,0,0,0,0,0,0,0,0,0,1,0,0,0.2365,0.17,0.18,
2019,delano union elementary,"Suburb, small",0.406,0.3797,0.5066,0.4301,0.3812,,,,0.5556,0.3967,,,,298.0,221.0,77.0,160.0,138.0,,0.0,0.0,30.0,261.0,,0.0,0.0,734.0,582.0,152.0,372.0,362.0,,5.0,0.0,54.0,658.0,,6.0,7.0,0,0,0,0,0,1,1,1,0,0,1,1,1,0,0,0,0,0,1,0,0,0,0,1,0,0,0,0,0,0,0,1,0,0,0,0,1,0,0,0.2955,0.2365,0.17,0.18
2015,delhi unified,"Suburb, small",0.14,0.13,0.22,0.14,0.13,,,,,0.15,,,0.09,28.0,20.0,5.0,15.0,12.0,,0.0,,,26.0,,0.0,1.0,197.0,174.0,23.0,108.0,89.0,,6.0,,,179.0,,1.0,11.0,0,0,0,0,0,1,1,1,1,0,1,1,0,0,0,0,0,0,1,0,1,1,0,1,0,0,0,0,0,0,0,1,0,1,1,0,1,0,0,,,,
2016,delhi unified,"Suburb, small",0.27,0.24,0.43,0.28,0.27,,,,,0.27,,,0.33,60.0,44.0,17.0,31.0,30.0,,0.0,0.0,,55.0,0.0,0.0,4.0,224.0,184.0,40.0,108.0,116.0,,5.0,1.0,,204.0,1.0,1.0,12.0,0,0,0,0,0,1,1,1,1,0,1,1,0,0,0,0,0,0,1,0,0,1,0,0,0,0,0,0,0,0,0,1,0,0,1,0,0,0,0,0.14,,,
2017,delhi unified,"Suburb, small",0.2903,0.2919,0.28,0.3068,0.2755,,,,,0.2881,,,,54.0,47.0,7.0,27.0,27.0,,0.0,,,51.0,,,0.0,186.0,161.0,25.0,88.0,98.0,,0.0,,,177.0,,,0.0,0,0,0,0,0,1,1,1,1,0,1,1,1,0,0,0,0,0,1,0,1,1,0,1,1,0,0,0,0,0,0,1,0,1,1,0,1,1,0,0.27,0.14,,
2018,delhi unified,"Suburb, small",0.2222,0.2138,0.2857,0.24,0.2095,,,,,0.2236,,,0.1538,40.0,34.0,6.0,18.0,22.0,,0.0,,,36.0,,0.0,2.0,180.0,159.0,21.0,75.0,105.0,,0.0,,,161.0,,0.0,13.0,0,0,0,0,0,1,1,1,1,0,1,1,0,0,0,0,0,0,1,0,1,1,0,1,0,0,0,0,0,0,0,1,0,1,1,0,1,0,0,0.2903,0.27,0.14,
2019,delhi unified,"Suburb, small",0.292,0.2525,0.5714,0.2925,0.2917,,,,,0.2823,,,,66.0,50.0,16.0,31.0,35.0,,0.0,,,59.0,0.0,,0.0,226.0,198.0,28.0,106.0,120.0,,8.0,,,209.0,0.0,,8.0,0,0,0,0,0,1,1,1,1,0,1,1,1,0,0,0,0,0,1,0,1,1,0,0,1,0,0,0,0,0,0,1,0,1,1,0,0,1,0,0.2222,0.2903,0.27,0.14
2015,denair unified,"Suburb, small",0.16,0.13,0.21,0.12,0.21,,,,,0.06,,,0.2,14.0,8.0,6.0,6.0,8.0,0.0,0.0,0.0,0.0,2.0,,0.0,9.0,89.0,60.0,29.0,50.0,39.0,1.0,2.0,1.0,1.0,36.0,,4.0,44.0,0,0,0,0,0,1,1,1,1,0,1,1,0,0,0,0,0,0,0,0,0,0,0,1,0,0,0,0,0,0,0,0,0,0,0,0,1,0,0,,,,
2016,denair unified,"Suburb, small",0.25,0.17,0.38,0.24,0.25,,,,,0.19,,,0.28,19.0,8.0,11.0,8.0,11.0,,,,,7.0,,0.0,11.0,77.0,48.0,29.0,33.0,44.0,,,,,36.0,,2.0,39.0,0,0,0,0,0,1,1,1,1,0,1,1,0,0,0,0,0,0,1,1,1,1,0,1,0,0,0,0,0,0,0,1,1,1,1,0,1,0,0,0.16,,,
2017,denair unified,"Suburb, small",0.2118,0.2037,0.2258,0.2162,0.2083,,,,,0.1905,,,0.2105,18.0,11.0,7.0,8.0,10.0,,0.0,,,8.0,,0.0,8.0,85.0,54.0,31.0,37.0,48.0,,0.0,,,42.0,,0.0,38.0,0,0,0,0,0,1,1,1,1,0,1,1,0,0,0,0,0,0,1,0,1,1,0,1,0,0,0,0,0,0,0,1,0,1,1,0,1,0,0,0.25,0.16,,
2018,denair unified,"Suburb, small",0.2273,0.1636,0.3333,0.2778,0.1923,,,,,0.1739,,,0.2778,20.0,9.0,11.0,10.0,10.0,,,0.0,,8.0,,0.0,10.0,88.0,55.0,33.0,36.0,52.0,,,0.0,,46.0,,0.0,36.0,0,0,0,0,0,1,1,1,1,0,1,1,0,0,0,0,0,0,1,1,0,1,0,1,0,0,0,0,0,0,0,1,1,0,1,0,1,0,0,0.2118,0.25,0.16,
2019,denair unified,"Suburb, small",0.3182,0.2581,0.3714,0.2903,0.3429,,,,,0.2,,,0.3824,21.0,8.0,13.0,9.0,12.0,,,0.0,,6.0,,,13.0,66.0,31.0,35.0,31.0,35.0,,,0.0,,30.0,,,34.0,0,0,0,0,0,1,1,1,1,0,1,1,0,0,0,0,0,0,1,1,0,1,0,1,1,0,0,0,0,0,0,1,1,0,1,0,1,1,0,0.2273,0.2118,0.25,0.16
2015,desert sands unified,"Suburb, large",0.3,0.22,0.52,0.32,0.29,,0.81,0.37,0.65,0.22,,0.39,0.57,645.0,338.0,284.0,319.0,306.0,0.0,30.0,10.0,11.0,347.0,,12.0,211.0,2083.0,1537.0,546.0,1029.0,1054.0,3.0,37.0,27.0,17.0,1577.0,,31.0,371.0,0,0,0,0,0,1,0,0,0,0,1,0,0,0,0,0,0,0,0,0,0,0,0,1,0,0,0,0,0,0,0,0,0,0,0,0,1,0,0,,,,
2016,desert sands unified,"Suburb, large",0.37,0.3,0.59,0.36,0.39,,0.79,0.28,0.58,0.3,,0.47,0.6,789.0,453.0,337.0,389.0,421.0,0.0,38.0,8.0,11.0,468.0,0.0,16.0,240.0,2131.0,1561.0,570.0,1080.0,1051.0,6.0,48.0,29.0,19.0,1560.0,3.0,33.0,400.0,0,0,0,0,0,1,0,0,0,0,1,0,0,0,0,0,0,0,0,0,0,0,0,0,0,0,0,0,0,0,0,0,0,0,0,0,0,0,0,0.3,,,
2017,desert sands unified,"Suburb, large",0.4125,0.3254,0.6252,0.387,0.4384,,0.7273,0.2927,0.7692,0.3493,,0.5,0.6284,879.0,492.0,387.0,416.0,463.0,0.0,24.0,12.0,10.0,548.0,0.0,21.0,252.0,2131.0,1512.0,619.0,1075.0,1056.0,0.0,33.0,41.0,13.0,1569.0,0.0,42.0,401.0,0,0,0,0,0,1,0,0,0,0,1,0,0,0,0,0,0,0,0,0,0,0,0,0,0,0,0,0,0,0,0,0,0,0,0,0,0,0,0,0.37,0.3,,
2018,desert sands unified,"Suburb, large",0.4491,0.3505,0.5968,0.4153,0.4822,,0.7561,0.2571,0.8824,0.3863,,0.6383,0.6717,899.0,421.0,478.0,412.0,487.0,0.0,31.0,9.0,15.0,581.0,,30.0,221.0,2002.0,1201.0,801.0,992.0,1010.0,0.0,41.0,35.0,17.0,1504.0,,47.0,329.0,0,0,0,0,0,1,0,0,0,0,1,0,0,0,0,0,0,0,0,0,0,0,0,1,0,0,0,0,0,0,0,0,0,0,0,0,1,0,0,0.4125,0.37,0.3,
2019,desert sands unified,"Suburb, large",0.4844,0.3758,0.5866,0.4775,0.4914,,0.7556,0.4,0.6923,0.4156,,0.7647,0.7006,901.0,339.0,562.0,446.0,455.0,0.0,34.0,14.0,9.0,569.0,0.0,26.0,234.0,1860.0,902.0,958.0,934.0,926.0,5.0,45.0,35.0,13.0,1369.0,0.0,34.0,334.0,0,0,0,0,0,1,0,0,0,0,1,0,0,0,0,0,0,0,0,0,0,0,0,0,0,0,0,0,0,0,0,0,0,0,0,0,0,0,0,0.4491,0.4125,0.37,0.3
2015,di giorgio elementary,"Rural, fringe",0.08,0.09,,0.06,,,,,,0.08,,,,2.0,2.0,0.0,1.0,0.0,,,,,2.0,,,,26.0,22.0,4.0,17.0,9.0,,,,,26.0,,,,0,0,1,0,1,1,1,1,1,0,1,1,1,0,0,0,0,0,1,1,1,1,0,1,1,1,0,0,0,0,0,1,1,1,1,0,1,1,1,,,,
2016,di giorgio elementary,"Rural, fringe",0.03,0.04,,0.07,0.0,,,,,0.04,,,,1.0,1.0,0.0,1.0,0.0,,,,,1.0,,,0.0,30.0,28.0,2.0,15.0,15.0,,,,,27.0,,,3.0,0,0,1,0,0,1,1,1,1,0,1,1,1,0,0,0,0,0,1,1,1,1,0,1,1,0,0,0,0,0,0,1,1,1,1,0,1,1,0,0.08,,,
2017,di giorgio elementary,"Rural, fringe",0.1667,0.1667,,,0.1667,,,,,0.125,,,,3.0,3.0,,0.0,2.0,,,,,2.0,,,0.0,18.0,18.0,,0.0,12.0,,,,,16.0,,,0.0,0,0,1,1,0,1,1,1,1,0,1,1,1,0,0,1,0,0,1,1,1,1,0,1,1,0,0,0,1,0,0,1,1,1,1,0,1,1,0,0.03,0.08,,
2018,di giorgio elementary,"Rural, fringe",0.0968,0.0968,,0.0,0.1579,,,,,0.0968,,,,3.0,3.0,,0.0,3.0,,,,,3.0,,,,31.0,31.0,,12.0,19.0,,,,,31.0,,,,0,0,1,0,0,1,1,1,1,0,1,1,1,0,0,1,0,0,1,1,1,1,0,1,1,1,0,0,1,0,0,1,1,1,1,0,1,1,1,0.1667,0.03,0.08,
2019,di giorgio elementary,"Rural, fringe",0.087,0.087,,,0.1429,,,,,0.087,,,,2.0,2.0,,0.0,2.0,,,,,2.0,,,,23.0,23.0,,9.0,14.0,,,,,23.0,,,,0,0,1,1,0,1,1,1,1,0,1,1,1,0,0,1,0,0,1,1,1,1,0,1,1,1,0,0,1,0,0,1,1,1,1,0,1,1,1,0.0968,0.1667,0.03,0.08
2015,dinuba unified,"Town, distant",0.18,0.14,0.21,0.17,0.18,,,,,0.18,,,0.17,85.0,38.0,51.0,39.0,48.0,0.0,0.0,0.0,0.0,83.0,,0.0,4.0,501.0,256.0,245.0,234.0,267.0,1.0,7.0,2.0,5.0,461.0,,2.0,23.0,0,0,0,0,0,1,1,1,1,0,1,1,0,0,0,0,0,0,0,0,0,0,0,1,0,0,0,0,0,0,0,0,0,0,0,0,1,0,0,,,,
2016,dinuba unified,"Town, distant",0.29,0.27,0.43,0.28,0.3,,0.27,,,0.3,,,0.21,142.0,107.0,33.0,66.0,77.0,0.0,3.0,0.0,0.0,131.0,0.0,,6.0,488.0,412.0,76.0,230.0,258.0,4.0,11.0,2.0,2.0,438.0,1.0,,30.0,0,0,0,0,0,1,0,1,1,0,1,1,0,0,0,0,0,0,0,0,0,0,0,0,1,0,0,0,0,0,0,0,0,0,0,0,0,1,0,0.18,,,
2017,dinuba unified,"Town, distant",0.3208,0.2908,0.5085,0.302,0.3378,,,,,0.3128,,,0.4375,137.0,107.0,30.0,61.0,76.0,0.0,0.0,0.0,0.0,122.0,0.0,,7.0,428.0,368.0,60.0,202.0,226.0,0.0,0.0,0.0,0.0,391.0,0.0,,16.0,0,0,0,0,0,1,1,1,1,0,1,1,0,0,0,0,0,0,0,0,0,0,0,0,1,0,0,0,0,0,0,0,0,0,0,0,0,1,0,0.29,0.18,,
2018,dinuba unified,"Town, distant",0.3645,0.3397,0.4881,0.3246,0.3978,,,,,0.3606,,,0.5385,183.0,142.0,41.0,74.0,109.0,0.0,0.0,0.0,0.0,172.0,,,7.0,502.0,418.0,84.0,228.0,274.0,0.0,0.0,0.0,0.0,477.0,,,13.0,0,0,0,0,0,1,1,1,1,0,1,1,0,0,0,0,0,0,0,0,0,0,0,1,1,0,0,0,0,0,0,0,0,0,0,0,1,1,0,0.3208,0.29,0.18,
2019,dinuba unified,"Town, distant",0.4361,0.4169,0.5366,0.42,0.4517,,,,,0.4313,,,0.6111,222.0,178.0,44.0,105.0,117.0,0.0,0.0,0.0,0.0,207.0,,,11.0,509.0,427.0,82.0,250.0,259.0,0.0,7.0,0.0,0.0,480.0,,,18.0,0,0,0,0,0,1,1,1,1,0,1,1,0,0,0,0,0,0,0,0,0,0,0,1,1,0,0,0,0,0,0,0,0,0,0,0,1,1,0,0.3645,0.3208,0.29,0.18
2015,dixie elementary,"Suburb, large",0.71,0.31,0.77,0.69,0.72,,0.68,,,0.17,,0.8,0.79,140.0,8.0,132.0,59.0,81.0,,13.0,0.0,,4.0,0.0,12.0,107.0,197.0,26.0,171.0,85.0,112.0,,19.0,3.0,,23.0,1.0,15.0,136.0,0,0,0,0,0,1,0,1,1,0,1,0,0,0,0,0,0,0,1,0,0,1,0,0,0,0,0,0,0,0,0,1,0,0,1,0,0,0,0,,,,
2016,dixie elementary,"Suburb, large",0.73,0.24,0.81,0.66,0.78,,0.8,,,0.43,,0.75,0.78,146.0,7.0,138.0,65.0,80.0,,12.0,0.0,0.0,12.0,,9.0,109.0,201.0,29.0,172.0,98.0,103.0,,15.0,3.0,3.0,28.0,,12.0,139.0,0,0,0,0,0,1,0,1,1,0,1,0,0,0,0,0,0,0,1,0,0,0,0,1,0,0,0,0,0,0,0,1,0,0,0,0,1,0,0,0.71,,,
2017,dixie elementary,"Suburb, large",0.6756,0.3043,0.7178,0.6261,0.7273,,0.9375,,,0.3611,,0.625,0.7171,152.0,7.0,145.0,72.0,80.0,,15.0,0.0,0.0,13.0,0.0,10.0,109.0,225.0,23.0,202.0,115.0,110.0,,16.0,0.0,0.0,36.0,0.0,16.0,152.0,0,0,0,0,0,1,0,1,1,0,1,0,0,0,0,0,0,0,1,0,0,0,0,0,0,0,0,0,0,0,0,1,0,0,0,0,0,0,0,0.73,0.71,,
2018,dixie elementary,"Suburb, large",0.6949,0.3409,0.776,0.6731,0.7121,,0.8889,,,0.2703,,0.6667,0.7677,164.0,15.0,149.0,70.0,94.0,,16.0,0.0,0.0,10.0,,12.0,119.0,236.0,44.0,192.0,104.0,132.0,,18.0,0.0,0.0,37.0,,18.0,155.0,0,0,0,0,0,1,0,1,1,0,1,0,0,0,0,0,0,0,1,0,0,0,0,1,0,0,0,0,0,0,0,1,0,0,0,0,1,0,0,0.6756,0.73,0.71,
2019,dixie elementary,"Suburb, large",0.7325,0.3684,0.8,0.74,0.7273,,0.913,,,0.375,,0.7647,0.8267,178.0,14.0,164.0,74.0,104.0,,21.0,0.0,0.0,15.0,0.0,13.0,124.0,243.0,38.0,205.0,100.0,143.0,,23.0,7.0,0.0,40.0,0.0,17.0,150.0,0,0,0,0,0,1,0,1,1,0,1,0,0,0,0,0,0,0,1,0,0,0,0,0,0,0,0,0,0,0,0,1,0,0,0,0,0,0,0,0.6949,0.6756,0.73,0.71
2015,dixon unified,"Town, fringe",0.24,0.18,0.36,0.24,0.24,,,,,0.19,,0.08,0.36,55.0,27.0,27.0,23.0,31.0,,0.0,0.0,,26.0,,1.0,25.0,227.0,151.0,76.0,96.0,131.0,,1.0,4.0,,137.0,,12.0,70.0,0,0,0,0,0,1,1,1,1,0,1,0,0,0,0,0,0,0,1,0,0,1,0,1,0,0,0,0,0,0,0,1,0,0,1,0,1,0,0,,,,
2016,dixon unified,"Town, fringe",0.28,0.25,0.33,0.26,0.29,,,,,0.25,,,0.31,68.0,42.0,24.0,32.0,35.0,0.0,0.0,0.0,0.0,40.0,0.0,0.0,21.0,243.0,171.0,72.0,122.0,121.0,1.0,3.0,5.0,2.0,159.0,1.0,4.0,67.0,0,0,0,0,0,1,1,1,1,0,1,1,0,0,0,0,0,0,0,0,0,0,0,0,0,0,0,0,0,0,0,0,0,0,0,0,0,0,0,0.24,,,
2017,dixon unified,"Town, fringe",0.2327,0.1727,0.3651,0.2292,0.2358,,,,,0.194,,,0.3061,47.0,24.0,23.0,22.0,25.0,0.0,0.0,0.0,0.0,26.0,0.0,0.0,15.0,202.0,139.0,63.0,96.0,106.0,0.0,0.0,0.0,0.0,134.0,0.0,0.0,49.0,0,0,0,0,0,1,1,1,1,0,1,1,0,0,0,0,0,0,0,0,0,0,0,0,0,0,0,0,0,0,0,0,0,0,0,0,0,0,0,0.28,0.24,,
2018,dixon unified,"Town, fringe",0.2513,0.1857,0.4182,0.2151,0.2843,,,,,0.1984,,,0.3878,49.0,26.0,23.0,20.0,29.0,,,0.0,0.0,25.0,0.0,0.0,19.0,195.0,140.0,55.0,93.0,102.0,,,0.0,0.0,126.0,0.0,0.0,49.0,0,0,0,0,0,1,1,1,1,0,1,1,0,0,0,0,0,0,1,1,0,0,0,0,0,0,0,0,0,0,0,1,1,0,0,0,0,0,0,0.2327,0.28,0.24,
2019,dixon unified,"Town, fringe",0.377,0.3175,0.5088,0.3407,0.413,,,,,0.2941,,,0.5532,69.0,40.0,29.0,31.0,38.0,,0.0,0.0,,35.0,,0.0,26.0,183.0,126.0,57.0,91.0,92.0,,0.0,0.0,,119.0,,8.0,47.0,0,0,0,0,0,1,1,1,1,0,1,1,0,0,0,0,0,0,1,0,0,1,0,1,0,0,0,0,0,0,0,1,0,0,1,0,1,0,0,0.2513,0.2327,0.28,0.24
2015,douglas city elementary,"Rural, remote",0.61,0.38,,,0.79,,,,,,,,0.77,14.0,5.0,0.0,0.0,11.0,,0.0,,,0.0,,0.0,10.0,23.0,13.0,10.0,9.0,14.0,,1.0,,,4.0,,5.0,13.0,0,0,1,1,0,1,1,1,1,1,1,1,0,0,0,0,0,0,1,0,1,1,0,1,0,0,0,0,0,0,0,1,0,1,1,0,1,0,0,,,,
2016,douglas city elementary,"Rural, remote",0.82,0.67,,0.91,0.73,,,,,,,,0.88,18.0,8.0,0.0,10.0,8.0,,,,,0.0,,0.0,15.0,22.0,12.0,10.0,11.0,11.0,,,,,2.0,,3.0,17.0,0,0,1,0,0,1,1,1,1,1,1,1,0,0,0,0,0,0,1,1,1,1,0,1,0,0,0,0,0,0,0,1,1,1,1,0,1,0,0,0.61,,,
2017,douglas city elementary,"Rural, remote",0.5714,0.6667,,0.5625,,,,,,,,,0.6111,12.0,8.0,0.0,9.0,0.0,,,,,,,0.0,11.0,21.0,12.0,0.0,16.0,0.0,,,,,,,0.0,18.0,0,0,1,0,1,1,1,1,1,1,1,1,0,0,0,0,0,0,1,1,1,1,1,1,0,0,0,0,0,0,0,1,1,1,1,1,1,0,0,0.82,0.61,,
2018,douglas city elementary,"Rural, remote",0.7,0.5455,,0.6364,,,,,,,,,0.7059,14.0,6.0,0.0,7.0,0.0,,,,,0.0,,,12.0,20.0,11.0,0.0,11.0,0.0,,,,,0.0,,,17.0,0,0,1,0,1,1,1,1,1,1,1,1,0,0,0,0,0,0,1,1,1,1,0,1,1,0,0,0,0,0,0,1,1,1,1,0,1,1,0,0.5714,0.82,0.61,
2019,douglas city elementary,"Rural, remote",0.8667,,,,,,,,,,,,0.9231,13.0,0.0,0.0,0.0,0.0,,0.0,,,0.0,,,12.0,15.0,7.0,8.0,9.0,6.0,,0.0,,,0.0,,,13.0,0,1,1,1,1,1,1,1,1,1,1,1,0,0,0,0,0,0,1,0,1,1,0,1,1,0,0,0,0,0,0,1,0,1,1,0,1,1,0,0.7,0.5714,0.82,0.61
2015,downey unified,"Suburb, large",0.37,0.32,0.51,0.36,0.39,,0.67,0.22,0.35,0.37,,,0.37,552.0,360.0,204.0,269.0,291.0,0.0,20.0,8.0,6.0,485.0,0.0,0.0,29.0,1493.0,1092.0,401.0,745.0,748.0,2.0,30.0,38.0,17.0,1312.0,6.0,10.0,78.0,0,0,0,0,0,1,0,0,0,0,1,1,0,0,0,0,0,0,0,0,0,0,0,0,0,0,0,0,0,0,0,0,0,0,0,0,0,0,0,,,,
2016,downey unified,"Suburb, large",0.44,0.39,0.61,0.45,0.44,,0.85,0.26,0.67,0.44,,,0.42,672.0,453.0,224.0,330.0,349.0,0.0,17.0,11.0,8.0,616.0,,0.0,31.0,1526.0,1160.0,366.0,733.0,793.0,2.0,20.0,42.0,12.0,1369.0,,7.0,74.0,0,0,0,0,0,1,0,0,0,0,1,1,0,0,0,0,0,0,0,0,0,0,0,1,0,0,0,0,0,0,0,0,0,0,0,0,1,0,0,0.37,,,
2017,downey unified,"Suburb, large",0.4472,0.3954,0.5862,0.4419,0.4524,,0.6207,0.3077,0.6154,0.4364,,,0.5942,669.0,431.0,238.0,327.0,342.0,0.0,18.0,12.0,8.0,583.0,0.0,0.0,41.0,1496.0,1090.0,406.0,740.0,756.0,0.0,29.0,39.0,13.0,1336.0,0.0,0.0,69.0,0,0,0,0,0,1,0,0,0,0,1,1,0,0,0,0,0,0,0,0,0,0,0,0,0,0,0,0,0,0,0,0,0,0,0,0,0,0,0,0.44,0.37,,
2018,downey unified,"Suburb, large",0.5139,0.468,0.6326,0.5033,0.5249,,0.8519,0.4186,0.7692,0.4992,,,0.6852,758.0,498.0,260.0,379.0,379.0,0.0,23.0,18.0,10.0,658.0,0.0,0.0,37.0,1475.0,1064.0,411.0,753.0,722.0,0.0,27.0,43.0,13.0,1318.0,0.0,0.0,54.0,0,0,0,0,0,1,0,0,0,0,1,1,0,0,0,0,0,0,0,0,0,0,0,0,0,0,0,0,0,0,0,0,0,0,0,0,0,0,0,0.4472,0.44,0.37,
2019,downey unified,"Suburb, large",0.5133,0.4814,0.6028,0.5031,0.5226,,0.7037,0.5278,0.6667,0.5016,,,0.625,693.0,479.0,214.0,323.0,370.0,0.0,19.0,19.0,8.0,610.0,0.0,0.0,30.0,1350.0,995.0,355.0,642.0,708.0,0.0,27.0,36.0,12.0,1216.0,0.0,7.0,48.0,0,0,0,0,0,1,0,0,0,0,1,1,0,0,0,0,0,0,0,0,0,0,0,0,0,0,0,0,0,0,0,0,0,0,0,0,0,0,0,0.5139,0.4472,0.44,0.37
2015,duarte unified,"Suburb, large",0.33,0.27,0.52,0.31,0.35,,,,,0.3,,,0.5,84.0,51.0,33.0,38.0,47.0,,0.0,0.0,0.0,60.0,0.0,0.0,10.0,254.0,190.0,64.0,121.0,133.0,,8.0,10.0,7.0,202.0,1.0,6.0,20.0,0,0,0,0,0,1,1,1,1,0,1,1,0,0,0,0,0,0,1,0,0,0,0,0,0,0,0,0,0,0,0,1,0,0,0,0,0,0,0,,,,
2016,duarte unified,"Suburb, large",0.39,0.3,0.68,0.4,0.38,,,,,0.32,,,0.6,112.0,68.0,44.0,57.0,55.0,0.0,0.0,0.0,0.0,69.0,0.0,0.0,21.0,286.0,221.0,65.0,142.0,144.0,1.0,10.0,9.0,10.0,216.0,1.0,4.0,35.0,0,0,0,0,0,1,1,1,1,0,1,1,0,0,0,0,0,0,0,0,0,0,0,0,0,0,0,0,0,0,0,0,0,0,0,0,0,0,0,0.33,,,
2017,duarte unified,"Suburb, large",0.4037,0.3396,0.6379,0.3504,0.4444,,0.8182,0.4,0.8235,0.3222,,,0.4815,109.0,72.0,37.0,41.0,68.0,,9.0,8.0,14.0,58.0,,0.0,13.0,270.0,212.0,58.0,117.0,153.0,,11.0,20.0,17.0,180.0,,0.0,27.0,0,0,0,0,0,1,0,0,0,0,1,1,0,0,0,0,0,0,1,0,0,0,0,1,0,0,0,0,0,0,0,1,0,0,0,0,1,0,0,0.39,0.33,,
2018,duarte unified,"Suburb, large",0.4943,0.4394,0.6615,0.4932,0.4957,,0.8824,,,0.4032,,0.7273,0.8333,130.0,87.0,43.0,73.0,57.0,,15.0,0.0,0.0,75.0,0.0,8.0,20.0,263.0,198.0,65.0,148.0,115.0,,17.0,0.0,0.0,186.0,0.0,11.0,24.0,0,0,0,0,0,1,0,1,1,0,1,0,0,0,0,0,0,0,1,0,0,0,0,0,0,0,0,0,0,0,0,1,0,0,0,0,0,0,0,0.4037,0.39,0.33,
2019,duarte unified,"Suburb, large",0.3799,0.2857,0.6393,0.3241,0.4298,,0.3077,0.1429,,0.3373,,,0.7273,87.0,48.0,39.0,35.0,52.0,,4.0,2.0,0.0,56.0,,0.0,16.0,229.0,168.0,61.0,108.0,121.0,,13.0,14.0,10.0,166.0,,4.0,22.0,0,0,0,0,0,1,0,0,1,0,1,1,0,0,0,0,0,0,1,0,0,0,0,1,0,0,0,0,0,0,0,1,0,0,0,0,1,0,0,0.4943,0.4037,0.39,0.33
2015,dublin unified,"Suburb, large",0.74,0.38,0.77,0.71,0.77,,0.87,0.48,0.63,0.39,,1.0,0.73,575.0,22.0,553.0,274.0,302.0,0.0,317.0,14.0,30.0,34.0,0.0,14.0,163.0,777.0,58.0,719.0,385.0,392.0,4.0,364.0,30.0,48.0,88.0,2.0,14.0,221.0,0,0,0,0,0,1,0,0,0,0,1,0,0,0,0,0,0,0,0,0,0,0,0,0,0,0,0,0,0,0,0,0,0,0,0,0,0,0,0,,,,
2016,dublin unified,"Suburb, large",0.8,0.35,0.83,0.81,0.78,,0.91,0.37,0.82,0.48,,0.78,0.77,698.0,23.0,670.0,347.0,345.0,0.0,383.0,10.0,37.0,48.0,0.0,57.0,154.0,872.0,65.0,807.0,429.0,443.0,1.0,425.0,27.0,45.0,99.0,1.0,73.0,200.0,0,0,0,0,0,1,0,0,0,0,1,0,0,0,0,0,0,0,0,0,0,0,0,0,0,0,0,0,0,0,0,0,0,0,0,0,0,0,0,0.74,,,
2017,dublin unified,"Suburb, large",0.7798,0.4412,0.8085,0.7629,0.7976,,0.8555,0.4737,0.8205,0.59,,0.84,0.6995,680.0,30.0,650.0,341.0,339.0,,379.0,9.0,32.0,59.0,0.0,63.0,135.0,872.0,68.0,804.0,447.0,425.0,,443.0,19.0,39.0,100.0,0.0,75.0,193.0,0,0,0,0,0,1,0,0,0,0,1,0,0,0,0,0,0,0,1,0,0,0,0,0,0,0,0,0,0,0,0,1,0,0,0,0,0,0,0,0.8,0.74,,
2018,dublin unified,"Suburb, large",0.7596,0.3864,0.7962,0.7615,0.7579,,0.915,0.3939,0.7838,0.4797,,0.7215,0.61,749.0,34.0,716.0,364.0,385.0,0.0,464.0,13.0,29.0,59.0,0.0,57.0,122.0,987.0,88.0,899.0,479.0,508.0,0.0,507.0,33.0,37.0,123.0,0.0,79.0,200.0,0,0,0,0,0,1,0,0,0,0,1,0,0,0,0,0,0,0,0,0,0,0,0,0,0,0,0,0,0,0,0,0,0,0,0,0,0,0,0,0.7798,0.8,0.74,
2019,dublin unified,"Suburb, large",0.7815,0.1731,0.8167,0.7864,0.7773,,0.9109,0.32,0.7778,0.4457,,0.6854,0.6845,744.0,9.0,735.0,346.0,398.0,0.0,491.0,8.0,21.0,41.0,0.0,61.0,115.0,952.0,52.0,900.0,440.0,512.0,5.0,539.0,25.0,27.0,92.0,7.0,89.0,168.0,0,0,0,0,0,1,0,0,0,0,1,0,0,0,0,0,0,0,0,0,0,0,0,0,0,0,0,0,0,0,0,0,0,0,0,0,0,0,0,0.7596,0.7798,0.8,0.74
2015,ducor union elementary,"Rural, distant",0.15,0.17,,0.15,0.14,,,,,0.16,,,,4.0,4.0,0.0,2.0,2.0,,,,,4.0,,,0.0,27.0,24.0,3.0,13.0,14.0,,,,,25.0,,,2.0,0,0,1,0,0,1,1,1,1,0,1,1,1,0,0,0,0,0,1,1,1,1,0,1,1,0,0,0,0,0,0,1,1,1,1,0,1,1,0,,,,
2016,ducor union elementary,"Rural, distant",0.33,0.29,,,0.45,,,,,0.33,,,,6.0,5.0,0.0,0.0,5.0,,,,,6.0,,,,18.0,17.0,1.0,7.0,11.0,,,,,18.0,,,,0,0,1,1,0,1,1,1,1,0,1,1,1,0,0,0,0,0,1,1,1,1,0,1,1,1,0,0,0,0,0,1,1,1,1,0,1,1,1,0.15,,,
2017,ducor union elementary,"Rural, distant",0.1579,0.1667,,,0.0909,,,,,0.1667,,,,3.0,3.0,0.0,0.0,1.0,,,,,3.0,,,0.0,19.0,18.0,0.0,0.0,11.0,,,,,18.0,,,0.0,0,0,1,1,0,1,1,1,1,0,1,1,1,0,0,0,0,0,1,1,1,1,0,1,1,0,0,0,0,0,0,1,1,1,1,0,1,1,0,0.33,0.15,,
2018,ducor union elementary,"Rural, distant",0.0,0.0,,,,,,,,0.0,,,,0.0,0.0,0.0,0.0,0.0,,,,,0.0,,,0.0,15.0,14.0,0.0,0.0,0.0,,,,,14.0,,,0.0,0,0,1,1,1,1,1,1,1,0,1,1,1,0,0,0,0,0,1,1,1,1,0,1,1,0,0,0,0,0,0,1,1,1,1,0,1,1,0,0.1579,0.33,0.15,
2019,ducor union elementary,"Rural, distant",0.0,,,,,,,,,0.0,,,,0.0,0.0,0.0,0.0,0.0,,,,,0.0,,,,11.0,10.0,0.0,6.0,5.0,,,,,11.0,,,,0,1,1,1,1,1,1,1,1,0,1,1,1,0,0,0,0,0,1,1,1,1,0,1,1,1,0,0,0,0,0,1,1,1,1,0,1,1,1,0.0,0.1579,0.33,0.15
2015,dunham elementary,"Rural, fringe",0.17,,0.13,0.09,0.25,,,,,,,,0.13,4.0,0.0,2.0,1.0,3.0,0.0,,,,0.0,,0.0,2.0,23.0,8.0,15.0,11.0,12.0,1.0,,,,4.0,,2.0,16.0,0,1,0,0,0,1,1,1,1,1,1,1,0,0,0,0,0,0,0,1,1,1,0,1,0,0,0,0,0,0,0,0,1,1,1,0,1,0,0,,,,
2016,dunham elementary,"Rural, fringe",0.38,,0.44,0.27,0.47,,,,,,,,0.42,10.0,0.0,7.0,3.0,7.0,,,,,0.0,,0.0,8.0,26.0,10.0,16.0,11.0,15.0,,,,,4.0,,3.0,19.0,0,1,0,0,0,1,1,1,1,1,1,1,0,0,0,0,0,0,1,1,1,1,0,1,0,0,0,0,0,0,0,1,1,1,1,0,1,0,0,0.17,,,
2017,dunham elementary,"Rural, fringe",0.625,,0.7647,0.5385,0.7273,,,,,,,,0.6875,15.0,0.0,13.0,7.0,8.0,,,,,0.0,,0.0,11.0,24.0,0.0,17.0,13.0,11.0,,,,,0.0,,0.0,16.0,0,1,0,0,0,1,1,1,1,1,1,1,0,0,0,0,0,0,1,1,1,1,0,1,0,0,0,0,0,0,0,1,1,1,1,0,1,0,0,0.38,0.17,,
2018,dunham elementary,"Rural, fringe",0.3462,,0.4211,0.2941,,,,,,,,,0.4737,9.0,0.0,8.0,5.0,0.0,,,,,0.0,,0.0,9.0,26.0,0.0,19.0,17.0,0.0,,,,,0.0,,0.0,19.0,0,1,0,0,1,1,1,1,1,1,1,1,0,0,0,0,0,0,1,1,1,1,0,1,0,0,0,0,0,0,0,1,1,1,1,0,1,0,0,0.625,0.38,0.17,
2019,dunham elementary,"Rural, fringe",0.6,,0.6818,0.5714,0.6364,,,,,,,,0.6875,15.0,0.0,15.0,8.0,7.0,,,,,0.0,,0.0,11.0,25.0,0.0,22.0,14.0,11.0,,,,,5.0,,0.0,16.0,0,1,0,0,0,1,1,1,1,1,1,1,0,0,0,0,0,0,1,1,1,1,0,1,0,0,0,0,0,0,0,1,1,1,1,0,1,0,0,0.3462,0.625,0.38,0.17
2015,durham unified,"Rural, fringe",0.41,0.23,0.52,0.38,0.44,,,,,0.12,,,0.51,28.0,6.0,22.0,13.0,15.0,,,,,2.0,,0.0,24.0,68.0,26.0,42.0,34.0,34.0,,,,,17.0,,4.0,47.0,0,0,0,0,0,1,1,1,1,0,1,1,0,0,0,0,0,0,1,1,1,1,0,1,0,0,0,0,0,0,0,1,1,1,1,0,1,0,0,,,,
2016,durham unified,"Rural, fringe",0.59,0.35,0.82,0.5,0.67,,,,,0.18,,,0.73,40.0,12.0,28.0,16.0,24.0,0.0,0.0,,,3.0,,0.0,33.0,68.0,34.0,34.0,32.0,36.0,2.0,1.0,,,17.0,,3.0,45.0,0,0,0,0,0,1,1,1,1,0,1,1,0,0,0,0,0,0,0,0,1,1,0,1,0,0,0,0,0,0,0,0,0,1,1,0,1,0,0,0.41,,,
2017,durham unified,"Rural, fringe",0.4459,0.2667,0.5682,0.2857,0.5435,,,,,0.2,,,0.4902,33.0,8.0,25.0,8.0,25.0,,,0.0,,3.0,,0.0,25.0,74.0,30.0,44.0,28.0,46.0,,,0.0,,15.0,,0.0,51.0,0,0,0,0,0,1,1,1,1,0,1,1,0,0,0,0,0,0,1,1,0,1,0,1,0,0,0,0,0,0,0,1,1,0,1,0,1,0,0,0.59,0.41,,
2018,durham unified,"Rural, fringe",0.4756,0.2571,0.6383,0.425,0.5238,,,,,0.1111,,,0.5789,39.0,9.0,30.0,17.0,22.0,,,,,2.0,,0.0,33.0,82.0,35.0,47.0,40.0,42.0,,,,,18.0,,0.0,57.0,0,0,0,0,0,1,1,1,1,0,1,1,0,0,0,0,0,0,1,1,1,1,0,1,0,0,0,0,0,0,0,1,1,1,1,0,1,0,0,0.4459,0.59,0.41,
2019,durham unified,"Rural, fringe",0.4231,0.2955,0.5882,0.4444,0.3939,,,,,0.0667,,,0.5167,33.0,13.0,20.0,20.0,13.0,,,,,1.0,,0.0,31.0,78.0,44.0,34.0,45.0,33.0,,,,,15.0,,0.0,60.0,0,0,0,0,0,1,1,1,1,0,1,1,0,0,0,0,0,0,1,1,1,1,0,1,0,0,0,0,0,0,0,1,1,1,1,0,1,0,0,0.4756,0.4459,0.59,0.41
2015,earlimart elementary,"Town, fringe",0.14,0.14,,0.15,0.13,,,,,0.14,,,,29.0,33.0,0.0,15.0,16.0,,0.0,0.0,0.0,30.0,,,0.0,226.0,217.0,9.0,103.0,123.0,,1.0,1.0,5.0,214.0,,,3.0,0,0,1,0,0,1,1,1,1,0,1,1,1,0,0,0,0,0,1,0,0,0,0,1,1,0,0,0,0,0,0,1,0,0,0,0,1,1,0,,,,
2016,earlimart elementary,"Town, fringe",0.16,0.17,,0.15,0.16,,,,,0.15,,,,26.0,29.0,0.0,13.0,15.0,,0.0,,0.0,25.0,,0.0,0.0,179.0,169.0,10.0,84.0,95.0,,2.0,,3.0,169.0,,1.0,2.0,0,0,1,0,0,1,1,1,1,0,1,1,1,0,0,0,0,0,1,0,1,0,0,1,0,0,0,0,0,0,0,1,0,1,0,0,1,0,0,0.14,,,
2017,earlimart elementary,"Town, fringe",0.1964,0.186,,0.2072,0.1858,,,,,0.1944,,,,44.0,40.0,0.0,23.0,21.0,,0.0,0.0,0.0,42.0,,,,224.0,215.0,0.0,111.0,113.0,,0.0,0.0,0.0,216.0,,,,0,0,1,0,0,1,1,1,1,0,1,1,1,0,0,0,0,0,1,0,0,0,0,1,1,1,0,0,0,0,0,1,0,0,0,0,1,1,1,0.16,0.14,,
2018,earlimart elementary,"Town, fringe",0.1832,0.1762,,0.1739,0.1909,,,,,0.1869,,,,37.0,34.0,0.0,16.0,21.0,,,0.0,0.0,37.0,,,,202.0,193.0,0.0,92.0,110.0,,,0.0,0.0,198.0,,,,0,0,1,0,0,1,1,1,1,0,1,1,1,0,0,0,0,0,1,1,0,0,0,1,1,1,0,0,0,0,0,1,1,0,0,0,1,1,1,0.1964,0.16,0.14,
2019,earlimart elementary,"Town, fringe",0.1947,0.1905,,0.1628,0.2212,,,,,0.1899,,,,37.0,36.0,0.0,14.0,23.0,,0.0,,0.0,34.0,,,0.0,190.0,189.0,0.0,86.0,104.0,,0.0,,4.0,179.0,,,0.0,0,0,1,0,0,1,1,1,1,0,1,1,1,0,0,0,0,0,1,0,1,0,0,1,1,0,0,0,0,0,0,1,0,1,0,0,1,1,0,0.1832,0.1964,0.16,0.14
2015,east whittier city elementary,"Suburb, large",0.42,0.3,0.57,0.42,0.42,,0.67,,0.5,0.38,,0.64,0.62,434.0,174.0,257.0,214.0,219.0,0.0,12.0,0.0,6.0,327.0,,9.0,73.0,1033.0,581.0,452.0,511.0,522.0,1.0,18.0,9.0,12.0,862.0,,14.0,117.0,0,0,0,0,0,1,0,1,0,0,1,0,0,0,0,0,0,0,0,0,0,0,0,1,0,0,0,0,0,0,0,0,0,0,0,0,1,0,0,,,,
2016,east whittier city elementary,"Suburb, large",0.44,0.3,0.61,0.42,0.45,,0.77,,0.6,0.4,,,0.58,446.0,179.0,269.0,187.0,256.0,0.0,10.0,0.0,9.0,339.0,0.0,0.0,66.0,1013.0,580.0,433.0,445.0,568.0,1.0,13.0,9.0,15.0,848.0,3.0,10.0,114.0,0,0,0,0,0,1,0,1,0,0,1,1,0,0,0,0,0,0,0,0,0,0,0,0,0,0,0,0,0,0,0,0,0,0,0,0,0,0,0,0.42,,,
2017,east whittier city elementary,"Suburb, large",0.49,0.3617,0.6359,0.4977,0.4826,,0.8824,,,0.4488,,,0.703,443.0,174.0,269.0,221.0,222.0,0.0,15.0,0.0,0.0,342.0,0.0,0.0,71.0,904.0,481.0,423.0,444.0,460.0,0.0,17.0,0.0,0.0,762.0,0.0,0.0,101.0,0,0,0,0,0,1,0,1,1,0,1,1,0,0,0,0,0,0,0,0,0,0,0,0,0,0,0,0,0,0,0,0,0,0,0,0,0,0,0,0.44,0.42,,
2018,east whittier city elementary,"Suburb, large",0.5393,0.4343,0.6815,0.514,0.5635,,0.6154,,,0.5218,,,0.7053,514.0,238.0,276.0,239.0,275.0,,8.0,0.0,0.0,430.0,0.0,0.0,67.0,953.0,548.0,405.0,465.0,488.0,,13.0,0.0,0.0,824.0,0.0,0.0,95.0,0,0,0,0,0,1,0,1,1,0,1,1,0,0,0,0,0,0,1,0,0,0,0,0,0,0,0,0,0,0,0,1,0,0,0,0,0,0,0,0.49,0.44,0.42,
2019,east whittier city elementary,"Suburb, large",0.5884,0.4898,0.7117,0.6,0.5774,,0.8333,,,0.581,,0.6364,0.5816,519.0,240.0,279.0,258.0,261.0,0.0,15.0,0.0,0.0,427.0,0.0,7.0,57.0,882.0,490.0,392.0,430.0,452.0,4.0,18.0,7.0,7.0,735.0,0.0,11.0,98.0,0,0,0,0,0,1,0,1,1,0,1,0,0,0,0,0,0,0,0,0,0,0,0,0,0,0,0,0,0,0,0,0,0,0,0,0,0,0,0,0.5393,0.49,0.44,0.42
2015,eastern sierra unified,"Rural, remote",0.38,0.13,0.64,0.38,0.38,,,,,0.09,,,0.63,11.0,2.0,9.0,5.0,6.0,0.0,,0.0,0.0,1.0,,,10.0,30.0,16.0,14.0,14.0,16.0,1.0,,1.0,1.0,11.0,,,16.0,0,0,0,0,0,1,1,1,1,0,1,1,0,0,0,0,0,0,0,1,0,0,0,1,1,0,0,0,0,0,0,0,1,0,0,0,1,1,0,,,,
2016,eastern sierra unified,"Rural, remote",0.2,0.1,0.3,0.06,0.3,,,,,0.08,,,0.32,8.0,2.0,6.0,1.0,7.0,0.0,,,,1.0,0.0,0.0,7.0,41.0,21.0,20.0,18.0,23.0,3.0,,,,14.0,1.0,1.0,22.0,0,0,0,0,0,1,1,1,1,0,1,1,0,0,0,0,0,0,0,1,1,1,0,0,0,0,0,0,0,0,0,0,1,1,1,0,0,0,0,0.38,,,
2017,eastern sierra unified,"Rural, remote",0.0909,0.0667,0.1111,0.0625,0.1176,,,,,0.0,,,0.1765,3.0,1.0,2.0,1.0,2.0,0.0,,0.0,,0.0,,,3.0,33.0,15.0,18.0,16.0,17.0,0.0,,0.0,,12.0,,,17.0,0,0,0,0,0,1,1,1,1,0,1,1,0,0,0,0,0,0,0,1,0,1,0,1,1,0,0,0,0,0,0,0,1,0,1,0,1,1,0,0.2,0.38,,
2018,eastern sierra unified,"Rural, remote",0.1515,0.0526,0.2857,0.1667,0.1333,,,,,,,,0.1364,5.0,1.0,4.0,3.0,2.0,0.0,,,,0.0,,,3.0,33.0,19.0,14.0,18.0,15.0,0.0,,,,0.0,,,22.0,0,0,0,0,0,1,1,1,1,1,1,1,0,0,0,0,0,0,0,1,1,1,0,1,1,0,0,0,0,0,0,0,1,1,1,0,1,1,0,0.0909,0.2,0.38,
2019,eastern sierra unified,"Rural, remote",0.0556,,0.0909,,,,,,,,,,,1.0,0.0,1.0,0.0,0.0,0.0,,,,0.0,,,0.0,18.0,7.0,11.0,10.0,8.0,0.0,,,,10.0,,,7.0,0,1,0,1,1,1,1,1,1,1,1,1,1,0,0,0,0,0,0,1,1,1,0,1,1,0,0,0,0,0,0,0,1,1,1,0,1,1,0,0.1515,0.0909,0.2,0.38
2015,edison elementary,"Rural, fringe",0.09,0.07,,0.08,0.09,,,,,0.08,,,,10.0,8.0,0.0,4.0,6.0,0.0,,0.0,,8.0,,,0.0,117.0,111.0,6.0,49.0,68.0,2.0,,3.0,,103.0,,,9.0,0,0,1,0,0,1,1,1,1,0,1,1,1,0,0,0,0,0,0,1,0,1,0,1,1,0,0,0,0,0,0,0,1,0,1,0,1,1,0,,,,
2016,edison elementary,"Rural, fringe",0.19,0.17,0.36,0.23,0.15,,,,,0.2,,,0.06,24.0,19.0,4.0,15.0,9.0,,,0.0,,21.0,0.0,0.0,1.0,126.0,115.0,11.0,64.0,62.0,,,1.0,,103.0,1.0,3.0,18.0,0,0,0,0,0,1,1,1,1,0,1,1,0,0,0,0,0,0,1,1,0,1,0,0,0,0,0,0,0,0,0,1,1,0,1,0,0,0,0,0.09,,,
2017,edison elementary,"Rural, fringe",0.177,0.1667,0.2727,0.2131,0.1346,,,,,0.1977,,,0.1176,20.0,17.0,3.0,13.0,7.0,0.0,0.0,0.0,,17.0,,0.0,2.0,113.0,102.0,11.0,61.0,52.0,0.0,0.0,0.0,,86.0,,0.0,17.0,0,0,0,0,0,1,1,1,1,0,1,1,0,0,0,0,0,0,0,0,0,1,0,1,0,0,0,0,0,0,0,0,0,0,1,0,1,0,0,0.19,0.09,,
2018,edison elementary,"Rural, fringe",0.2759,0.2475,0.4667,0.2885,0.2656,,,,,0.2737,,,0.3636,32.0,25.0,7.0,15.0,17.0,,0.0,0.0,0.0,26.0,,0.0,4.0,116.0,101.0,15.0,52.0,64.0,,0.0,0.0,0.0,95.0,,0.0,11.0,0,0,0,0,0,1,1,1,1,0,1,1,0,0,0,0,0,0,1,0,0,0,0,1,0,0,0,0,0,0,0,1,0,0,0,0,1,0,0,0.177,0.19,0.09,
2019,edison elementary,"Rural, fringe",0.2673,0.25,,0.2241,0.3256,,,,,0.2632,,,0.2857,27.0,23.0,0.0,13.0,14.0,0.0,0.0,0.0,,20.0,,0.0,4.0,101.0,92.0,9.0,58.0,43.0,0.0,0.0,0.0,,76.0,,0.0,14.0,0,0,1,0,0,1,1,1,1,0,1,1,0,0,0,0,0,0,0,0,0,1,0,1,0,0,0,0,0,0,0,0,0,0,1,0,1,0,0,0.2759,0.177,0.19,0.09
2015,el centro elementary,"City, small",0.2,0.16,0.28,0.16,0.24,,,0.08,,0.19,,,0.53,109.0,67.0,43.0,44.0,62.0,,,1.0,,98.0,,0.0,8.0,545.0,391.0,154.0,275.0,270.0,,,12.0,,514.0,,3.0,15.0,0,0,0,0,0,1,1,0,1,0,1,1,0,0,0,0,0,0,1,1,0,1,0,1,0,0,0,0,0,0,0,1,1,0,1,0,1,0,0,,,,
2016,el centro elementary,"City, small",0.25,0.22,0.46,0.21,0.3,,,,,0.25,,,0.4,135.0,101.0,37.0,59.0,77.0,,0.0,0.0,,126.0,,0.0,6.0,539.0,458.0,81.0,283.0,256.0,,5.0,6.0,,504.0,,1.0,15.0,0,0,0,0,0,1,1,1,1,0,1,1,0,0,0,0,0,0,1,0,0,1,0,1,0,0,0,0,0,0,0,1,0,0,1,0,1,0,0,0.2,,,
2017,el centro elementary,"City, small",0.3301,0.2986,0.5,0.2857,0.3686,,,,,0.3299,,,,169.0,129.0,40.0,68.0,101.0,0.0,0.0,0.0,,159.0,,0.0,0.0,514.0,434.0,80.0,239.0,275.0,0.0,0.0,0.0,,484.0,,0.0,0.0,0,0,0,0,0,1,1,1,1,0,1,1,1,0,0,0,0,0,0,0,0,1,0,1,0,0,0,0,0,0,0,0,0,0,1,0,1,0,0,0.25,0.2,,
2018,el centro elementary,"City, small",0.2785,0.2367,0.5,0.2511,0.3027,,,,,0.2771,,,0.4667,137.0,98.0,39.0,58.0,79.0,,0.0,0.0,0.0,128.0,,0.0,7.0,492.0,414.0,78.0,231.0,261.0,,0.0,0.0,0.0,462.0,,0.0,15.0,0,0,0,0,0,1,1,1,1,0,1,1,0,0,0,0,0,0,1,0,0,0,0,1,0,0,0,0,0,0,0,1,0,0,0,0,1,0,0,0.3301,0.25,0.2,
2019,el centro elementary,"City, small",0.294,0.2575,0.5,0.256,0.3322,,,,,0.2903,,,,172.0,128.0,44.0,75.0,97.0,,0.0,0.0,,164.0,,0.0,0.0,585.0,497.0,88.0,293.0,292.0,,0.0,5.0,,565.0,,4.0,6.0,0,0,0,0,0,1,1,1,1,0,1,1,1,0,0,0,0,0,1,0,0,1,0,1,0,0,0,0,0,0,0,1,0,0,1,0,1,0,0,0.2785,0.3301,0.25,0.2
2015,el monte city,"Suburb, large",0.25,0.24,0.38,0.23,0.28,,0.53,,,0.18,,,,237.0,219.0,28.0,103.0,140.0,0.0,101.0,0.0,0.0,132.0,,0.0,0.0,949.0,875.0,74.0,466.0,483.0,1.0,190.0,7.0,5.0,734.0,,5.0,7.0,0,0,0,0,0,1,0,1,1,0,1,1,1,0,0,0,0,0,0,0,0,0,0,1,0,0,0,0,0,0,0,0,0,0,0,0,1,0,0,,,,
2016,el monte city,"Suburb, large",0.29,0.25,0.62,0.25,0.32,,0.62,,,0.2,,,0.41,277.0,225.0,55.0,119.0,159.0,,109.0,0.0,0.0,157.0,,,7.0,990.0,900.0,90.0,478.0,512.0,,177.0,2.0,8.0,786.0,,,17.0,0,0,0,0,0,1,0,1,1,0,1,1,0,0,0,0,0,0,1,0,0,0,0,1,1,0,0,0,0,0,0,1,0,0,0,0,1,1,0,0.25,,,
2017,el monte city,"Suburb, large",0.3075,0.2815,0.6324,0.3114,0.304,,0.7,,,0.2064,,,0.6667,282.0,239.0,43.0,137.0,145.0,,119.0,0.0,0.0,149.0,,0.0,10.0,917.0,849.0,68.0,440.0,477.0,,170.0,0.0,0.0,722.0,,0.0,15.0,0,0,0,0,0,1,0,1,1,0,1,1,0,0,0,0,0,0,1,0,0,0,0,1,0,0,0,0,0,0,0,1,0,0,0,0,1,0,0,0.29,0.25,,
2018,el monte city,"Suburb, large",0.3675,0.3509,0.5375,0.3341,0.3983,,0.7178,,,0.2918,,,,330.0,287.0,43.0,144.0,186.0,0.0,117.0,0.0,0.0,211.0,0.0,,0.0,898.0,818.0,80.0,431.0,467.0,0.0,163.0,0.0,0.0,723.0,0.0,,0.0,0,0,0,0,0,1,0,1,1,0,1,1,1,0,0,0,0,0,0,0,0,0,0,0,1,0,0,0,0,0,0,0,0,0,0,0,0,1,0,0.3075,0.29,0.25,
2019,el monte city,"Suburb, large",0.4262,0.4126,0.6667,0.4169,0.4338,,0.7919,,,0.3393,,,0.75,358.0,328.0,30.0,158.0,200.0,0.0,118.0,0.0,0.0,227.0,,0.0,12.0,840.0,795.0,45.0,379.0,461.0,0.0,149.0,0.0,0.0,669.0,,0.0,16.0,0,0,0,0,0,1,0,1,1,0,1,1,0,0,0,0,0,0,0,0,0,0,0,1,0,0,0,0,0,0,0,0,0,0,0,0,1,0,0,0.3675,0.3075,0.29,0.25
2015,el nido elementary,"Rural, distant",0.4,0.39,,0.17,,,,,,0.38,,,,8.0,7.0,0.0,2.0,0.0,,,,,6.0,,,0.0,20.0,18.0,2.0,12.0,8.0,,,,,16.0,,,4.0,0,0,1,0,1,1,1,1,1,0,1,1,1,0,0,0,0,0,1,1,1,1,0,1,1,0,0,0,0,0,0,1,1,1,1,0,1,1,0,,,,
2016,el nido elementary,"Rural, distant",0.31,0.27,,,,,,,,0.27,,,,5.0,3.0,0.0,0.0,0.0,0.0,,,,3.0,,,0.0,16.0,11.0,5.0,7.0,9.0,1.0,,,,11.0,,,4.0,0,0,1,1,1,1,1,1,1,0,1,1,1,0,0,0,0,0,0,1,1,1,0,1,1,0,0,0,0,0,0,0,1,1,1,0,1,1,0,0.4,,,
2017,el nido elementary,"Rural, distant",0.3043,0.3684,,0.0769,,,,,,0.2778,,,,7.0,7.0,0.0,1.0,0.0,0.0,,,,5.0,,,0.0,23.0,19.0,0.0,13.0,0.0,0.0,,,,18.0,,,0.0,0,0,1,0,1,1,1,1,1,0,1,1,1,0,0,0,0,0,0,1,1,1,0,1,1,0,0,0,0,0,0,0,1,1,1,0,1,1,0,0.31,0.4,,
2018,el nido elementary,"Rural, distant",0.3889,0.4118,,,,,,,,0.4118,,,,7.0,7.0,0.0,0.0,0.0,,,,,7.0,,,0.0,18.0,17.0,0.0,0.0,0.0,,,,,17.0,,,0.0,0,0,1,1,1,1,1,1,1,0,1,1,1,0,0,0,0,0,1,1,1,1,0,1,1,0,0,0,0,0,0,1,1,1,1,0,1,1,0,0.3043,0.31,0.4,
2019,el nido elementary,"Rural, distant",0.4348,0.4211,,0.3333,0.5455,,,,,0.4545,,,,10.0,8.0,0.0,4.0,6.0,,,,,10.0,,,0.0,23.0,19.0,4.0,12.0,11.0,,,,,22.0,,,0.0,0,0,1,0,0,1,1,1,1,0,1,1,1,0,0,0,0,0,1,1,1,1,0,1,1,0,0,0,0,0,0,1,1,1,1,0,1,1,0,0.3889,0.3043,0.31,0.4
2015,el rancho unified,"Suburb, large",0.17,0.14,0.32,0.16,0.17,,,,,0.17,,,0.18,114.0,87.0,31.0,51.0,60.0,0.0,0.0,0.0,0.0,110.0,,,2.0,672.0,576.0,96.0,319.0,353.0,2.0,3.0,5.0,4.0,647.0,,,11.0,0,0,0,0,0,1,1,1,1,0,1,1,0,0,0,0,0,0,0,0,0,0,0,1,1,0,0,0,0,0,0,0,0,0,0,0,1,1,0,,,,
2016,el rancho unified,"Suburb, large",0.2,0.19,0.23,0.19,0.2,,,,,0.2,,,,130.0,100.0,27.0,57.0,75.0,0.0,0.0,,0.0,128.0,,0.0,0.0,651.0,527.0,124.0,297.0,354.0,1.0,2.0,,4.0,639.0,,2.0,2.0,0,0,0,0,0,1,1,1,1,0,1,1,1,0,0,0,0,0,0,0,1,0,0,1,0,0,0,0,0,0,0,0,0,1,0,0,1,0,0,0.17,,,
2017,el rancho unified,"Suburb, large",0.3034,0.2814,0.375,0.3344,0.2762,,,,,0.2994,,,,196.0,139.0,57.0,101.0,95.0,,0.0,0.0,0.0,188.0,,0.0,0.0,646.0,494.0,152.0,302.0,344.0,,0.0,0.0,0.0,628.0,,0.0,0.0,0,0,0,0,0,1,1,1,1,0,1,1,1,0,0,0,0,0,1,0,0,0,0,1,0,0,0,0,0,0,0,1,0,0,0,0,1,0,0,0.2,0.17,,
2018,el rancho unified,"Suburb, large",0.3047,0.2869,0.3696,0.2292,0.3665,,,,,0.3046,,,,195.0,144.0,51.0,66.0,129.0,,0.0,0.0,0.0,191.0,,,0.0,640.0,502.0,138.0,288.0,352.0,,0.0,0.0,0.0,627.0,,,0.0,0,0,0,0,0,1,1,1,1,0,1,1,1,0,0,0,0,0,1,0,0,0,0,1,1,0,0,0,0,0,0,1,0,0,0,0,1,1,0,0.3034,0.2,0.17,
2019,el rancho unified,"Suburb, large",0.3716,0.3333,0.4792,0.3447,0.3965,,,,,0.3675,,,,204.0,135.0,69.0,91.0,113.0,,0.0,0.0,0.0,197.0,,0.0,0.0,549.0,405.0,144.0,264.0,285.0,,0.0,0.0,0.0,536.0,,0.0,4.0,0,0,0,0,0,1,1,1,1,0,1,1,1,0,0,0,0,0,1,0,0,0,0,1,0,0,0,0,0,0,0,1,0,0,0,0,1,0,0,0.3047,0.3034,0.2,0.17
2015,el segundo unified,"Suburb, large",0.66,0.5,0.67,0.58,0.74,,0.82,,,,,0.61,0.68,140.0,11.0,128.0,64.0,73.0,,9.0,0.0,0.0,0.0,,19.0,100.0,211.0,22.0,189.0,110.0,101.0,,11.0,6.0,8.0,8.0,,31.0,147.0,0,0,0,0,0,1,0,1,1,1,1,0,0,0,0,0,0,0,1,0,0,0,0,1,0,0,0,0,0,0,0,1,0,0,0,0,1,0,0,,,,
2016,el segundo unified,"Suburb, large",0.67,0.35,0.73,0.67,0.67,,0.75,0.58,,0.57,,0.71,0.69,159.0,13.0,146.0,70.0,88.0,,15.0,7.0,0.0,21.0,,25.0,90.0,236.0,37.0,199.0,105.0,131.0,,21.0,12.0,1.0,37.0,,35.0,130.0,0,0,0,0,0,1,0,0,1,0,1,0,0,0,0,0,0,0,1,0,0,0,0,1,0,0,0,0,0,0,0,1,0,0,0,0,1,0,0,0.66,,,
2017,el segundo unified,"Suburb, large",0.7009,0.4194,0.7461,0.6931,0.7073,,0.9412,,,0.5385,,0.7407,0.7014,157.0,13.0,144.0,70.0,87.0,,16.0,0.0,0.0,14.0,0.0,20.0,101.0,224.0,31.0,193.0,101.0,123.0,,17.0,0.0,0.0,26.0,0.0,27.0,144.0,0,0,0,0,0,1,0,1,1,0,1,0,0,0,0,0,0,0,1,0,0,0,0,0,0,0,0,0,0,0,0,1,0,0,0,0,0,0,0,0.67,0.66,,
2018,el segundo unified,"Suburb, large",0.744,0.5686,0.7889,0.6462,0.85,,1.0,0.75,,0.6279,,0.7727,0.7308,186.0,29.0,157.0,84.0,102.0,0.0,15.0,9.0,0.0,27.0,0.0,34.0,95.0,250.0,51.0,199.0,130.0,120.0,0.0,15.0,12.0,0.0,43.0,0.0,44.0,130.0,0,0,0,0,0,1,0,0,1,0,1,0,0,0,0,0,0,0,0,0,0,0,0,0,0,0,0,0,0,0,0,0,0,0,0,0,0,0,0,0.7009,0.67,0.66,
2019,el segundo unified,"Suburb, large",0.7433,0.5417,0.773,0.7529,0.7353,,0.9375,,,0.6667,,0.6667,0.7732,139.0,13.0,126.0,64.0,75.0,,15.0,0.0,,28.0,,18.0,75.0,187.0,24.0,163.0,85.0,102.0,,16.0,5.0,,42.0,,27.0,97.0,0,0,0,0,0,1,0,1,1,0,1,0,0,0,0,0,0,0,1,0,0,1,0,1,0,0,0,0,0,0,0,1,0,0,1,0,1,0,0,0.744,0.7009,0.67,0.66
2015,el tejon unified,"Rural, fringe",0.12,0.09,0.17,0.09,0.14,,,,,0.0,,,0.23,6.0,3.0,3.0,2.0,4.0,0.0,,0.0,0.0,0.0,,0.0,6.0,50.0,32.0,18.0,22.0,28.0,2.0,,1.0,1.0,19.0,,1.0,26.0,0,0,0,0,0,1,1,1,1,0,1,1,0,0,0,0,0,0,0,1,0,0,0,1,0,0,0,0,0,0,0,0,1,0,0,0,1,0,0,,,,
2016,el tejon unified,"Rural, fringe",0.42,0.38,0.5,0.45,0.38,,,,,0.3,,,0.49,25.0,16.0,9.0,14.0,11.0,0.0,,,,7.0,,,17.0,60.0,42.0,18.0,31.0,29.0,2.0,,,,23.0,,,35.0,0,0,0,0,0,1,1,1,1,0,1,1,0,0,0,0,0,0,0,1,1,1,0,1,1,0,0,0,0,0,0,0,1,1,1,0,1,1,0,0.12,,,
2017,el tejon unified,"Rural, fringe",0.2407,0.2105,0.3125,0.2581,0.2174,,,,,0.2857,,,0.2,13.0,8.0,5.0,8.0,5.0,,,,0.0,4.0,,0.0,7.0,54.0,38.0,16.0,31.0,23.0,,,,0.0,14.0,,0.0,35.0,0,0,0,0,0,1,1,1,1,0,1,1,0,0,0,0,0,0,1,1,1,0,0,1,0,0,0,0,0,0,0,1,1,1,0,0,1,0,0,0.42,0.12,,
2018,el tejon unified,"Rural, fringe",0.2955,0.3333,0.1818,0.2778,0.3077,,,,,0.2727,,,0.3529,13.0,11.0,2.0,5.0,8.0,0.0,,,,6.0,,0.0,6.0,44.0,33.0,11.0,18.0,26.0,0.0,,,,22.0,,0.0,17.0,0,0,0,0,0,1,1,1,1,0,1,1,0,0,0,0,0,0,0,1,1,1,0,1,0,0,0,0,0,0,0,0,1,1,1,0,1,0,0,0.2407,0.42,0.12,
2019,el tejon unified,"Rural, fringe",0.2857,0.25,,0.3333,0.2143,,,,,0.2609,,,0.3636,10.0,7.0,0.0,7.0,3.0,,,,,6.0,,0.0,4.0,35.0,28.0,7.0,21.0,14.0,,,,,23.0,,0.0,11.0,0,0,1,0,0,1,1,1,1,0,1,1,0,0,0,0,0,0,1,1,1,1,0,1,0,0,0,0,0,0,0,1,1,1,1,0,1,0,0,0.2955,0.2407,0.42,0.12
2015,elk grove unified,"Suburb, large",0.42,0.3,0.6,0.41,0.43,0.23,0.54,0.22,0.6,0.31,0.35,0.4,0.55,1952.0,858.0,1146.0,934.0,1019.0,7.0,584.0,137.0,150.0,381.0,29.0,156.0,523.0,4648.0,2769.0,1879.0,2278.0,2370.0,31.0,1082.0,624.0,245.0,1229.0,84.0,390.0,952.0,0,0,0,0,0,0,0,0,0,0,0,0,0,0,0,0,0,0,0,0,0,0,0,0,0,0,0,0,0,0,0,0,0,0,0,0,0,0,0,,,,
2016,elk grove unified,"Suburb, large",0.46,0.32,0.67,0.45,0.47,0.32,0.55,0.22,0.65,0.33,0.47,0.47,0.61,2223.0,930.0,1281.0,1031.0,1145.0,12.0,641.0,120.0,181.0,413.0,41.0,172.0,603.0,4731.0,2818.0,1913.0,2242.0,2489.0,37.0,1165.0,545.0,279.0,1250.0,88.0,375.0,989.0,0,0,0,0,0,0,0,0,0,0,0,0,0,0,0,0,0,0,0,0,0,0,0,0,0,0,0,0,0,0,0,0,0,0,0,0,0,0,0,0.42,,,
2017,elk grove unified,"Suburb, large",0.4575,0.3277,0.6303,0.4389,0.4743,0.4286,0.5877,0.2161,0.6524,0.3065,0.3377,0.5244,0.5795,2175.0,890.0,1286.0,993.0,1182.0,15.0,657.0,126.0,152.0,389.0,26.0,236.0,572.0,4755.0,2716.0,2039.0,2262.0,2493.0,35.0,1118.0,584.0,233.0,1269.0,77.0,450.0,988.0,0,0,0,0,0,0,0,0,0,0,0,0,0,0,0,0,0,0,0,0,0,0,0,0,0,0,0,0,0,0,0,0,0,0,0,0,0,0,0,0.46,0.42,,
2018,elk grove unified,"Suburb, large",0.482,0.3602,0.6439,0.4492,0.5128,0.2813,0.6163,0.2207,0.6681,0.3481,0.3333,0.5283,0.5847,2237.0,953.0,1284.0,1010.0,1226.0,9.0,696.0,113.0,151.0,417.0,27.0,289.0,535.0,4640.0,2647.0,1993.0,2249.0,2391.0,32.0,1128.0,512.0,226.0,1198.0,81.0,547.0,916.0,0,0,0,0,0,0,0,0,0,0,0,0,0,0,0,0,0,0,0,0,0,0,0,0,0,0,0,0,0,0,0,0,0,0,0,0,0,0,0,0.4575,0.46,0.42,
2019,elk grove unified,"Suburb, large",0.4945,0.3483,0.6774,0.4817,0.5067,0.3333,0.6042,0.2679,0.7005,0.3736,0.3733,0.52,0.6129,2154.0,843.0,1310.0,1026.0,1128.0,10.0,635.0,135.0,145.0,427.0,29.0,286.0,486.0,4356.0,2422.0,1934.0,2130.0,2226.0,30.0,1051.0,504.0,207.0,1143.0,77.0,550.0,793.0,0,0,0,0,0,0,0,0,0,0,0,0,0,0,0,0,0,0,0,0,0,0,0,0,0,0,0,0,0,0,0,0,0,0,0,0,0,0,0,0.482,0.4575,0.46,0.42
2015,elk hills elementary,"Rural, distant",0.17,0.21,0.09,0.07,0.25,,,,,,,,0.21,5.0,4.0,1.0,1.0,4.0,0.0,,0.0,,0.0,,0.0,5.0,30.0,19.0,11.0,14.0,16.0,1.0,,1.0,,3.0,,1.0,24.0,0,0,0,0,0,1,1,1,1,1,1,1,0,0,0,0,0,0,0,1,0,1,0,1,0,0,0,0,0,0,0,0,1,0,1,0,1,0,0,,,,
2016,elk hills elementary,"Rural, distant",0.14,0.08,,0.09,,,,,,,,,0.11,3.0,1.0,0.0,1.0,0.0,,,,,0.0,,,2.0,21.0,12.0,9.0,11.0,10.0,,,,,3.0,,,18.0,0,0,1,0,1,1,1,1,1,1,1,1,0,0,0,0,0,0,1,1,1,1,0,1,1,0,0,0,0,0,0,1,1,1,1,0,1,1,0,0.17,,,
2017,elk hills elementary,"Rural, distant",0.0952,0.0625,,0.1667,,,,,,,,,0.1053,2.0,1.0,0.0,2.0,0.0,,,,,0.0,,,2.0,21.0,16.0,0.0,12.0,0.0,,,,,0.0,,,19.0,0,0,1,0,1,1,1,1,1,1,1,1,0,0,0,0,0,0,1,1,1,1,0,1,1,0,0,0,0,0,0,1,1,1,1,0,1,1,0,0.14,0.17,,
2018,elk hills elementary,"Rural, distant",0.0455,0.0714,,0.0714,,,,,,,,,0.0455,1.0,1.0,0.0,1.0,0.0,,,,,,,,1.0,22.0,14.0,0.0,14.0,0.0,,,,,,,,22.0,0,0,1,0,1,1,1,1,1,1,1,1,0,0,0,0,0,0,1,1,1,1,1,1,1,0,0,0,0,0,0,1,1,1,1,1,1,1,0,0.0952,0.14,0.17,
2019,elk hills elementary,"Rural, distant",0.1765,0.1333,,,,,,,,,,,0.2143,3.0,2.0,0.0,0.0,0.0,,,,,0.0,,0.0,3.0,17.0,15.0,0.0,7.0,10.0,,,,,0.0,,0.0,14.0,0,0,1,1,1,1,1,1,1,1,1,1,0,0,0,0,0,0,1,1,1,1,0,1,0,0,0,0,0,0,0,1,1,1,1,0,1,0,0,0.0455,0.0952,0.14,0.17
2015,elverta joint elementary,"Suburb, large",0.23,0.21,0.27,0.27,0.2,,,,,0.09,,,0.28,8.0,5.0,3.0,4.0,4.0,0.0,,0.0,0.0,1.0,0.0,0.0,5.0,35.0,24.0,11.0,15.0,20.0,1.0,,1.0,1.0,11.0,1.0,2.0,18.0,0,0,0,0,0,1,1,1,1,0,1,1,0,0,0,0,0,0,0,1,0,0,0,0,0,0,0,0,0,0,0,0,1,0,0,0,0,0,0,,,,
2016,elverta joint elementary,"Suburb, large",0.29,0.31,,0.15,0.39,,,,,0.25,,,0.36,9.0,8.0,0.0,2.0,7.0,,,0.0,,3.0,,0.0,5.0,31.0,26.0,5.0,13.0,18.0,,,1.0,,12.0,,4.0,14.0,0,0,1,0,0,1,1,1,1,0,1,1,0,0,0,0,0,0,1,1,0,1,0,1,0,0,0,0,0,0,0,1,1,0,1,0,1,0,0,0.23,,,
2017,elverta joint elementary,"Suburb, large",0.25,0.2667,,,0.1667,,,,,,,,0.25,5.0,4.0,0.0,0.0,2.0,0.0,0.0,0.0,,0.0,,,3.0,20.0,15.0,0.0,0.0,12.0,0.0,0.0,0.0,,0.0,,,12.0,0,0,1,1,0,1,1,1,1,1,1,1,0,0,0,0,0,0,0,0,0,1,0,1,1,0,0,0,0,0,0,0,0,0,1,0,1,1,0,0.29,0.23,,
2018,elverta joint elementary,"Suburb, large",0.24,0.25,,0.2308,0.25,,,,,,,,0.2667,6.0,5.0,0.0,3.0,3.0,,,0.0,0.0,0.0,,0.0,4.0,25.0,20.0,0.0,13.0,12.0,,,0.0,0.0,0.0,,0.0,15.0,0,0,1,0,0,1,1,1,1,1,1,1,0,0,0,0,0,0,1,1,0,0,0,1,0,0,0,0,0,0,0,1,1,0,0,0,1,0,0,0.25,0.29,0.23,
2019,elverta joint elementary,"Suburb, large",0.2414,0.2174,,0.2857,0.2,,,,,0.1333,,,,7.0,5.0,0.0,4.0,3.0,,0.0,0.0,,2.0,,0.0,0.0,29.0,23.0,6.0,14.0,15.0,,0.0,0.0,,15.0,,0.0,10.0,0,0,1,0,0,1,1,1,1,0,1,1,1,0,0,0,0,0,1,0,0,1,0,1,0,0,0,0,0,0,0,1,0,0,1,0,1,0,0,0.24,0.25,0.29,0.23
2015,emery unified,"Suburb, large",0.28,0.22,0.55,0.32,0.2,,,0.3,,0.2,,,,17.0,11.0,6.0,13.0,4.0,,0.0,10.0,,3.0,,,0.0,61.0,50.0,11.0,41.0,20.0,,5.0,33.0,,15.0,,,8.0,0,0,0,0,0,1,1,0,1,0,1,1,1,0,0,0,0,0,1,0,0,1,0,1,1,0,0,0,0,0,0,1,0,0,1,0,1,1,0,,,,
2016,emery unified,"Suburb, large",0.53,0.45,0.68,0.61,0.42,,,0.53,,0.43,,,,30.0,17.0,13.0,19.0,11.0,,0.0,16.0,0.0,6.0,0.0,0.0,0.0,57.0,38.0,19.0,31.0,26.0,,4.0,30.0,1.0,14.0,1.0,1.0,5.0,0,0,0,0,0,1,1,0,1,0,1,1,1,0,0,0,0,0,1,0,0,0,0,0,0,0,0,0,0,0,0,1,0,0,0,0,0,0,0,0.28,,,
2017,emery unified,"Suburb, large",0.32,0.3333,,0.3333,0.3,,,0.2381,,0.5,,,,16.0,14.0,0.0,10.0,6.0,,0.0,5.0,,7.0,,,0.0,50.0,42.0,0.0,30.0,20.0,,0.0,21.0,,14.0,,,0.0,0,0,1,0,0,1,1,0,1,0,1,1,1,0,0,0,0,0,1,0,0,1,0,1,1,0,0,0,0,0,0,1,0,0,1,0,1,1,0,0.53,0.28,,
2018,emery unified,"Suburb, large",0.3833,0.2619,0.6667,0.3667,0.4,,,0.24,,0.3333,,,,23.0,11.0,12.0,11.0,12.0,0.0,0.0,6.0,0.0,5.0,0.0,0.0,0.0,60.0,42.0,18.0,30.0,30.0,0.0,0.0,25.0,0.0,15.0,0.0,0.0,0.0,0,0,0,0,0,1,1,0,1,0,1,1,1,0,0,0,0,0,0,0,0,0,0,0,0,0,0,0,0,0,0,0,0,0,0,0,0,0,0,0.32,0.53,0.28,
2019,emery unified,"Suburb, large",0.175,0.1471,,0.1765,0.1739,,,0.0909,,,,,,7.0,5.0,0.0,3.0,4.0,,0.0,2.0,0.0,0.0,0.0,0.0,0.0,40.0,34.0,6.0,17.0,23.0,,7.0,22.0,0.0,0.0,0.0,0.0,4.0,0,0,1,0,0,1,1,0,1,1,1,1,1,0,0,0,0,0,1,0,0,0,0,0,0,0,0,0,0,0,0,1,0,0,0,0,0,0,0,0.3833,0.32,0.53,0.28
2015,empire union elementary,"City, midsize",0.22,0.21,0.29,0.25,0.19,,,0.2,,0.15,,0.55,0.27,72.0,55.0,15.0,42.0,31.0,0.0,0.0,4.0,0.0,29.0,0.0,6.0,24.0,326.0,275.0,51.0,166.0,160.0,2.0,9.0,20.0,4.0,190.0,1.0,11.0,88.0,0,0,0,0,0,1,1,0,1,0,1,0,0,0,0,0,0,0,0,0,0,0,0,0,0,0,0,0,0,0,0,0,0,0,0,0,0,0,0,,,,
2016,empire union elementary,"City, midsize",0.2,0.18,0.29,0.14,0.27,,0.44,0.0,,0.16,,0.24,0.28,70.0,51.0,20.0,23.0,48.0,0.0,7.0,0.0,0.0,34.0,0.0,5.0,23.0,348.0,280.0,68.0,168.0,180.0,2.0,16.0,12.0,2.0,208.0,2.0,21.0,83.0,0,0,0,0,0,1,0,0,1,0,1,0,0,0,0,0,0,0,0,0,0,0,0,0,0,0,0,0,0,0,0,0,0,0,0,0,0,0,0,0.22,,,
2017,empire union elementary,"City, midsize",0.3437,0.3038,0.5323,0.32,0.3667,,0.4545,0.15,,0.3364,,0.3846,0.3855,122.0,89.0,33.0,56.0,66.0,0.0,5.0,3.0,0.0,73.0,0.0,5.0,32.0,355.0,293.0,62.0,175.0,180.0,0.0,11.0,20.0,0.0,217.0,0.0,13.0,83.0,0,0,0,0,0,1,0,0,1,0,1,0,0,0,0,0,0,0,0,0,0,0,0,0,0,0,0,0,0,0,0,0,0,0,0,0,0,0,0,0.2,0.22,,
2018,empire union elementary,"City, midsize",0.3266,0.3208,0.3571,0.3187,0.3353,,0.3636,0.3333,,0.2936,,0.5,0.3684,114.0,94.0,20.0,58.0,56.0,0.0,4.0,5.0,0.0,64.0,0.0,8.0,28.0,349.0,293.0,56.0,182.0,167.0,0.0,11.0,15.0,0.0,218.0,0.0,16.0,76.0,0,0,0,0,0,1,0,0,1,0,1,0,0,0,0,0,0,0,0,0,0,0,0,0,0,0,0,0,0,0,0,0,0,0,0,0,0,0,0,0.3437,0.2,0.22,
2019,empire union elementary,"City, midsize",0.3586,0.3355,0.5556,0.3576,0.3596,,,,,0.3231,,0.4545,0.4231,123.0,103.0,20.0,59.0,64.0,0.0,0.0,0.0,0.0,74.0,0.0,5.0,33.0,343.0,307.0,36.0,165.0,178.0,0.0,10.0,9.0,0.0,229.0,0.0,11.0,78.0,0,0,0,0,0,1,1,1,1,0,1,0,0,0,0,0,0,0,0,0,0,0,0,0,0,0,0,0,0,0,0,0,0,0,0,0,0,0,0,0.3266,0.3437,0.2,0.22
2015,encinitas union elementary,"Suburb, large",0.72,0.34,0.79,0.68,0.75,,0.86,0.77,,0.5,,0.87,0.77,546.0,41.0,504.0,255.0,292.0,0.0,19.0,10.0,0.0,85.0,0.0,33.0,387.0,758.0,120.0,638.0,374.0,384.0,4.0,22.0,13.0,8.0,169.0,1.0,38.0,503.0,0,0,0,0,0,1,0,0,1,0,1,0,0,0,0,0,0,0,0,0,0,0,0,0,0,0,0,0,0,0,0,0,0,0,0,0,0,0,0,,,,
2016,encinitas union elementary,"Suburb, large",0.75,0.38,0.82,0.73,0.77,,0.9,,,0.52,,0.83,0.81,585.0,49.0,534.0,265.0,321.0,0.0,28.0,0.0,0.0,84.0,,29.0,434.0,780.0,130.0,650.0,363.0,417.0,6.0,31.0,5.0,6.0,160.0,,35.0,536.0,0,0,0,0,0,1,0,1,1,0,1,0,0,0,0,0,0,0,0,0,0,0,0,1,0,0,0,0,0,0,0,0,0,0,0,0,1,0,0,0.72,,,
2017,encinitas union elementary,"Suburb, large",0.7401,0.4019,0.8007,0.7367,0.7435,,0.8519,,,0.5127,,0.8387,0.8025,533.0,45.0,486.0,270.0,262.0,,23.0,0.0,0.0,83.0,0.0,26.0,392.0,720.0,113.0,607.0,367.0,353.0,,27.0,0.0,0.0,162.0,0.0,31.0,488.0,0,0,0,0,0,1,0,1,1,0,1,0,0,0,0,0,0,0,1,0,0,0,0,0,0,0,0,0,0,0,0,1,0,0,0,0,0,0,0,0.75,0.72,,
2018,encinitas union elementary,"Suburb, large",0.7517,0.3876,0.83,0.7402,0.7628,,0.8182,,,0.5256,,0.8235,0.818,548.0,50.0,498.0,265.0,283.0,0.0,36.0,0.0,0.0,82.0,,28.0,391.0,729.0,129.0,600.0,358.0,371.0,0.0,44.0,0.0,0.0,156.0,,34.0,478.0,0,0,0,0,0,1,0,1,1,0,1,0,0,0,0,0,0,0,0,0,0,0,0,1,0,0,0,0,0,0,0,0,0,0,0,0,1,0,0,0.7401,0.75,0.72,
2019,encinitas union elementary,"Suburb, large",0.735,0.3691,0.8212,0.7056,0.7601,,0.963,,,0.4743,,0.8125,0.8123,574.0,55.0,519.0,254.0,320.0,0.0,26.0,0.0,0.0,83.0,,26.0,437.0,781.0,149.0,632.0,360.0,421.0,0.0,27.0,5.0,0.0,175.0,,32.0,538.0,0,0,0,0,0,1,0,1,1,0,1,0,0,0,0,0,0,0,0,0,0,0,0,1,0,0,0,0,0,0,0,0,0,0,0,0,1,0,0,0.7517,0.7401,0.75,0.72
2015,enterprise elementary,"City, small",0.26,0.21,0.36,0.23,0.28,,0.37,,,0.15,,0.29,0.3,99.0,49.0,48.0,43.0,56.0,0.0,10.0,0.0,,12.0,,8.0,67.0,380.0,247.0,133.0,189.0,191.0,7.0,27.0,6.0,,81.0,,28.0,216.0,0,0,0,0,0,1,0,1,1,0,1,0,0,0,0,0,0,0,0,0,0,1,0,1,0,0,0,0,0,0,0,0,0,0,1,0,1,0,0,,,,
2016,enterprise elementary,"City, small",0.41,0.34,0.55,0.41,0.42,0.08,0.3,,,0.33,,0.45,0.46,164.0,90.0,74.0,77.0,89.0,1.0,7.0,0.0,0.0,21.0,,23.0,107.0,399.0,264.0,135.0,187.0,212.0,13.0,23.0,3.0,1.0,63.0,,51.0,229.0,0,0,0,0,0,0,0,1,1,0,1,0,0,0,0,0,0,0,0,0,0,0,0,1,0,0,0,0,0,0,0,0,0,0,0,0,1,0,0,0.26,,,
2017,enterprise elementary,"City, small",0.3664,0.2692,0.4398,0.3485,0.3822,0.2,0.2632,0.25,,0.3472,,0.3784,0.3923,155.0,49.0,106.0,69.0,86.0,3.0,5.0,3.0,,25.0,,14.0,102.0,423.0,182.0,241.0,198.0,225.0,15.0,19.0,12.0,,72.0,,37.0,260.0,0,0,0,0,0,0,0,0,1,0,1,0,0,0,0,0,0,0,0,0,0,1,0,1,0,0,0,0,0,0,0,0,0,0,1,0,1,0,0,0.41,0.26,,
2018,enterprise elementary,"City, small",0.3843,0.3179,0.4199,0.3493,0.417,,0.5758,,,0.2568,,0.3333,0.42,166.0,48.0,118.0,73.0,93.0,0.0,19.0,0.0,0.0,19.0,0.0,14.0,105.0,432.0,151.0,281.0,209.0,223.0,0.0,33.0,0.0,0.0,74.0,0.0,42.0,250.0,0,0,0,0,0,1,0,1,1,0,1,0,0,0,0,0,0,0,0,0,0,0,0,0,0,0,0,0,0,0,0,0,0,0,0,0,0,0,0,0.3664,0.41,0.26,
2019,enterprise elementary,"City, small",0.4115,0.313,0.5397,0.3486,0.4747,0.3333,0.5,,,0.3538,,0.3191,0.4297,179.0,77.0,102.0,76.0,103.0,4.0,13.0,0.0,,23.0,0.0,15.0,110.0,435.0,246.0,189.0,218.0,217.0,12.0,26.0,9.0,,65.0,0.0,47.0,256.0,0,0,0,0,0,0,0,1,1,0,1,0,0,0,0,0,0,0,0,0,0,1,0,0,0,0,0,0,0,0,0,0,0,0,1,0,0,0,0,0.3843,0.3664,0.41,0.26
2015,escalon unified,"Town, fringe",0.21,0.13,0.3,0.18,0.24,,,,,0.1,,,0.3,41.0,14.0,26.0,18.0,22.0,,0.0,,0.0,9.0,,0.0,27.0,193.0,105.0,88.0,102.0,91.0,,3.0,,1.0,90.0,,9.0,90.0,0,0,0,0,0,1,1,1,1,0,1,1,0,0,0,0,0,0,1,0,1,0,0,1,0,0,0,0,0,0,0,1,0,1,0,0,1,0,0,,,,
2016,escalon unified,"Town, fringe",0.3,0.23,0.44,0.38,0.24,,,,,0.23,,,0.38,57.0,29.0,30.0,33.0,25.0,0.0,0.0,0.0,,24.0,0.0,0.0,30.0,191.0,123.0,68.0,87.0,104.0,2.0,3.0,1.0,,105.0,1.0,1.0,78.0,0,0,0,0,0,1,1,1,1,0,1,1,0,0,0,0,0,0,0,0,0,1,0,0,0,0,0,0,0,0,0,0,0,0,1,0,0,0,0,0.21,,,
2017,escalon unified,"Town, fringe",0.3503,0.2072,0.5349,0.3409,0.3578,,,,,0.2427,,,0.4706,69.0,23.0,46.0,30.0,39.0,0.0,0.0,,0.0,25.0,,0.0,40.0,197.0,111.0,86.0,88.0,109.0,0.0,0.0,,0.0,103.0,,0.0,85.0,0,0,0,0,0,1,1,1,1,0,1,1,0,0,0,0,0,0,0,0,1,0,0,1,0,0,0,0,0,0,0,0,0,1,0,0,1,0,0,0.3,0.21,,
2018,escalon unified,"Town, fringe",0.3478,0.2685,0.4605,0.3168,0.3855,,,,,0.268,,,0.4557,64.0,29.0,35.0,32.0,32.0,,0.0,0.0,,26.0,,0.0,36.0,184.0,108.0,76.0,101.0,83.0,,0.0,0.0,,97.0,,0.0,79.0,0,0,0,0,0,1,1,1,1,0,1,1,0,0,0,0,0,0,1,0,0,1,0,1,0,0,0,0,0,0,0,1,0,0,1,0,1,0,0,0.3503,0.3,0.21,
2019,escalon unified,"Town, fringe",0.3723,0.2907,0.4412,0.3579,0.3871,,,,,0.2874,,,0.4457,70.0,25.0,45.0,34.0,36.0,,0.0,0.0,0.0,25.0,,0.0,41.0,188.0,86.0,102.0,95.0,93.0,,0.0,0.0,4.0,87.0,,0.0,92.0,0,0,0,0,0,1,1,1,1,0,1,1,0,0,0,0,0,0,1,0,0,0,0,1,0,0,0,0,0,0,0,1,0,0,0,0,1,0,0,0.3478,0.3503,0.3,0.21
2015,escondido union,"Suburb, large",0.21,0.16,0.41,0.2,0.23,,0.47,0.21,0.42,0.16,,0.42,0.43,415.0,234.0,173.0,180.0,226.0,0.0,23.0,7.0,10.0,231.0,0.0,15.0,121.0,1888.0,1467.0,421.0,902.0,986.0,4.0,49.0,33.0,24.0,1444.0,3.0,36.0,283.0,0,0,0,0,0,1,0,0,0,0,1,0,0,0,0,0,0,0,0,0,0,0,0,0,0,0,0,0,0,0,0,0,0,0,0,0,0,0,0,,,,
2016,escondido union,"Suburb, large",0.26,0.21,0.43,0.25,0.26,,0.71,0.21,0.41,0.19,,0.48,0.47,504.0,321.0,176.0,238.0,257.0,0.0,29.0,6.0,17.0,283.0,0.0,13.0,135.0,1940.0,1531.0,409.0,952.0,988.0,3.0,41.0,28.0,41.0,1490.0,3.0,27.0,287.0,0,0,0,0,0,1,0,0,0,0,1,0,0,0,0,0,0,0,0,0,0,0,0,0,0,0,0,0,0,0,0,0,0,0,0,0,0,0,0,0.21,,,
2017,escondido union,"Suburb, large",0.2935,0.2293,0.562,0.277,0.31,,0.5854,0.1724,0.4444,0.2265,,0.4043,0.5704,528.0,333.0,195.0,249.0,279.0,0.0,24.0,5.0,8.0,313.0,0.0,19.0,154.0,1799.0,1452.0,347.0,899.0,900.0,0.0,41.0,29.0,18.0,1382.0,0.0,47.0,270.0,0,0,0,0,0,1,0,0,0,0,1,0,0,0,0,0,0,0,0,0,0,0,0,0,0,0,0,0,0,0,0,0,0,0,0,0,0,0,0,0.26,0.21,,
2018,escondido union,"Suburb, large",0.3004,0.2464,0.5323,0.2812,0.3196,,0.7561,0.1818,0.4783,0.228,,0.5854,0.5536,493.0,328.0,165.0,230.0,263.0,0.0,31.0,4.0,11.0,288.0,0.0,24.0,129.0,1643.0,1333.0,310.0,820.0,823.0,0.0,41.0,22.0,23.0,1265.0,0.0,41.0,233.0,0,0,0,0,0,1,0,0,0,0,1,0,0,0,0,0,0,0,0,0,0,0,0,0,0,0,0,0,0,0,0,0,0,0,0,0,0,0,0,0.2935,0.26,0.21,
2019,escondido union,"Suburb, large",0.3078,0.2484,0.5198,0.2815,0.3321,,0.7619,0.2593,0.7037,0.2445,,0.4423,0.4872,498.0,314.0,184.0,219.0,279.0,0.0,32.0,7.0,19.0,299.0,0.0,23.0,114.0,1618.0,1264.0,354.0,778.0,840.0,0.0,42.0,27.0,27.0,1223.0,0.0,52.0,234.0,0,0,0,0,0,1,0,0,0,0,1,0,0,0,0,0,0,0,0,0,0,0,0,0,0,0,0,0,0,0,0,0,0,0,0,0,0,0,0,0.3004,0.2935,0.26,0.21
2015,esparto unified,"Town, distant",0.05,0.06,0.0,0.03,0.07,,,,,0.03,,,0.11,4.0,4.0,0.0,1.0,3.0,,0.0,,,2.0,,0.0,2.0,86.0,73.0,13.0,42.0,44.0,,1.0,,,65.0,,1.0,19.0,0,0,0,0,0,1,1,1,1,0,1,1,0,0,0,0,0,0,1,0,1,1,0,1,0,0,0,0,0,0,0,1,0,1,1,0,1,0,0,,,,
2016,esparto unified,"Town, distant",0.11,0.08,,0.12,0.1,,,,,0.05,,,,8.0,5.0,0.0,4.0,4.0,0.0,0.0,,,3.0,,0.0,0.0,73.0,65.0,8.0,33.0,40.0,1.0,1.0,,,59.0,,2.0,10.0,0,0,1,0,0,1,1,1,1,0,1,1,1,0,0,0,0,0,0,0,1,1,0,1,0,0,0,0,0,0,0,0,0,1,1,0,1,0,0,0.05,,,
2017,esparto unified,"Town, distant",0.1538,0.1538,0.1538,0.1852,0.1316,,,,,0.1429,,,,10.0,8.0,2.0,5.0,5.0,,,0.0,,8.0,,0.0,0.0,65.0,52.0,13.0,27.0,38.0,,,0.0,,56.0,,0.0,0.0,0,0,0,0,0,1,1,1,1,0,1,1,1,0,0,0,0,0,1,1,0,1,0,1,0,0,0,0,0,0,0,1,1,0,1,0,1,0,0,0.11,0.05,,
2018,esparto unified,"Town, distant",0.3051,0.3269,,0.3143,0.2917,,,,,0.2979,,,,18.0,17.0,0.0,11.0,7.0,,,0.0,,14.0,,0.0,0.0,59.0,52.0,0.0,35.0,24.0,,,0.0,,47.0,,0.0,0.0,0,0,1,0,0,1,1,1,1,0,1,1,1,0,0,0,0,0,1,1,0,1,0,1,0,0,0,0,0,0,0,1,1,0,1,0,1,0,0,0.1538,0.11,0.05,
2019,esparto unified,"Town, distant",0.3718,0.3472,,0.375,0.3684,,,,,0.3607,,,,29.0,25.0,0.0,15.0,14.0,0.0,,0.0,0.0,22.0,,0.0,0.0,78.0,72.0,6.0,40.0,38.0,0.0,,0.0,0.0,61.0,,0.0,10.0,0,0,1,0,0,1,1,1,1,0,1,1,1,0,0,0,0,0,0,1,0,0,0,1,0,0,0,0,0,0,0,0,1,0,0,0,1,0,0,0.3051,0.1538,0.11,0.05
2015,etiwanda elementary,"Suburb, large",0.56,0.39,0.65,0.55,0.56,,0.83,0.41,0.67,0.45,,0.63,0.64,803.0,201.0,623.0,395.0,416.0,0.0,139.0,63.0,51.0,279.0,0.0,40.0,231.0,1461.0,516.0,945.0,718.0,743.0,3.0,170.0,159.0,74.0,621.0,3.0,64.0,362.0,0,0,0,0,0,1,0,0,0,0,1,0,0,0,0,0,0,0,0,0,0,0,0,0,0,0,0,0,0,0,0,0,0,0,0,0,0,0,0,,,,
2016,etiwanda elementary,"Suburb, large",0.58,0.45,0.66,0.57,0.6,,0.81,0.46,0.78,0.48,,0.59,0.68,928.0,256.0,664.0,414.0,502.0,0.0,150.0,77.0,57.0,317.0,0.0,45.0,258.0,1574.0,569.0,1005.0,738.0,836.0,1.0,185.0,166.0,73.0,674.0,7.0,76.0,385.0,0,0,0,0,0,1,0,0,0,0,1,0,0,0,0,0,0,0,0,0,0,0,0,0,0,0,0,0,0,0,0,0,0,0,0,0,0,0,0,0.56,,,
2017,etiwanda elementary,"Suburb, large",0.5739,0.4121,0.6625,0.5545,0.5931,,0.8198,0.3774,0.8214,0.5015,,0.5507,0.6433,858.0,218.0,640.0,412.0,446.0,0.0,141.0,60.0,46.0,335.0,0.0,38.0,229.0,1495.0,529.0,966.0,743.0,752.0,0.0,172.0,159.0,56.0,668.0,0.0,69.0,356.0,0,0,0,0,0,1,0,0,0,0,1,0,0,0,0,0,0,0,0,0,0,0,0,0,0,0,0,0,0,0,0,0,0,0,0,0,0,0,0,0.58,0.56,,
2018,etiwanda elementary,"Suburb, large",0.648,0.519,0.7367,0.6167,0.6765,,0.8689,0.4526,0.875,0.5692,,0.7321,0.7479,963.0,314.0,649.0,436.0,527.0,0.0,159.0,62.0,35.0,403.0,0.0,41.0,261.0,1486.0,605.0,881.0,707.0,779.0,0.0,183.0,137.0,40.0,708.0,0.0,56.0,349.0,0,0,0,0,0,1,0,0,0,0,1,0,0,0,0,0,0,0,0,0,0,0,0,0,0,0,0,0,0,0,0,0,0,0,0,0,0,0,0,0.5739,0.58,0.56,
2019,etiwanda elementary,"Suburb, large",0.6787,0.5591,0.7591,0.655,0.7029,,0.8717,0.4604,0.8387,0.6151,,0.7582,0.7339,999.0,331.0,668.0,488.0,511.0,0.0,163.0,64.0,52.0,390.0,0.0,69.0,251.0,1472.0,592.0,880.0,745.0,727.0,0.0,187.0,139.0,62.0,634.0,0.0,91.0,342.0,0,0,0,0,0,1,0,0,0,0,1,0,0,0,0,0,0,0,0,0,0,0,0,0,0,0,0,0,0,0,0,0,0,0,0,0,0,0,0,0.648,0.5739,0.58,0.56
2015,eureka city schools,"Town, remote",0.22,0.15,0.38,0.22,0.22,0.08,0.15,,,0.12,,0.31,0.29,59.0,27.0,32.0,31.0,30.0,1.0,5.0,0.0,0.0,7.0,0.0,5.0,38.0,268.0,186.0,82.0,141.0,127.0,13.0,33.0,6.0,4.0,57.0,4.0,16.0,134.0,0,0,0,0,0,0,0,1,1,0,1,0,0,0,0,0,0,0,0,0,0,0,0,0,0,0,0,0,0,0,0,0,0,0,0,0,0,0,0,,,,
2016,eureka city schools,"Town, remote",0.27,0.19,0.52,0.21,0.32,0.09,0.24,,,0.16,,0.27,0.35,68.0,38.0,32.0,26.0,44.0,1.0,8.0,0.0,0.0,9.0,0.0,7.0,42.0,261.0,198.0,63.0,124.0,137.0,11.0,33.0,4.0,4.0,55.0,4.0,27.0,123.0,0,0,0,0,0,0,0,1,1,0,1,0,0,0,0,0,0,0,0,0,0,0,0,0,0,0,0,0,0,0,0,0,0,0,0,0,0,0,0,0.22,,,
2017,eureka city schools,"Town, remote",0.3047,0.2652,0.4423,0.2857,0.3223,0.2857,0.2083,,,0.3016,,0.2727,0.3402,71.0,48.0,23.0,32.0,39.0,4.0,5.0,0.0,0.0,19.0,0.0,6.0,33.0,233.0,181.0,52.0,112.0,121.0,14.0,24.0,0.0,0.0,63.0,0.0,22.0,97.0,0,0,0,0,0,0,0,1,1,0,1,0,0,0,0,0,0,0,0,0,0,0,0,0,0,0,0,0,0,0,0,0,0,0,0,0,0,0,0,0.27,0.22,,
2018,eureka city schools,"Town, remote",0.2924,0.2487,0.4884,0.2182,0.3571,0.3125,0.2941,,,0.197,,0.1905,0.4023,69.0,48.0,21.0,24.0,45.0,5.0,10.0,0.0,0.0,13.0,0.0,4.0,35.0,236.0,193.0,43.0,110.0,126.0,16.0,34.0,0.0,0.0,66.0,0.0,21.0,87.0,0,0,0,0,0,0,0,1,1,0,1,0,0,0,0,0,0,0,0,0,0,0,0,0,0,0,0,0,0,0,0,0,0,0,0,0,0,0,0,0.3047,0.27,0.22,
2019,eureka city schools,"Town, remote",0.2613,0.2159,0.4348,0.243,0.2783,0.1429,0.2692,,,0.193,,0.2692,0.2955,58.0,38.0,20.0,26.0,32.0,2.0,7.0,0.0,0.0,11.0,0.0,7.0,26.0,222.0,176.0,46.0,107.0,115.0,14.0,26.0,6.0,0.0,57.0,0.0,26.0,88.0,0,0,0,0,0,0,0,1,1,0,1,0,0,0,0,0,0,0,0,0,0,0,0,0,0,0,0,0,0,0,0,0,0,0,0,0,0,0,0,0.2924,0.3047,0.27,0.22
2015,eureka union,"Suburb, large",0.67,0.32,0.72,0.68,0.67,,0.74,,,0.59,,0.62,0.68,229.0,12.0,219.0,129.0,102.0,0.0,23.0,0.0,0.0,19.0,,21.0,152.0,342.0,38.0,304.0,190.0,152.0,4.0,31.0,4.0,10.0,32.0,,34.0,223.0,0,0,0,0,0,1,0,1,1,0,1,0,0,0,0,0,0,0,0,0,0,0,0,1,0,0,0,0,0,0,0,0,0,0,0,0,1,0,0,,,,
2016,eureka union,"Suburb, large",0.69,0.42,0.73,0.65,0.72,,0.81,,,0.57,,0.86,0.68,222.0,18.0,208.0,109.0,115.0,0.0,17.0,0.0,0.0,27.0,,19.0,150.0,327.0,43.0,284.0,167.0,160.0,1.0,21.0,5.0,5.0,48.0,,22.0,224.0,0,0,0,0,0,1,0,1,1,0,1,0,0,0,0,0,0,0,0,0,0,0,0,1,0,0,0,0,0,0,0,0,0,0,0,0,1,0,0,0.67,,,
2017,eureka union,"Suburb, large",0.7182,0.439,0.7539,0.7049,0.7318,,0.9677,,,0.5641,,0.7241,0.7247,260.0,18.0,242.0,129.0,131.0,0.0,30.0,0.0,0.0,22.0,,21.0,179.0,362.0,41.0,321.0,183.0,179.0,0.0,31.0,0.0,0.0,39.0,,29.0,247.0,0,0,0,0,0,1,0,1,1,0,1,0,0,0,0,0,0,0,0,0,0,0,0,1,0,0,0,0,0,0,0,0,0,0,0,0,1,0,0,0.69,0.67,,
2018,eureka union,"Suburb, large",0.7014,0.551,0.7264,0.6904,0.7162,,0.9667,0.5,,0.4318,,0.7667,0.7302,242.0,27.0,215.0,136.0,106.0,0.0,29.0,6.0,0.0,19.0,0.0,23.0,157.0,345.0,49.0,296.0,197.0,148.0,0.0,30.0,12.0,0.0,44.0,0.0,30.0,215.0,0,0,0,0,0,1,0,0,1,0,1,0,0,0,0,0,0,0,0,0,0,0,0,0,0,0,0,0,0,0,0,0,0,0,0,0,0,0,0,0.7182,0.69,0.67,
2019,eureka union,"Suburb, large",0.6899,0.4667,0.7233,0.7126,0.6685,,0.9118,,,0.4324,,0.7333,0.691,238.0,21.0,217.0,119.0,119.0,,31.0,0.0,0.0,16.0,,22.0,161.0,345.0,45.0,300.0,167.0,178.0,,34.0,5.0,6.0,37.0,,30.0,233.0,0,0,0,0,0,1,0,1,1,0,1,0,0,0,0,0,0,0,1,0,0,0,0,1,0,0,0,0,0,0,0,1,0,0,0,0,1,0,0,0.7014,0.7182,0.69,0.67
2015,evergreen elementary,"City, large",0.53,0.17,0.61,0.52,0.54,,0.74,0.24,0.41,0.17,,0.51,0.5,797.0,44.0,752.0,401.0,397.0,0.0,587.0,5.0,47.0,69.0,0.0,27.0,54.0,1505.0,272.0,1233.0,770.0,735.0,5.0,783.0,21.0,113.0,408.0,9.0,53.0,107.0,0,0,0,0,0,1,0,0,0,0,1,0,0,0,0,0,0,0,0,0,0,0,0,0,0,0,0,0,0,0,0,0,0,0,0,0,0,0,0,,,,
2016,evergreen elementary,"City, large",0.58,0.28,0.74,0.57,0.59,,0.77,0.2,0.43,0.2,,0.67,0.57,820.0,127.0,698.0,395.0,433.0,0.0,609.0,4.0,45.0,63.0,0.0,39.0,55.0,1414.0,471.0,943.0,692.0,722.0,5.0,792.0,20.0,104.0,315.0,5.0,59.0,95.0,0,0,0,0,0,1,0,0,0,0,1,0,0,0,0,0,0,0,0,0,0,0,0,0,0,0,0,0,0,0,0,0,0,0,0,0,0,0,0,0.53,,,
2017,evergreen elementary,"City, large",0.5737,0.3002,0.7078,0.5719,0.5754,,0.7826,0.1667,0.4507,0.2151,,0.5974,0.5862,755.0,130.0,625.0,362.0,393.0,0.0,558.0,3.0,32.0,77.0,0.0,46.0,34.0,1316.0,433.0,883.0,633.0,683.0,0.0,713.0,18.0,71.0,358.0,0.0,77.0,58.0,0,0,0,0,0,1,0,0,0,0,1,0,0,0,0,0,0,0,0,0,0,0,0,0,0,0,0,0,0,0,0,0,0,0,0,0,0,0,0,0.58,0.53,,
2018,evergreen elementary,"City, large",0.6257,0.3618,0.7546,0.629,0.6225,,0.8132,0.2667,0.631,0.1979,,0.7031,0.625,759.0,144.0,615.0,378.0,381.0,0.0,544.0,4.0,53.0,56.0,0.0,45.0,45.0,1213.0,398.0,815.0,601.0,612.0,0.0,669.0,15.0,84.0,283.0,0.0,64.0,72.0,0,0,0,0,0,1,0,0,0,0,1,0,0,0,0,0,0,0,0,0,0,0,0,0,0,0,0,0,0,0,0,0,0,0,0,0,0,0,0,0.5737,0.58,0.53,
2019,evergreen elementary,"City, large",0.6263,0.3182,0.756,0.6042,0.6471,,0.7994,0.3333,0.6061,0.2109,,0.7455,0.5821,744.0,112.0,632.0,348.0,396.0,0.0,554.0,6.0,40.0,58.0,0.0,41.0,39.0,1188.0,352.0,836.0,576.0,612.0,0.0,693.0,18.0,66.0,275.0,5.0,55.0,67.0,0,0,0,0,0,1,0,0,0,0,1,0,0,0,0,0,0,0,0,0,0,0,0,0,0,0,0,0,0,0,0,0,0,0,0,0,0,0,0,0.6257,0.5737,0.58,0.53
2015,evergreen union,"Rural, fringe",0.33,0.25,0.45,0.31,0.35,,,,,0.44,,,0.33,36.0,17.0,19.0,18.0,18.0,0.0,0.0,0.0,,7.0,,0.0,28.0,110.0,68.0,42.0,58.0,52.0,3.0,1.0,1.0,,17.0,,2.0,86.0,0,0,0,0,0,1,1,1,1,0,1,1,0,0,0,0,0,0,0,0,0,1,0,1,0,0,0,0,0,0,0,0,0,0,1,0,1,0,0,,,,
2016,evergreen union,"Rural, fringe",0.32,0.25,0.41,0.28,0.36,,,,,0.26,,0.55,0.33,48.0,20.0,27.0,18.0,29.0,0.0,0.0,,,7.0,,6.0,33.0,145.0,79.0,66.0,65.0,80.0,4.0,2.0,,,27.0,,11.0,101.0,0,0,0,0,0,1,1,1,1,0,1,0,0,0,0,0,0,0,0,0,1,1,0,1,0,0,0,0,0,0,0,0,0,1,1,0,1,0,0,0.33,,,
2017,evergreen union,"Rural, fringe",0.3952,0.3671,0.4444,0.2951,0.4921,,,,,0.375,,,0.4,49.0,29.0,20.0,18.0,31.0,0.0,0.0,0.0,,6.0,,0.0,40.0,125.0,80.0,45.0,61.0,64.0,0.0,0.0,0.0,,16.0,,0.0,101.0,0,0,0,0,0,1,1,1,1,0,1,1,0,0,0,0,0,0,0,0,0,1,0,1,0,0,0,0,0,0,0,0,0,0,1,0,1,0,0,0.32,0.33,,
2018,evergreen union,"Rural, fringe",0.4065,0.2623,0.5484,0.3793,0.4308,,,,,0.4,,,0.4432,50.0,16.0,34.0,22.0,28.0,0.0,0.0,0.0,0.0,8.0,,0.0,39.0,123.0,61.0,62.0,58.0,65.0,0.0,0.0,0.0,0.0,20.0,,0.0,88.0,0,0,0,0,0,1,1,1,1,0,1,1,0,0,0,0,0,0,0,0,0,0,0,1,0,0,0,0,0,0,0,0,0,0,0,0,1,0,0,0.3952,0.32,0.33,
2019,evergreen union,"Rural, fringe",0.4274,0.4054,0.4651,0.381,0.4815,,,,,0.5,,,0.4074,50.0,30.0,20.0,24.0,26.0,0.0,0.0,0.0,0.0,10.0,,0.0,33.0,117.0,74.0,43.0,63.0,54.0,5.0,0.0,0.0,0.0,20.0,,9.0,81.0,0,0,0,0,0,1,1,1,1,0,1,1,0,0,0,0,0,0,0,0,0,0,0,1,0,0,0,0,0,0,0,0,0,0,0,0,1,0,0,0.4065,0.3952,0.32,0.33
2015,exeter unified,"Suburb, midsize",0.35,0.29,0.49,0.34,0.35,,,,,0.29,,,0.44,65.0,40.0,26.0,32.0,33.0,,0.0,,0.0,34.0,,0.0,28.0,186.0,133.0,53.0,93.0,93.0,,2.0,,1.0,119.0,,1.0,63.0,0,0,0,0,0,1,1,1,1,0,1,1,0,0,0,0,0,0,1,0,1,0,0,1,0,0,0,0,0,0,0,1,0,1,0,0,1,0,0,,,,
2016,exeter unified,"Suburb, midsize",0.38,0.31,0.6,0.39,0.36,,,,,0.33,,,0.48,79.0,50.0,29.0,43.0,35.0,0.0,0.0,0.0,0.0,43.0,,,32.0,208.0,160.0,48.0,112.0,96.0,3.0,2.0,1.0,1.0,132.0,,,67.0,0,0,0,0,0,1,1,1,1,0,1,1,0,0,0,0,0,0,0,0,0,0,0,1,1,0,0,0,0,0,0,0,0,0,0,0,1,1,0,0.35,,,
2017,exeter unified,"Suburb, midsize",0.4324,0.3459,0.6538,0.425,0.4381,,,,,0.359,,,0.5538,80.0,46.0,34.0,34.0,46.0,0.0,,0.0,0.0,42.0,,,36.0,185.0,133.0,52.0,80.0,105.0,0.0,,0.0,0.0,117.0,,,65.0,0,0,0,0,0,1,1,1,1,0,1,1,0,0,0,0,0,0,0,1,0,0,0,1,1,0,0,0,0,0,0,0,1,0,0,0,1,1,0,0.38,0.35,,
2018,exeter unified,"Suburb, midsize",0.3692,0.2987,0.55,0.3211,0.419,,,,,0.3404,,,0.375,79.0,46.0,33.0,35.0,44.0,0.0,0.0,0.0,,48.0,,0.0,24.0,214.0,154.0,60.0,109.0,105.0,0.0,0.0,0.0,,141.0,,0.0,64.0,0,0,0,0,0,1,1,1,1,0,1,1,0,0,0,0,0,0,0,0,0,1,0,1,0,0,0,0,0,0,0,0,0,0,1,0,1,0,0,0.4324,0.38,0.35,
2019,exeter unified,"Suburb, midsize",0.4247,0.3381,0.6809,0.4588,0.396,,,,,0.3651,,,0.5741,79.0,47.0,32.0,39.0,40.0,,0.0,0.0,,46.0,,0.0,31.0,186.0,139.0,47.0,85.0,101.0,,0.0,0.0,,126.0,,0.0,54.0,0,0,0,0,0,1,1,1,1,0,1,1,0,0,0,0,0,0,1,0,0,1,0,1,0,0,0,0,0,0,0,1,0,0,1,0,1,0,0,0.3692,0.4324,0.38,0.35
2015,fairfax elementary,"Suburb, large",0.08,0.08,0.0,0.08,0.08,,,,,0.08,,,0.09,22.0,21.0,0.0,9.0,10.0,,0.0,0.0,0.0,19.0,,0.0,1.0,269.0,252.0,17.0,139.0,130.0,,2.0,9.0,2.0,239.0,,3.0,11.0,0,0,0,0,0,1,1,1,1,0,1,1,0,0,0,0,0,0,1,0,0,0,0,1,0,0,0,0,0,0,0,1,0,0,0,0,1,0,0,,,,
2016,fairfax elementary,"Suburb, large",0.21,0.2,,0.24,0.17,,,,,0.2,,,0.23,62.0,58.0,0.0,41.0,23.0,,0.0,0.0,0.0,50.0,,0.0,5.0,296.0,289.0,7.0,162.0,134.0,,9.0,10.0,1.0,249.0,,3.0,22.0,0,0,1,0,0,1,1,1,1,0,1,1,0,0,0,0,0,0,1,0,0,0,0,1,0,0,0,0,0,0,0,1,0,0,0,0,1,0,0,0.08,,,
2017,fairfax elementary,"Suburb, large",0.1479,0.1341,0.3043,0.0876,0.2041,,,0.0714,,0.1498,,,0.0769,42.0,35.0,7.0,12.0,30.0,0.0,0.0,1.0,0.0,37.0,,0.0,1.0,285.0,262.0,23.0,138.0,147.0,0.0,0.0,14.0,0.0,248.0,,0.0,13.0,0,0,0,0,0,1,1,0,1,0,1,1,0,0,0,0,0,0,0,0,0,0,0,1,0,0,0,0,0,0,0,0,0,0,0,0,1,0,0,0.21,0.08,,
2018,fairfax elementary,"Suburb, large",0.21,0.1944,0.3448,0.1781,0.2444,,,,,0.2088,,,0.25,59.0,49.0,10.0,26.0,33.0,0.0,0.0,0.0,0.0,52.0,,0.0,4.0,281.0,252.0,29.0,146.0,135.0,0.0,0.0,0.0,0.0,249.0,,0.0,16.0,0,0,0,0,0,1,1,1,1,0,1,1,0,0,0,0,0,0,0,0,0,0,0,1,0,0,0,0,0,0,0,0,0,0,0,0,1,0,0,0.1479,0.21,0.08,
2019,fairfax elementary,"Suburb, large",0.2724,0.2563,0.4,0.1938,0.3453,,,,,0.2828,,,,73.0,61.0,12.0,25.0,48.0,0.0,0.0,0.0,,69.0,,0.0,0.0,268.0,238.0,30.0,129.0,139.0,0.0,5.0,5.0,,244.0,,0.0,7.0,0,0,0,0,0,1,1,1,1,0,1,1,1,0,0,0,0,0,0,0,0,1,0,1,0,0,0,0,0,0,0,0,0,0,1,0,1,0,0,0.21,0.1479,0.21,0.08
2015,fairfield-suisun unified,"City, midsize",0.29,0.19,0.46,0.29,0.3,,0.49,0.17,0.43,0.2,0.3,0.36,0.42,497.0,203.0,297.0,232.0,273.0,0.0,39.0,46.0,64.0,140.0,6.0,25.0,173.0,1712.0,1067.0,645.0,802.0,910.0,9.0,79.0,270.0,144.0,701.0,20.0,71.0,413.0,0,0,0,0,0,1,0,0,0,0,0,0,0,0,0,0,0,0,0,0,0,0,0,0,0,0,0,0,0,0,0,0,0,0,0,0,0,0,0,,,,
2016,fairfield-suisun unified,"City, midsize",0.3,0.17,0.5,0.26,0.33,,0.51,0.14,0.51,0.21,0.22,0.32,0.47,516.0,181.0,328.0,231.0,285.0,0.0,44.0,41.0,70.0,143.0,4.0,33.0,169.0,1718.0,1063.0,655.0,854.0,864.0,7.0,86.0,296.0,136.0,711.0,18.0,102.0,361.0,0,0,0,0,0,1,0,0,0,0,0,0,0,0,0,0,0,0,0,0,0,0,0,0,0,0,0,0,0,0,0,0,0,0,0,0,0,0,0,0.29,,,
2017,fairfield-suisun unified,"City, midsize",0.328,0.2209,0.4882,0.3165,0.3391,,0.5412,0.1791,0.5118,0.2287,0.1765,0.4154,0.5106,555.0,224.0,331.0,263.0,292.0,0.0,46.0,48.0,65.0,166.0,3.0,54.0,168.0,1692.0,1014.0,678.0,831.0,861.0,0.0,85.0,268.0,127.0,726.0,17.0,130.0,329.0,0,0,0,0,0,1,0,0,0,0,0,0,0,0,0,0,0,0,0,0,0,0,0,0,0,0,0,0,0,0,0,0,0,0,0,0,0,0,0,0.3,0.29,,
2018,fairfield-suisun unified,"City, midsize",0.3833,0.2616,0.6221,0.3787,0.3877,,0.6957,0.2243,0.6321,0.2692,0.5455,0.5294,0.522,637.0,288.0,349.0,309.0,328.0,0.0,64.0,48.0,67.0,207.0,6.0,90.0,154.0,1663.0,1102.0,561.0,817.0,846.0,0.0,92.0,214.0,106.0,770.0,11.0,170.0,295.0,0,0,0,0,0,1,0,0,0,0,0,0,0,0,0,0,0,0,0,0,0,0,0,0,0,0,0,0,0,0,0,0,0,0,0,0,0,0,0,0.328,0.3,0.29,
2019,fairfield-suisun unified,"City, midsize",0.4016,0.2687,0.6309,0.3931,0.4096,,0.641,0.2488,0.6602,0.2813,0.5625,0.4688,0.6124,602.0,255.0,347.0,285.0,317.0,0.0,50.0,51.0,68.0,189.0,9.0,75.0,158.0,1499.0,949.0,550.0,725.0,774.0,5.0,78.0,205.0,103.0,672.0,16.0,160.0,258.0,0,0,0,0,0,1,0,0,0,0,0,0,0,0,0,0,0,0,0,0,0,0,0,0,0,0,0,0,0,0,0,0,0,0,0,0,0,0,0,0.3833,0.328,0.3,0.29
2015,fall river joint unified,"Town, remote",0.2,0.12,0.32,0.22,0.19,,,,,0.05,,,0.26,19.0,7.0,12.0,9.0,10.0,0.0,,0.0,,1.0,,0.0,16.0,95.0,58.0,37.0,41.0,54.0,5.0,,1.0,,21.0,,5.0,62.0,0,0,0,0,0,1,1,1,1,0,1,1,0,0,0,0,0,0,0,1,0,1,0,1,0,0,0,0,0,0,0,0,1,0,1,0,1,0,0,,,,
2016,fall river joint unified,"Town, remote",0.34,0.28,0.45,0.36,0.33,,,,,0.17,,,0.41,30.0,16.0,14.0,15.0,15.0,0.0,0.0,,,4.0,,0.0,24.0,88.0,57.0,31.0,42.0,46.0,4.0,1.0,,,23.0,,2.0,58.0,0,0,0,0,0,1,1,1,1,0,1,1,0,0,0,0,0,0,0,0,1,1,0,1,0,0,0,0,0,0,0,0,0,1,1,0,1,0,0,0.2,,,
2017,fall river joint unified,"Town, remote",0.2202,0.1818,0.2791,0.1905,0.2609,0.1538,,,,0.1622,,,0.2642,24.0,12.0,12.0,12.0,12.0,2.0,,,,6.0,0.0,0.0,14.0,109.0,66.0,43.0,63.0,46.0,13.0,,,,37.0,0.0,0.0,53.0,0,0,0,0,0,0,1,1,1,0,1,1,0,0,0,0,0,0,0,1,1,1,0,0,0,0,0,0,0,0,0,0,1,1,1,0,0,0,0,0.34,0.2,,
2018,fall river joint unified,"Town, remote",0.3978,0.3333,0.4872,0.3922,0.4048,,,,,0.2,,,0.4426,37.0,18.0,19.0,20.0,17.0,0.0,,,,4.0,,0.0,27.0,93.0,54.0,39.0,51.0,42.0,0.0,,,,20.0,,0.0,61.0,0,0,0,0,0,1,1,1,1,0,1,1,0,0,0,0,0,0,0,1,1,1,0,1,0,0,0,0,0,0,0,0,1,1,1,0,1,0,0,0.2202,0.34,0.2,
2019,fall river joint unified,"Town, remote",0.3452,0.2982,0.4444,0.4054,0.2979,,,,,0.3462,,,0.3913,29.0,17.0,12.0,15.0,14.0,0.0,,,,9.0,,0.0,18.0,84.0,57.0,27.0,37.0,47.0,7.0,,,,26.0,,5.0,46.0,0,0,0,0,0,1,1,1,1,0,1,1,0,0,0,0,0,0,0,1,1,1,0,1,0,0,0,0,0,0,0,0,1,1,1,0,1,0,0,0.3978,0.2202,0.34,0.2
2015,farmersville unified,"Suburb, midsize",0.09,0.07,0.31,0.09,0.09,,,,,0.1,,,0.0,20.0,15.0,4.0,9.0,9.0,0.0,,,,19.0,,,0.0,201.0,188.0,13.0,101.0,100.0,1.0,,,,186.0,,,14.0,0,0,0,0,0,1,1,1,1,0,1,1,0,0,0,0,0,0,0,1,1,1,0,1,1,0,0,0,0,0,0,0,1,1,1,0,1,1,0,,,,
2016,farmersville unified,"Suburb, midsize",0.1,0.1,0.07,0.11,0.09,,,,,0.09,,,,20.0,18.0,1.0,9.0,10.0,,0.0,,,17.0,,,0.0,198.0,183.0,15.0,83.0,115.0,,2.0,,,191.0,,,5.0,0,0,0,0,0,1,1,1,1,0,1,1,1,0,0,0,0,0,1,0,1,1,0,1,1,0,0,0,0,0,0,1,0,1,1,0,1,1,0,0.09,,,
2017,farmersville unified,"Suburb, midsize",0.0995,0.1,0.0909,0.1176,0.0849,,,,,0.0994,,,,19.0,18.0,1.0,10.0,9.0,0.0,,,,18.0,,,0.0,191.0,180.0,11.0,85.0,106.0,0.0,,,,181.0,,,0.0,0,0,0,0,0,1,1,1,1,0,1,1,1,0,0,0,0,0,0,1,1,1,0,1,1,0,0,0,0,0,0,0,1,1,1,0,1,1,0,0.1,0.09,,
2018,farmersville unified,"Suburb, midsize",0.2371,0.2454,0.1935,0.23,0.2447,,,,,0.2402,,,0.25,46.0,40.0,6.0,23.0,23.0,0.0,,,,43.0,,,3.0,194.0,163.0,31.0,100.0,94.0,0.0,,,,179.0,,,12.0,0,0,0,0,0,1,1,1,1,0,1,1,0,0,0,0,0,0,0,1,1,1,0,1,1,0,0,0,0,0,0,0,1,1,1,0,1,1,0,0.0995,0.1,0.09,
2019,farmersville unified,"Suburb, midsize",0.2043,0.2079,,0.1977,0.21,,,,,0.2065,,,,38.0,37.0,0.0,17.0,21.0,,0.0,,,38.0,,,0.0,186.0,178.0,8.0,86.0,100.0,,0.0,,,184.0,,,0.0,0,0,1,0,0,1,1,1,1,0,1,1,1,0,0,0,0,0,1,0,1,1,0,1,1,0,0,0,0,0,0,1,0,1,1,0,1,1,0,0.2371,0.0995,0.1,0.09
2015,ferndale unified,"Rural, distant",0.34,0.2,0.45,0.31,0.37,,,,,,,,0.35,12.0,3.0,9.0,5.0,7.0,0.0,,0.0,,0.0,,0.0,9.0,35.0,15.0,20.0,16.0,19.0,1.0,,1.0,,6.0,,1.0,26.0,0,0,0,0,0,1,1,1,1,1,1,1,0,0,0,0,0,0,0,1,0,1,0,1,0,0,0,0,0,0,0,0,1,0,1,0,1,0,0,,,,
2016,ferndale unified,"Rural, distant",0.18,0.14,0.22,0.24,0.11,,,,,0.0,,,0.21,8.0,3.0,5.0,6.0,2.0,0.0,0.0,,,0.0,0.0,,6.0,44.0,21.0,23.0,25.0,19.0,2.0,1.0,,,12.0,1.0,,28.0,0,0,0,0,0,1,1,1,1,0,1,1,0,0,0,0,0,0,0,0,1,1,0,0,1,0,0,0,0,0,0,0,0,1,1,0,0,1,0,0.34,,,
2017,ferndale unified,"Rural, distant",0.2564,0.1818,0.3529,0.1538,0.3077,,,,,0.1538,,,0.32,10.0,4.0,6.0,2.0,8.0,0.0,,,,2.0,,,8.0,39.0,22.0,17.0,13.0,26.0,0.0,,,,13.0,,,25.0,0,0,0,0,0,1,1,1,1,0,1,1,0,0,0,0,0,0,0,1,1,1,0,1,1,0,0,0,0,0,0,0,1,1,1,0,1,1,0,0.18,0.34,,
2018,ferndale unified,"Rural, distant",0.3125,0.2941,0.3333,0.3125,0.3125,,,,,,,,0.3333,10.0,5.0,5.0,5.0,5.0,0.0,,,,0.0,,,9.0,32.0,17.0,15.0,16.0,16.0,0.0,,,,0.0,,,27.0,0,0,0,0,0,1,1,1,1,1,1,1,0,0,0,0,0,0,0,1,1,1,0,1,1,0,0,0,0,0,0,0,1,1,1,0,1,1,0,0.2564,0.18,0.34,
2019,ferndale unified,"Rural, distant",0.3784,0.3929,,0.4091,0.3333,,,,,0.25,,,0.4545,14.0,11.0,0.0,9.0,5.0,0.0,,0.0,,3.0,,,10.0,37.0,28.0,9.0,22.0,15.0,0.0,,0.0,,12.0,,,22.0,0,0,1,0,0,1,1,1,1,0,1,1,0,0,0,0,0,0,0,1,0,1,0,1,1,0,0,0,0,0,0,0,1,0,1,0,1,1,0,0.3125,0.2564,0.18,0.34
2015,fieldbrook elementary,"Rural, fringe",0.41,,0.36,0.36,,,,,,,,,,7.0,0.0,5.0,4.0,0.0,0.0,,,,0.0,,0.0,0.0,17.0,3.0,14.0,11.0,6.0,1.0,,,,2.0,,5.0,8.0,0,1,0,0,1,1,1,1,1,1,1,1,1,0,0,0,0,0,0,1,1,1,0,1,0,0,0,0,0,0,0,0,1,1,1,0,1,0,0,,,,
2016,fieldbrook elementary,"Rural, fringe",0.35,,,0.18,,,,,,,,,0.25,6.0,0.0,0.0,2.0,0.0,0.0,,,,0.0,,0.0,3.0,17.0,9.0,8.0,11.0,6.0,1.0,,,,2.0,,2.0,12.0,0,1,1,0,1,1,1,1,1,1,1,1,0,0,0,0,0,0,0,1,1,1,0,1,0,0,0,0,0,0,0,0,1,1,1,0,1,0,0,0.41,,,
2017,fieldbrook elementary,"Rural, fringe",0.4706,,,,,,,,,,,,0.5,8.0,0.0,0.0,0.0,0.0,0.0,,,,,,0.0,6.0,17.0,0.0,0.0,0.0,0.0,0.0,,,,,,0.0,12.0,0,1,1,1,1,1,1,1,1,1,1,1,0,0,0,0,0,0,0,1,1,1,1,1,0,0,0,0,0,0,0,0,1,1,1,1,1,0,0,0.35,0.41,,
2018,fieldbrook elementary,"Rural, fringe",0.6667,,,,,,,,,,,,0.7273,10.0,0.0,0.0,0.0,0.0,0.0,,,,,,0.0,8.0,15.0,0.0,0.0,0.0,0.0,0.0,,,,,,0.0,11.0,0,1,1,1,1,1,1,1,1,1,1,1,0,0,0,0,0,0,0,1,1,1,1,1,0,0,0,0,0,0,0,0,1,1,1,1,1,0,0,0.4706,0.35,0.41,
2019,fieldbrook elementary,"Rural, fringe",0.4706,,,,,,,,,,,,0.4375,8.0,0.0,0.0,0.0,0.0,,,,,,,0.0,7.0,17.0,8.0,9.0,7.0,10.0,,,,,,,0.0,16.0,0,1,1,1,1,1,1,1,1,1,1,1,0,0,0,0,0,0,1,1,1,1,1,1,0,0,0,0,0,0,0,1,1,1,1,1,1,0,0,0.6667,0.4706,0.35,0.41
2015,fillmore unified,"Town, fringe",0.09,0.08,0.16,0.07,0.11,,,,,0.07,,,0.38,26.0,19.0,7.0,11.0,17.0,0.0,0.0,0.0,,19.0,,0.0,6.0,289.0,244.0,45.0,137.0,152.0,2.0,2.0,1.0,,267.0,,1.0,16.0,0,0,0,0,0,1,1,1,1,0,1,1,0,0,0,0,0,0,0,0,0,1,0,1,0,0,0,0,0,0,0,0,0,0,1,0,1,0,0,,,,
2016,fillmore unified,"Town, fringe",0.11,0.08,0.21,0.09,0.14,,,,,0.1,,,0.31,32.0,17.0,15.0,13.0,20.0,,0.0,0.0,,27.0,,0.0,4.0,286.0,215.0,71.0,139.0,147.0,,1.0,1.0,,268.0,,3.0,13.0,0,0,0,0,0,1,1,1,1,0,1,1,0,0,0,0,0,0,1,0,0,1,0,1,0,0,0,0,0,0,0,1,0,0,1,0,1,0,0,0.09,,,
2017,fillmore unified,"Town, fringe",0.1938,0.1757,0.2537,0.1679,0.2152,,,,,0.1866,,,0.2857,56.0,39.0,17.0,22.0,34.0,0.0,,0.0,0.0,50.0,,0.0,4.0,289.0,222.0,67.0,131.0,158.0,0.0,,0.0,0.0,268.0,,0.0,14.0,0,0,0,0,0,1,1,1,1,0,1,1,0,0,0,0,0,0,0,1,0,0,0,1,0,0,0,0,0,0,0,0,1,0,0,0,1,0,0,0.11,0.09,,
2018,fillmore unified,"Town, fringe",0.2049,0.2,0.2222,0.1955,0.2129,,,,,0.1805,,,0.5556,59.0,45.0,14.0,26.0,33.0,,0.0,0.0,0.0,48.0,,,10.0,288.0,225.0,63.0,133.0,155.0,,0.0,0.0,0.0,266.0,,,18.0,0,0,0,0,0,1,1,1,1,0,1,1,0,0,0,0,0,0,1,0,0,0,0,1,1,0,0,0,0,0,0,1,0,0,0,0,1,1,0,0.1938,0.11,0.09,
2019,fillmore unified,"Town, fringe",0.1673,0.1318,0.2951,0.1538,0.184,,,,,0.1579,,,0.3571,47.0,29.0,18.0,24.0,23.0,,,,,42.0,,0.0,5.0,281.0,220.0,61.0,156.0,125.0,,,,,266.0,,0.0,14.0,0,0,0,0,0,1,1,1,1,0,1,1,0,0,0,0,0,0,1,1,1,1,0,1,0,0,0,0,0,0,0,1,1,1,1,0,1,0,0,0.2049,0.1938,0.11,0.09
2015,folsom-cordova unified,"City, small",0.48,0.18,0.66,0.47,0.49,0.23,0.8,0.21,0.61,0.25,0.2,0.44,0.52,709.0,99.0,603.0,332.0,370.0,3.0,166.0,21.0,19.0,70.0,3.0,31.0,393.0,1477.0,550.0,927.0,707.0,770.0,14.0,208.0,100.0,31.0,281.0,15.0,70.0,757.0,0,0,0,0,0,0,0,0,0,0,0,0,0,0,0,0,0,0,0,0,0,0,0,0,0,0,0,0,0,0,0,0,0,0,0,0,0,0,0,,,,
2016,folsom-cordova unified,"City, small",0.55,0.25,0.72,0.52,0.57,,0.87,0.24,0.55,0.26,,0.58,0.6,853.0,142.0,708.0,376.0,472.0,0.0,208.0,17.0,21.0,84.0,0.0,57.0,458.0,1551.0,568.0,983.0,722.0,829.0,7.0,239.0,71.0,38.0,323.0,10.0,99.0,763.0,0,0,0,0,0,1,0,0,0,0,1,0,0,0,0,0,0,0,0,0,0,0,0,0,0,0,0,0,0,0,0,0,0,0,0,0,0,0,0,0.48,,,
2017,folsom-cordova unified,"City, small",0.5536,0.2965,0.6925,0.5356,0.573,,0.8379,0.2151,0.7436,0.2967,0.6364,0.5474,0.5952,857.0,161.0,696.0,429.0,428.0,0.0,212.0,20.0,29.0,89.0,7.0,52.0,444.0,1548.0,543.0,1005.0,801.0,747.0,0.0,253.0,93.0,39.0,300.0,11.0,95.0,746.0,0,0,0,0,0,1,0,0,0,0,0,0,0,0,0,0,0,0,0,0,0,0,0,0,0,0,0,0,0,0,0,0,0,0,0,0,0,0,0,0.55,0.48,,
2018,folsom-cordova unified,"City, small",0.585,0.3287,0.7489,0.5404,0.6308,,0.8261,0.2632,0.7647,0.3478,0.1333,0.575,0.6397,873.0,191.0,682.0,408.0,463.0,0.0,209.0,20.0,26.0,104.0,2.0,69.0,437.0,1491.0,581.0,910.0,756.0,735.0,0.0,253.0,76.0,34.0,299.0,15.0,120.0,682.0,0,0,0,0,0,1,0,0,0,0,0,0,0,0,0,0,0,0,0,0,0,0,0,0,0,0,0,0,0,0,0,0,0,0,0,0,0,0,0,0.5536,0.55,0.48,
2019,folsom-cordova unified,"City, small",0.5669,0.3123,0.7155,0.5668,0.5669,,0.8254,0.2317,0.8077,0.3219,0.1875,0.5532,0.6315,852.0,173.0,679.0,424.0,428.0,0.0,208.0,19.0,21.0,103.0,3.0,78.0,413.0,1503.0,554.0,949.0,748.0,755.0,6.0,252.0,82.0,26.0,320.0,16.0,141.0,654.0,0,0,0,0,0,1,0,0,0,0,0,0,0,0,0,0,0,0,0,0,0,0,0,0,0,0,0,0,0,0,0,0,0,0,0,0,0,0,0,0.585,0.5536,0.55,0.48
2015,fontana unified,"Suburb, large",0.19,0.18,0.3,0.18,0.2,,0.59,0.18,0.52,0.18,,0.28,0.3,571.0,486.0,93.0,256.0,301.0,0.0,16.0,26.0,12.0,476.0,0.0,7.0,41.0,3009.0,2701.0,308.0,1505.0,1504.0,4.0,27.0,141.0,23.0,2644.0,6.0,25.0,139.0,0,0,0,0,0,1,0,0,0,0,1,0,0,0,0,0,0,0,0,0,0,0,0,0,0,0,0,0,0,0,0,0,0,0,0,0,0,0,0,,,,
2016,fontana unified,"Suburb, large",0.22,0.21,0.35,0.21,0.24,,0.65,0.15,0.66,0.21,,0.42,0.28,673.0,571.0,119.0,308.0,381.0,0.0,26.0,23.0,21.0,589.0,0.0,15.0,31.0,3058.0,2716.0,342.0,1468.0,1590.0,3.0,40.0,150.0,32.0,2677.0,6.0,36.0,112.0,0,0,0,0,0,1,0,0,0,0,1,0,0,0,0,0,0,0,0,0,0,0,0,0,0,0,0,0,0,0,0,0,0,0,0,0,0,0,0,0.19,,,
2017,fontana unified,"Suburb, large",0.2211,0.2003,0.3477,0.2015,0.2395,,0.5676,0.1786,0.625,0.2069,,0.2889,0.3697,655.0,510.0,145.0,290.0,365.0,0.0,21.0,25.0,15.0,536.0,0.0,13.0,44.0,2965.0,2548.0,417.0,1441.0,1524.0,0.0,37.0,140.0,24.0,2593.0,0.0,45.0,119.0,0,0,0,0,0,1,0,0,0,0,1,0,0,0,0,0,0,0,0,0,0,0,0,0,0,0,0,0,0,0,0,0,0,0,0,0,0,0,0,0.22,0.19,,
2018,fontana unified,"Suburb, large",0.2667,0.2496,0.382,0.2524,0.2799,,0.5909,0.1776,0.5517,0.2594,,0.4359,0.3579,736.0,600.0,136.0,336.0,400.0,0.0,13.0,27.0,16.0,626.0,0.0,17.0,34.0,2760.0,2404.0,356.0,1331.0,1429.0,0.0,22.0,152.0,29.0,2413.0,0.0,39.0,95.0,0,0,0,0,0,1,0,0,0,0,1,0,0,0,0,0,0,0,0,0,0,0,0,0,0,0,0,0,0,0,0,0,0,0,0,0,0,0,0,0.2211,0.22,0.19,
2019,fontana unified,"Suburb, large",0.3056,0.2842,0.4297,0.2942,0.3178,,0.52,0.2041,0.55,0.3041,,0.3871,0.3448,800.0,635.0,165.0,398.0,402.0,0.0,13.0,30.0,11.0,689.0,0.0,12.0,40.0,2618.0,2234.0,384.0,1353.0,1265.0,0.0,25.0,147.0,20.0,2266.0,8.0,31.0,116.0,0,0,0,0,0,1,0,0,0,0,1,0,0,0,0,0,0,0,0,0,0,0,0,0,0,0,0,0,0,0,0,0,0,0,0,0,0,0,0,0.2667,0.2211,0.22,0.19
2015,fort bragg unified,"Town, remote",0.23,0.15,0.4,0.31,0.16,,,,,0.15,,,0.29,35.0,14.0,19.0,21.0,12.0,0.0,,,0.0,9.0,,0.0,21.0,142.0,95.0,47.0,68.0,74.0,1.0,,,1.0,59.0,,8.0,73.0,0,0,0,0,0,1,1,1,1,0,1,1,0,0,0,0,0,0,0,1,1,0,0,1,0,0,0,0,0,0,0,0,1,1,0,0,1,0,0,,,,
2016,fort bragg unified,"Town, remote",0.32,0.23,0.65,0.31,0.34,,,,,0.18,,,0.5,43.0,23.0,20.0,20.0,23.0,0.0,,0.0,,12.0,,0.0,28.0,133.0,102.0,31.0,65.0,68.0,1.0,,1.0,,67.0,,7.0,56.0,0,0,0,0,0,1,1,1,1,0,1,1,0,0,0,0,0,0,0,1,0,1,0,1,0,0,0,0,0,0,0,0,1,0,1,0,1,0,0,0.23,,,
2017,fort bragg unified,"Town, remote",0.4173,0.3529,0.68,0.3443,0.4848,,,,,0.3148,,0.2727,0.5085,53.0,36.0,17.0,21.0,32.0,0.0,,,,17.0,,3.0,30.0,127.0,102.0,25.0,61.0,66.0,0.0,,,,54.0,,11.0,59.0,0,0,0,0,0,1,1,1,1,0,1,0,0,0,0,0,0,0,0,1,1,1,0,1,0,0,0,0,0,0,0,0,1,1,1,0,1,0,0,0.32,0.23,,
2018,fort bragg unified,"Town, remote",0.2869,0.2604,0.3846,0.2632,0.3077,,,,,0.2373,,,0.3519,35.0,25.0,10.0,15.0,20.0,0.0,0.0,0.0,,14.0,,0.0,19.0,122.0,96.0,26.0,57.0,65.0,0.0,0.0,0.0,,59.0,,0.0,54.0,0,0,0,0,0,1,1,1,1,0,1,1,0,0,0,0,0,0,0,0,0,1,0,1,0,0,0,0,0,0,0,0,0,0,1,0,1,0,0,0.4173,0.32,0.23,
2019,fort bragg unified,"Town, remote",0.3571,0.2885,0.6818,0.3443,0.3692,,,,,0.1833,,,0.5088,45.0,30.0,15.0,21.0,24.0,0.0,0.0,0.0,,11.0,,0.0,29.0,126.0,104.0,22.0,61.0,65.0,0.0,0.0,0.0,,60.0,,0.0,57.0,0,0,0,0,0,1,1,1,1,0,1,1,0,0,0,0,0,0,0,0,0,1,0,1,0,0,0,0,0,0,0,0,0,0,1,0,1,0,0,0.2869,0.4173,0.32,0.23
2015,fort sage unified,"Rural, remote",0.27,,,,,,,,,,,,,3.0,0.0,0.0,0.0,0.0,0.0,,0.0,,,,,0.0,12.0,8.0,4.0,6.0,6.0,1.0,,1.0,,,,,10.0,0,1,1,1,1,1,1,1,1,1,1,1,1,0,0,0,0,0,0,1,0,1,1,1,1,0,0,0,0,0,0,0,1,0,1,1,1,1,0,,,,
2016,fort sage unified,"Rural, remote",0.19,0.25,,0.2,,,,,,,,,0.23,3.0,3.0,0.0,2.0,0.0,,,0.0,,0.0,,0.0,3.0,18.0,13.0,5.0,11.0,7.0,,,1.0,,3.0,,1.0,13.0,0,0,1,0,1,1,1,1,1,1,1,1,0,0,0,0,0,0,1,1,0,1,0,1,0,0,0,0,0,0,0,1,1,0,1,0,1,0,0,0.27,,,
2017,fort sage unified,"Rural, remote",0.2857,,,,,,,,,,,,0.2727,4.0,0.0,0.0,0.0,0.0,,,,,0.0,,,3.0,14.0,0.0,0.0,0.0,0.0,,,,,0.0,,,11.0,0,1,1,1,1,1,1,1,1,1,1,1,0,0,0,0,0,0,1,1,1,1,0,1,1,0,0,0,0,0,0,1,1,1,1,0,1,1,0,0.19,0.27,,
2018,fort sage unified,"Rural, remote",0.3182,0.0833,,0.3571,,,,,,,,,0.4375,7.0,1.0,0.0,5.0,0.0,0.0,,,,0.0,,0.0,7.0,22.0,12.0,0.0,14.0,0.0,0.0,,,,0.0,,0.0,16.0,0,0,1,0,1,1,1,1,1,1,1,1,0,0,0,0,0,0,0,1,1,1,0,1,0,0,0,0,0,0,0,0,1,1,1,0,1,0,0,0.2857,0.19,0.27,
2019,fort sage unified,"Rural, remote",0.2727,,,,,,,,,,,,,3.0,0.0,0.0,0.0,0.0,,,,,0.0,,0.0,0.0,11.0,7.0,4.0,5.0,6.0,,,,,0.0,,0.0,9.0,0,1,1,1,1,1,1,1,1,1,1,1,1,0,0,0,0,0,1,1,1,1,0,1,0,0,0,0,0,0,0,1,1,1,1,0,1,0,0,0.3182,0.2857,0.19,0.27
2015,fortuna elementary,"Town, remote",0.23,0.21,0.29,0.23,0.22,,,,,0.13,,,0.31,28.0,20.0,9.0,17.0,11.0,0.0,0.0,,,6.0,,0.0,19.0,123.0,92.0,31.0,74.0,49.0,5.0,2.0,,,47.0,,8.0,61.0,0,0,0,0,0,1,1,1,1,0,1,1,0,0,0,0,0,0,0,0,1,1,0,1,0,0,0,0,0,0,0,0,0,1,1,0,1,0,0,,,,
2016,fortuna elementary,"Town, remote",0.19,0.14,0.33,0.16,0.22,,,,,0.11,,0.08,0.27,28.0,13.0,13.0,11.0,15.0,0.0,0.0,0.0,,6.0,,1.0,17.0,137.0,96.0,41.0,69.0,68.0,3.0,1.0,3.0,,53.0,,12.0,64.0,0,0,0,0,0,1,1,1,1,0,1,0,0,0,0,0,0,0,0,0,0,1,0,1,0,0,0,0,0,0,0,0,0,0,1,0,1,0,0,0.23,,,
2017,fortuna elementary,"Town, remote",0.3295,0.2676,0.5882,0.4324,0.2549,,,,,0.2195,,,0.4,29.0,19.0,10.0,16.0,13.0,,,0.0,,9.0,,0.0,16.0,88.0,71.0,17.0,37.0,51.0,,,0.0,,41.0,,0.0,40.0,0,0,0,0,0,1,1,1,1,0,1,1,0,0,0,0,0,0,1,1,0,1,0,1,0,0,0,0,0,0,0,1,1,0,1,0,1,0,0,0.19,0.23,,
2018,fortuna elementary,"Town, remote",0.2,0.181,0.28,0.2361,0.1552,,,,,0.127,,,0.2778,26.0,19.0,7.0,17.0,9.0,0.0,0.0,,0.0,8.0,,0.0,15.0,130.0,105.0,25.0,72.0,58.0,0.0,0.0,,0.0,63.0,,0.0,54.0,0,0,0,0,0,1,1,1,1,0,1,1,0,0,0,0,0,0,0,0,1,0,0,1,0,0,0,0,0,0,0,0,0,1,0,0,1,0,0,0.3295,0.19,0.23,
2019,fortuna elementary,"Town, remote",0.3879,0.3023,0.6333,0.4138,0.3621,,,,,0.25,,0.3846,0.4746,45.0,26.0,19.0,24.0,21.0,0.0,,,,10.0,,5.0,28.0,116.0,86.0,30.0,58.0,58.0,4.0,,,,40.0,,13.0,59.0,0,0,0,0,0,1,1,1,1,0,1,0,0,0,0,0,0,0,0,1,1,1,0,1,0,0,0,0,0,0,0,0,1,1,1,0,1,0,0,0.2,0.3295,0.19,0.23
2015,fountain valley elementary,"City, small",0.63,0.5,0.68,0.62,0.63,,0.76,,0.85,0.37,,0.68,0.63,431.0,100.0,329.0,211.0,219.0,0.0,183.0,0.0,11.0,44.0,0.0,25.0,161.0,683.0,199.0,484.0,340.0,343.0,1.0,241.0,10.0,13.0,118.0,1.0,38.0,255.0,0,0,0,0,0,1,0,1,0,0,1,0,0,0,0,0,0,0,0,0,0,0,0,0,0,0,0,0,0,0,0,0,0,0,0,0,0,0,0,,,,
2016,fountain valley elementary,"City, small",0.77,0.56,0.83,0.73,0.8,,0.86,,0.82,0.65,,0.67,0.76,470.0,76.0,396.0,227.0,247.0,0.0,198.0,0.0,9.0,72.0,0.0,16.0,174.0,619.0,137.0,482.0,311.0,308.0,2.0,230.0,8.0,11.0,110.0,3.0,24.0,229.0,0,0,0,0,0,1,0,1,0,0,1,0,0,0,0,0,0,0,0,0,0,0,0,0,0,0,0,0,0,0,0,0,0,0,0,0,0,0,0,0.63,,,
2017,fountain valley elementary,"City, small",0.7556,0.6093,0.7981,0.7304,0.7784,,0.8612,,,0.5794,,0.8333,0.7368,507.0,92.0,415.0,233.0,274.0,,180.0,0.0,0.0,62.0,0.0,40.0,210.0,671.0,151.0,520.0,319.0,352.0,,209.0,0.0,0.0,107.0,0.0,48.0,285.0,0,0,0,0,0,1,0,1,1,0,1,0,0,0,0,0,0,0,1,0,0,0,0,0,0,0,0,0,0,0,0,1,0,0,0,0,0,0,0,0.77,0.63,,
2018,fountain valley elementary,"City, small",0.8066,0.7697,0.8194,0.8171,0.7966,,0.8973,,,0.6992,,0.7632,0.7676,559.0,137.0,422.0,277.0,282.0,0.0,236.0,0.0,0.0,86.0,0.0,29.0,185.0,693.0,178.0,515.0,339.0,354.0,0.0,263.0,0.0,0.0,123.0,0.0,38.0,241.0,0,0,0,0,0,1,0,1,1,0,1,0,0,0,0,0,0,0,0,0,0,0,0,0,0,0,0,0,0,0,0,0,0,0,0,0,0,0,0,0.7556,0.77,0.63,
2019,fountain valley elementary,"City, small",0.762,0.6627,0.7978,0.7452,0.7788,,0.85,,,0.6529,,0.7059,0.75,477.0,110.0,367.0,234.0,243.0,0.0,204.0,0.0,0.0,79.0,0.0,24.0,153.0,626.0,166.0,460.0,314.0,312.0,0.0,240.0,4.0,9.0,121.0,5.0,34.0,204.0,0,0,0,0,0,1,0,1,1,0,1,0,0,0,0,0,0,0,0,0,0,0,0,0,0,0,0,0,0,0,0,0,0,0,0,0,0,0,0,0.8066,0.7556,0.77,0.63
2015,fowler unified,"Town, fringe",0.34,0.26,0.58,0.31,0.38,,0.65,,,0.28,,,0.57,65.0,35.0,30.0,30.0,36.0,,11.0,0.0,,43.0,0.0,0.0,12.0,193.0,141.0,52.0,97.0,96.0,,17.0,1.0,,152.0,1.0,1.0,21.0,0,0,0,0,0,1,0,1,1,0,1,1,0,0,0,0,0,0,1,0,0,1,0,0,0,0,0,0,0,0,0,1,0,0,1,0,0,0,0,,,,
2016,fowler unified,"Town, fringe",0.24,0.2,0.38,0.21,0.27,,0.52,,,0.18,,,0.37,44.0,27.0,15.0,16.0,27.0,,12.0,,,24.0,,0.0,7.0,177.0,138.0,39.0,77.0,100.0,,23.0,,,134.0,,1.0,19.0,0,0,0,0,0,1,0,1,1,0,1,1,0,0,0,0,0,0,1,0,1,1,0,1,0,0,0,0,0,0,0,1,0,1,1,0,1,0,0,0.34,,,
2017,fowler unified,"Town, fringe",0.4159,0.3481,0.6071,0.4486,0.3832,,0.5926,,,0.3476,,,0.75,89.0,55.0,34.0,48.0,41.0,,16.0,0.0,,57.0,,0.0,15.0,214.0,158.0,56.0,107.0,107.0,,27.0,0.0,,164.0,,0.0,20.0,0,0,0,0,0,1,0,1,1,0,1,1,0,0,0,0,0,0,1,0,0,1,0,1,0,0,0,0,0,0,0,1,0,0,1,0,1,0,0,0.24,0.34,,
2018,fowler unified,"Town, fringe",0.3141,0.3101,0.3333,0.3168,0.3111,,0.6154,,,0.2716,,,0.6154,60.0,49.0,11.0,32.0,28.0,,8.0,0.0,,44.0,,,8.0,191.0,158.0,33.0,101.0,90.0,,13.0,0.0,,162.0,,,13.0,0,0,0,0,0,1,0,1,1,0,1,1,0,0,0,0,0,0,1,0,0,1,0,1,1,0,0,0,0,0,0,1,0,0,1,0,1,1,0,0.4159,0.24,0.34,
2019,fowler unified,"Town, fringe",0.456,0.4306,0.5526,0.4227,0.4941,,0.5,,,0.4315,,,0.5556,83.0,62.0,21.0,41.0,42.0,0.0,8.0,0.0,,63.0,,,10.0,182.0,144.0,38.0,97.0,85.0,0.0,16.0,0.0,,146.0,,,18.0,0,0,0,0,0,1,0,1,1,0,1,1,0,0,0,0,0,0,0,0,0,1,0,1,1,0,0,0,0,0,0,0,0,0,1,0,1,1,0,0.3141,0.4159,0.24,0.34
2015,franklin elementary,"Rural, fringe",0.71,0.55,0.74,0.62,0.76,,,,,,,,0.74,41.0,6.0,35.0,13.0,28.0,,0.0,0.0,,0.0,,0.0,29.0,58.0,11.0,47.0,21.0,37.0,,2.0,1.0,,10.0,,6.0,39.0,0,0,0,0,0,1,1,1,1,1,1,1,0,0,0,0,0,0,1,0,0,1,0,1,0,0,0,0,0,0,0,1,0,0,1,0,1,0,0,,,,
2016,franklin elementary,"Rural, fringe",0.66,0.44,0.78,0.62,0.69,,,,,0.6,,,0.69,33.0,8.0,25.0,13.0,20.0,,0.0,,,9.0,,0.0,18.0,50.0,18.0,32.0,21.0,29.0,,2.0,,,15.0,,7.0,26.0,0,0,0,0,0,1,1,1,1,0,1,1,0,0,0,0,0,0,1,0,1,1,0,1,0,0,0,0,0,0,0,1,0,1,1,0,1,0,0,0.71,,,
2017,franklin elementary,"Rural, fringe",0.8113,0.7,0.8788,0.7778,0.8462,,,,,,,,0.8125,43.0,14.0,29.0,21.0,22.0,0.0,0.0,,,0.0,,0.0,26.0,53.0,20.0,33.0,27.0,26.0,0.0,0.0,,,0.0,,0.0,32.0,0,0,0,0,0,1,1,1,1,1,1,1,0,0,0,0,0,0,0,0,1,1,0,1,0,0,0,0,0,0,0,0,0,1,1,0,1,0,0,0.66,0.71,,
2018,franklin elementary,"Rural, fringe",0.7593,,0.8163,0.6316,0.8286,,,,,0.75,,,0.7778,41.0,0.0,40.0,12.0,29.0,,0.0,,,12.0,,0.0,21.0,54.0,0.0,49.0,19.0,35.0,,0.0,,,16.0,,0.0,27.0,0,1,0,0,0,1,1,1,1,0,1,1,0,0,0,0,0,0,1,0,1,1,0,1,0,0,0,0,0,0,0,1,0,1,1,0,1,0,0,0.8113,0.66,0.71,
2019,franklin elementary,"Rural, fringe",0.8077,0.65,0.9063,0.8636,0.7667,,,,,,,,0.8276,42.0,13.0,29.0,19.0,23.0,0.0,0.0,,,0.0,,0.0,24.0,52.0,20.0,32.0,22.0,30.0,0.0,8.0,,,8.0,,4.0,29.0,0,0,0,0,0,1,1,1,1,1,1,1,0,0,0,0,0,0,0,0,1,1,0,1,0,0,0,0,0,0,0,0,0,1,1,0,1,0,0,0.7593,0.8113,0.66,0.71
2015,fremont unified,"Suburb, large",0.73,0.39,0.82,0.72,0.74,,0.88,0.38,0.61,0.4,0.44,0.62,0.61,2021.0,220.0,1778.0,950.0,1045.0,0.0,1428.0,22.0,87.0,170.0,7.0,63.0,211.0,2731.0,563.0,2168.0,1319.0,1412.0,10.0,1623.0,58.0,144.0,424.0,16.0,101.0,353.0,0,0,0,0,0,1,0,0,0,0,0,0,0,0,0,0,0,0,0,0,0,0,0,0,0,0,0,0,0,0,0,0,0,0,0,0,0,0,0,,,,
2016,fremont unified,"Suburb, large",0.74,0.43,0.83,0.74,0.75,,0.88,0.33,0.62,0.4,0.31,0.69,0.61,2013.0,258.0,1770.0,1022.0,1004.0,0.0,1522.0,16.0,88.0,166.0,4.0,62.0,163.0,2720.0,587.0,2133.0,1381.0,1339.0,4.0,1729.0,49.0,142.0,425.0,14.0,90.0,267.0,0,0,0,0,0,1,0,0,0,0,0,0,0,0,0,0,0,0,0,0,0,0,0,0,0,0,0,0,0,0,0,0,0,0,0,0,0,0,0,0.73,,,
2017,fremont unified,"Suburb, large",0.7273,0.3515,0.8202,0.7203,0.7336,,0.8782,0.3333,0.6532,0.3525,0.1818,0.7156,0.5356,1955.0,187.0,1766.0,923.0,1032.0,0.0,1474.0,14.0,81.0,159.0,2.0,78.0,143.0,2688.0,534.0,2154.0,1282.0,1406.0,0.0,1678.0,42.0,124.0,452.0,11.0,109.0,267.0,0,0,0,0,0,1,0,0,0,0,0,0,0,0,0,0,0,0,0,0,0,0,0,0,0,0,0,0,0,0,0,0,0,0,0,0,0,0,0,0.74,0.73,,
2018,fremont unified,"Suburb, large",0.7474,0.4149,0.8391,0.7498,0.7451,,0.8889,0.2931,0.6778,0.3807,0.2667,0.66,0.5952,1994.0,239.0,1753.0,956.0,1037.0,0.0,1531.0,17.0,61.0,158.0,4.0,66.0,150.0,2667.0,577.0,2090.0,1276.0,1391.0,0.0,1722.0,58.0,90.0,415.0,15.0,100.0,252.0,0,0,0,0,0,1,0,0,0,0,0,0,0,0,0,0,0,0,0,0,0,0,0,0,0,0,0,0,0,0,0,0,0,0,0,0,0,0,0,0.7273,0.74,0.73,
2019,fremont unified,"Suburb, large",0.7861,0.4163,0.8617,0.7835,0.7885,,0.8974,0.4545,0.7475,0.422,0.4211,0.8,0.6327,2103.0,189.0,1914.0,1007.0,1096.0,0.0,1593.0,15.0,74.0,157.0,8.0,92.0,155.0,2675.0,454.0,2221.0,1285.0,1390.0,5.0,1775.0,33.0,99.0,372.0,19.0,115.0,245.0,0,0,0,0,0,1,0,0,0,0,0,0,0,0,0,0,0,0,0,0,0,0,0,0,0,0,0,0,0,0,0,0,0,0,0,0,0,0,0,0.7474,0.7273,0.74,0.73
2015,freshwater elementary,"Rural, fringe",0.67,,0.68,0.69,0.65,,,,,,,,0.73,24.0,0.0,19.0,11.0,13.0,0.0,0.0,,,0.0,,0.0,19.0,36.0,8.0,28.0,16.0,20.0,1.0,1.0,,,3.0,,5.0,26.0,0,1,0,0,0,1,1,1,1,1,1,1,0,0,0,0,0,0,0,0,1,1,0,1,0,0,0,0,0,0,0,0,0,1,1,0,1,0,0,,,,
2016,freshwater elementary,"Rural, fringe",0.59,0.46,0.65,0.57,0.63,,,,,,,,0.61,23.0,6.0,17.0,13.0,10.0,0.0,,,,0.0,,0.0,17.0,39.0,13.0,26.0,23.0,16.0,2.0,,,,7.0,,1.0,28.0,0,0,0,0,0,1,1,1,1,1,1,1,0,0,0,0,0,0,0,1,1,1,0,1,0,0,0,0,0,0,0,0,1,1,1,0,1,0,0,0.67,,,
2017,freshwater elementary,"Rural, fringe",0.5,0.2667,0.6296,0.5,0.5,,,,,,,,0.5862,21.0,4.0,17.0,8.0,13.0,0.0,,,,0.0,,0.0,17.0,42.0,15.0,27.0,16.0,26.0,0.0,,,,0.0,,0.0,29.0,0,0,0,0,0,1,1,1,1,1,1,1,0,0,0,0,0,0,0,1,1,1,0,1,0,0,0,0,0,0,0,0,1,1,1,0,1,0,0,0.59,0.67,,
2018,freshwater elementary,"Rural, fringe",0.5745,0.4706,0.6333,0.6087,0.5417,,,,,,,,0.6571,27.0,8.0,19.0,14.0,13.0,0.0,0.0,,,0.0,,0.0,23.0,47.0,17.0,30.0,23.0,24.0,0.0,0.0,,,0.0,,0.0,35.0,0,0,0,0,0,1,1,1,1,1,1,1,0,0,0,0,0,0,0,0,1,1,0,1,0,0,0,0,0,0,0,0,0,1,1,0,1,0,0,0.5,0.59,0.67,
2019,freshwater elementary,"Rural, fringe",0.4286,0.4211,0.4348,0.2222,0.5833,,,,,,,,0.4483,18.0,8.0,10.0,4.0,14.0,,,,,0.0,,0.0,13.0,42.0,19.0,23.0,18.0,24.0,,,,,8.0,,5.0,29.0,0,0,0,0,0,1,1,1,1,1,1,1,0,0,0,0,0,0,1,1,1,1,0,1,0,0,0,0,0,0,0,1,1,1,1,0,1,0,0,0.5745,0.5,0.59,0.67
2015,fresno unified,"City, large",0.18,0.15,0.36,0.17,0.19,0.19,0.18,0.08,0.3,0.16,0.26,0.42,0.37,1008.0,714.0,301.0,462.0,548.0,4.0,114.0,43.0,6.0,603.0,5.0,36.0,229.0,5602.0,4764.0,838.0,2715.0,2887.0,22.0,599.0,469.0,20.0,3771.0,19.0,84.0,617.0,0,0,0,0,0,0,0,0,0,0,0,0,0,0,0,0,0,0,0,0,0,0,0,0,0,0,0,0,0,0,0,0,0,0,0,0,0,0,0,,,,
2016,fresno unified,"City, large",0.24,0.21,0.49,0.25,0.24,0.1,0.27,0.14,0.5,0.22,0.33,0.3,0.43,1403.0,1080.0,345.0,669.0,734.0,4.0,173.0,66.0,6.0,891.0,5.0,32.0,234.0,5846.0,5143.0,703.0,2788.0,3058.0,39.0,619.0,470.0,12.0,4053.0,15.0,106.0,532.0,0,0,0,0,0,0,0,0,0,0,0,0,0,0,0,0,0,0,0,0,0,0,0,0,0,0,0,0,0,0,0,0,0,0,0,0,0,0,0,0.18,,,
2017,fresno unified,"City, large",0.2759,0.252,0.5307,0.2528,0.2975,0.1333,0.3702,0.1696,0.5625,0.2466,0.3889,0.3214,0.4802,1528.0,1277.0,251.0,675.0,853.0,4.0,215.0,76.0,9.0,950.0,7.0,36.0,230.0,5540.0,5066.0,474.0,2672.0,2868.0,30.0,581.0,449.0,16.0,3853.0,18.0,113.0,480.0,0,0,0,0,0,0,0,0,0,0,0,0,0,0,0,0,0,0,0,0,0,0,0,0,0,0,0,0,0,0,0,0,0,0,0,0,0,0,0,0.24,0.18,,
2018,fresno unified,"City, large",0.3284,0.3024,0.6112,0.3169,0.3392,0.2105,0.3929,0.222,0.5,0.3069,0.3,0.4643,0.4979,1876.0,1582.0,294.0,876.0,1000.0,8.0,221.0,98.0,9.0,1234.0,6.0,65.0,235.0,5711.0,5230.0,481.0,2764.0,2947.0,38.0,562.0,440.0,18.0,4021.0,20.0,140.0,472.0,0,0,0,0,0,0,0,0,0,0,0,0,0,0,0,0,0,0,0,0,0,0,0,0,0,0,0,0,0,0,0,0,0,0,0,0,0,0,0,0.2759,0.24,0.18,
2019,fresno unified,"City, large",0.3855,0.3581,0.6357,0.3675,0.4029,0.5,0.4689,0.2198,,0.3683,0.375,0.4436,0.5491,2063.0,1728.0,335.0,969.0,1094.0,13.0,264.0,91.0,0.0,1378.0,6.0,59.0,246.0,5353.0,4826.0,527.0,2637.0,2716.0,26.0,563.0,414.0,11.0,3742.0,16.0,133.0,448.0,0,0,0,0,0,0,0,0,1,0,0,0,0,0,0,0,0,0,0,0,0,0,0,0,0,0,0,0,0,0,0,0,0,0,0,0,0,0,0,0.3284,0.2759,0.24,0.18
2015,fruitvale elementary,"City, large",0.41,0.3,0.5,0.4,0.43,,,,0.73,0.3,,0.47,0.47,139.0,42.0,97.0,61.0,80.0,,0.0,0.0,8.0,36.0,0.0,7.0,80.0,338.0,145.0,193.0,153.0,185.0,,9.0,7.0,11.0,124.0,1.0,15.0,170.0,0,0,0,0,0,1,1,1,0,0,1,0,0,0,0,0,0,0,1,0,0,0,0,0,0,0,0,0,0,0,0,1,0,0,0,0,0,0,0,,,,
2016,fruitvale elementary,"City, large",0.48,0.4,0.57,0.47,0.49,,0.82,,,0.39,,0.69,0.51,170.0,72.0,100.0,81.0,91.0,0.0,9.0,0.0,0.0,56.0,,9.0,86.0,354.0,179.0,175.0,172.0,182.0,2.0,11.0,5.0,7.0,144.0,,13.0,172.0,0,0,0,0,0,1,0,1,1,0,1,0,0,0,0,0,0,0,0,0,0,0,0,1,0,0,0,0,0,0,0,0,0,0,0,0,1,0,0,0.41,,,
2017,fruitvale elementary,"City, large",0.4626,0.3631,0.5492,0.3708,0.5519,,0.8182,,,0.3233,,0.6667,0.5193,167.0,61.0,106.0,66.0,101.0,0.0,9.0,0.0,0.0,43.0,,8.0,94.0,361.0,168.0,193.0,178.0,183.0,0.0,11.0,0.0,0.0,133.0,,12.0,181.0,0,0,0,0,0,1,0,1,1,0,1,0,0,0,0,0,0,0,0,0,0,0,0,1,0,0,0,0,0,0,0,0,0,0,0,0,1,0,0,0.48,0.41,,
2018,fruitvale elementary,"City, large",0.4393,0.3209,0.55,0.3846,0.4948,,,0.65,0.5833,0.3563,,,0.4885,170.0,60.0,110.0,75.0,95.0,0.0,0.0,13.0,7.0,57.0,0.0,0.0,85.0,387.0,187.0,200.0,195.0,192.0,0.0,0.0,20.0,12.0,160.0,0.0,0.0,174.0,0,0,0,0,0,1,1,0,0,0,1,1,0,0,0,0,0,0,0,0,0,0,0,0,0,0,0,0,0,0,0,0,0,0,0,0,0,0,0,0.4626,0.48,0.41,
2019,fruitvale elementary,"City, large",0.5539,0.4551,0.6527,0.5223,0.5819,,,0.4,0.6923,0.4815,,,0.6276,185.0,76.0,109.0,82.0,103.0,0.0,0.0,8.0,9.0,65.0,0.0,0.0,91.0,334.0,167.0,167.0,157.0,177.0,6.0,9.0,20.0,13.0,135.0,0.0,4.0,145.0,0,0,0,0,0,1,1,0,0,0,1,1,0,0,0,0,0,0,0,0,0,0,0,0,0,0,0,0,0,0,0,0,0,0,0,0,0,0,0,0.4393,0.4626,0.48,0.41
2015,fullerton elementary,"Suburb, large",0.47,0.28,0.62,0.42,0.5,,0.8,0.47,0.61,0.29,,0.63,0.54,697.0,196.0,506.0,296.0,405.0,0.0,238.0,8.0,20.0,227.0,0.0,35.0,172.0,1515.0,699.0,816.0,705.0,810.0,5.0,298.0,17.0,33.0,780.0,2.0,56.0,324.0,0,0,0,0,0,1,0,0,0,0,1,0,0,0,0,0,0,0,0,0,0,0,0,0,0,0,0,0,0,0,0,0,0,0,0,0,0,0,0,,,,
2016,fullerton elementary,"Suburb, large",0.53,0.31,0.74,0.53,0.53,,0.85,0.38,0.75,0.33,,0.71,0.66,798.0,233.0,573.0,400.0,414.0,0.0,285.0,6.0,30.0,267.0,0.0,53.0,166.0,1535.0,751.0,784.0,770.0,765.0,7.0,335.0,16.0,40.0,808.0,2.0,75.0,252.0,0,0,0,0,0,1,0,0,0,0,1,0,0,0,0,0,0,0,0,0,0,0,0,0,0,0,0,0,0,0,0,0,0,0,0,0,0,0,0,0.47,,,
2017,fullerton elementary,"Suburb, large",0.5111,0.3235,0.6692,0.496,0.5266,,0.8353,0.3158,0.75,0.3195,,0.5797,0.6123,757.0,219.0,538.0,371.0,386.0,0.0,289.0,6.0,12.0,238.0,,40.0,169.0,1481.0,677.0,804.0,748.0,733.0,0.0,346.0,19.0,16.0,745.0,,69.0,276.0,0,0,0,0,0,1,0,0,0,0,1,0,0,0,0,0,0,0,0,0,0,0,0,1,0,0,0,0,0,0,0,0,0,0,0,0,1,0,0,0.53,0.47,,
2018,fullerton elementary,"Suburb, large",0.5502,0.3806,0.6896,0.5471,0.5531,,0.8951,0.4118,0.8148,0.3589,,0.6667,0.6818,817.0,255.0,562.0,395.0,422.0,0.0,273.0,7.0,22.0,285.0,0.0,64.0,165.0,1485.0,670.0,815.0,722.0,763.0,0.0,305.0,17.0,27.0,794.0,0.0,96.0,242.0,0,0,0,0,0,1,0,0,0,0,1,0,0,0,0,0,0,0,0,0,0,0,0,0,0,0,0,0,0,0,0,0,0,0,0,0,0,0,0,0.5111,0.53,0.47,
2019,fullerton elementary,"Suburb, large",0.5806,0.3854,0.7951,0.5663,0.5941,,0.901,0.5,0.7727,0.3896,,0.7677,0.7158,803.0,279.0,524.0,380.0,423.0,,273.0,10.0,17.0,291.0,0.0,76.0,136.0,1383.0,724.0,659.0,671.0,712.0,,303.0,20.0,22.0,747.0,0.0,99.0,190.0,0,0,0,0,0,1,0,0,0,0,1,0,0,0,0,0,0,0,1,0,0,0,0,0,0,0,0,0,0,0,0,1,0,0,0,0,0,0,0,0.5502,0.5111,0.53,0.47
2015,garden grove unified,"Suburb, large",0.36,0.28,0.61,0.34,0.37,,0.64,0.3,0.58,0.18,0.25,0.53,0.41,1262.0,788.0,481.0,578.0,668.0,0.0,740.0,6.0,18.0,350.0,8.0,8.0,120.0,3506.0,2717.0,789.0,1701.0,1805.0,3.0,1156.0,20.0,31.0,1946.0,32.0,15.0,293.0,0,0,0,0,0,1,0,0,0,0,0,0,0,0,0,0,0,0,0,0,0,0,0,0,0,0,0,0,0,0,0,0,0,0,0,0,0,0,0,,,,
2016,garden grove unified,"Suburb, large",0.46,0.39,0.65,0.47,0.45,,0.76,,0.78,0.28,0.15,0.61,0.55,1591.0,961.0,648.0,794.0,814.0,0.0,850.0,0.0,31.0,545.0,3.0,14.0,147.0,3458.0,2462.0,996.0,1688.0,1770.0,3.0,1133.0,10.0,40.0,1947.0,20.0,23.0,267.0,0,0,0,0,0,1,0,1,0,0,0,0,0,0,0,0,0,0,0,0,0,0,0,0,0,0,0,0,0,0,0,0,0,0,0,0,0,0,0,0.36,,,
2017,garden grove unified,"Suburb, large",0.4933,0.4156,0.6663,0.4854,0.5003,,0.7754,0.3333,0.5313,0.2956,0.2778,0.8372,0.5394,1608.0,935.0,673.0,748.0,860.0,,884.0,5.0,17.0,517.0,5.0,36.0,130.0,3260.0,2250.0,1010.0,1541.0,1719.0,,1140.0,15.0,32.0,1749.0,18.0,43.0,241.0,0,0,0,0,0,1,0,0,0,0,0,0,0,0,0,0,0,0,1,0,0,0,0,0,0,0,0,0,0,0,0,1,0,0,0,0,0,0,0,0.46,0.36,,
2018,garden grove unified,"Suburb, large",0.5562,0.4954,0.7194,0.5471,0.5646,,0.8038,0.3478,0.7586,0.3925,0.4,0.6222,0.5894,1761.0,1143.0,618.0,830.0,931.0,,881.0,8.0,22.0,670.0,8.0,28.0,122.0,3166.0,2307.0,859.0,1517.0,1649.0,,1096.0,23.0,29.0,1707.0,20.0,45.0,207.0,0,0,0,0,0,1,0,0,0,0,0,0,0,0,0,0,0,0,1,0,0,0,0,0,0,0,0,0,0,0,0,1,0,0,0,0,0,0,0,0.4933,0.46,0.36,
2019,garden grove unified,"Suburb, large",0.5766,0.5219,0.7036,0.5693,0.5836,,0.8216,0.2941,0.7391,0.41,0.6,0.7083,0.6498,1712.0,1083.0,629.0,822.0,890.0,,820.0,5.0,17.0,661.0,9.0,34.0,141.0,2970.0,2076.0,894.0,1445.0,1525.0,,998.0,17.0,23.0,1613.0,15.0,48.0,217.0,0,0,0,0,0,1,0,0,0,0,0,0,0,0,0,0,0,0,1,0,0,0,0,0,0,0,0,0,0,0,0,1,0,0,0,0,0,0,0,0.5562,0.4933,0.46,0.36
2015,garvey elementary,"Suburb, large",0.42,0.4,0.5,0.41,0.42,,0.61,,,0.18,,,,223.0,183.0,43.0,107.0,116.0,,177.0,0.0,0.0,42.0,,0.0,0.0,544.0,457.0,87.0,269.0,275.0,,289.0,4.0,6.0,233.0,,2.0,9.0,0,0,0,0,0,1,0,1,1,0,1,1,1,0,0,0,0,0,1,0,0,0,0,1,0,0,0,0,0,0,0,1,0,0,0,0,1,0,0,,,,
2016,garvey elementary,"Suburb, large",0.47,0.44,0.69,0.48,0.46,,0.65,,,0.23,,,0.17,231.0,188.0,43.0,106.0,123.0,0.0,174.0,0.0,0.0,44.0,,0.0,2.0,490.0,428.0,62.0,221.0,269.0,2.0,272.0,2.0,6.0,193.0,,1.0,12.0,0,0,0,0,0,1,0,1,1,0,1,1,0,0,0,0,0,0,0,0,0,0,0,1,0,0,0,0,0,0,0,0,0,0,0,0,1,0,0,0.42,,,
2017,garvey elementary,"Suburb, large",0.5429,0.5211,0.6825,0.4758,0.6067,,0.7,,,0.3369,,,,253.0,210.0,43.0,108.0,145.0,,182.0,0.0,0.0,63.0,,0.0,0.0,466.0,403.0,63.0,227.0,239.0,,260.0,0.0,0.0,187.0,,0.0,0.0,0,0,0,0,0,1,0,1,1,0,1,1,1,0,0,0,0,0,1,0,0,0,0,1,0,0,0,0,0,0,0,1,0,0,0,0,1,0,0,0.47,0.42,,
2018,garvey elementary,"Suburb, large",0.5832,0.5671,0.6709,0.5647,0.6016,,0.7592,,,0.3228,,,0.4167,298.0,245.0,53.0,144.0,154.0,0.0,227.0,0.0,0.0,61.0,,0.0,5.0,511.0,432.0,79.0,255.0,256.0,0.0,299.0,0.0,0.0,189.0,,0.0,12.0,0,0,0,0,0,1,0,1,1,0,1,1,0,0,0,0,0,0,0,0,0,0,0,1,0,0,0,0,0,0,0,0,0,0,0,0,1,0,0,0.5429,0.47,0.42,
2019,garvey elementary,"Suburb, large",0.623,0.5918,0.75,0.6398,0.6071,,0.8014,,,0.3059,,,,304.0,232.0,72.0,151.0,153.0,0.0,234.0,0.0,0.0,52.0,,0.0,0.0,488.0,392.0,96.0,236.0,252.0,0.0,292.0,0.0,7.0,170.0,,9.0,0.0,0,0,0,0,0,1,0,1,1,0,1,1,1,0,0,0,0,0,0,0,0,0,0,1,0,0,0,0,0,0,0,0,0,0,0,0,1,0,0,0.5832,0.5429,0.47,0.42
2015,gateway unified,"Suburb, midsize",0.27,0.22,0.55,0.3,0.23,0.18,,,,0.26,,,0.29,53.0,35.0,18.0,32.0,21.0,3.0,0.0,0.0,,7.0,0.0,0.0,37.0,195.0,162.0,33.0,105.0,90.0,17.0,7.0,6.0,,27.0,1.0,9.0,128.0,0,0,0,0,0,0,1,1,1,0,1,1,0,0,0,0,0,0,0,0,0,1,0,0,0,0,0,0,0,0,0,0,0,0,1,0,0,0,0,,,,
2016,gateway unified,"Suburb, midsize",0.29,0.22,0.51,0.15,0.4,0.27,,,,0.35,,,0.27,47.0,27.0,21.0,11.0,36.0,3.0,0.0,0.0,0.0,12.0,,0.0,28.0,160.0,119.0,41.0,71.0,89.0,11.0,3.0,4.0,1.0,34.0,,5.0,102.0,0,0,0,0,0,0,1,1,1,0,1,1,0,0,0,0,0,0,0,0,0,0,0,1,0,0,0,0,0,0,0,0,0,0,0,0,1,0,0,0.27,,,
2017,gateway unified,"Suburb, midsize",0.323,0.2698,0.5143,0.3099,0.3333,0.2143,,,,0.3333,,,0.3019,52.0,34.0,18.0,22.0,30.0,3.0,0.0,0.0,,9.0,,0.0,32.0,161.0,126.0,35.0,71.0,90.0,14.0,0.0,0.0,,27.0,,0.0,106.0,0,0,0,0,0,0,1,1,1,0,1,1,0,0,0,0,0,0,0,0,0,1,0,1,0,0,0,0,0,0,0,0,0,0,1,0,1,0,0,0.29,0.27,,
2018,gateway unified,"Suburb, midsize",0.4044,0.3709,0.5625,0.4699,0.35,0.1667,,,,0.3125,,0.5385,0.4359,74.0,56.0,18.0,39.0,35.0,2.0,0.0,0.0,,10.0,,7.0,51.0,183.0,151.0,32.0,83.0,100.0,12.0,0.0,0.0,,32.0,,13.0,117.0,0,0,0,0,0,0,1,1,1,0,1,0,0,0,0,0,0,0,0,0,0,1,0,1,0,0,0,0,0,0,0,0,0,0,1,0,1,0,0,0.323,0.29,0.27,
2019,gateway unified,"Suburb, midsize",0.4468,0.4545,0.4194,0.3788,0.5067,,,,,0.3684,,,0.466,63.0,50.0,13.0,25.0,38.0,0.0,0.0,0.0,,7.0,0.0,0.0,48.0,141.0,110.0,31.0,66.0,75.0,7.0,0.0,0.0,,19.0,0.0,4.0,103.0,0,0,0,0,0,1,1,1,1,0,1,1,0,0,0,0,0,0,0,0,0,1,0,0,0,0,0,0,0,0,0,0,0,0,1,0,0,0,0,0.4044,0.323,0.29,0.27
2015,general shafter elementary,"Rural, fringe",0.5,,,,,,,,,,,,,6.0,0.0,0.0,0.0,0.0,,0.0,,,0.0,,,0.0,12.0,9.0,3.0,4.0,8.0,,1.0,,,9.0,,,2.0,0,1,1,1,1,1,1,1,1,1,1,1,1,0,0,0,0,0,1,0,1,1,0,1,1,0,0,0,0,0,0,1,0,1,1,0,1,1,0,,,,
2016,general shafter elementary,"Rural, fringe",0.56,0.5,,0.5,,,,,,0.53,,,,10.0,7.0,0.0,6.0,0.0,,,,,9.0,,,0.0,18.0,14.0,4.0,12.0,6.0,,,,,17.0,,,1.0,0,0,1,0,1,1,1,1,1,0,1,1,1,0,0,0,0,0,1,1,1,1,0,1,1,0,0,0,0,0,0,1,1,1,1,0,1,1,0,0.5,,,
2017,general shafter elementary,"Rural, fringe",0.5833,,,,,,,,,0.5455,,,,7.0,0.0,0.0,0.0,0.0,,,,,6.0,,,0.0,12.0,0.0,0.0,0.0,0.0,,,,,11.0,,,0.0,0,1,1,1,1,1,1,1,1,0,1,1,1,0,0,0,0,0,1,1,1,1,0,1,1,0,0,0,0,0,0,1,1,1,1,0,1,1,0,0.56,0.5,,
2018,general shafter elementary,"Rural, fringe",0.4706,0.3571,,,,,,,,0.5385,,,,8.0,5.0,0.0,0.0,0.0,,,,,7.0,,,0.0,17.0,14.0,0.0,0.0,0.0,,,,,13.0,,,0.0,0,0,1,1,1,1,1,1,1,0,1,1,1,0,0,0,0,0,1,1,1,1,0,1,1,0,0,0,0,0,0,1,1,1,1,0,1,1,0,0.5833,0.56,0.5,
2019,general shafter elementary,"Rural, fringe",0.5714,0.5385,,,,,,,,0.5385,,,,8.0,7.0,0.0,0.0,0.0,,,,,7.0,,,0.0,14.0,13.0,0.0,4.0,10.0,,,,,13.0,,,0.0,0,0,1,1,1,1,1,1,1,0,1,1,1,0,0,0,0,0,1,1,1,1,0,1,1,0,0,0,0,0,0,1,1,1,1,0,1,1,0,0.4706,0.5833,0.56,0.5
2015,gerber union elementary,"Rural, fringe",0.07,0.03,,0.08,0.05,,,,,0.06,,,,3.0,1.0,0.0,2.0,1.0,,,,,2.0,,,0.0,45.0,39.0,6.0,24.0,21.0,,,,,35.0,,,10.0,0,0,1,0,0,1,1,1,1,0,1,1,1,0,0,0,0,0,1,1,1,1,0,1,1,0,0,0,0,0,0,1,1,1,1,0,1,1,0,,,,
2016,gerber union elementary,"Rural, fringe",0.16,0.11,,0.17,0.14,,,,,0.1,,,0.24,8.0,5.0,0.0,4.0,4.0,0.0,,0.0,,3.0,,0.0,4.0,52.0,46.0,6.0,24.0,28.0,2.0,,1.0,,31.0,,1.0,17.0,0,0,1,0,0,1,1,1,1,0,1,1,0,0,0,0,0,0,0,1,0,1,0,1,0,0,0,0,0,0,0,0,1,0,1,0,1,0,0,0.07,,,
2017,gerber union elementary,"Rural, fringe",0.0714,0.0571,,0.0,0.1071,,,,,0.0667,,,,3.0,2.0,0.0,0.0,3.0,0.0,,,,2.0,,,0.0,42.0,35.0,0.0,14.0,28.0,0.0,,,,30.0,,,0.0,0,0,1,0,0,1,1,1,1,0,1,1,1,0,0,0,0,0,0,1,1,1,0,1,1,0,0,0,0,0,0,0,1,1,1,0,1,1,0,0.16,0.07,,
2018,gerber union elementary,"Rural, fringe",0.119,0.125,,0.2222,0.0417,,,,,0.0938,,,,5.0,4.0,0.0,4.0,1.0,,,,,3.0,,0.0,0.0,42.0,32.0,0.0,18.0,24.0,,,,,32.0,,0.0,0.0,0,0,1,0,0,1,1,1,1,0,1,1,1,0,0,0,0,0,1,1,1,1,0,1,0,0,0,0,0,0,0,1,1,1,1,0,1,0,0,0.0714,0.16,0.07,
2019,gerber union elementary,"Rural, fringe",0.2105,0.1613,,0.2,0.2174,,,,,0.1154,,,,8.0,5.0,0.0,3.0,5.0,0.0,,,,3.0,,0.0,0.0,38.0,31.0,7.0,15.0,23.0,4.0,,,,26.0,,0.0,8.0,0,0,1,0,0,1,1,1,1,0,1,1,1,0,0,0,0,0,0,1,1,1,0,1,0,0,0,0,0,0,0,0,1,1,1,0,1,0,0,0.119,0.0714,0.16,0.07
2015,geyserville unified,"Rural, fringe",0.17,0.1,,0.08,0.25,,,,,0.11,,,,4.0,2.0,0.0,1.0,3.0,,,,,2.0,,0.0,0.0,24.0,20.0,4.0,12.0,12.0,,,,,18.0,,1.0,5.0,0,0,1,0,0,1,1,1,1,0,1,1,1,0,0,0,0,0,1,1,1,1,0,1,0,0,0,0,0,0,0,1,1,1,1,0,1,0,0,,,,
2016,geyserville unified,"Suburb, large",0.65,0.64,,,,,,,,0.64,,,,11.0,7.0,0.0,0.0,0.0,,,,,7.0,,,0.0,17.0,11.0,6.0,8.0,9.0,,,,,11.0,,,6.0,0,0,1,1,1,1,1,1,1,0,1,1,1,0,0,0,0,0,1,1,1,1,0,1,1,0,0,0,0,0,0,1,1,1,1,0,1,1,0,0.17,,,
2017,geyserville unified,"Rural, fringe",0.4737,,,,,,,,,0.3077,,,,9.0,0.0,0.0,0.0,0.0,,,,,4.0,,,0.0,19.0,0.0,0.0,0.0,0.0,,,,,13.0,,,0.0,0,1,1,1,1,1,1,1,1,0,1,1,1,0,0,0,0,0,1,1,1,1,0,1,1,0,0,0,0,0,0,1,1,1,1,0,1,1,0,0.65,0.17,,
2018,geyserville unified,"Rural, fringe",0.4706,0.3846,,,,,,,,0.3333,,,,8.0,5.0,0.0,0.0,0.0,,,,,4.0,,,0.0,17.0,13.0,0.0,0.0,0.0,,,,,12.0,,,0.0,0,0,1,1,1,1,1,1,1,0,1,1,1,0,0,0,0,0,1,1,1,1,0,1,1,0,0,0,0,0,0,1,1,1,1,0,1,1,0,0.4737,0.65,0.17,
2019,geyserville unified,"Rural, fringe",0.5263,0.4615,,,0.6364,,,,,0.3636,,,,10.0,6.0,0.0,0.0,7.0,,0.0,,,4.0,,,0.0,19.0,13.0,6.0,8.0,11.0,,0.0,,,11.0,,,7.0,0,0,1,1,0,1,1,1,1,0,1,1,1,0,0,0,0,0,1,0,1,1,0,1,1,0,0,0,0,0,0,1,0,1,1,0,1,1,0,0.4706,0.4737,0.65,0.17
2015,gilroy unified,"Suburb, small",0.35,0.24,0.53,0.33,0.36,,0.71,,0.31,0.26,,0.67,0.58,276.0,120.0,159.0,137.0,147.0,0.0,18.0,0.0,5.0,155.0,,10.0,75.0,812.0,519.0,293.0,402.0,410.0,7.0,25.0,10.0,16.0,596.0,,15.0,130.0,0,0,0,0,0,1,0,1,0,0,1,0,0,0,0,0,0,0,0,0,0,0,0,1,0,0,0,0,0,0,0,0,0,0,0,0,1,0,0,,,,
2016,gilroy unified,"Suburb, small",0.37,0.25,0.56,0.36,0.37,,0.73,0.58,0.73,0.29,,0.48,0.58,334.0,147.0,190.0,162.0,167.0,0.0,27.0,7.0,11.0,196.0,0.0,10.0,73.0,904.0,565.0,339.0,452.0,452.0,2.0,37.0,12.0,15.0,675.0,1.0,21.0,126.0,0,0,0,0,0,1,0,0,0,0,1,0,0,0,0,0,0,0,0,0,0,0,0,0,0,0,0,0,0,0,0,0,0,0,0,0,0,0,0,0.35,,,
2017,gilroy unified,"Suburb, small",0.4383,0.3044,0.6254,0.455,0.4242,,0.6111,,0.7333,0.3718,,0.6842,0.6165,373.0,151.0,222.0,177.0,196.0,0.0,22.0,0.0,11.0,229.0,0.0,13.0,82.0,851.0,496.0,355.0,389.0,462.0,0.0,36.0,0.0,15.0,616.0,0.0,19.0,133.0,0,0,0,0,0,1,0,1,0,0,1,0,0,0,0,0,0,0,0,0,0,0,0,0,0,0,0,0,0,0,0,0,0,0,0,0,0,0,0,0.37,0.35,,
2018,gilroy unified,"Suburb, small",0.4672,0.3279,0.6696,0.4965,0.4351,,0.8205,,0.85,0.3688,,0.6471,0.6953,385.0,160.0,225.0,214.0,171.0,,32.0,0.0,17.0,215.0,0.0,11.0,89.0,825.0,488.0,337.0,431.0,394.0,,39.0,0.0,20.0,583.0,0.0,17.0,129.0,0,0,0,0,0,1,0,1,0,0,1,0,0,0,0,0,0,0,1,0,0,0,0,0,0,0,0,0,0,0,0,1,0,0,0,0,0,0,0,0.4383,0.37,0.35,
2019,gilroy unified,"Suburb, small",0.4949,0.3873,0.6759,0.5,0.4894,,0.8696,,0.7333,0.4225,,0.7895,0.7182,385.0,189.0,196.0,201.0,184.0,0.0,20.0,0.0,11.0,240.0,0.0,15.0,79.0,778.0,488.0,290.0,402.0,376.0,0.0,23.0,9.0,15.0,568.0,0.0,19.0,110.0,0,0,0,0,0,1,0,1,0,0,1,0,0,0,0,0,0,0,0,0,0,0,0,0,0,0,0,0,0,0,0,0,0,0,0,0,0,0,0,0.4672,0.4383,0.37,0.35
2015,glendale unified,"City, midsize",0.49,0.38,0.61,0.52,0.47,,0.74,0.26,0.58,0.32,,0.59,0.51,967.0,378.0,597.0,491.0,475.0,0.0,166.0,7.0,76.0,149.0,0.0,41.0,537.0,1974.0,995.0,979.0,962.0,1012.0,1.0,224.0,27.0,131.0,467.0,1.0,70.0,1053.0,0,0,0,0,0,1,0,0,0,0,1,0,0,0,0,0,0,0,0,0,0,0,0,0,0,0,0,0,0,0,0,0,0,0,0,0,0,0,0,,,,
2016,glendale unified,"City, midsize",0.53,0.41,0.68,0.51,0.54,,0.75,0.4,0.73,0.33,,0.66,0.54,997.0,422.0,562.0,464.0,516.0,0.0,161.0,8.0,73.0,143.0,0.0,40.0,560.0,1881.0,1055.0,826.0,908.0,973.0,1.0,211.0,20.0,100.0,449.0,2.0,61.0,1037.0,0,0,0,0,0,1,0,0,0,0,1,0,0,0,0,0,0,0,0,0,0,0,0,0,0,0,0,0,0,0,0,0,0,0,0,0,0,0,0,0.49,,,
2017,glendale unified,"City, midsize",0.5254,0.3703,0.6544,0.5059,0.5458,,0.811,0.3043,0.6311,0.3374,,0.7794,0.5107,1044.0,334.0,710.0,514.0,530.0,0.0,206.0,7.0,65.0,139.0,0.0,53.0,574.0,1988.0,902.0,1086.0,1016.0,972.0,0.0,254.0,23.0,103.0,412.0,0.0,68.0,1125.0,0,0,0,0,0,1,0,0,0,0,1,0,0,0,0,0,0,0,0,0,0,0,0,0,0,0,0,0,0,0,0,0,0,0,0,0,0,0,0,0.53,0.49,,
2018,glendale unified,"City, midsize",0.5245,0.4072,0.6448,0.5305,0.5189,,0.7902,0.15,0.5195,0.3434,,0.7794,0.5319,1005.0,395.0,610.0,496.0,509.0,0.0,162.0,3.0,40.0,136.0,0.0,53.0,608.0,1917.0,970.0,947.0,935.0,982.0,0.0,205.0,20.0,78.0,396.0,0.0,68.0,1143.0,0,0,0,0,0,1,0,0,0,0,1,0,0,0,0,0,0,0,0,0,0,0,0,0,0,0,0,0,0,0,0,0,0,0,0,0,0,0,0,0.5254,0.53,0.49,
2019,glendale unified,"City, midsize",0.5828,0.4658,0.6977,0.5509,0.6118,,0.8564,0.4167,0.5667,0.4075,,0.7671,0.5894,1116.0,442.0,674.0,503.0,613.0,0.0,167.0,10.0,51.0,163.0,0.0,56.0,666.0,1915.0,949.0,966.0,913.0,1002.0,0.0,195.0,24.0,90.0,400.0,0.0,73.0,1130.0,0,0,0,0,0,1,0,0,0,0,1,0,0,0,0,0,0,0,0,0,0,0,0,0,0,0,0,0,0,0,0,0,0,0,0,0,0,0,0,0.5245,0.5254,0.53,0.49
2015,glendora unified,"Suburb, large",0.58,0.31,0.61,0.58,0.57,,0.83,,,0.44,,0.83,0.64,313.0,19.0,292.0,155.0,156.0,0.0,38.0,0.0,0.0,100.0,,19.0,147.0,540.0,62.0,478.0,272.0,268.0,2.0,46.0,4.0,9.0,225.0,,23.0,229.0,0,0,0,0,0,1,0,1,1,0,1,0,0,0,0,0,0,0,0,0,0,0,0,1,0,0,0,0,0,0,0,0,0,0,0,0,1,0,0,,,,
2016,glendora unified,"Suburb, large",0.58,0.44,0.65,0.56,0.61,,0.9,,0.67,0.49,,0.83,0.6,310.0,72.0,241.0,143.0,170.0,0.0,37.0,0.0,8.0,116.0,0.0,19.0,128.0,534.0,163.0,371.0,255.0,279.0,1.0,41.0,6.0,12.0,237.0,1.0,23.0,213.0,0,0,0,0,0,1,0,1,0,0,1,0,0,0,0,0,0,0,0,0,0,0,0,0,0,0,0,0,0,0,0,0,0,0,0,0,0,0,0,0.58,,,
2017,glendora unified,"Suburb, large",0.5726,0.4338,0.625,0.5269,0.6229,,0.8205,,0.8333,0.5023,,0.7222,0.57,284.0,59.0,225.0,137.0,147.0,0.0,32.0,0.0,10.0,110.0,,13.0,114.0,496.0,136.0,360.0,260.0,236.0,0.0,39.0,0.0,12.0,219.0,,18.0,200.0,0,0,0,0,0,1,0,1,0,0,1,0,0,0,0,0,0,0,0,0,0,0,0,1,0,0,0,0,0,0,0,0,0,0,0,0,1,0,0,0.58,0.58,,
2018,glendora unified,"Suburb, large",0.5975,0.5081,0.6423,0.5541,0.6473,,0.9,,0.6364,0.5104,,0.5652,0.6239,331.0,94.0,237.0,164.0,167.0,0.0,45.0,0.0,7.0,123.0,,13.0,136.0,554.0,185.0,369.0,296.0,258.0,0.0,50.0,0.0,11.0,241.0,,23.0,218.0,0,0,0,0,0,1,0,1,0,0,1,0,0,0,0,0,0,0,0,0,0,0,0,1,0,0,0,0,0,0,0,0,0,0,0,0,1,0,0,0.5726,0.58,0.58,
2019,glendora unified,"Suburb, large",0.6253,0.4615,0.6994,0.5759,0.6723,,0.8,,,0.5052,,0.7222,0.7039,287.0,66.0,221.0,129.0,158.0,,48.0,0.0,0.0,98.0,,26.0,107.0,459.0,143.0,316.0,224.0,235.0,,60.0,8.0,9.0,194.0,,36.0,152.0,0,0,0,0,0,1,0,1,1,0,1,0,0,0,0,0,0,0,1,0,0,0,0,1,0,0,0,0,0,0,0,1,0,0,0,0,1,0,0,0.5975,0.5726,0.58,0.58
2015,gold trail union elementary,"Rural, fringe",0.31,0.13,0.39,0.3,0.32,,,,,,,,0.34,23.0,3.0,20.0,13.0,10.0,,0.0,,,0.0,0.0,0.0,21.0,74.0,23.0,51.0,43.0,31.0,,1.0,,,4.0,1.0,6.0,62.0,0,0,0,0,0,1,1,1,1,1,1,1,0,0,0,0,0,0,1,0,1,1,0,0,0,0,0,0,0,0,0,1,0,1,1,0,0,0,0,,,,
2016,gold trail union elementary,"Rural, fringe",0.46,0.12,0.65,0.31,0.58,,,,,,,,0.45,33.0,3.0,30.0,10.0,23.0,,0.0,0.0,,0.0,,0.0,26.0,72.0,26.0,46.0,32.0,40.0,,1.0,1.0,,10.0,,2.0,58.0,0,0,0,0,0,1,1,1,1,1,1,1,0,0,0,0,0,0,1,0,0,1,0,1,0,0,0,0,0,0,0,1,0,0,1,0,1,0,0,0.31,,,
2017,gold trail union elementary,"Rural, fringe",0.425,0.2727,0.4828,0.4595,0.3953,,,,,,,,0.4493,34.0,6.0,28.0,17.0,17.0,,,,,0.0,,0.0,31.0,80.0,22.0,58.0,37.0,43.0,,,,,0.0,,0.0,69.0,0,0,0,0,0,1,1,1,1,1,1,1,0,0,0,0,0,0,1,1,1,1,0,1,0,0,0,0,0,0,0,1,1,1,1,0,1,0,0,0.46,0.31,,
2018,gold trail union elementary,"Rural, fringe",0.5,0.3333,0.5833,0.4474,0.5588,,,,,,,,0.5238,36.0,8.0,28.0,17.0,19.0,0.0,,,,0.0,,,33.0,72.0,24.0,48.0,38.0,34.0,0.0,,,,0.0,,,63.0,0,0,0,0,0,1,1,1,1,1,1,1,0,0,0,0,0,0,0,1,1,1,0,1,1,0,0,0,0,0,0,0,1,1,1,0,1,1,0,0.425,0.46,0.31,
2019,gold trail union elementary,"Rural, fringe",0.6418,0.2632,0.7917,0.5135,0.8,,,,,,,,0.6452,43.0,5.0,38.0,19.0,24.0,0.0,,,,0.0,0.0,0.0,40.0,67.0,19.0,48.0,37.0,30.0,0.0,,,,0.0,0.0,0.0,62.0,0,0,0,0,0,1,1,1,1,1,1,1,0,0,0,0,0,0,0,1,1,1,0,0,0,0,0,0,0,0,0,0,1,1,1,0,0,0,0,0.5,0.425,0.46,0.31
2015,golden plains unified,"Rural, distant",0.1,0.09,0.17,0.07,0.12,,,,,0.1,,,,14.0,11.0,2.0,4.0,9.0,,0.0,,,13.0,,0.0,0.0,133.0,121.0,12.0,58.0,75.0,,1.0,,,130.0,,1.0,1.0,0,0,0,0,0,1,1,1,1,0,1,1,1,0,0,0,0,0,1,0,1,1,0,1,0,0,0,0,0,0,0,1,0,1,1,0,1,0,0,,,,
2016,golden plains unified,"Rural, distant",0.11,0.1,,0.12,0.1,,,,,0.11,,,,17.0,16.0,0.0,9.0,8.0,,0.0,0.0,,17.0,,,0.0,159.0,155.0,4.0,76.0,83.0,,1.0,3.0,,152.0,,,3.0,0,0,1,0,0,1,1,1,1,0,1,1,1,0,0,0,0,0,1,0,0,1,0,1,1,0,0,0,0,0,0,1,0,0,1,0,1,1,0,0.1,,,
2017,golden plains unified,"Rural, distant",0.0803,0.0815,,0.0462,0.1111,,,,,0.0815,,,,11.0,11.0,0.0,3.0,8.0,,,0.0,,11.0,,,0.0,137.0,135.0,0.0,65.0,72.0,,,0.0,,135.0,,,0.0,0,0,1,0,0,1,1,1,1,0,1,1,1,0,0,0,0,0,1,1,0,1,0,1,1,0,0,0,0,0,0,1,1,0,1,0,1,1,0,0.11,0.1,,
2018,golden plains unified,"Rural, distant",0.1923,0.1953,,0.1944,0.1897,,,,,0.1885,,,,25.0,25.0,0.0,14.0,11.0,,0.0,0.0,,23.0,,,0.0,130.0,128.0,0.0,72.0,58.0,,0.0,0.0,,122.0,,,0.0,0,0,1,0,0,1,1,1,1,0,1,1,1,0,0,0,0,0,1,0,0,1,0,1,1,0,0,0,0,0,0,1,0,0,1,0,1,1,0,0.0803,0.11,0.1,
2019,golden plains unified,"Rural, distant",0.1379,0.1111,0.2941,0.1228,0.1525,,,,,0.1391,,,,16.0,11.0,5.0,7.0,9.0,,,,,16.0,,,0.0,116.0,99.0,17.0,57.0,59.0,,,,,115.0,,,0.0,0,0,0,0,0,1,1,1,1,0,1,1,1,0,0,0,0,0,1,1,1,1,0,1,1,0,0,0,0,0,0,1,1,1,1,0,1,1,0,0.1923,0.0803,0.11,0.1
2015,golden valley unified,"Rural, fringe",0.41,0.36,0.45,0.41,0.41,,,,,0.33,,,0.48,52.0,20.0,32.0,23.0,29.0,0.0,0.0,0.0,0.0,16.0,,0.0,32.0,127.0,56.0,71.0,56.0,71.0,3.0,2.0,1.0,1.0,49.0,,4.0,67.0,0,0,0,0,0,1,1,1,1,0,1,1,0,0,0,0,0,0,0,0,0,0,0,1,0,0,0,0,0,0,0,0,0,0,0,0,1,0,0,,,,
2016,golden valley unified,"Town, fringe",0.52,0.43,0.59,0.55,0.5,,,,,0.5,,,0.53,77.0,26.0,49.0,35.0,40.0,,0.0,0.0,,29.0,,0.0,41.0,145.0,61.0,84.0,65.0,80.0,,4.0,1.0,,58.0,,2.0,78.0,0,0,0,0,0,1,1,1,1,0,1,1,0,0,0,0,0,0,1,0,0,1,0,1,0,0,0,0,0,0,0,1,0,0,1,0,1,0,0,0.41,,,
2017,golden valley unified,"Town, fringe",0.5615,0.4717,0.6234,0.4923,0.6308,,,,,0.4286,,,0.6818,73.0,25.0,48.0,32.0,41.0,0.0,0.0,0.0,0.0,24.0,,0.0,45.0,130.0,53.0,77.0,65.0,65.0,0.0,0.0,0.0,0.0,56.0,,0.0,66.0,0,0,0,0,0,1,1,1,1,0,1,1,0,0,0,0,0,0,0,0,0,0,0,1,0,0,0,0,0,0,0,0,0,0,0,0,1,0,0,0.52,0.41,,
2018,golden valley unified,"Town, fringe",0.5941,0.4675,0.6989,0.6463,0.5455,,,,,0.4605,,,0.7191,101.0,36.0,65.0,53.0,48.0,0.0,0.0,0.0,,35.0,,0.0,64.0,170.0,77.0,93.0,82.0,88.0,0.0,0.0,0.0,,76.0,,0.0,89.0,0,0,0,0,0,1,1,1,1,0,1,1,0,0,0,0,0,0,0,0,0,1,0,1,0,0,0,0,0,0,0,0,0,0,1,0,1,0,0,0.5615,0.52,0.41,
2019,golden valley unified,"Town, fringe",0.5401,0.3607,0.6842,0.5789,0.5125,,,,,0.4394,,,0.623,74.0,22.0,52.0,33.0,41.0,0.0,0.0,0.0,,29.0,,0.0,38.0,137.0,61.0,76.0,57.0,80.0,0.0,0.0,0.0,,66.0,,4.0,61.0,0,0,0,0,0,1,1,1,1,0,1,1,0,0,0,0,0,0,0,0,0,1,0,1,0,0,0,0,0,0,0,0,0,0,1,0,1,0,0,0.5941,0.5615,0.52,0.41
2015,goleta union elementary,"Suburb, midsize",0.41,0.22,0.58,0.43,0.4,,0.65,,,0.21,,0.56,0.64,207.0,54.0,157.0,108.0,101.0,0.0,20.0,0.0,0.0,57.0,0.0,10.0,117.0,504.0,233.0,271.0,245.0,259.0,1.0,31.0,3.0,6.0,259.0,1.0,18.0,184.0,0,0,0,0,0,1,0,1,1,0,1,0,0,0,0,0,0,0,0,0,0,0,0,0,0,0,0,0,0,0,0,0,0,0,0,0,0,0,0,,,,
2016,goleta union elementary,"Suburb, midsize",0.51,0.27,0.7,0.51,0.51,,0.81,,,0.31,,0.72,0.74,275.0,63.0,207.0,127.0,142.0,,25.0,0.0,0.0,87.0,,26.0,124.0,529.0,230.0,299.0,255.0,274.0,,31.0,3.0,7.0,281.0,,36.0,171.0,0,0,0,0,0,1,0,1,1,0,1,0,0,0,0,0,0,0,1,0,0,0,0,1,0,0,0,0,0,0,0,1,0,0,0,0,1,0,0,0.41,,,
2017,goleta union elementary,"Suburb, midsize",0.5756,0.3645,0.7435,0.5369,0.6151,,0.84,,,0.3882,,0.7143,0.8059,278.0,78.0,200.0,131.0,147.0,0.0,21.0,0.0,0.0,99.0,,15.0,137.0,483.0,214.0,269.0,244.0,239.0,0.0,25.0,0.0,0.0,255.0,,21.0,170.0,0,0,0,0,0,1,0,1,1,0,1,0,0,0,0,0,0,0,0,0,0,0,0,1,0,0,0,0,0,0,0,0,0,0,0,0,1,0,0,0.51,0.41,,
2018,goleta union elementary,"Suburb, midsize",0.5915,0.3594,0.7377,0.6016,0.5817,,0.9032,,,0.3797,,0.84,0.776,294.0,69.0,225.0,148.0,146.0,0.0,28.0,0.0,0.0,90.0,,21.0,149.0,497.0,192.0,305.0,246.0,251.0,0.0,31.0,0.0,0.0,237.0,,25.0,192.0,0,0,0,0,0,1,0,1,1,0,1,0,0,0,0,0,0,0,0,0,0,0,0,1,0,0,0,0,0,0,0,0,0,0,0,0,1,0,0,0.5756,0.51,0.41,
2019,goleta union elementary,"Suburb, midsize",0.6136,0.4279,0.7536,0.6,0.6255,,0.7895,,,0.4656,,0.8065,0.7888,297.0,89.0,208.0,135.0,162.0,,15.0,0.0,0.0,122.0,,25.0,127.0,485.0,208.0,277.0,225.0,260.0,,19.0,5.0,5.0,262.0,,31.0,162.0,0,0,0,0,0,1,0,1,1,0,1,0,0,0,0,0,0,0,1,0,0,0,0,1,0,0,0,0,0,0,0,1,0,0,0,0,1,0,0,0.5915,0.5756,0.51,0.41
2015,gonzales unified,"Town, distant",0.12,0.11,0.2,0.11,0.13,,,,,0.11,,,,22.0,18.0,5.0,10.0,12.0,,,,0.0,20.0,0.0,,0.0,183.0,158.0,25.0,89.0,94.0,,,,1.0,176.0,1.0,,5.0,0,0,0,0,0,1,1,1,1,0,1,1,1,0,0,0,0,0,1,1,1,0,0,0,1,0,0,0,0,0,0,1,1,1,0,0,0,1,0,,,,
2016,gonzales unified,"Town, distant",0.2,0.18,0.26,0.16,0.22,,,,,0.2,,,,37.0,29.0,7.0,14.0,22.0,0.0,,,0.0,36.0,,,0.0,185.0,157.0,28.0,85.0,100.0,2.0,,,2.0,179.0,,,2.0,0,0,0,0,0,1,1,1,1,0,1,1,1,0,0,0,0,0,0,1,1,0,0,1,1,0,0,0,0,0,0,0,1,1,0,0,1,1,0,0.12,,,
2017,gonzales unified,"Town, distant",0.2296,0.2126,0.3636,0.2474,0.2121,,,,,0.2316,,,,45.0,37.0,8.0,24.0,21.0,0.0,,,,44.0,0.0,0.0,0.0,196.0,174.0,22.0,97.0,99.0,0.0,,,,190.0,0.0,0.0,0.0,0,0,0,0,0,1,1,1,1,0,1,1,1,0,0,0,0,0,0,1,1,1,0,0,0,0,0,0,0,0,0,0,1,1,1,0,0,0,0,0.2,0.12,,
2018,gonzales unified,"Town, distant",0.2622,0.2345,0.4737,0.2099,0.3133,,,,,0.2547,,,,43.0,34.0,9.0,17.0,26.0,0.0,,,,41.0,,0.0,0.0,164.0,145.0,19.0,81.0,83.0,0.0,,,,161.0,,0.0,0.0,0,0,0,0,0,1,1,1,1,0,1,1,1,0,0,0,0,0,0,1,1,1,0,1,0,0,0,0,0,0,0,0,1,1,1,0,1,0,0,0.2296,0.2,0.12,
2019,gonzales unified,"Town, distant",0.3019,0.2708,0.6,0.325,0.2785,,,,,0.2949,,,,48.0,39.0,9.0,26.0,22.0,,,,0.0,46.0,,,0.0,159.0,144.0,15.0,80.0,79.0,,,,0.0,156.0,,,0.0,0,0,0,0,0,1,1,1,1,0,1,1,1,0,0,0,0,0,1,1,1,0,0,1,1,0,0,0,0,0,0,1,1,1,0,0,1,1,0,0.2622,0.2296,0.2,0.12
2015,grant elementary,"Rural, fringe",0.69,,0.71,0.55,0.83,,,,,,,,0.68,40.0,0.0,37.0,16.0,24.0,,0.0,,,0.0,,0.0,30.0,58.0,6.0,52.0,29.0,29.0,,2.0,,,9.0,,3.0,44.0,0,1,0,0,0,1,1,1,1,1,1,1,0,0,0,0,0,0,1,0,1,1,0,1,0,0,0,0,0,0,0,1,0,1,1,0,1,0,0,,,,
2016,grant elementary,"Rural, fringe",0.73,,0.72,0.68,0.8,,,,,,,,0.75,55.0,0.0,47.0,27.0,28.0,0.0,0.0,,0.0,0.0,,0.0,44.0,75.0,10.0,65.0,40.0,35.0,2.0,1.0,,2.0,7.0,,4.0,59.0,0,1,0,0,0,1,1,1,1,1,1,1,0,0,0,0,0,0,0,0,1,0,0,1,0,0,0,0,0,0,0,0,0,1,0,0,1,0,0,0.69,,,
2017,grant elementary,"Rural, fringe",0.7317,0.3636,0.7887,0.8,0.6486,,,,,0.5833,,,0.7667,60.0,4.0,56.0,36.0,24.0,0.0,0.0,,,7.0,,0.0,46.0,82.0,11.0,71.0,45.0,37.0,0.0,0.0,,,12.0,,0.0,60.0,0,0,0,0,0,1,1,1,1,0,1,1,0,0,0,0,0,0,0,0,1,1,0,1,0,0,0,0,0,0,0,0,0,1,1,0,1,0,0,0.73,0.69,,
2018,grant elementary,"Rural, fringe",0.7917,0.6364,0.8197,0.7778,0.8056,,,,,,,0.6667,0.82,59.0,7.0,52.0,30.0,29.0,0.0,,0.0,,0.0,,8.0,43.0,74.0,11.0,63.0,38.0,36.0,0.0,,0.0,,0.0,,12.0,52.0,0,0,0,0,0,1,1,1,1,1,1,0,0,0,0,0,0,0,0,1,0,1,0,1,0,0,0,0,0,0,0,0,1,0,1,0,1,0,0,0.7317,0.73,0.69,
2019,grant elementary,"Rural, fringe",0.7083,0.5,0.7586,0.6364,0.7692,,,,,,,,0.6852,51.0,7.0,44.0,21.0,30.0,,0.0,,,0.0,,0.0,37.0,72.0,14.0,58.0,33.0,39.0,,0.0,,,10.0,,7.0,54.0,0,0,0,0,0,1,1,1,1,1,1,1,0,0,0,0,0,0,1,0,1,1,0,1,0,0,0,0,0,0,0,1,0,1,1,0,1,0,0,0.7917,0.7317,0.73,0.69
2015,grass valley elementary,"Town, distant",0.28,0.22,0.38,0.23,0.33,,,,,0.18,,,0.3,53.0,25.0,28.0,21.0,33.0,0.0,0.0,,,6.0,,0.0,44.0,190.0,117.0,73.0,92.0,98.0,4.0,1.0,,,33.0,,9.0,139.0,0,0,0,0,0,1,1,1,1,0,1,1,0,0,0,0,0,0,0,0,1,1,0,1,0,0,0,0,0,0,0,0,0,1,1,0,1,0,0,,,,
2016,grass valley elementary,"Town, distant",0.44,0.35,0.59,0.47,0.4,,,,,0.26,,,0.47,76.0,39.0,36.0,39.0,36.0,0.0,0.0,0.0,,6.0,,0.0,62.0,172.0,111.0,61.0,83.0,89.0,4.0,2.0,1.0,,23.0,,6.0,131.0,0,0,0,0,0,1,1,1,1,0,1,1,0,0,0,0,0,0,0,0,0,1,0,1,0,0,0,0,0,0,0,0,0,0,1,0,1,0,0,0.28,,,
2017,grass valley elementary,"Town, distant",0.4316,0.3421,0.5658,0.3474,0.5158,,,,,0.3793,,,0.4481,82.0,39.0,43.0,33.0,49.0,0.0,0.0,0.0,0.0,11.0,,0.0,69.0,190.0,114.0,76.0,95.0,95.0,0.0,0.0,0.0,0.0,29.0,,0.0,154.0,0,0,0,0,0,1,1,1,1,0,1,1,0,0,0,0,0,0,0,0,0,0,0,1,0,0,0,0,0,0,0,0,0,0,0,0,1,0,0,0.44,0.28,,
2018,grass valley elementary,"Town, distant",0.4634,0.322,0.6552,0.4766,0.449,,,,,0.3171,,,0.5101,95.0,38.0,57.0,51.0,44.0,0.0,0.0,0.0,,13.0,,0.0,76.0,205.0,118.0,87.0,107.0,98.0,0.0,0.0,0.0,,41.0,,0.0,149.0,0,0,0,0,0,1,1,1,1,0,1,1,0,0,0,0,0,0,0,0,0,1,0,1,0,0,0,0,0,0,0,0,0,0,1,0,1,0,0,0.4316,0.44,0.28,
2019,grass valley elementary,"Town, distant",0.4798,0.4098,0.5921,0.449,0.51,,,,,0.3889,,,0.4897,95.0,50.0,45.0,44.0,51.0,0.0,0.0,0.0,0.0,14.0,0.0,0.0,71.0,198.0,122.0,76.0,98.0,100.0,0.0,4.0,0.0,0.0,36.0,0.0,8.0,145.0,0,0,0,0,0,1,1,1,1,0,1,1,0,0,0,0,0,0,0,0,0,0,0,0,0,0,0,0,0,0,0,0,0,0,0,0,0,0,0,0.4634,0.4316,0.44,0.28
2015,gratton elementary,"Rural, fringe",0.57,,0.57,,,,,,,,,,0.73,8.0,,8.0,0.0,0.0,,,0.0,,0.0,,0.0,8.0,14.0,,14.0,8.0,6.0,,,1.0,,1.0,,1.0,11.0,0,1,0,1,1,1,1,1,1,1,1,1,0,0,1,0,0,0,1,1,0,1,0,1,0,0,0,1,0,0,0,1,1,0,1,0,1,0,0,,,,
2016,gratton elementary,"Rural, fringe",0.63,,0.77,,,,,,,,,,0.77,10.0,0.0,10.0,0.0,0.0,,0.0,,,0.0,,,10.0,16.0,3.0,13.0,8.0,8.0,,1.0,,,2.0,,,13.0,0,1,0,1,1,1,1,1,1,1,1,1,0,0,0,0,0,0,1,0,1,1,0,1,1,0,0,0,0,0,0,1,0,1,1,0,1,1,0,0.57,,,
2017,gratton elementary,"Rural, fringe",0.5714,,0.4545,,,,,,,,,,,8.0,0.0,5.0,0.0,0.0,,0.0,,0.0,0.0,,,0.0,14.0,0.0,11.0,0.0,0.0,,0.0,,0.0,0.0,,,0.0,0,1,0,1,1,1,1,1,1,1,1,1,1,0,0,0,0,0,1,0,1,0,0,1,1,0,0,0,0,0,0,1,0,1,0,0,1,1,0,0.63,0.57,,
2018,gratton elementary,"Rural, fringe",0.625,,0.6429,,,,,,,,,,0.75,10.0,0.0,9.0,0.0,0.0,,0.0,,,0.0,,,9.0,16.0,0.0,14.0,0.0,0.0,,0.0,,,0.0,,,12.0,0,1,0,1,1,1,1,1,1,1,1,1,0,0,0,0,0,0,1,0,1,1,0,1,1,0,0,0,0,0,0,1,0,1,1,0,1,1,0,0.5714,0.63,0.57,
2019,gratton elementary,"Rural, fringe",1.0,,1.0,1.0,,,,,,,,,1.0,14.0,0.0,13.0,12.0,0.0,0.0,0.0,,,0.0,,,11.0,14.0,0.0,13.0,12.0,0.0,0.0,0.0,,,0.0,,,11.0,0,1,0,0,1,1,1,1,1,1,1,1,0,0,0,0,0,0,0,0,1,1,0,1,1,0,0,0,0,0,0,0,0,1,1,0,1,1,0,0.625,0.5714,0.63,0.57
2015,gravenstein union elementary,"Suburb, large",0.71,,0.75,0.58,0.84,,,,,,,,0.68,48.0,0.0,46.0,21.0,27.0,,0.0,,,0.0,,0.0,34.0,68.0,7.0,61.0,36.0,32.0,,5.0,,,10.0,,3.0,50.0,0,1,0,0,0,1,1,1,1,1,1,1,0,0,0,0,0,0,1,0,1,1,0,1,0,0,0,0,0,0,0,1,0,1,1,0,1,0,0,,,,
2016,gravenstein union elementary,"Suburb, large",0.69,0.5,0.74,0.68,0.7,,,,,0.59,,,0.69,54.0,8.0,46.0,26.0,28.0,,0.0,,0.0,10.0,,0.0,34.0,78.0,16.0,62.0,38.0,40.0,,4.0,,1.0,17.0,,7.0,49.0,0,0,0,0,0,1,1,1,1,0,1,1,0,0,0,0,0,0,1,0,1,0,0,1,0,0,0,0,0,0,0,1,0,1,0,0,1,0,0,0.71,,,
2017,gravenstein union elementary,"Suburb, large",0.6282,0.4286,0.6719,0.6136,0.6471,,,,,0.4706,,,0.6531,49.0,6.0,43.0,27.0,22.0,,0.0,0.0,,8.0,,0.0,32.0,78.0,14.0,64.0,44.0,34.0,,0.0,0.0,,17.0,,0.0,49.0,0,0,0,0,0,1,1,1,1,0,1,1,0,0,0,0,0,0,1,0,0,1,0,1,0,0,0,0,0,0,0,1,0,0,1,0,1,0,0,0.69,0.71,,
2018,gravenstein union elementary,"Suburb, large",0.7692,0.6111,0.8082,0.7556,0.7826,,,,,0.5294,,,0.85,70.0,11.0,59.0,34.0,36.0,,0.0,,0.0,9.0,,0.0,51.0,91.0,18.0,73.0,45.0,46.0,,0.0,,0.0,17.0,,0.0,60.0,0,0,0,0,0,1,1,1,1,0,1,1,0,0,0,0,0,0,1,0,1,0,0,1,0,0,0,0,0,0,0,1,0,1,0,0,1,0,0,0.6282,0.69,0.71,
2019,gravenstein union elementary,"Suburb, large",0.7683,0.6316,0.8095,0.7949,0.7442,,,,,0.7778,,0.5833,0.8043,63.0,12.0,51.0,31.0,32.0,,0.0,,,14.0,0.0,7.0,37.0,82.0,19.0,63.0,39.0,43.0,,5.0,,,18.0,0.0,12.0,46.0,0,0,0,0,0,1,1,1,1,0,1,0,0,0,0,0,0,0,1,0,1,1,0,0,0,0,0,0,0,0,0,1,0,1,1,0,0,0,0,0.7692,0.6282,0.69,0.71
2015,greenfield union,"City, large",0.21,0.19,0.31,0.21,0.22,,0.16,0.13,,0.21,,,0.2,219.0,157.0,52.0,99.0,110.0,0.0,3.0,9.0,0.0,177.0,,0.0,16.0,995.0,825.0,170.0,496.0,499.0,3.0,19.0,71.0,9.0,806.0,,8.0,79.0,0,0,0,0,0,1,0,0,1,0,1,1,0,0,0,0,0,0,0,0,0,0,0,1,0,0,0,0,0,0,0,0,0,0,0,0,1,0,0,,,,
2016,greenfield union,"City, large",0.29,0.28,0.39,0.27,0.3,,0.33,0.16,,0.29,,0.33,0.35,314.0,279.0,33.0,146.0,168.0,0.0,10.0,11.0,0.0,253.0,,5.0,30.0,1080.0,995.0,85.0,541.0,539.0,2.0,30.0,70.0,4.0,874.0,,15.0,85.0,0,0,0,0,0,1,0,0,1,0,1,0,0,0,0,0,0,0,0,0,0,0,0,1,0,0,0,0,0,0,0,0,0,0,0,0,1,0,0,0.21,,,
2017,greenfield union,"City, large",0.3378,0.3208,0.4388,0.3188,0.3568,,0.6154,0.2319,,0.3338,,0.2727,0.4265,326.0,265.0,61.0,154.0,172.0,0.0,8.0,16.0,0.0,265.0,0.0,3.0,29.0,967.0,828.0,139.0,484.0,483.0,0.0,13.0,69.0,0.0,796.0,0.0,11.0,68.0,0,0,0,0,0,1,0,0,1,0,1,0,0,0,0,0,0,0,0,0,0,0,0,0,0,0,0,0,0,0,0,0,0,0,0,0,0,0,0,0.29,0.21,,
2018,greenfield union,"City, large",0.4389,0.4251,0.5976,0.4291,0.4485,,0.625,0.3182,,0.4342,,,0.5246,449.0,400.0,49.0,218.0,231.0,0.0,10.0,21.0,0.0,376.0,,0.0,32.0,1023.0,941.0,82.0,508.0,515.0,0.0,16.0,66.0,0.0,866.0,,0.0,61.0,0,0,0,0,0,1,0,0,1,0,1,1,0,0,0,0,0,0,0,0,0,0,0,1,0,0,0,0,0,0,0,0,0,0,0,0,1,0,0,0.3378,0.29,0.21,
2019,greenfield union,"City, large",0.3936,0.3778,0.6232,0.4142,0.3729,,0.5,0.3514,,0.3936,,0.4167,0.3818,420.0,377.0,43.0,222.0,198.0,0.0,7.0,26.0,0.0,355.0,0.0,5.0,21.0,1067.0,998.0,69.0,536.0,531.0,0.0,14.0,74.0,7.0,902.0,0.0,12.0,55.0,0,0,0,0,0,1,0,0,1,0,1,0,0,0,0,0,0,0,0,0,0,0,0,0,0,0,0,0,0,0,0,0,0,0,0,0,0,0,0,0.4389,0.3378,0.29,0.21
2015,greenfield union elementary,"Town, distant",0.13,0.11,0.38,0.12,0.13,,,,,0.13,,,,52.0,41.0,12.0,23.0,27.0,,0.0,0.0,0.0,52.0,,,0.0,404.0,372.0,32.0,193.0,211.0,,1.0,1.0,2.0,396.0,,,4.0,0,0,0,0,0,1,1,1,1,0,1,1,1,0,0,0,0,0,1,0,0,0,0,1,1,0,0,0,0,0,0,1,0,0,0,0,1,1,0,,,,
2016,greenfield union elementary,"Town, distant",0.17,0.15,0.41,0.15,0.19,,,,,0.17,,,,71.0,57.0,16.0,30.0,44.0,,,,0.0,70.0,,,0.0,419.0,380.0,39.0,189.0,230.0,,,,2.0,413.0,,,3.0,0,0,0,0,0,1,1,1,1,0,1,1,1,0,0,0,0,0,1,1,1,0,0,1,1,0,0,0,0,0,0,1,1,1,0,0,1,1,0,0.13,,,
2017,greenfield union elementary,"Town, distant",0.2035,0.2016,0.2258,0.1827,0.2233,,,,,0.2015,,,,82.0,75.0,7.0,36.0,46.0,,,,,80.0,0.0,,0.0,403.0,372.0,31.0,197.0,206.0,,,,,397.0,0.0,,0.0,0,0,0,0,0,1,1,1,1,0,1,1,1,0,0,0,0,0,1,1,1,1,0,0,1,0,0,0,0,0,0,1,1,1,1,0,0,1,0,0.17,0.13,,
2018,greenfield union elementary,"Town, distant",0.199,0.1968,0.25,0.1927,0.2051,,,,,0.1963,,,,77.0,73.0,4.0,37.0,40.0,0.0,,0.0,0.0,74.0,0.0,,0.0,388.0,372.0,16.0,192.0,196.0,0.0,,0.0,0.0,378.0,0.0,,0.0,0,0,0,0,0,1,1,1,1,0,1,1,1,0,0,0,0,0,0,1,0,0,0,0,1,0,0,0,0,0,0,0,1,0,0,0,0,1,0,0.2035,0.17,0.13,
2019,greenfield union elementary,"Town, distant",0.172,0.1608,0.3,0.1686,0.175,,,,,0.1671,,,,64.0,55.0,9.0,29.0,35.0,0.0,,0.0,,61.0,,0.0,0.0,372.0,342.0,30.0,172.0,200.0,0.0,,0.0,,365.0,,0.0,0.0,0,0,0,0,0,1,1,1,1,0,1,1,1,0,0,0,0,0,0,1,0,1,0,1,0,0,0,0,0,0,0,0,1,0,1,0,1,0,0,0.199,0.2035,0.17,0.13
2015,grenada elementary,"Rural, distant",0.42,0.46,0.36,,0.35,,,,,,,,0.43,10.0,6.0,4.0,0.0,6.0,,,0.0,,,,0.0,9.0,24.0,13.0,11.0,7.0,17.0,,,2.0,,,,1.0,21.0,0,0,0,1,0,1,1,1,1,1,1,1,0,0,0,0,0,0,1,1,0,1,1,1,0,0,0,0,0,0,0,1,1,0,1,1,1,0,0,,,,
2016,grenada elementary,"Rural, distant",0.35,0.27,,0.29,,,,,,,,,0.37,8.0,4.0,0.0,4.0,0.0,,,,,0.0,,0.0,7.0,23.0,15.0,8.0,14.0,9.0,,,,,3.0,,1.0,19.0,0,0,1,0,1,1,1,1,1,1,1,1,0,0,0,0,0,0,1,1,1,1,0,1,0,0,0,0,0,0,0,1,1,1,1,0,1,0,0,0.42,,,
2017,grenada elementary,"Rural, distant",0.4167,0.4,,0.3636,0.4615,,,,,,,,0.4286,10.0,6.0,0.0,4.0,6.0,0.0,,,,0.0,,0.0,9.0,24.0,15.0,0.0,11.0,13.0,0.0,,,,0.0,,0.0,21.0,0,0,1,0,0,1,1,1,1,1,1,1,0,0,0,0,0,0,0,1,1,1,0,1,0,0,0,0,0,0,0,0,1,1,1,0,1,0,0,0.35,0.42,,
2018,grenada elementary,"Rural, distant",0.6,,0.4545,,0.75,,,,,,,,0.5714,12.0,0.0,5.0,0.0,9.0,,,0.0,,0.0,,0.0,8.0,20.0,0.0,11.0,0.0,12.0,,,0.0,,0.0,,0.0,14.0,0,1,0,1,0,1,1,1,1,1,1,1,0,0,0,0,0,0,1,1,0,1,0,1,0,0,0,0,0,0,0,1,1,0,1,0,1,0,0,0.4167,0.35,0.42,
2019,grenada elementary,"Rural, distant",0.5833,0.3333,0.8333,0.7692,0.3636,,,,,,,,0.5882,14.0,4.0,10.0,10.0,4.0,0.0,,0.0,,0.0,,0.0,10.0,24.0,12.0,12.0,13.0,11.0,0.0,,0.0,,0.0,,0.0,17.0,0,0,0,0,0,1,1,1,1,1,1,1,0,0,0,0,0,0,0,1,0,1,0,1,0,0,0,0,0,0,0,0,1,0,1,0,1,0,0,0.6,0.4167,0.35,0.42
2015,gridley unified,"Town, distant",0.23,0.18,0.38,0.25,0.22,,,,,0.18,,,0.32,36.0,21.0,15.0,18.0,18.0,0.0,0.0,0.0,,16.0,,,18.0,155.0,115.0,40.0,71.0,84.0,1.0,1.0,2.0,,87.0,,,58.0,0,0,0,0,0,1,1,1,1,0,1,1,0,0,0,0,0,0,0,0,0,1,0,1,1,0,0,0,0,0,0,0,0,0,1,0,1,1,0,,,,
2016,gridley unified,"Town, distant",0.48,0.46,0.54,0.45,0.52,,,,,0.41,,,0.56,69.0,48.0,20.0,35.0,33.0,,0.0,,,34.0,,,27.0,142.0,105.0,37.0,78.0,64.0,,2.0,,,82.0,,,48.0,0,0,0,0,0,1,1,1,1,0,1,1,0,0,0,0,0,0,1,0,1,1,0,1,1,0,0,0,0,0,0,1,0,1,1,0,1,1,0,0.23,,,
2017,gridley unified,"Town, distant",0.3649,0.3056,0.525,0.3733,0.3562,,,,,0.3182,,,0.5116,54.0,33.0,21.0,28.0,26.0,,0.0,0.0,,28.0,,0.0,22.0,148.0,108.0,40.0,75.0,73.0,,0.0,0.0,,88.0,,0.0,43.0,0,0,0,0,0,1,1,1,1,0,1,1,0,0,0,0,0,0,1,0,0,1,0,1,0,0,0,0,0,0,0,1,0,0,1,0,1,0,0,0.48,0.23,,
2018,gridley unified,"Town, distant",0.4,0.3704,0.4865,0.3378,0.4648,,,,,0.3721,,,0.5116,58.0,40.0,18.0,25.0,33.0,,0.0,0.0,,32.0,,0.0,22.0,145.0,108.0,37.0,74.0,71.0,,0.0,0.0,,86.0,,0.0,43.0,0,0,0,0,0,1,1,1,1,0,1,1,0,0,0,0,0,0,1,0,0,1,0,1,0,0,0,0,0,0,0,1,0,0,1,0,1,0,0,0.3649,0.48,0.23,
2019,gridley unified,"Town, distant",0.4792,0.4107,0.7188,0.493,0.4658,,,,,0.375,,,0.6341,69.0,46.0,23.0,35.0,34.0,,0.0,0.0,,33.0,0.0,0.0,26.0,144.0,112.0,32.0,71.0,73.0,,5.0,0.0,,88.0,0.0,0.0,41.0,0,0,0,0,0,1,1,1,1,0,1,1,0,0,0,0,0,0,1,0,0,1,0,0,0,0,0,0,0,0,0,1,0,0,1,0,0,0,0,0.4,0.3649,0.48,0.23
2015,guadalupe union elementary,"Town, fringe",0.05,0.03,0.13,0.0,0.08,,,,,0.04,,,,7.0,4.0,2.0,0.0,6.0,,,0.0,,5.0,,,0.0,133.0,118.0,15.0,61.0,72.0,,,1.0,,131.0,,,1.0,0,0,0,0,0,1,1,1,1,0,1,1,1,0,0,0,0,0,1,1,0,1,0,1,1,0,0,0,0,0,0,1,1,0,1,0,1,1,0,,,,
2016,guadalupe union elementary,"Town, fringe",0.05,0.05,0.0,0.05,0.04,,,,,0.05,,,,8.0,7.0,0.0,4.0,3.0,,,,0.0,8.0,,,0.0,156.0,143.0,13.0,78.0,78.0,,,,2.0,153.0,,,1.0,0,0,0,0,0,1,1,1,1,0,1,1,1,0,0,0,0,0,1,1,1,0,0,1,1,0,0,0,0,0,0,1,1,1,0,0,1,1,0,0.05,,,
2017,guadalupe union elementary,"Town, fringe",0.0752,0.082,0.0,0.0156,0.1304,,,,,0.0781,,,,10.0,10.0,0.0,1.0,9.0,,,,0.0,10.0,,0.0,0.0,133.0,122.0,11.0,64.0,69.0,,,,0.0,128.0,,0.0,0.0,0,0,0,0,0,1,1,1,1,0,1,1,1,0,0,0,0,0,1,1,1,0,0,1,0,0,0,0,0,0,0,1,1,1,0,0,1,0,0,0.05,0.05,,
2018,guadalupe union elementary,"Town, fringe",0.2115,0.1613,0.2857,0.1807,0.2466,,,,,0.2129,,,,33.0,15.0,18.0,15.0,18.0,0.0,,,,33.0,,,,156.0,93.0,63.0,83.0,73.0,0.0,,,,155.0,,,,0,0,0,0,0,1,1,1,1,0,1,1,1,0,0,0,0,0,0,1,1,1,0,1,1,1,0,0,0,0,0,0,1,1,1,0,1,1,1,0.0752,0.05,0.05,
2019,guadalupe union elementary,"Town, fringe",0.1712,0.1684,0.1875,0.1321,0.2069,,,,,0.1604,,,,19.0,16.0,3.0,7.0,12.0,0.0,0.0,0.0,,17.0,,,0.0,111.0,95.0,16.0,53.0,58.0,0.0,0.0,0.0,,106.0,,,0.0,0,0,0,0,0,1,1,1,1,0,1,1,1,0,0,0,0,0,0,0,0,1,0,1,1,0,0,0,0,0,0,0,0,0,1,0,1,1,0,0.2115,0.0752,0.05,0.05
2015,guerneville elementary,"Town, fringe",0.48,0.43,,,0.5,,,,,,,,0.62,10.0,6.0,0.0,0.0,6.0,,,0.0,,0.0,,,8.0,22.0,15.0,7.0,9.0,13.0,,,2.0,,7.0,,,13.0,0,0,1,1,0,1,1,1,1,1,1,1,0,0,0,0,0,0,1,1,0,1,0,1,1,0,0,0,0,0,0,1,1,0,1,0,1,1,0,,,,
2016,guerneville elementary,"Town, fringe",0.43,0.26,0.75,0.41,0.44,,,,,,,,0.5,15.0,6.0,9.0,7.0,8.0,,,,,0.0,,0.0,12.0,35.0,23.0,12.0,17.0,18.0,,,,,10.0,,1.0,24.0,0,0,0,0,0,1,1,1,1,1,1,1,0,0,0,0,0,0,1,1,1,1,0,1,0,0,0,0,0,0,0,1,1,1,1,0,1,0,0,0.48,,,
2017,guerneville elementary,"Town, fringe",0.3333,0.25,,0.1765,0.5,,,,,0.2308,,,0.4444,11.0,6.0,0.0,3.0,8.0,0.0,,0.0,0.0,3.0,,0.0,8.0,34.0,25.0,0.0,17.0,17.0,0.0,,0.0,0.0,14.0,,0.0,18.0,0,0,1,0,0,1,1,1,1,0,1,1,0,0,0,0,0,0,0,1,0,0,0,1,0,0,0,0,0,0,0,0,1,0,0,0,1,0,0,0.43,0.48,,
2018,guerneville elementary,"Town, fringe",0.4783,0.2727,0.6667,,0.4615,,,,,,,,0.6923,11.0,3.0,8.0,0.0,6.0,0.0,0.0,,0.0,0.0,,,9.0,23.0,11.0,12.0,0.0,13.0,0.0,0.0,,0.0,0.0,,,13.0,0,0,0,1,0,1,1,1,1,1,1,1,0,0,0,0,0,0,0,0,1,0,0,1,1,0,0,0,0,0,0,0,0,1,0,0,1,1,0,0.3333,0.43,0.48,
2019,guerneville elementary,"Town, fringe",0.5,0.4615,,0.4167,0.5556,,,,,0.4545,,,0.5,15.0,12.0,0.0,5.0,10.0,0.0,,,,5.0,,0.0,8.0,30.0,26.0,4.0,12.0,18.0,0.0,,,,11.0,,0.0,16.0,0,0,1,0,0,1,1,1,1,0,1,1,0,0,0,0,0,0,0,1,1,1,0,1,0,0,0,0,0,0,0,0,1,1,1,0,1,0,0,0.4783,0.3333,0.43,0.48
2015,gustine unified,"Rural, fringe",0.09,0.06,0.22,0.08,0.09,,,,,0.07,,,0.2,11.0,7.0,5.0,6.0,6.0,,,0.0,,8.0,,0.0,4.0,141.0,118.0,23.0,74.0,67.0,,,1.0,,116.0,,4.0,20.0,0,0,0,0,0,1,1,1,1,0,1,1,0,0,0,0,0,0,1,1,0,1,0,1,0,0,0,0,0,0,0,1,1,0,1,0,1,0,0,,,,
2016,gustine unified,"Rural, fringe",0.08,0.08,0.09,0.06,0.11,,,,,0.08,,,0.05,13.0,10.0,2.0,4.0,8.0,0.0,0.0,0.0,,9.0,0.0,0.0,1.0,144.0,121.0,23.0,72.0,72.0,1.0,1.0,1.0,,118.0,1.0,2.0,20.0,0,0,0,0,0,1,1,1,1,0,1,1,0,0,0,0,0,0,0,0,0,1,0,0,0,0,0,0,0,0,0,0,0,0,1,0,0,0,0,0.09,,,
2017,gustine unified,"Rural, fringe",0.1838,0.1478,0.381,0.1846,0.1831,,,,,0.1624,,,0.3846,25.0,17.0,8.0,12.0,13.0,0.0,,0.0,0.0,19.0,,,5.0,136.0,115.0,21.0,65.0,71.0,0.0,,0.0,0.0,117.0,,,13.0,0,0,0,0,0,1,1,1,1,0,1,1,0,0,0,0,0,0,0,1,0,0,0,1,1,0,0,0,0,0,0,0,1,0,0,0,1,1,0,0.08,0.09,,
2018,gustine unified,"Rural, fringe",0.2288,0.2212,0.2857,0.2059,0.26,,,,,0.2358,,,,27.0,23.0,4.0,14.0,13.0,,,,0.0,25.0,,0.0,0.0,118.0,104.0,14.0,68.0,50.0,,,,0.0,106.0,,0.0,0.0,0,0,0,0,0,1,1,1,1,0,1,1,1,0,0,0,0,0,1,1,1,0,0,1,0,0,0,0,0,0,0,1,1,1,0,0,1,0,0,0.1838,0.08,0.09,
2019,gustine unified,"Rural, fringe",0.1942,0.178,0.2857,0.1831,0.2059,,,,,0.178,,,0.25,27.0,21.0,6.0,13.0,14.0,0.0,,,,21.0,,0.0,4.0,139.0,118.0,21.0,71.0,68.0,0.0,,,,118.0,,0.0,16.0,0,0,0,0,0,1,1,1,1,0,1,1,0,0,0,0,0,0,0,1,1,1,0,1,0,0,0,0,0,0,0,0,1,1,1,0,1,0,0,0.2288,0.1838,0.08,0.09
2015,hacienda la puente unified,"Suburb, large",0.35,0.22,0.4,0.37,0.33,,0.73,0.13,0.56,0.28,,,0.41,504.0,95.0,402.0,275.0,230.0,0.0,146.0,2.0,15.0,318.0,0.0,0.0,18.0,1441.0,436.0,1005.0,745.0,696.0,1.0,200.0,16.0,27.0,1138.0,7.0,8.0,44.0,0,0,0,0,0,1,0,0,0,0,1,1,0,0,0,0,0,0,0,0,0,0,0,0,0,0,0,0,0,0,0,0,0,0,0,0,0,0,0,,,,
2016,hacienda la puente unified,"Suburb, large",0.41,0.34,0.66,0.41,0.41,,0.82,,0.64,0.33,,,0.62,591.0,380.0,214.0,293.0,304.0,0.0,154.0,0.0,14.0,380.0,0.0,0.0,35.0,1441.0,1117.0,324.0,716.0,725.0,1.0,188.0,5.0,22.0,1153.0,10.0,5.0,56.0,0,0,0,0,0,1,0,1,0,0,1,1,0,0,0,0,0,0,0,0,0,0,0,0,0,0,0,0,0,0,0,0,0,0,0,0,0,0,0,0.35,,,
2017,hacienda la puente unified,"Suburb, large",0.4202,0.357,0.6242,0.393,0.4469,,0.8077,,0.65,0.3436,,,0.6286,558.0,362.0,196.0,259.0,299.0,,147.0,0.0,13.0,368.0,0.0,0.0,22.0,1329.0,1015.0,314.0,660.0,669.0,,182.0,0.0,20.0,1072.0,0.0,0.0,35.0,0,0,0,0,0,1,0,1,0,0,1,1,0,0,0,0,0,0,1,0,0,0,0,0,0,0,0,0,0,0,0,1,0,0,0,0,0,0,0,0.41,0.35,,
2018,hacienda la puente unified,"Suburb, large",0.441,0.3626,0.6807,0.4375,0.4446,,0.8477,0.2857,0.6667,0.3567,,,0.5,594.0,368.0,226.0,301.0,293.0,0.0,167.0,4.0,18.0,376.0,0.0,0.0,20.0,1347.0,1015.0,332.0,688.0,659.0,0.0,197.0,14.0,27.0,1054.0,0.0,0.0,40.0,0,0,0,0,0,1,0,0,0,0,1,1,0,0,0,0,0,0,0,0,0,0,0,0,0,0,0,0,0,0,0,0,0,0,0,0,0,0,0,0.4202,0.41,0.35,
2019,hacienda la puente unified,"Suburb, large",0.477,0.3949,0.7426,0.4763,0.4777,,0.8122,0.1818,0.6875,0.4053,,,0.6333,616.0,390.0,227.0,294.0,321.0,0.0,161.0,2.0,11.0,413.0,0.0,0.0,19.0,1291.0,986.0,305.0,617.0,674.0,0.0,199.0,12.0,16.0,1019.0,0.0,8.0,30.0,0,0,0,0,0,1,0,0,0,0,1,1,0,0,0,0,0,0,0,0,0,0,0,0,0,0,0,0,0,0,0,0,0,0,0,0,0,0,0,0.441,0.4202,0.41,0.35
2015,hamilton unified,"Rural, distant",0.03,0.0,,0.06,0.0,,,,,0.03,,,,1.0,0.0,0.0,1.0,0.0,,,,,1.0,,,,36.0,34.0,2.0,18.0,18.0,,,,,36.0,,,,0,0,1,0,0,1,1,1,1,0,1,1,1,0,0,0,0,0,1,1,1,1,0,1,1,1,0,0,0,0,0,1,1,1,1,0,1,1,1,,,,
2016,hamilton unified,"Rural, distant",0.11,0.1,,0.13,0.08,,,,,0.13,,,,6.0,5.0,0.0,4.0,2.0,,0.0,,,6.0,,,0.0,55.0,52.0,3.0,30.0,25.0,,1.0,,,48.0,,,1.0,0,0,1,0,0,1,1,1,1,0,1,1,1,0,0,0,0,0,1,0,1,1,0,1,1,0,0,0,0,0,0,1,0,1,1,0,1,1,0,0.03,,,
2017,hamilton unified,"Rural, distant",0.0588,0.0,,0.0455,0.0833,,,,,0.0625,,,,2.0,0.0,0.0,1.0,1.0,0.0,,,,2.0,,,,34.0,32.0,0.0,22.0,12.0,0.0,,,,32.0,,,,0,0,1,0,0,1,1,1,1,0,1,1,1,0,0,0,0,0,0,1,1,1,0,1,1,1,0,0,0,0,0,0,1,1,1,0,1,1,1,0.11,0.03,,
2018,hamilton unified,"Rural, distant",0.2,0.1636,,0.1,0.3,,,,,0.2075,,,,12.0,9.0,0.0,3.0,9.0,0.0,0.0,,,11.0,,,,60.0,55.0,0.0,30.0,30.0,0.0,0.0,,,53.0,,,,0,0,1,0,0,1,1,1,1,0,1,1,1,0,0,0,0,0,0,0,1,1,0,1,1,1,0,0,0,0,0,0,0,1,1,0,1,1,1,0.0588,0.11,0.03,
2019,hamilton unified,"Rural, distant",0.1463,0.1579,,0.1053,0.1818,,,,,0.1463,,,,6.0,6.0,0.0,2.0,4.0,,,,,6.0,,,,41.0,38.0,0.0,19.0,22.0,,,,,41.0,,,,0,0,1,0,0,1,1,1,1,0,1,1,1,0,0,0,0,0,1,1,1,1,0,1,1,1,0,0,0,0,0,1,1,1,1,0,1,1,1,0.2,0.0588,0.11,0.03
2015,hanford elementary,"City, small",0.23,0.18,0.44,0.25,0.22,,,0.09,,0.2,,0.38,0.37,164.0,95.0,70.0,91.0,80.0,0.0,0.0,3.0,0.0,100.0,,5.0,48.0,713.0,555.0,158.0,367.0,346.0,2.0,7.0,34.0,6.0,524.0,,14.0,126.0,0,0,0,0,0,1,1,0,1,0,1,0,0,0,0,0,0,0,0,0,0,0,0,1,0,0,0,0,0,0,0,0,0,0,0,0,1,0,0,,,,
2016,hanford elementary,"City, small",0.28,0.24,0.49,0.28,0.28,,,0.23,,0.26,,0.27,0.37,180.0,129.0,51.0,88.0,91.0,0.0,0.0,7.0,0.0,123.0,0.0,4.0,37.0,641.0,536.0,105.0,315.0,326.0,4.0,8.0,30.0,9.0,474.0,1.0,15.0,99.0,0,0,0,0,0,1,1,0,1,0,1,0,0,0,0,0,0,0,0,0,0,0,0,0,0,0,0,0,0,0,0,0,0,0,0,0,0,0,0,0.23,,,
2017,hanford elementary,"City, small",0.2944,0.2312,0.5278,0.2779,0.3101,,,0.2857,,0.2505,,0.4167,0.5054,199.0,123.0,76.0,92.0,107.0,0.0,0.0,8.0,0.0,129.0,,10.0,47.0,676.0,532.0,144.0,331.0,345.0,0.0,0.0,28.0,0.0,515.0,,24.0,93.0,0,0,0,0,0,1,1,0,1,0,1,0,0,0,0,0,0,0,0,0,0,0,0,1,0,0,0,0,0,0,0,0,0,0,0,0,1,0,0,0.28,0.23,,
2018,hanford elementary,"City, small",0.3744,0.3225,0.6032,0.3864,0.3617,,,0.2188,,0.3398,,0.55,0.5657,255.0,179.0,76.0,136.0,119.0,0.0,0.0,7.0,0.0,176.0,,11.0,56.0,681.0,555.0,126.0,352.0,329.0,0.0,0.0,32.0,0.0,518.0,,20.0,99.0,0,0,0,0,0,1,1,0,1,0,1,0,0,0,0,0,0,0,0,0,0,0,0,1,0,0,0,0,0,0,0,0,0,0,0,0,1,0,0,0.2944,0.28,0.23,
2019,hanford elementary,"City, small",0.3587,0.3024,0.5887,0.3569,0.3607,,,0.2963,,0.3461,,0.4375,0.4321,226.0,153.0,73.0,116.0,110.0,0.0,0.0,8.0,0.0,172.0,0.0,7.0,35.0,631.0,507.0,124.0,325.0,306.0,0.0,4.0,27.0,0.0,498.0,0.0,16.0,81.0,0,0,0,0,0,1,1,0,1,0,1,0,0,0,0,0,0,0,0,0,0,0,0,0,0,0,0,0,0,0,0,0,0,0,0,0,0,0,0,0.3744,0.2944,0.28,0.23
2015,happy valley elementary,"Rural, fringe",0.6,,0.58,0.57,,,,,,,,,0.67,12.0,0.0,11.0,8.0,0.0,,0.0,,,,,0.0,8.0,20.0,1.0,19.0,14.0,6.0,,3.0,,,,,4.0,12.0,0,1,0,0,1,1,1,1,1,1,1,1,0,0,0,0,0,0,1,0,1,1,1,1,0,0,0,0,0,0,0,1,0,1,1,1,1,0,0,,,,
2016,happy valley elementary,"Rural, fringe",0.68,,0.71,0.55,,,,,,,,,0.75,13.0,0.0,12.0,6.0,0.0,,0.0,,,0.0,,0.0,12.0,19.0,2.0,17.0,11.0,8.0,,1.0,,,1.0,,1.0,16.0,0,1,0,0,1,1,1,1,1,1,1,1,0,0,0,0,0,0,1,0,1,1,0,1,0,0,0,0,0,0,0,1,0,1,1,0,1,0,0,0.6,,,
2017,happy valley elementary,"Rural, fringe",0.6,,0.6154,,,,,,,,,,0.75,9.0,0.0,8.0,0.0,0.0,0.0,,,,0.0,,0.0,9.0,15.0,0.0,13.0,0.0,0.0,0.0,,,,0.0,,0.0,12.0,0,1,0,1,1,1,1,1,1,1,1,1,0,0,0,0,0,0,0,1,1,1,0,1,0,0,0,0,0,0,0,0,1,1,1,0,1,0,0,0.68,0.6,,
2018,happy valley elementary,"Rural, fringe",0.5882,,0.6,,0.6364,,,,,,,,0.5455,10.0,0.0,9.0,0.0,7.0,,0.0,,,,,0.0,6.0,17.0,0.0,15.0,0.0,11.0,,0.0,,,,,0.0,11.0,0,1,0,1,0,1,1,1,1,1,1,1,0,0,0,0,0,0,1,0,1,1,1,1,0,0,0,0,0,0,0,1,0,1,1,1,1,0,0,0.6,0.68,0.6,
2019,happy valley elementary,"Rural, fringe",0.7647,,0.7647,,,,,,,,,,0.7692,13.0,,13.0,0.0,0.0,,,,,0.0,,0.0,10.0,17.0,,17.0,8.0,9.0,,,,,0.0,,0.0,13.0,0,1,0,1,1,1,1,1,1,1,1,1,0,0,1,0,0,0,1,1,1,1,0,1,0,0,0,1,0,0,0,1,1,1,1,0,1,0,0,0.5882,0.6,0.68,0.6
2015,harmony union elementary,"Suburb, large",0.33,0.18,0.46,,0.31,,,,,,,,0.41,8.0,2.0,6.0,0.0,5.0,,,0.0,,0.0,,0.0,7.0,24.0,11.0,13.0,8.0,16.0,,,1.0,,3.0,,3.0,17.0,0,0,0,1,0,1,1,1,1,1,1,1,0,0,0,0,0,0,1,1,0,1,0,1,0,0,0,0,0,0,0,1,1,0,1,0,1,0,0,,,,
2016,harmony union elementary,"Suburb, large",0.45,,0.58,,0.38,,,,,,,,0.46,9.0,0.0,7.0,0.0,5.0,0.0,0.0,,,0.0,,0.0,6.0,20.0,8.0,12.0,7.0,13.0,1.0,1.0,,,4.0,,1.0,13.0,0,1,0,1,0,1,1,1,1,1,1,1,0,0,0,0,0,0,0,0,1,1,0,1,0,0,0,0,0,0,0,0,0,1,1,0,1,0,0,0.33,,,
2017,harmony union elementary,"Suburb, large",0.64,,0.7059,,0.5333,,,,,,,,0.65,16.0,0.0,12.0,0.0,8.0,,,,,0.0,,0.0,13.0,25.0,0.0,17.0,0.0,15.0,,,,,0.0,,0.0,20.0,0,1,0,1,0,1,1,1,1,1,1,1,0,0,0,0,0,0,1,1,1,1,0,1,0,0,0,0,0,0,0,1,1,1,1,0,1,0,0,0.45,0.33,,
2018,harmony union elementary,"Suburb, large",0.5185,,0.6842,0.4286,0.6154,,,,,,,,0.5556,14.0,0.0,13.0,6.0,8.0,,,,,0.0,,0.0,10.0,27.0,0.0,19.0,14.0,13.0,,,,,0.0,,0.0,18.0,0,1,0,0,0,1,1,1,1,1,1,1,0,0,0,0,0,0,1,1,1,1,0,1,0,0,0,0,0,0,0,1,1,1,1,0,1,0,0,0.64,0.45,0.33,
2019,harmony union elementary,"Rural, fringe",0.56,,0.6,0.5333,,,,,,,,,0.5263,14.0,0.0,12.0,8.0,0.0,0.0,,,,0.0,,0.0,10.0,25.0,5.0,20.0,15.0,10.0,0.0,,,,4.0,,0.0,19.0,0,1,0,0,1,1,1,1,1,1,1,1,0,0,0,0,0,0,0,1,1,1,0,1,0,0,0,0,0,0,0,0,1,1,1,0,1,0,0,0.5185,0.64,0.45,0.33
2015,hawthorne,"Suburb, large",0.23,0.22,0.29,0.22,0.24,,0.58,0.19,0.08,0.23,0.21,,0.43,199.0,172.0,25.0,96.0,104.0,0.0,11.0,33.0,1.0,146.0,3.0,0.0,6.0,868.0,783.0,85.0,434.0,434.0,4.0,19.0,171.0,12.0,632.0,14.0,2.0,14.0,0,0,0,0,0,1,0,0,0,0,0,1,0,0,0,0,0,0,0,0,0,0,0,0,0,0,0,0,0,0,0,0,0,0,0,0,0,0,0,,,,
2016,hawthorne,"Suburb, large",0.22,0.21,0.3,0.2,0.23,,,0.18,0.55,0.21,,,0.13,186.0,168.0,25.0,89.0,102.0,0.0,0.0,33.0,6.0,135.0,0.0,0.0,2.0,886.0,802.0,84.0,445.0,441.0,3.0,9.0,185.0,11.0,643.0,8.0,9.0,16.0,0,0,0,0,0,1,1,0,0,0,1,1,0,0,0,0,0,0,0,0,0,0,0,0,0,0,0,0,0,0,0,0,0,0,0,0,0,0,0,0.23,,,
2017,hawthorne,"Suburb, large",0.3146,0.3066,0.3929,0.3118,0.3171,,0.5833,0.2515,0.5833,0.3069,0.3846,,0.5217,285.0,252.0,33.0,135.0,150.0,0.0,14.0,42.0,7.0,201.0,5.0,0.0,12.0,906.0,822.0,84.0,433.0,473.0,0.0,24.0,167.0,12.0,655.0,13.0,0.0,23.0,0,0,0,0,0,1,0,0,0,0,0,1,0,0,0,0,0,0,0,0,0,0,0,0,0,0,0,0,0,0,0,0,0,0,0,0,0,0,0,0.22,0.23,,
2018,hawthorne,"Suburb, large",0.3778,0.359,0.5733,0.3358,0.4145,,0.6429,0.2924,0.5333,0.3914,,,0.4118,323.0,280.0,43.0,134.0,189.0,0.0,9.0,50.0,8.0,245.0,0.0,0.0,7.0,855.0,780.0,75.0,399.0,456.0,0.0,14.0,171.0,15.0,626.0,0.0,0.0,17.0,0,0,0,0,0,1,0,0,0,0,1,1,0,0,0,0,0,0,0,0,0,0,0,0,0,0,0,0,0,0,0,0,0,0,0,0,0,0,0,0.3146,0.22,0.23,
2019,hawthorne,"Suburb, large",0.4247,0.4175,0.4933,0.4021,0.4458,,0.6154,0.3902,0.4545,0.4324,0.2727,,0.3125,333.0,296.0,37.0,152.0,181.0,,8.0,64.0,5.0,243.0,3.0,0.0,5.0,784.0,709.0,75.0,378.0,406.0,,13.0,164.0,11.0,562.0,11.0,6.0,16.0,0,0,0,0,0,1,0,0,0,0,0,1,0,0,0,0,0,0,1,0,0,0,0,0,0,0,0,0,0,0,0,1,0,0,0,0,0,0,0,0.3778,0.3146,0.22,0.23
2015,hayward unified,"City, midsize",0.19,0.14,0.29,0.19,0.19,,0.32,0.16,0.32,0.15,0.09,0.36,0.38,337.0,184.0,164.0,167.0,170.0,0.0,46.0,27.0,39.0,187.0,5.0,17.0,23.0,1773.0,1227.0,546.0,879.0,894.0,6.0,142.0,166.0,121.0,1168.0,54.0,47.0,61.0,0,0,0,0,0,1,0,0,0,0,0,0,0,0,0,0,0,0,0,0,0,0,0,0,0,0,0,0,0,0,0,0,0,0,0,0,0,0,0,,,,
2016,hayward unified,"City, midsize",0.21,0.18,0.34,0.21,0.21,,0.46,0.14,0.35,0.16,0.18,0.33,0.35,390.0,269.0,123.0,193.0,197.0,0.0,62.0,25.0,39.0,191.0,11.0,20.0,34.0,1855.0,1492.0,363.0,917.0,938.0,9.0,135.0,179.0,115.0,1190.0,60.0,60.0,98.0,0,0,0,0,0,1,0,0,0,0,0,0,0,0,0,0,0,0,0,0,0,0,0,0,0,0,0,0,0,0,0,0,0,0,0,0,0,0,0,0.19,,,
2017,hayward unified,"City, midsize",0.222,0.1826,0.3398,0.2057,0.2374,,0.4219,0.1533,0.3776,0.1801,0.2642,0.3966,0.2759,368.0,227.0,141.0,166.0,202.0,0.0,54.0,23.0,37.0,199.0,14.0,23.0,16.0,1660.0,1245.0,415.0,809.0,851.0,0.0,128.0,151.0,98.0,1106.0,53.0,58.0,58.0,0,0,0,0,0,1,0,0,0,0,0,0,0,0,0,0,0,0,0,0,0,0,0,0,0,0,0,0,0,0,0,0,0,0,0,0,0,0,0,0.21,0.19,,
2018,hayward unified,"City, midsize",0.2614,0.2198,0.3333,0.2543,0.2681,,0.4754,0.1353,0.6117,0.2045,0.26,0.4219,0.3731,434.0,231.0,203.0,205.0,229.0,0.0,58.0,18.0,63.0,228.0,13.0,27.0,25.0,1661.0,1052.0,609.0,806.0,855.0,0.0,122.0,133.0,103.0,1116.0,50.0,64.0,67.0,0,0,0,0,0,1,0,0,0,0,0,0,0,0,0,0,0,0,0,0,0,0,0,0,0,0,0,0,0,0,0,0,0,0,0,0,0,0,0,0.222,0.21,0.19,
2019,hayward unified,"City, midsize",0.267,0.2309,0.3738,0.2422,0.2913,,0.5313,0.1761,0.4405,0.2165,0.24,0.4419,0.3889,435.0,281.0,154.0,195.0,240.0,0.0,68.0,25.0,37.0,234.0,12.0,38.0,21.0,1630.0,1217.0,413.0,805.0,825.0,0.0,128.0,142.0,84.0,1082.0,50.0,86.0,54.0,0,0,0,0,0,1,0,0,0,0,0,0,0,0,0,0,0,0,0,0,0,0,0,0,0,0,0,0,0,0,0,0,0,0,0,0,0,0,0,0.2614,0.222,0.21,0.19
2015,healdsburg unified,"Suburb, large",0.25,0.19,0.48,0.17,0.32,,,,,0.14,,,0.6,28.0,17.0,11.0,9.0,19.0,,0.0,,,12.0,,,15.0,113.0,90.0,23.0,53.0,60.0,,1.0,,,86.0,,,26.0,0,0,0,0,0,1,1,1,1,0,1,1,0,0,0,0,0,0,1,0,1,1,0,1,1,0,0,0,0,0,0,1,0,1,1,0,1,1,0,,,,
2016,healdsburg unified,"Suburb, large",0.37,0.19,0.67,0.38,0.35,,,,,0.22,,,0.68,42.0,14.0,28.0,20.0,22.0,,0.0,0.0,,16.0,0.0,0.0,23.0,114.0,72.0,42.0,52.0,62.0,,1.0,2.0,,74.0,2.0,1.0,34.0,0,0,0,0,0,1,1,1,1,0,1,1,0,0,0,0,0,0,1,0,0,1,0,0,0,0,0,0,0,0,0,1,0,0,1,0,0,0,0,0.25,,,
2017,healdsburg unified,"Suburb, large",0.3571,0.2254,0.7037,0.3333,0.38,,,,,0.2464,,,0.6667,35.0,16.0,19.0,16.0,19.0,,0.0,,,17.0,,,18.0,98.0,71.0,27.0,48.0,50.0,,0.0,,,69.0,,,27.0,0,0,0,0,0,1,1,1,1,0,1,1,0,0,0,0,0,0,1,0,1,1,0,1,1,0,0,0,0,0,0,1,0,1,1,0,1,1,0,0.37,0.25,,
2018,healdsburg unified,"Suburb, large",0.4184,0.2931,0.6,0.3673,0.4694,,,,,0.2698,,,0.7,41.0,17.0,24.0,18.0,23.0,,0.0,0.0,,17.0,0.0,0.0,21.0,98.0,58.0,40.0,49.0,49.0,,0.0,0.0,,63.0,0.0,0.0,30.0,0,0,0,0,0,1,1,1,1,0,1,1,0,0,0,0,0,0,1,0,0,1,0,0,0,0,0,0,0,0,0,1,0,0,1,0,0,0,0,0.3571,0.37,0.25,
2019,healdsburg unified,"Suburb, large",0.5733,0.4167,0.8519,0.4,0.725,,,,,0.4717,,,0.8095,43.0,20.0,23.0,14.0,29.0,,0.0,,,25.0,,,17.0,75.0,48.0,27.0,35.0,40.0,,0.0,,,53.0,,,21.0,0,0,0,0,0,1,1,1,1,0,1,1,0,0,0,0,0,0,1,0,1,1,0,1,1,0,0,0,0,0,0,1,0,1,1,0,1,1,0,0.4184,0.3571,0.37,0.25
2015,heber elementary,"Suburb, midsize",0.38,0.39,,0.42,0.33,,,,,0.37,,,,55.0,54.0,0.0,31.0,24.0,,,,,53.0,,,0.0,146.0,140.0,6.0,73.0,73.0,,,,,145.0,,,1.0,0,0,1,0,0,1,1,1,1,0,1,1,1,0,0,0,0,0,1,1,1,1,0,1,1,0,0,0,0,0,0,1,1,1,1,0,1,1,0,,,,
2016,heber elementary,"Suburb, midsize",0.46,0.46,0.42,0.48,0.44,,,,,0.47,,,,56.0,51.0,5.0,32.0,24.0,,,,,56.0,,0.0,0.0,122.0,110.0,12.0,67.0,55.0,,,,,120.0,,1.0,1.0,0,0,0,0,0,1,1,1,1,0,1,1,1,0,0,0,0,0,1,1,1,1,0,1,0,0,0,0,0,0,0,1,1,1,1,0,1,0,0,0.38,,,
2017,heber elementary,"Suburb, midsize",0.4153,0.4019,0.5455,0.3519,0.4688,,,,,0.4103,,,,52.0,46.0,7.0,19.0,33.0,,,,,51.0,,0.0,,125.0,113.0,12.0,55.0,70.0,,,,,124.0,,0.0,,0,0,0,0,0,1,1,1,1,0,1,1,1,0,0,0,0,0,1,1,1,1,0,1,0,1,0,0,0,0,0,1,1,1,1,0,1,0,1,0.46,0.38,,
2018,heber elementary,"Suburb, midsize",0.3846,0.3731,,0.3553,0.4179,,,,,0.3873,,,,55.0,50.0,0.0,27.0,28.0,,,,,55.0,,,0.0,143.0,134.0,0.0,76.0,67.0,,,,,142.0,,,0.0,0,0,1,0,0,1,1,1,1,0,1,1,1,0,0,0,0,0,1,1,1,1,0,1,1,0,0,0,0,0,0,1,1,1,1,0,1,1,0,0.4153,0.46,0.38,
2019,heber elementary,"Suburb, midsize",0.5041,0.4466,0.8333,0.5088,0.5,,,,,0.5083,,,,61.0,46.0,15.0,29.0,32.0,,,0.0,,61.0,,,,121.0,103.0,18.0,57.0,64.0,,,0.0,,120.0,,,,0,0,0,0,0,1,1,1,1,0,1,1,1,0,0,0,0,0,1,1,0,1,0,1,1,1,0,0,0,0,0,1,1,0,1,0,1,1,1,0.3846,0.4153,0.46,0.38
2015,helendale elementary,"Town, fringe",0.22,0.0,0.33,0.16,0.3,,,,,0.21,,,0.2,15.0,0.0,15.0,6.0,9.0,,0.0,0.0,0.0,5.0,,0.0,6.0,70.0,22.0,48.0,38.0,32.0,,2.0,5.0,2.0,26.0,,5.0,30.0,0,0,0,0,0,1,1,1,1,0,1,1,0,0,0,0,0,0,1,0,0,0,0,1,0,0,0,0,0,0,0,1,0,0,0,0,1,0,0,,,,
2016,helendale elementary,"Rural, fringe",0.29,0.21,0.37,0.23,0.34,,,,,0.26,,,0.35,22.0,9.0,13.0,9.0,13.0,,0.0,0.0,,9.0,0.0,0.0,12.0,78.0,43.0,35.0,40.0,38.0,,1.0,5.0,,35.0,1.0,2.0,34.0,0,0,0,0,0,1,1,1,1,0,1,1,0,0,0,0,0,0,1,0,0,1,0,0,0,0,0,0,0,0,0,1,0,0,1,0,0,0,0,0.22,,,
2017,helendale elementary,"Rural, fringe",0.3375,0.1111,0.5227,0.3333,0.3409,,,,,0.2,,,0.3696,27.0,4.0,23.0,12.0,15.0,,0.0,0.0,0.0,5.0,,0.0,17.0,80.0,36.0,44.0,36.0,44.0,,0.0,0.0,0.0,25.0,,0.0,46.0,0,0,0,0,0,1,1,1,1,0,1,1,0,0,0,0,0,0,1,0,0,0,0,1,0,0,0,0,0,0,0,1,0,0,0,0,1,0,0,0.29,0.22,,
2018,helendale elementary,"Rural, fringe",0.3855,0.2895,0.4667,0.3243,0.4348,,,,,0.359,,,0.4706,32.0,11.0,21.0,12.0,20.0,0.0,,0.0,,14.0,0.0,0.0,16.0,83.0,38.0,45.0,37.0,46.0,0.0,,0.0,,39.0,0.0,0.0,34.0,0,0,0,0,0,1,1,1,1,0,1,1,0,0,0,0,0,0,0,1,0,1,0,0,0,0,0,0,0,0,0,0,1,0,1,0,0,0,0,0.3375,0.29,0.22,
2019,helendale elementary,"Town, fringe",0.5143,0.4524,0.6071,0.4583,0.5435,,,,,0.4324,,,0.6,36.0,19.0,17.0,11.0,25.0,0.0,,0.0,0.0,16.0,0.0,0.0,15.0,70.0,42.0,28.0,24.0,46.0,0.0,,0.0,0.0,37.0,0.0,0.0,25.0,0,0,0,0,0,1,1,1,1,0,1,1,0,0,0,0,0,0,0,1,0,0,0,0,0,0,0,0,0,0,0,0,1,0,0,0,0,0,0,0.3855,0.3375,0.29,0.22
2015,hemet unified,"Suburb, midsize",0.27,0.22,0.48,0.25,0.29,0.31,0.67,0.09,0.46,0.24,,0.18,0.38,437.0,280.0,140.0,190.0,232.0,4.0,12.0,12.0,6.0,197.0,0.0,11.0,176.0,1559.0,1273.0,286.0,759.0,800.0,13.0,18.0,127.0,13.0,860.0,4.0,60.0,463.0,0,0,0,0,0,0,0,0,0,0,1,0,0,0,0,0,0,0,0,0,0,0,0,0,0,0,0,0,0,0,0,0,0,0,0,0,0,0,0,,,,
2016,hemet unified,"Suburb, midsize",0.26,0.21,0.49,0.26,0.26,,,0.12,0.48,0.21,,0.33,0.38,432.0,294.0,132.0,215.0,217.0,0.0,0.0,16.0,10.0,201.0,0.0,27.0,164.0,1663.0,1398.0,265.0,797.0,866.0,10.0,9.0,139.0,21.0,955.0,4.0,81.0,443.0,0,0,0,0,0,1,1,0,0,0,1,0,0,0,0,0,0,0,0,0,0,0,0,0,0,0,0,0,0,0,0,0,0,0,0,0,0,0,0,0.27,,,
2017,hemet unified,"Suburb, midsize",0.2633,0.2292,0.4354,0.2509,0.2756,0.1538,0.1818,0.1286,,0.2346,,0.253,0.3714,432.0,314.0,118.0,206.0,226.0,2.0,2.0,18.0,0.0,225.0,0.0,21.0,156.0,1641.0,1370.0,271.0,821.0,820.0,13.0,11.0,140.0,0.0,959.0,0.0,83.0,420.0,0,0,0,0,0,0,0,0,1,0,1,0,0,0,0,0,0,0,0,0,0,0,0,0,0,0,0,0,0,0,0,0,0,0,0,0,0,0,0,0.26,0.27,,
2018,hemet unified,"Suburb, midsize",0.2308,0.1939,0.441,0.2053,0.2555,,0.4615,0.106,0.5455,0.2066,,0.2651,0.3202,354.0,253.0,101.0,155.0,199.0,0.0,6.0,16.0,6.0,187.0,0.0,22.0,114.0,1534.0,1305.0,229.0,755.0,779.0,0.0,13.0,151.0,11.0,905.0,0.0,83.0,356.0,0,0,0,0,0,1,0,0,0,0,1,0,0,0,0,0,0,0,0,0,0,0,0,0,0,0,0,0,0,0,0,0,0,0,0,0,0,0,0,0.2633,0.26,0.27,
2019,hemet unified,"Suburb, midsize",0.2395,0.2229,0.3518,0.2178,0.2605,0.2727,,0.1448,,0.2167,,0.2985,0.3354,370.0,300.0,70.0,166.0,204.0,3.0,0.0,21.0,0.0,213.0,0.0,20.0,107.0,1547.0,1348.0,199.0,764.0,783.0,11.0,8.0,145.0,6.0,984.0,6.0,68.0,319.0,0,0,0,0,0,0,1,0,1,0,1,0,0,0,0,0,0,0,0,0,0,0,0,0,0,0,0,0,0,0,0,0,0,0,0,0,0,0,0,0.2308,0.2633,0.26,0.27
2015,hermosa beach city elementary,"Suburb, large",0.71,,0.72,0.64,0.76,,,,,0.64,,,0.72,101.0,0.0,99.0,36.0,66.0,0.0,0.0,,0.0,7.0,,0.0,81.0,143.0,5.0,138.0,56.0,87.0,1.0,7.0,,1.0,11.0,,10.0,113.0,0,1,0,0,0,1,1,1,1,0,1,1,0,0,0,0,0,0,0,0,1,0,0,1,0,0,0,0,0,0,0,0,0,1,0,0,1,0,0,,,,
2016,hermosa beach city elementary,"Suburb, large",0.72,,0.72,0.67,0.78,,,,,0.67,,0.89,0.7,121.0,0.0,116.0,60.0,61.0,0.0,0.0,,0.0,14.0,0.0,16.0,81.0,168.0,7.0,161.0,90.0,78.0,1.0,7.0,,1.0,21.0,2.0,18.0,117.0,0,1,0,0,0,1,1,1,1,0,1,0,0,0,0,0,0,0,0,0,1,0,0,0,0,0,0,0,0,0,0,0,0,1,0,0,0,0,0,0.71,,,
2017,hermosa beach city elementary,"Suburb, large",0.7895,,0.7905,0.7917,0.7875,,,,,0.6923,,,0.8034,120.0,0.0,117.0,57.0,63.0,,0.0,0.0,,9.0,0.0,0.0,94.0,152.0,0.0,148.0,72.0,80.0,,0.0,0.0,,13.0,0.0,0.0,117.0,0,1,0,0,0,1,1,1,1,0,1,1,0,0,0,0,0,0,1,0,0,1,0,0,0,0,0,0,0,0,0,1,0,0,1,0,0,0,0,0.72,0.71,,
2018,hermosa beach city elementary,"Suburb, large",0.7448,,0.7591,0.6892,0.8028,,,,,0.5714,,,0.7547,108.0,0.0,104.0,51.0,57.0,0.0,0.0,0.0,0.0,12.0,0.0,,80.0,145.0,0.0,137.0,74.0,71.0,0.0,0.0,0.0,0.0,21.0,0.0,,106.0,0,1,0,0,0,1,1,1,1,0,1,1,0,0,0,0,0,0,0,0,0,0,0,0,1,0,0,0,0,0,0,0,0,0,0,0,0,1,0,0.7895,0.72,0.71,
2019,hermosa beach city elementary,"Suburb, large",0.7931,,0.8143,0.7206,0.8571,,,,,0.5,,0.913,0.7959,115.0,0.0,114.0,49.0,66.0,,0.0,0.0,,6.0,0.0,21.0,78.0,145.0,5.0,140.0,68.0,77.0,,8.0,0.0,,12.0,0.0,23.0,98.0,0,1,0,0,0,1,1,1,1,0,1,0,0,0,0,0,0,0,1,0,0,1,0,0,0,0,0,0,0,0,0,1,0,0,1,0,0,0,0,0.7448,0.7895,0.72,0.71
2015,hesperia unified,"Suburb, large",0.21,0.17,0.34,0.18,0.23,0.21,0.28,0.17,,0.17,,0.11,0.32,344.0,216.0,123.0,155.0,191.0,3.0,5.0,14.0,0.0,180.0,0.0,2.0,116.0,1640.0,1268.0,372.0,813.0,827.0,14.0,18.0,84.0,8.0,1061.0,10.0,19.0,364.0,0,0,0,0,0,0,0,0,1,0,1,0,0,0,0,0,0,0,0,0,0,0,0,0,0,0,0,0,0,0,0,0,0,0,0,0,0,0,0,,,,
2016,hesperia unified,"Suburb, large",0.24,0.21,0.34,0.23,0.24,,0.29,0.12,,0.21,,0.31,0.33,387.0,279.0,120.0,185.0,220.0,0.0,6.0,10.0,0.0,219.0,0.0,8.0,138.0,1683.0,1330.0,353.0,803.0,880.0,6.0,21.0,81.0,8.0,1042.0,5.0,26.0,418.0,0,0,0,0,0,1,0,0,1,0,1,0,0,0,0,0,0,0,0,0,0,0,0,0,0,0,0,0,0,0,0,0,0,0,0,0,0,0,0,0.21,,,
2017,hesperia unified,"Suburb, large",0.2846,0.2238,0.4439,0.2686,0.2988,,,0.122,,0.2377,,,0.3731,450.0,256.0,194.0,199.0,251.0,0.0,0.0,5.0,0.0,232.0,0.0,0.0,25.0,1581.0,1144.0,437.0,741.0,840.0,0.0,0.0,41.0,0.0,976.0,0.0,0.0,67.0,0,0,0,0,0,1,1,0,1,0,1,1,0,0,0,0,0,0,0,0,0,0,0,0,0,0,0,0,0,0,0,0,0,0,0,0,0,0,0,0.24,0.21,,
2018,hesperia unified,"Suburb, large",0.2852,0.2395,0.4264,0.2657,0.3027,,,0.186,,0.2561,,,0.3232,460.0,292.0,168.0,203.0,257.0,0.0,0.0,8.0,0.0,263.0,0.0,0.0,32.0,1613.0,1219.0,394.0,764.0,849.0,0.0,0.0,43.0,0.0,1027.0,0.0,0.0,99.0,0,0,0,0,0,1,1,0,1,0,1,1,0,0,0,0,0,0,0,0,0,0,0,0,0,0,0,0,0,0,0,0,0,0,0,0,0,0,0,0.2846,0.24,0.21,
2019,hesperia unified,"Suburb, large",0.2812,0.2395,0.4338,0.2843,0.2783,,0.5833,0.1444,,0.244,,,0.3723,426.0,285.0,141.0,207.0,219.0,0.0,7.0,13.0,0.0,253.0,0.0,0.0,105.0,1515.0,1190.0,325.0,728.0,787.0,5.0,12.0,90.0,0.0,1037.0,6.0,10.0,282.0,0,0,0,0,0,1,0,0,1,0,1,1,0,0,0,0,0,0,0,0,0,0,0,0,0,0,0,0,0,0,0,0,0,0,0,0,0,0,0,0.2852,0.2846,0.24,0.21
2015,hilmar unified,"Rural, fringe",0.13,0.09,0.19,0.17,0.08,,,,,0.12,,,0.13,21.0,11.0,11.0,15.0,7.0,0.0,,,,11.0,,0.0,11.0,174.0,116.0,58.0,90.0,84.0,1.0,,,,90.0,,1.0,82.0,0,0,0,0,0,1,1,1,1,0,1,1,0,0,0,0,0,0,0,1,1,1,0,1,0,0,0,0,0,0,0,0,1,1,1,0,1,0,0,,,,
2016,hilmar unified,"Rural, fringe",0.21,0.09,0.44,0.25,0.18,,,,,0.09,,,0.31,37.0,10.0,28.0,20.0,18.0,0.0,0.0,,0.0,7.0,,0.0,29.0,178.0,115.0,63.0,80.0,98.0,2.0,1.0,,1.0,77.0,,4.0,93.0,0,0,0,0,0,1,1,1,1,0,1,1,0,0,0,0,0,0,0,0,1,0,0,1,0,0,0,0,0,0,0,0,0,1,0,0,1,0,0,0.13,,,
2017,hilmar unified,"Rural, fringe",0.2349,0.15,0.3636,0.225,0.2442,,,,,0.0875,,,0.369,39.0,15.0,24.0,18.0,21.0,0.0,,,,7.0,,,31.0,166.0,100.0,66.0,80.0,86.0,0.0,,,,80.0,,,84.0,0,0,0,0,0,1,1,1,1,0,1,1,0,0,0,0,0,0,0,1,1,1,0,1,1,0,0,0,0,0,0,0,1,1,1,0,1,1,0,0.21,0.13,,
2018,hilmar unified,"Rural, fringe",0.25,0.156,0.4127,0.2299,0.2706,,,,,0.0909,,,0.4321,43.0,17.0,26.0,20.0,23.0,0.0,,0.0,,8.0,,0.0,35.0,172.0,109.0,63.0,87.0,85.0,0.0,,0.0,,88.0,,0.0,81.0,0,0,0,0,0,1,1,1,1,0,1,1,0,0,0,0,0,0,0,1,0,1,0,1,0,0,0,0,0,0,0,0,1,0,1,0,1,0,0,0.2349,0.21,0.13,
2019,hilmar unified,"Rural, fringe",0.2701,0.2111,0.383,0.2167,0.3117,,,,,0.1636,,,0.3418,37.0,19.0,18.0,13.0,24.0,,,,0.0,9.0,,0.0,27.0,137.0,90.0,47.0,60.0,77.0,,,,0.0,55.0,,0.0,79.0,0,0,0,0,0,1,1,1,1,0,1,1,0,0,0,0,0,0,1,1,1,0,0,1,0,0,0,0,0,0,0,1,1,1,0,0,1,0,0,0.25,0.2349,0.21,0.13
2015,hollister,"Town, distant",0.26,0.15,0.47,0.28,0.24,,0.58,,,0.21,,,0.38,164.0,62.0,100.0,90.0,73.0,,7.0,0.0,0.0,104.0,0.0,0.0,25.0,630.0,419.0,211.0,322.0,308.0,,12.0,2.0,5.0,496.0,3.0,1.0,65.0,0,0,0,0,0,1,0,1,1,0,1,1,0,0,0,0,0,0,1,0,0,0,0,0,0,0,0,0,0,0,0,1,0,0,0,0,0,0,0,,,,
2016,hollister,"Town, distant",0.27,0.21,0.4,0.28,0.27,,,,,0.23,,,0.42,161.0,84.0,80.0,80.0,84.0,0.0,0.0,0.0,0.0,105.0,0.0,0.0,47.0,597.0,397.0,200.0,285.0,312.0,1.0,10.0,2.0,5.0,457.0,1.0,1.0,111.0,0,0,0,0,0,1,1,1,1,0,1,1,0,0,0,0,0,0,0,0,0,0,0,0,0,0,0,0,0,0,0,0,0,0,0,0,0,0,0,0.26,,,
2017,hollister,"Town, distant",0.3523,0.2821,0.4974,0.338,0.3664,,,,,0.3148,,,0.5556,204.0,110.0,94.0,97.0,107.0,0.0,0.0,0.0,0.0,153.0,,0.0,40.0,579.0,390.0,189.0,287.0,292.0,0.0,0.0,0.0,0.0,486.0,,0.0,72.0,0,0,0,0,0,1,1,1,1,0,1,1,0,0,0,0,0,0,0,0,0,0,0,1,0,0,0,0,0,0,0,0,0,0,0,0,1,0,0,0.27,0.26,,
2018,hollister,"Town, distant",0.3888,0.3325,0.5,0.3732,0.4042,,,,,0.3606,,,0.5278,222.0,126.0,96.0,106.0,116.0,0.0,0.0,0.0,0.0,172.0,0.0,0.0,38.0,571.0,379.0,192.0,284.0,287.0,0.0,0.0,0.0,0.0,477.0,0.0,0.0,72.0,0,0,0,0,0,1,1,1,1,0,1,1,0,0,0,0,0,0,0,0,0,0,0,0,0,0,0,0,0,0,0,0,0,0,0,0,0,0,0,0.3523,0.27,0.26,
2019,hollister,"Town, distant",0.3853,0.3243,0.4885,0.3791,0.3909,,,,,0.3487,,,0.5556,225.0,119.0,106.0,105.0,120.0,,0.0,0.0,0.0,166.0,,0.0,45.0,584.0,367.0,217.0,277.0,307.0,,8.0,5.0,0.0,476.0,,5.0,81.0,0,0,0,0,0,1,1,1,1,0,1,1,0,0,0,0,0,0,1,0,0,0,0,1,0,0,0,0,0,0,0,1,0,0,0,0,1,0,0,0.3888,0.3523,0.27,0.26
2015,holtville unified,"Town, fringe",0.22,0.2,0.28,0.28,0.19,,,,,0.21,,,,28.0,17.0,10.0,13.0,14.0,,,,,24.0,,,0.0,122.0,87.0,35.0,48.0,74.0,,,,,114.0,,,8.0,0,0,0,0,0,1,1,1,1,0,1,1,1,0,0,0,0,0,1,1,1,1,0,1,1,0,0,0,0,0,0,1,1,1,1,0,1,1,0,,,,
2016,holtville unified,"Town, fringe",0.38,0.31,0.61,0.41,0.36,,,,,0.35,,,0.5,43.0,26.0,17.0,22.0,21.0,,,,,33.0,,0.0,9.0,113.0,85.0,28.0,54.0,59.0,,,,,93.0,,2.0,18.0,0,0,0,0,0,1,1,1,1,0,1,1,0,0,0,0,0,0,1,1,1,1,0,1,0,0,0,0,0,0,0,1,1,1,1,0,1,0,0,0.22,,,
2017,holtville unified,"Town, fringe",0.4196,0.3882,0.5185,0.4231,0.4167,,,,,0.4095,,,,47.0,33.0,14.0,22.0,25.0,,,,,43.0,,0.0,0.0,112.0,85.0,27.0,52.0,60.0,,,,,105.0,,0.0,0.0,0,0,0,0,0,1,1,1,1,0,1,1,1,0,0,0,0,0,1,1,1,1,0,1,0,0,0,0,0,0,0,1,1,1,1,0,1,0,0,0.38,0.22,,
2018,holtville unified,"Town, fringe",0.5741,0.4878,0.8462,0.5185,0.6296,,,,,0.567,,,,62.0,40.0,22.0,28.0,34.0,,,,,55.0,,0.0,0.0,108.0,82.0,26.0,54.0,54.0,,,,,97.0,,0.0,0.0,0,0,0,0,0,1,1,1,1,0,1,1,1,0,0,0,0,0,1,1,1,1,0,1,0,0,0,0,0,0,0,1,1,1,1,0,1,0,0,0.4196,0.38,0.22,
2019,holtville unified,"Town, fringe",0.5046,0.4096,0.8077,0.4909,0.5185,,,,,0.4583,,,,55.0,34.0,21.0,27.0,28.0,,,0.0,,44.0,,0.0,0.0,109.0,83.0,26.0,55.0,54.0,,,0.0,,96.0,,0.0,10.0,0,0,0,0,0,1,1,1,1,0,1,1,1,0,0,0,0,0,1,1,0,1,0,1,0,0,0,0,0,0,0,1,1,0,1,0,1,0,0,0.5741,0.4196,0.38,0.22
2015,hope elementary,"City, small",0.46,0.2,0.59,0.52,0.42,,,,,0.22,,,0.6,67.0,10.0,57.0,33.0,34.0,,0.0,0.0,,10.0,,0.0,55.0,145.0,49.0,96.0,64.0,81.0,,4.0,3.0,,46.0,,1.0,91.0,0,0,0,0,0,1,1,1,1,0,1,1,0,0,0,0,0,0,1,0,0,1,0,1,0,0,0,0,0,0,0,1,0,0,1,0,1,0,0,,,,
2015,hope elementary,"Rural, fringe",0.1,0.07,,,0.15,,,,,,,,0.17,2.0,1.0,0.0,0.0,2.0,,,,,0.0,,,2.0,21.0,14.0,7.0,8.0,13.0,,,,,8.0,,,12.0,0,0,1,1,0,1,1,1,1,1,1,1,0,0,0,0,0,0,1,1,1,1,0,1,1,0,0,0,0,0,0,1,1,1,1,0,1,1,0,0.46,,,
2016,hope elementary,"City, small",0.63,0.21,0.76,0.65,0.6,,,,,0.3,,,0.8,86.0,7.0,81.0,45.0,42.0,,0.0,,0.0,14.0,0.0,0.0,66.0,139.0,34.0,105.0,69.0,70.0,,2.0,,1.0,46.0,1.0,4.0,82.0,0,0,0,0,0,1,1,1,1,0,1,1,0,0,0,0,0,0,1,0,1,0,0,0,0,0,0,0,0,0,0,1,0,1,0,0,0,0,0,0.1,0.46,,
2016,hope elementary,"Rural, fringe",0.0,0.0,,,0.0,,,,,,,,0.0,0.0,0.0,0.0,0.0,0.0,,0.0,,,0.0,,0.0,0.0,23.0,16.0,7.0,9.0,14.0,,1.0,,,10.0,,1.0,11.0,0,0,1,1,0,1,1,1,1,1,1,1,0,0,0,0,0,0,1,0,1,1,0,1,0,0,0,0,0,0,0,1,0,1,1,0,1,0,0,0.63,0.1,0.46,
2017,hope elementary,"City, small",0.5271,0.2653,0.6875,0.5,0.5556,,,,,0.2979,,,0.6957,68.0,13.0,55.0,33.0,35.0,,0.0,0.0,,14.0,0.0,0.0,48.0,129.0,49.0,80.0,66.0,63.0,,0.0,0.0,,47.0,0.0,0.0,69.0,0,0,0,0,0,1,1,1,1,0,1,1,0,0,0,0,0,0,1,0,0,1,0,0,0,0,0,0,0,0,0,1,0,0,1,0,0,0,0,0.0,0.63,0.1,0.46
2017,hope elementary,"Rural, fringe",0.0357,0.0,,0.0,0.0769,,,,,0.0,,,,1.0,0.0,0.0,0.0,1.0,,,,,0.0,,,0.0,28.0,22.0,0.0,15.0,13.0,,,,,20.0,,,0.0,0,0,1,0,0,1,1,1,1,0,1,1,1,0,0,0,0,0,1,1,1,1,0,1,1,0,0,0,0,0,0,1,1,1,1,0,1,1,0,0.5271,0.0,0.63,0.1
2018,hope elementary,"City, small",0.6014,0.3191,0.7327,0.6216,0.5811,,,,,0.3077,,,0.6854,89.0,15.0,74.0,46.0,43.0,,0.0,0.0,0.0,12.0,0.0,0.0,61.0,148.0,47.0,101.0,74.0,74.0,,0.0,0.0,0.0,39.0,0.0,0.0,89.0,0,0,0,0,0,1,1,1,1,0,1,1,0,0,0,0,0,0,1,0,0,0,0,0,0,0,0,0,0,0,0,1,0,0,0,0,0,0,0,0.0357,0.5271,0.0,0.63
2018,hope elementary,"Rural, fringe",0.1111,0.1176,,0.0833,0.1333,,,,,0.0556,,,,3.0,2.0,0.0,1.0,2.0,,,,,1.0,,,0.0,27.0,17.0,0.0,12.0,15.0,,,,,18.0,,,0.0,0,0,1,0,0,1,1,1,1,0,1,1,1,0,0,0,0,0,1,1,1,1,0,1,1,0,0,0,0,0,0,1,1,1,1,0,1,1,0,0.6014,0.0357,0.5271,0.0
2019,hope elementary,"City, small",0.6557,0.303,0.7865,0.65,0.6613,,,,,0.3571,,,0.8197,80.0,10.0,70.0,39.0,41.0,,0.0,0.0,0.0,15.0,,0.0,50.0,122.0,33.0,89.0,60.0,62.0,,4.0,5.0,0.0,42.0,,9.0,61.0,0,0,0,0,0,1,1,1,1,0,1,1,0,0,0,0,0,0,1,0,0,0,0,1,0,0,0,0,0,0,0,1,0,0,0,0,1,0,0,0.1111,0.6014,0.0357,0.5271
2019,hope elementary,"Rural, fringe",0.44,0.4545,,,0.5333,,,,,0.2667,,,,11.0,10.0,0.0,0.0,8.0,,,,,4.0,,,0.0,25.0,22.0,0.0,10.0,15.0,,,,,15.0,,,10.0,0,0,1,1,0,1,1,1,1,0,1,1,1,0,0,0,0,0,1,1,1,1,0,1,1,0,0,0,0,0,0,1,1,1,1,0,1,1,0,0.6557,0.1111,0.6014,0.0357
2015,hueneme elementary,"City, midsize",0.17,0.13,0.35,0.17,0.16,,,,0.38,0.13,,0.5,0.33,156.0,109.0,51.0,84.0,77.0,0.0,0.0,0.0,15.0,109.0,0.0,13.0,18.0,974.0,833.0,141.0,493.0,481.0,5.0,7.0,7.0,39.0,835.0,1.0,26.0,54.0,0,0,0,0,0,1,1,1,0,0,1,0,0,0,0,0,0,0,0,0,0,0,0,0,0,0,0,0,0,0,0,0,0,0,0,0,0,0,0,,,,
2016,hueneme elementary,"City, midsize",0.14,0.11,0.25,0.12,0.16,,,,0.42,0.11,,0.48,0.23,133.0,82.0,53.0,63.0,80.0,0.0,0.0,0.0,15.0,98.0,0.0,10.0,15.0,1027.0,823.0,204.0,524.0,503.0,1.0,6.0,7.0,36.0,889.0,3.0,21.0,64.0,0,0,0,0,0,1,1,1,0,0,1,0,0,0,0,0,0,0,0,0,0,0,0,0,0,0,0,0,0,0,0,0,0,0,0,0,0,0,0,0.17,,,
2017,hueneme elementary,"City, midsize",0.1857,0.1574,0.3866,0.1816,0.1899,,,,0.3929,0.1618,,0.3784,0.2759,179.0,133.0,46.0,89.0,90.0,0.0,0.0,0.0,11.0,133.0,0.0,14.0,16.0,964.0,845.0,119.0,490.0,474.0,0.0,0.0,0.0,28.0,822.0,0.0,37.0,58.0,0,0,0,0,0,1,1,1,0,0,1,0,0,0,0,0,0,0,0,0,0,0,0,0,0,0,0,0,0,0,0,0,0,0,0,0,0,0,0,0.14,0.17,,
2018,hueneme elementary,"City, midsize",0.1827,0.1585,0.3185,0.156,0.2105,0.0476,,,0.5385,0.1546,,0.4839,0.25,163.0,120.0,43.0,71.0,92.0,1.0,0.0,0.0,14.0,113.0,0.0,15.0,17.0,892.0,757.0,135.0,455.0,437.0,21.0,0.0,0.0,26.0,731.0,0.0,31.0,68.0,0,0,0,0,0,0,1,1,0,0,1,0,0,0,0,0,0,0,0,0,0,0,0,0,0,0,0,0,0,0,0,0,0,0,0,0,0,0,0,0.1857,0.14,0.17,
2019,hueneme elementary,"City, midsize",0.1915,0.1491,0.4254,0.1505,0.2283,,,,0.4286,0.1562,,0.4783,0.3421,167.0,110.0,57.0,62.0,105.0,0.0,0.0,0.0,12.0,114.0,0.0,11.0,26.0,872.0,738.0,134.0,412.0,460.0,0.0,5.0,5.0,28.0,730.0,0.0,23.0,76.0,0,0,0,0,0,1,1,1,0,0,1,0,0,0,0,0,0,0,0,0,0,0,0,0,0,0,0,0,0,0,0,0,0,0,0,0,0,0,0,0.1827,0.1857,0.14,0.17
2015,hughes-elizabeth lakes union elementary,"Rural, distant",0.13,0.08,0.16,0.08,0.15,,,,,,,,0.17,4.0,1.0,3.0,1.0,3.0,0.0,,,,0.0,,0.0,4.0,32.0,13.0,19.0,12.0,20.0,1.0,,,,6.0,,1.0,24.0,0,0,0,0,0,1,1,1,1,1,1,1,0,0,0,0,0,0,0,1,1,1,0,1,0,0,0,0,0,0,0,0,1,1,1,0,1,0,0,,,,
2016,hughes-elizabeth lakes union elementary,"Rural, distant",0.37,,0.55,,0.33,,,,,,,,0.43,7.0,0.0,6.0,0.0,4.0,,,,,0.0,,,6.0,19.0,8.0,11.0,7.0,12.0,,,,,5.0,,,14.0,0,1,0,1,0,1,1,1,1,1,1,1,0,0,0,0,0,0,1,1,1,1,0,1,1,0,0,0,0,0,0,1,1,1,1,0,1,1,0,0.13,,,
2017,hughes-elizabeth lakes union elementary,"Rural, distant",0.4667,,,,,,,,,,,,,7.0,0.0,0.0,0.0,0.0,,0.0,,,0.0,,0.0,0.0,15.0,0.0,0.0,0.0,0.0,,0.0,,,0.0,,0.0,0.0,0,1,1,1,1,1,1,1,1,1,1,1,1,0,0,0,0,0,1,0,1,1,0,1,0,0,0,0,0,0,0,1,0,1,1,0,1,0,0,0.37,0.13,,
2018,hughes-elizabeth lakes union elementary,"Rural, distant",0.45,,0.7273,0.4167,,,,,,,,,,9.0,0.0,8.0,5.0,0.0,,,0.0,,0.0,,0.0,0.0,20.0,0.0,11.0,12.0,0.0,,,0.0,,0.0,,0.0,0.0,0,1,0,0,1,1,1,1,1,1,1,1,1,0,0,0,0,0,1,1,0,1,0,1,0,0,0,0,0,0,0,1,1,0,1,0,1,0,0,0.4667,0.37,0.13,
2019,hughes-elizabeth lakes union elementary,"Rural, distant",0.375,,,,0.3333,,,,,,,,,6.0,0.0,0.0,0.0,4.0,,,,,0.0,,,0.0,16.0,6.0,10.0,4.0,12.0,,,,,6.0,,,10.0,0,1,1,1,0,1,1,1,1,1,1,1,1,0,0,0,0,0,1,1,1,1,0,1,1,0,0,0,0,0,0,1,1,1,1,0,1,1,0,0.45,0.4667,0.37,0.13
2015,hughson unified,"Suburb, large",0.25,0.16,0.39,0.26,0.24,,,,,0.13,,,0.4,38.0,16.0,21.0,17.0,20.0,,,0.0,,11.0,,0.0,24.0,151.0,97.0,54.0,66.0,85.0,,,1.0,,85.0,,5.0,60.0,0,0,0,0,0,1,1,1,1,0,1,1,0,0,0,0,0,0,1,1,0,1,0,1,0,0,0,0,0,0,0,1,1,0,1,0,1,0,0,,,,
2016,hughson unified,"Suburb, large",0.39,0.33,0.52,0.37,0.41,,,,,0.34,,,0.47,59.0,36.0,23.0,26.0,33.0,,,,,33.0,,,26.0,152.0,108.0,44.0,71.0,81.0,,,,,97.0,,,55.0,0,0,0,0,0,1,1,1,1,0,1,1,0,0,0,0,0,0,1,1,1,1,0,1,1,0,0,0,0,0,0,1,1,1,1,0,1,1,0,0.25,,,
2017,hughson unified,"Suburb, large",0.3418,0.2857,0.4528,0.2911,0.3924,,,,,0.2737,,,0.45,54.0,30.0,24.0,23.0,31.0,,0.0,,,26.0,0.0,,27.0,158.0,105.0,53.0,79.0,79.0,,0.0,,,95.0,0.0,,60.0,0,0,0,0,0,1,1,1,1,0,1,1,0,0,0,0,0,0,1,0,1,1,0,0,1,0,0,0,0,0,0,1,0,1,1,0,0,1,0,0.39,0.25,,
2018,hughson unified,"Suburb, large",0.4091,0.3418,0.5094,0.4286,0.3913,,,,,0.359,,,0.4783,54.0,27.0,27.0,27.0,27.0,,,0.0,,28.0,,,22.0,132.0,79.0,53.0,63.0,69.0,,,0.0,,78.0,,,46.0,0,0,0,0,0,1,1,1,1,0,1,1,0,0,0,0,0,0,1,1,0,1,0,1,1,0,0,0,0,0,0,1,1,0,1,0,1,1,0,0.3418,0.39,0.25,
2019,hughson unified,"Suburb, large",0.379,0.2857,0.575,0.3158,0.4328,,,,,0.3425,,,0.4359,47.0,24.0,23.0,18.0,29.0,0.0,0.0,,,25.0,,,17.0,124.0,84.0,40.0,57.0,67.0,0.0,0.0,,,73.0,,,39.0,0,0,0,0,0,1,1,1,1,0,1,1,0,0,0,0,0,0,0,0,1,1,0,1,1,0,0,0,0,0,0,0,0,1,1,0,1,1,0,0.4091,0.3418,0.39,0.25
2015,huntington beach city elementary,"Suburb, large",0.73,0.47,0.8,0.72,0.74,,0.89,,,0.54,,0.78,0.76,571.0,74.0,493.0,274.0,298.0,0.0,55.0,0.0,0.0,79.0,0.0,60.0,364.0,782.0,159.0,623.0,380.0,402.0,2.0,62.0,2.0,7.0,146.0,5.0,77.0,480.0,0,0,0,0,0,1,0,1,1,0,1,0,0,0,0,0,0,0,0,0,0,0,0,0,0,0,0,0,0,0,0,0,0,0,0,0,0,0,0,,,,
2016,huntington beach city elementary,"Suburb, large",0.8,0.52,0.86,0.77,0.82,,0.95,,,0.56,,0.85,0.84,642.0,73.0,570.0,275.0,365.0,0.0,74.0,0.0,0.0,90.0,0.0,63.0,406.0,802.0,139.0,663.0,358.0,444.0,1.0,78.0,2.0,6.0,160.0,1.0,74.0,478.0,0,0,0,0,0,1,0,1,1,0,1,0,0,0,0,0,0,0,0,0,0,0,0,0,0,0,0,0,0,0,0,0,0,0,0,0,0,0,0,0.73,,,
2017,huntington beach city elementary,"Suburb, large",0.7803,0.5299,0.8376,0.7637,0.7972,,0.9615,,,0.6493,,0.7846,0.7872,561.0,71.0,490.0,278.0,283.0,0.0,75.0,0.0,0.0,87.0,0.0,51.0,333.0,719.0,134.0,585.0,364.0,355.0,0.0,78.0,0.0,0.0,134.0,0.0,65.0,423.0,0,0,0,0,0,1,0,1,1,0,1,0,0,0,0,0,0,0,0,0,0,0,0,0,0,0,0,0,0,0,0,0,0,0,0,0,0,0,0,0.8,0.73,,
2018,huntington beach city elementary,"Suburb, large",0.8038,0.6122,0.8518,0.8118,0.797,,0.9506,,,0.6438,,0.9,0.8134,590.0,90.0,500.0,276.0,314.0,0.0,77.0,0.0,0.0,94.0,0.0,81.0,327.0,734.0,147.0,587.0,340.0,394.0,0.0,81.0,0.0,0.0,146.0,0.0,90.0,402.0,0,0,0,0,0,1,0,1,1,0,1,0,0,0,0,0,0,0,0,0,0,0,0,0,0,0,0,0,0,0,0,0,0,0,0,0,0,0,0,0.7803,0.8,0.73,
2019,huntington beach city elementary,"Suburb, large",0.7485,0.4932,0.8212,0.7427,0.7535,,0.9012,,,0.5984,,0.8103,0.7592,500.0,73.0,427.0,228.0,272.0,0.0,73.0,0.0,0.0,73.0,0.0,47.0,290.0,668.0,148.0,520.0,307.0,361.0,0.0,81.0,0.0,7.0,122.0,8.0,58.0,382.0,0,0,0,0,0,1,0,1,1,0,1,0,0,0,0,0,0,0,0,0,0,0,0,0,0,0,0,0,0,0,0,0,0,0,0,0,0,0,0,0.8038,0.7803,0.8,0.73
2015,hydesville elementary,"Town, remote",0.48,,0.6,0.64,,,,,,,,,0.47,10.0,0.0,9.0,7.0,0.0,,0.0,,,0.0,,,9.0,21.0,6.0,15.0,11.0,10.0,,1.0,,,1.0,,,19.0,0,1,0,0,1,1,1,1,1,1,1,1,0,0,0,0,0,0,1,0,1,1,0,1,1,0,0,0,0,0,0,1,0,1,1,0,1,1,0,,,,
2016,hydesville elementary,"Town, remote",0.55,,0.61,0.58,,,,,,,,,0.67,12.0,0.0,11.0,7.0,0.0,,,,,0.0,,0.0,10.0,22.0,4.0,18.0,12.0,10.0,,,,,4.0,,1.0,15.0,0,1,0,0,1,1,1,1,1,1,1,1,0,0,0,0,0,0,1,1,1,1,0,1,0,0,0,0,0,0,0,1,1,1,1,0,1,0,0,0.48,,,
2017,hydesville elementary,"Town, remote",0.7895,,0.8125,,0.7273,,,,,,,,0.7857,15.0,0.0,13.0,0.0,8.0,,,,,0.0,,0.0,11.0,19.0,0.0,16.0,0.0,11.0,,,,,0.0,,0.0,14.0,0,1,0,1,0,1,1,1,1,1,1,1,0,0,0,0,0,0,1,1,1,1,0,1,0,0,0,0,0,0,0,1,1,1,1,0,1,0,0,0.55,0.48,,
2018,hydesville elementary,"Town, remote",0.4286,,0.4286,0.5455,,,,,,,,,0.4444,9.0,0.0,6.0,6.0,0.0,,,,,0.0,,,8.0,21.0,0.0,14.0,11.0,0.0,,,,,0.0,,,18.0,0,1,0,0,1,1,1,1,1,1,1,1,0,0,0,0,0,0,1,1,1,1,0,1,1,0,0,0,0,0,0,1,1,1,1,0,1,1,0,0.7895,0.55,0.48,
2019,hydesville elementary,"Town, remote",0.5789,,,,0.5455,,,,,,,,,11.0,0.0,0.0,0.0,6.0,,,,,0.0,,0.0,0.0,19.0,9.0,10.0,8.0,11.0,,,,,0.0,,6.0,10.0,0,1,1,1,0,1,1,1,1,1,1,1,1,0,0,0,0,0,1,1,1,1,0,1,0,0,0,0,0,0,0,1,1,1,1,0,1,0,0,0.4286,0.7895,0.55,0.48
2015,imperial unified,"Suburb, midsize",0.4,0.34,0.45,0.42,0.39,,,,,0.38,,,0.56,124.0,39.0,84.0,65.0,58.0,,0.0,0.0,0.0,96.0,,0.0,22.0,304.0,113.0,191.0,151.0,153.0,,1.0,4.0,3.0,253.0,,4.0,39.0,0,0,0,0,0,1,1,1,1,0,1,1,0,0,0,0,0,0,1,0,0,0,0,1,0,0,0,0,0,0,0,1,0,0,0,0,1,0,0,,,,
2016,imperial unified,"Suburb, midsize",0.46,0.34,0.59,0.39,0.52,,,,,0.41,,,0.64,129.0,52.0,79.0,56.0,74.0,0.0,0.0,0.0,0.0,98.0,,0.0,21.0,285.0,152.0,133.0,144.0,141.0,1.0,3.0,3.0,3.0,240.0,,2.0,33.0,0,0,0,0,0,1,1,1,1,0,1,1,0,0,0,0,0,0,0,0,0,0,0,1,0,0,0,0,0,0,0,0,0,0,0,0,1,0,0,0.4,,,
2017,imperial unified,"Suburb, midsize",0.4549,0.3669,0.5435,0.4345,0.4773,,,,,0.4156,,,0.6486,126.0,51.0,75.0,63.0,63.0,,,0.0,0.0,96.0,,0.0,24.0,277.0,139.0,138.0,145.0,132.0,,,0.0,0.0,231.0,,0.0,37.0,0,0,0,0,0,1,1,1,1,0,1,1,0,0,0,0,0,0,1,1,0,0,0,1,0,0,0,0,0,0,0,1,1,0,0,0,1,0,0,0.46,0.4,,
2018,imperial unified,"Suburb, midsize",0.5235,0.4294,0.6218,0.4698,0.5706,,,,,0.5181,,,0.6486,167.0,70.0,97.0,70.0,97.0,,0.0,0.0,0.0,143.0,,0.0,24.0,319.0,163.0,156.0,149.0,170.0,,0.0,0.0,0.0,276.0,,0.0,37.0,0,0,0,0,0,1,1,1,1,0,1,1,0,0,0,0,0,0,1,0,0,0,0,1,0,0,0,0,0,0,0,1,0,0,0,0,1,0,0,0.4549,0.46,0.4,
2019,imperial unified,"Suburb, midsize",0.4276,0.375,0.5238,0.4054,0.4497,,,,,0.3902,,,0.7,127.0,72.0,55.0,60.0,67.0,,0.0,0.0,0.0,103.0,,0.0,14.0,297.0,192.0,105.0,148.0,149.0,,0.0,0.0,0.0,264.0,,5.0,20.0,0,0,0,0,0,1,1,1,1,0,1,1,0,0,0,0,0,0,1,0,0,0,0,1,0,0,0,0,0,0,0,1,0,0,0,0,1,0,0,0.5235,0.4549,0.46,0.4
2015,inglewood unified,"Suburb, large",0.15,0.15,0.12,0.14,0.16,,,0.13,,0.15,,,,151.0,130.0,18.0,64.0,83.0,0.0,0.0,40.0,0.0,98.0,0.0,0.0,0.0,1007.0,867.0,140.0,490.0,517.0,5.0,2.0,329.0,5.0,654.0,2.0,4.0,4.0,0,0,0,0,0,1,1,0,1,0,1,1,1,0,0,0,0,0,0,0,0,0,0,0,0,0,0,0,0,0,0,0,0,0,0,0,0,0,0,,,,
2016,inglewood unified,"Suburb, large",0.17,0.16,0.21,0.16,0.18,,,0.13,,0.18,,,,152.0,122.0,27.0,70.0,82.0,0.0,0.0,39.0,0.0,104.0,0.0,0.0,0.0,893.0,763.0,130.0,435.0,458.0,4.0,2.0,278.0,2.0,580.0,4.0,5.0,7.0,0,0,0,0,0,1,1,0,1,0,1,1,1,0,0,0,0,0,0,0,0,0,0,0,0,0,0,0,0,0,0,0,0,0,0,0,0,0,0,0.15,,,
2017,inglewood unified,"Suburb, large",0.2318,0.2255,0.2788,0.2494,0.216,0.4167,,0.1966,,0.2478,,,,204.0,175.0,29.0,104.0,100.0,5.0,0.0,57.0,0.0,138.0,0.0,0.0,0.0,880.0,776.0,104.0,417.0,463.0,12.0,0.0,290.0,0.0,557.0,0.0,0.0,0.0,0,0,0,0,0,0,1,0,1,0,1,1,1,0,0,0,0,0,0,0,0,0,0,0,0,0,0,0,0,0,0,0,0,0,0,0,0,0,0,0.17,0.15,,
2018,inglewood unified,"Suburb, large",0.257,0.2486,0.3168,0.2412,0.2719,,,0.2227,,0.2649,,,,211.0,179.0,32.0,96.0,115.0,0.0,0.0,57.0,0.0,142.0,0.0,0.0,0.0,821.0,720.0,101.0,398.0,423.0,0.0,0.0,256.0,0.0,536.0,0.0,0.0,0.0,0,0,0,0,0,1,1,0,1,0,1,1,1,0,0,0,0,0,0,0,0,0,0,0,0,0,0,0,0,0,0,0,0,0,0,0,0,0,0,0.2318,0.17,0.15,
2019,inglewood unified,"Suburb, large",0.2449,0.2443,0.25,0.2525,0.238,,,0.1661,,0.2818,,,,205.0,183.0,22.0,101.0,104.0,0.0,0.0,45.0,0.0,153.0,0.0,0.0,0.0,837.0,749.0,88.0,400.0,437.0,9.0,0.0,271.0,0.0,543.0,5.0,4.0,0.0,0,0,0,0,0,1,1,0,1,0,1,1,1,0,0,0,0,0,0,0,0,0,0,0,0,0,0,0,0,0,0,0,0,0,0,0,0,0,0,0.257,0.2318,0.17,0.15
2015,irvine unified,"City, midsize",0.74,0.47,0.78,0.73,0.75,,0.87,0.27,0.82,0.45,,0.76,0.67,1781.0,151.0,1627.0,859.0,910.0,0.0,956.0,9.0,53.0,135.0,0.0,178.0,447.0,2407.0,322.0,2085.0,1177.0,1230.0,1.0,1098.0,33.0,65.0,300.0,6.0,234.0,668.0,0,0,0,0,0,1,0,0,0,0,1,0,0,0,0,0,0,0,0,0,0,0,0,0,0,0,0,0,0,0,0,0,0,0,0,0,0,0,0,,,,
2016,irvine unified,"City, midsize",0.77,0.54,0.8,0.75,0.79,,0.88,0.34,0.84,0.49,,0.78,0.71,2033.0,176.0,1851.0,962.0,1074.0,0.0,1082.0,17.0,67.0,133.0,0.0,189.0,537.0,2641.0,327.0,2314.0,1282.0,1359.0,5.0,1230.0,50.0,80.0,271.0,3.0,242.0,756.0,0,0,0,0,0,1,0,0,0,0,1,0,0,0,0,0,0,0,0,0,0,0,0,0,0,0,0,0,0,0,0,0,0,0,0,0,0,0,0,0.74,,,
2017,irvine unified,"City, large",0.7428,0.4514,0.7903,0.7425,0.7431,,0.8579,0.3947,0.7083,0.4566,,0.809,0.6609,1961.0,167.0,1794.0,911.0,1050.0,0.0,1063.0,15.0,34.0,142.0,0.0,233.0,460.0,2641.0,371.0,2270.0,1227.0,1414.0,0.0,1239.0,38.0,49.0,311.0,0.0,288.0,696.0,0,0,0,0,0,1,0,0,0,0,1,0,0,0,0,0,0,0,0,0,0,0,0,0,0,0,0,0,0,0,0,0,0,0,0,0,0,0,0,0.77,0.74,,
2018,irvine unified,"City, large",0.7529,0.5,0.8039,0.7385,0.7658,,0.8728,0.3333,0.7083,0.4931,,0.7692,0.6794,2011.0,224.0,1787.0,932.0,1079.0,0.0,1118.0,18.0,34.0,142.0,0.0,210.0,479.0,2671.0,448.0,2223.0,1262.0,1409.0,0.0,1281.0,54.0,48.0,288.0,0.0,273.0,705.0,0,0,0,0,0,1,0,0,0,0,1,0,0,0,0,0,0,0,0,0,0,0,0,0,0,0,0,0,0,0,0,0,0,0,0,0,0,0,0,0.7428,0.77,0.74,
2019,irvine unified,"City, large",0.7429,0.509,0.7882,0.7191,0.7642,,0.853,0.3488,0.8462,0.4909,,0.7721,0.6568,2026.0,225.0,1802.0,924.0,1103.0,0.0,1137.0,15.0,44.0,162.0,0.0,210.0,444.0,2728.0,442.0,2286.0,1285.0,1443.0,4.0,1333.0,43.0,53.0,330.0,6.0,272.0,676.0,0,0,0,0,0,1,0,0,0,0,1,0,0,0,0,0,0,0,0,0,0,0,0,0,0,0,0,0,0,0,0,0,0,0,0,0,0,0,0,0.7529,0.7428,0.77,0.74
2015,island union elementary,"Rural, fringe",0.43,0.25,0.59,0.46,0.41,,,,,0.21,,,0.67,26.0,7.0,19.0,12.0,14.0,,,0.0,,6.0,,0.0,18.0,60.0,28.0,32.0,26.0,34.0,,,1.0,,29.0,,3.0,27.0,0,0,0,0,0,1,1,1,1,0,1,1,0,0,0,0,0,0,1,1,0,1,0,1,0,0,0,0,0,0,0,1,1,0,1,0,1,0,0,,,,
2016,island union elementary,"Rural, fringe",0.4,0.29,0.47,0.35,0.46,,,,,0.31,,,0.47,19.0,5.0,14.0,8.0,11.0,,,,,5.0,,0.0,14.0,47.0,17.0,30.0,23.0,24.0,,,,,16.0,,1.0,30.0,0,0,0,0,0,1,1,1,1,0,1,1,0,0,0,0,0,0,1,1,1,1,0,1,0,0,0,0,0,0,0,1,1,1,1,0,1,0,0,0.43,,,
2017,island union elementary,"Rural, fringe",0.5532,0.4286,0.6061,0.5,0.5926,,,,,0.65,,,0.5,26.0,6.0,20.0,10.0,16.0,,,0.0,,13.0,,0.0,12.0,47.0,14.0,33.0,20.0,27.0,,,0.0,,20.0,,0.0,24.0,0,0,0,0,0,1,1,1,1,0,1,1,0,0,0,0,0,0,1,1,0,1,0,1,0,0,0,0,0,0,0,1,1,0,1,0,1,0,0,0.4,0.43,,
2018,island union elementary,"Rural, fringe",0.6531,0.55,0.7241,0.6522,0.6538,,,,,0.4375,,,0.7667,32.0,11.0,21.0,15.0,17.0,,,,,7.0,,0.0,23.0,49.0,20.0,29.0,23.0,26.0,,,,,16.0,,0.0,30.0,0,0,0,0,0,1,1,1,1,0,1,1,0,0,0,0,0,0,1,1,1,1,0,1,0,0,0,0,0,0,0,1,1,1,1,0,1,0,0,0.5532,0.4,0.43,
2019,island union elementary,"Rural, fringe",0.6,0.4545,0.7143,0.5238,0.6552,,,,,0.4211,,,0.6667,30.0,10.0,20.0,11.0,19.0,,,0.0,0.0,8.0,,0.0,18.0,50.0,22.0,28.0,21.0,29.0,,,0.0,0.0,19.0,,0.0,27.0,0,0,0,0,0,1,1,1,1,0,1,1,0,0,0,0,0,0,1,1,0,0,0,1,0,0,0,0,0,0,0,1,1,0,0,0,1,0,0,0.6531,0.5532,0.4,0.43
2015,jacoby creek elementary,"Town, remote",0.41,,0.46,0.3,0.59,,,,,,,,0.45,18.0,0.0,17.0,8.0,10.0,0.0,0.0,0.0,,0.0,,0.0,14.0,44.0,7.0,37.0,27.0,17.0,1.0,2.0,3.0,,2.0,,5.0,31.0,0,1,0,0,0,1,1,1,1,1,1,1,0,0,0,0,0,0,0,0,0,1,0,1,0,0,0,0,0,0,0,0,0,0,1,0,1,0,0,,,,
2016,jacoby creek elementary,"Town, remote",0.78,,0.8,0.79,0.77,,,,,,,,0.81,39.0,0.0,33.0,15.0,24.0,0.0,0.0,,0.0,0.0,,0.0,34.0,50.0,9.0,41.0,19.0,31.0,1.0,1.0,,1.0,3.0,,2.0,42.0,0,1,0,0,0,1,1,1,1,1,1,1,0,0,0,0,0,0,0,0,1,0,0,1,0,0,0,0,0,0,0,0,0,1,0,0,1,0,0,0.41,,,
2017,jacoby creek elementary,"Town, remote",0.6981,0.5385,0.75,0.7778,0.6154,,,,,,,0.7273,0.75,37.0,7.0,30.0,21.0,16.0,,0.0,,,0.0,,8.0,24.0,53.0,13.0,40.0,27.0,26.0,,0.0,,,0.0,,11.0,32.0,0,0,0,0,0,1,1,1,1,1,1,0,0,0,0,0,0,0,1,0,1,1,0,1,0,0,0,0,0,0,0,1,0,1,1,0,1,0,0,0.78,0.41,,
2018,jacoby creek elementary,"Town, remote",0.6863,0.5625,0.7429,0.5,0.8519,,,,,,,,0.7436,35.0,9.0,26.0,12.0,23.0,,0.0,,,0.0,,0.0,29.0,51.0,16.0,35.0,24.0,27.0,,0.0,,,0.0,,0.0,39.0,0,0,0,0,0,1,1,1,1,1,1,1,0,0,0,0,0,0,1,0,1,1,0,1,0,0,0,0,0,0,0,1,0,1,1,0,1,0,0,0.6981,0.78,0.41,
2019,jacoby creek elementary,"Town, remote",0.6667,0.6875,0.6563,0.6818,0.6538,,,,,,,,0.697,32.0,11.0,21.0,15.0,17.0,0.0,0.0,,,0.0,,0.0,23.0,48.0,16.0,32.0,22.0,26.0,0.0,0.0,,,6.0,,5.0,33.0,0,0,0,0,0,1,1,1,1,1,1,1,0,0,0,0,0,0,0,0,1,1,0,1,0,0,0,0,0,0,0,0,0,1,1,0,1,0,0,0.6863,0.6981,0.78,0.41
2015,jamestown elementary,"Town, distant",0.23,0.21,0.27,,0.24,,,,,,,,0.26,8.0,5.0,3.0,0.0,6.0,0.0,,,0.0,0.0,,0.0,6.0,35.0,24.0,11.0,10.0,25.0,1.0,,,1.0,9.0,,1.0,23.0,0,0,0,1,0,1,1,1,1,1,1,1,0,0,0,0,0,0,0,1,1,0,0,1,0,0,0,0,0,0,0,0,1,1,0,0,1,0,0,,,,
2016,jamestown elementary,"Town, distant",0.26,0.22,,0.29,0.23,,,,,0.27,,,0.28,12.0,8.0,0.0,7.0,5.0,0.0,,,,3.0,,0.0,8.0,46.0,36.0,10.0,24.0,22.0,3.0,,,,11.0,,2.0,29.0,0,0,1,0,0,1,1,1,1,0,1,1,0,0,0,0,0,0,0,1,1,1,0,1,0,0,0,0,0,0,0,0,1,1,1,0,1,0,0,0.23,,,
2017,jamestown elementary,"Town, distant",0.2258,0.2083,,0.0667,0.375,,,,,0.25,,,0.2222,7.0,5.0,0.0,1.0,6.0,0.0,,,,3.0,,,4.0,31.0,24.0,0.0,15.0,16.0,0.0,,,,12.0,,,18.0,0,0,1,0,0,1,1,1,1,0,1,1,0,0,0,0,0,0,0,1,1,1,0,1,1,0,0,0,0,0,0,0,1,1,1,0,1,1,0,0.26,0.23,,
2018,jamestown elementary,"Town, distant",0.5185,0.5,,0.3636,0.625,,,,,,,,0.4615,14.0,11.0,0.0,4.0,10.0,0.0,,,,0.0,,0.0,6.0,27.0,22.0,0.0,11.0,16.0,0.0,,,,0.0,,0.0,13.0,0,0,1,0,0,1,1,1,1,1,1,1,0,0,0,0,0,0,0,1,1,1,0,1,0,0,0,0,0,0,0,0,1,1,1,0,1,0,0,0.2258,0.26,0.23,
2019,jamestown elementary,"Town, distant",0.1818,0.12,,0.0625,0.2941,,,,,,,,0.2273,6.0,3.0,0.0,1.0,5.0,0.0,,,,0.0,,,5.0,33.0,25.0,8.0,16.0,17.0,0.0,,,,9.0,,,22.0,0,0,1,0,0,1,1,1,1,1,1,1,0,0,0,0,0,0,0,1,1,1,0,1,1,0,0,0,0,0,0,0,1,1,1,0,1,1,0,0.5185,0.2258,0.26,0.23
2015,jamul-dulzura union elementary,"Suburb, large",0.32,0.23,0.43,0.27,0.37,,,,,0.19,,,0.5,21.0,8.0,13.0,8.0,13.0,,,,,7.0,,0.0,14.0,65.0,35.0,30.0,30.0,35.0,,,,,36.0,,1.0,28.0,0,0,0,0,0,1,1,1,1,0,1,1,0,0,0,0,0,0,1,1,1,1,0,1,0,0,0,0,0,0,0,1,1,1,1,0,1,0,0,,,,
2016,jamul-dulzura union elementary,"Suburb, large",0.28,0.2,0.45,0.18,0.33,,,,,0.16,,,0.55,19.0,9.0,10.0,4.0,15.0,,,,,7.0,,0.0,11.0,67.0,45.0,22.0,22.0,45.0,,,,,45.0,,2.0,20.0,0,0,0,0,0,1,1,1,1,0,1,1,0,0,0,0,0,0,1,1,1,1,0,1,0,0,0,0,0,0,0,1,1,1,1,0,1,0,0,0.32,,,
2017,jamul-dulzura union elementary,"Suburb, large",0.4808,0.4333,0.5455,0.3158,0.5758,,,,,0.4,,,0.5,25.0,13.0,12.0,6.0,19.0,,0.0,0.0,,10.0,,0.0,11.0,52.0,30.0,22.0,19.0,33.0,,0.0,0.0,,25.0,,0.0,22.0,0,0,0,0,0,1,1,1,1,0,1,1,0,0,0,0,0,0,1,0,0,1,0,1,0,0,0,0,0,0,0,1,0,0,1,0,1,0,0,0.28,0.32,,
2018,jamul-dulzura union elementary,"Suburb, large",0.3214,0.2941,0.3636,0.2105,0.3784,,,,,0.2703,,,0.4375,18.0,10.0,8.0,4.0,14.0,,,,,10.0,,0.0,7.0,56.0,34.0,22.0,19.0,37.0,,,,,37.0,,0.0,16.0,0,0,0,0,0,1,1,1,1,0,1,1,0,0,0,0,0,0,1,1,1,1,0,1,0,0,0,0,0,0,0,1,1,1,1,0,1,0,0,0.4808,0.28,0.32,
2019,jamul-dulzura union elementary,"Suburb, large",0.4902,0.3929,0.6087,0.3704,0.625,,,,,0.4138,,,0.5789,25.0,11.0,14.0,10.0,15.0,,,,,12.0,,0.0,11.0,51.0,28.0,23.0,27.0,24.0,,,,,29.0,,0.0,19.0,0,0,0,0,0,1,1,1,1,0,1,1,0,0,0,0,0,0,1,1,1,1,0,1,0,0,0,0,0,0,0,1,1,1,1,0,1,0,0,0.3214,0.4808,0.28,0.32
2015,janesville union elementary,"Rural, distant",0.08,,0.07,0.15,0.04,,,,,,,,0.1,3.0,0.0,2.0,2.0,1.0,0.0,,,,0.0,,0.0,3.0,38.0,10.0,28.0,14.0,24.0,3.0,,,,1.0,,1.0,32.0,0,1,0,0,0,1,1,1,1,1,1,1,0,0,0,0,0,0,0,1,1,1,0,1,0,0,0,0,0,0,0,0,1,1,1,0,1,0,0,,,,
2016,janesville union elementary,"Rural, distant",0.14,0.07,0.19,0.07,0.19,,,,,,,,0.14,5.0,1.0,4.0,1.0,4.0,,0.0,,,0.0,,,4.0,35.0,14.0,21.0,14.0,21.0,,1.0,,,5.0,,,29.0,0,0,0,0,0,1,1,1,1,1,1,1,0,0,0,0,0,0,1,0,1,1,0,1,1,0,0,0,0,0,0,1,0,1,1,0,1,1,0,0.08,,,
2017,janesville union elementary,"Rural, distant",0.3333,0.2667,0.375,0.2353,0.4091,,,,,,,,0.3429,13.0,4.0,9.0,4.0,9.0,0.0,,,,0.0,,0.0,12.0,39.0,15.0,24.0,17.0,22.0,0.0,,,,0.0,,0.0,35.0,0,0,0,0,0,1,1,1,1,1,1,1,0,0,0,0,0,0,0,1,1,1,0,1,0,0,0,0,0,0,0,0,1,1,1,0,1,0,0,0.14,0.08,,
2018,janesville union elementary,"Rural, distant",0.1944,0.0,0.3333,0.25,0.125,,,,,,,,0.2143,7.0,0.0,7.0,5.0,2.0,,0.0,,,0.0,,0.0,6.0,36.0,15.0,21.0,20.0,16.0,,0.0,,,0.0,,0.0,28.0,0,0,0,0,0,1,1,1,1,1,1,1,0,0,0,0,0,0,1,0,1,1,0,1,0,0,0,0,0,0,0,1,0,1,1,0,1,0,0,0.3333,0.14,0.08,
2019,janesville union elementary,"Rural, distant",0.2973,0.2353,0.35,0.25,0.3846,,,,,,,,0.3704,11.0,4.0,7.0,6.0,5.0,,,0.0,0.0,0.0,,0.0,10.0,37.0,17.0,20.0,24.0,13.0,,,0.0,0.0,6.0,,0.0,27.0,0,0,0,0,0,1,1,1,1,1,1,1,0,0,0,0,0,0,1,1,0,0,0,1,0,0,0,0,0,0,0,1,1,0,0,0,1,0,0,0.1944,0.3333,0.14,0.08
2015,jefferson elementary,"Suburb, large",0.37,0.29,0.51,0.35,0.39,,0.58,0.17,0.4,0.21,0.08,0.48,0.44,248.0,128.0,125.0,117.0,138.0,0.0,80.0,2.0,92.0,48.0,1.0,12.0,18.0,689.0,443.0,246.0,334.0,355.0,5.0,138.0,12.0,225.0,229.0,13.0,25.0,42.0,0,0,0,0,0,1,0,0,0,0,0,0,0,0,0,0,0,0,0,0,0,0,0,0,0,0,0,0,0,0,0,0,0,0,0,0,0,0,0,,,,
2015,jefferson elementary,"Suburb, small",0.39,0.24,0.45,0.35,0.43,,0.49,0.36,0.5,0.27,,0.38,0.48,117.0,21.0,96.0,51.0,65.0,,20.0,5.0,9.0,30.0,0.0,8.0,43.0,299.0,86.0,213.0,148.0,151.0,,41.0,14.0,18.0,110.0,5.0,21.0,90.0,0,0,0,0,0,1,0,0,0,0,1,0,0,0,0,0,0,0,1,0,0,0,0,0,0,0,0,0,0,0,0,1,0,0,0,0,0,0,0,0.37,,,
2016,jefferson elementary,"Suburb, small",0.45,0.35,0.5,0.43,0.47,,0.5,0.25,,0.36,,0.57,0.53,116.0,29.0,85.0,47.0,68.0,,15.0,3.0,0.0,36.0,0.0,12.0,41.0,252.0,82.0,170.0,109.0,143.0,,30.0,12.0,9.0,99.0,3.0,21.0,77.0,0,0,0,0,0,1,0,0,1,0,1,0,0,0,0,0,0,0,1,0,0,0,0,0,0,0,0,0,0,0,0,1,0,0,0,0,0,0,0,0.39,0.37,,
2016,jefferson elementary,"Suburb, large",0.38,0.27,0.54,0.34,0.41,,0.65,0.21,0.39,0.23,,0.33,0.35,265.0,115.0,149.0,112.0,151.0,,89.0,3.0,85.0,55.0,0.0,10.0,18.0,698.0,423.0,275.0,330.0,368.0,,138.0,14.0,217.0,241.0,7.0,30.0,51.0,0,0,0,0,0,1,0,0,0,0,1,0,0,0,0,0,0,0,1,0,0,0,0,0,0,0,0,0,0,0,0,1,0,0,0,0,0,0,0,0.45,0.39,0.37,
2017,jefferson elementary,"Suburb, large",0.3544,0.2709,0.4843,0.3436,0.3653,,0.5682,,0.4111,0.2033,,0.4571,0.2917,230.0,107.0,123.0,112.0,118.0,0.0,75.0,0.0,74.0,49.0,0.0,16.0,14.0,649.0,395.0,254.0,326.0,323.0,0.0,132.0,0.0,180.0,241.0,0.0,35.0,48.0,0,0,0,0,0,1,0,1,0,0,1,0,0,0,0,0,0,0,0,0,0,0,0,0,0,0,0,0,0,0,0,0,0,0,0,0,0,0,0,0.38,0.45,0.39,0.37
2017,jefferson elementary,"Suburb, small",0.4865,0.4138,0.5233,0.5537,0.4275,,0.6667,0.1667,0.5455,0.4019,,,0.5802,126.0,36.0,90.0,67.0,59.0,0.0,22.0,2.0,6.0,43.0,0.0,0.0,47.0,259.0,87.0,172.0,121.0,138.0,0.0,33.0,12.0,11.0,107.0,0.0,0.0,81.0,0,0,0,0,0,1,0,0,0,0,1,1,0,0,0,0,0,0,0,0,0,0,0,0,0,0,0,0,0,0,0,0,0,0,0,0,0,0,0,0.3544,0.38,0.45,0.39
2018,jefferson elementary,"Suburb, large",0.3932,0.2923,0.5685,0.4046,0.3811,,0.6739,,0.4261,0.2275,,0.475,0.3269,267.0,126.0,141.0,142.0,125.0,0.0,93.0,0.0,75.0,58.0,0.0,19.0,17.0,679.0,431.0,248.0,351.0,328.0,0.0,138.0,0.0,176.0,255.0,0.0,40.0,52.0,0,0,0,0,0,1,0,1,0,0,1,0,0,0,0,0,0,0,0,0,0,0,0,0,0,0,0,0,0,0,0,0,0,0,0,0,0,0,0,0.4865,0.3544,0.38,0.45
2018,jefferson elementary,"Suburb, small",0.4538,0.3537,0.5064,0.4234,0.4803,,0.5185,,0.5455,0.3402,,0.7692,0.56,108.0,29.0,79.0,47.0,61.0,0.0,14.0,0.0,6.0,33.0,0.0,10.0,42.0,238.0,82.0,156.0,111.0,127.0,0.0,27.0,0.0,11.0,97.0,0.0,13.0,75.0,0,0,0,0,0,1,0,1,0,0,1,0,0,0,0,0,0,0,0,0,0,0,0,0,0,0,0,0,0,0,0,0,0,0,0,0,0,0,0,0.3932,0.4865,0.3544,0.38
2019,jefferson elementary,"Suburb, large",0.4619,0.4006,0.5418,0.4332,0.4884,,0.6797,,0.5071,0.308,,0.5128,0.4571,267.0,131.0,136.0,120.0,147.0,,87.0,0.0,71.0,69.0,0.0,20.0,16.0,579.0,327.0,252.0,278.0,301.0,,128.0,8.0,140.0,225.0,4.0,39.0,35.0,0,0,0,0,0,1,0,1,0,0,1,0,0,0,0,0,0,0,1,0,0,0,0,0,0,0,0,0,0,0,0,1,0,0,0,0,0,0,0,0.4538,0.3932,0.4865,0.3544
2019,jefferson elementary,"Suburb, small",0.6066,0.5135,0.6471,0.5913,0.6202,,0.75,0.3846,,0.5185,,0.7059,0.6282,148.0,38.0,110.0,68.0,80.0,0.0,33.0,5.0,0.0,42.0,0.0,12.0,49.0,244.0,74.0,170.0,115.0,129.0,0.0,44.0,13.0,6.0,81.0,0.0,17.0,78.0,0,0,0,0,0,1,0,0,1,0,1,0,0,0,0,0,0,0,0,0,0,0,0,0,0,0,0,0,0,0,0,0,0,0,0,0,0,0,0,0.4619,0.4538,0.3932,0.4865
2015,john swett unified,"Suburb, large",0.31,0.23,0.49,0.26,0.37,,0.56,0.11,,0.22,,0.43,0.38,39.0,20.0,19.0,17.0,22.0,0.0,10.0,2.0,0.0,8.0,,6.0,10.0,125.0,86.0,39.0,66.0,59.0,1.0,18.0,18.0,10.0,37.0,,14.0,26.0,0,0,0,0,0,1,0,0,1,0,1,0,0,0,0,0,0,0,0,0,0,0,0,1,0,0,0,0,0,0,0,0,0,0,0,0,1,0,0,,,,
2016,john swett unified,"Suburb, large",0.3,0.24,0.44,0.28,0.31,,0.63,0.1,0.58,0.15,,0.27,0.36,37.0,21.0,15.0,17.0,19.0,0.0,10.0,3.0,7.0,5.0,,4.0,5.0,122.0,88.0,34.0,60.0,62.0,2.0,16.0,30.0,12.0,33.0,,15.0,14.0,0,0,0,0,0,1,0,0,0,0,1,0,0,0,0,0,0,0,0,0,0,0,0,1,0,0,0,0,0,0,0,0,0,0,0,0,1,0,0,0.31,,,
2017,john swett unified,"Suburb, large",0.2925,0.25,0.4231,0.2857,0.2969,,,0.1,,0.25,,0.4,0.2308,31.0,20.0,11.0,12.0,19.0,0.0,0.0,2.0,0.0,9.0,,6.0,3.0,106.0,80.0,26.0,42.0,64.0,0.0,0.0,20.0,0.0,36.0,,15.0,13.0,0,0,0,0,0,1,1,0,1,0,1,0,0,0,0,0,0,0,0,0,0,0,0,1,0,0,0,0,0,0,0,0,0,0,0,0,1,0,0,0.3,0.31,,
2018,john swett unified,"Suburb, large",0.3774,0.2987,0.5862,0.38,0.375,,,0.125,0.5,0.3056,,,0.45,40.0,23.0,17.0,19.0,21.0,,0.0,2.0,7.0,11.0,,0.0,9.0,106.0,77.0,29.0,50.0,56.0,,0.0,16.0,14.0,36.0,,0.0,20.0,0,0,0,0,0,1,1,0,0,0,1,1,0,0,0,0,0,0,1,0,0,0,0,1,0,0,0,0,0,0,0,1,0,0,0,0,1,0,0,0.2925,0.3,0.31,
2019,john swett unified,"Suburb, large",0.2929,0.2537,0.375,0.2353,0.3542,,,0.0,,0.2368,,0.3636,0.4737,29.0,17.0,12.0,12.0,17.0,,0.0,0.0,0.0,9.0,,4.0,9.0,99.0,67.0,32.0,51.0,48.0,,10.0,13.0,8.0,38.0,,11.0,19.0,0,0,0,0,0,1,1,0,1,0,1,0,0,0,0,0,0,0,1,0,0,0,0,1,0,0,0,0,0,0,0,1,0,0,0,0,1,0,0,0.3774,0.2925,0.3,0.31
2015,johnstonville elementary,"Town, remote",0.24,,0.26,0.08,0.38,,,,,,,,0.27,6.0,0.0,5.0,1.0,5.0,,,,,0.0,,0.0,6.0,25.0,6.0,19.0,12.0,13.0,,,,,2.0,,1.0,22.0,0,1,0,0,0,1,1,1,1,1,1,1,0,0,0,0,0,0,1,1,1,1,0,1,0,0,0,0,0,0,0,1,1,1,1,0,1,0,0,,,,
2016,johnstonville elementary,"Town, remote",0.1,0.07,,0.09,,,,,,,,,0.13,2.0,1.0,0.0,1.0,0.0,,,0.0,,0.0,,0.0,2.0,21.0,15.0,6.0,11.0,10.0,,,1.0,,2.0,,2.0,16.0,0,0,1,0,1,1,1,1,1,1,1,1,0,0,0,0,0,0,1,1,0,1,0,1,0,0,0,0,0,0,0,1,1,0,1,0,1,0,0,0.24,,,
2017,johnstonville elementary,"Town, remote",0.04,0.0,0.0909,0.0,,,,,,,,,0.0476,1.0,0.0,1.0,0.0,0.0,,,,,0.0,,,1.0,25.0,14.0,11.0,16.0,0.0,,,,,0.0,,,21.0,0,0,0,0,1,1,1,1,1,1,1,1,0,0,0,0,0,0,1,1,1,1,0,1,1,0,0,0,0,0,0,1,1,1,1,0,1,1,0,0.1,0.24,,
2018,johnstonville elementary,"Town, remote",0.36,,0.35,0.5455,0.2143,,,,,,,,0.4,9.0,0.0,7.0,6.0,3.0,,,,,0.0,,,8.0,25.0,0.0,20.0,11.0,14.0,,,,,0.0,,,20.0,0,1,0,0,0,1,1,1,1,1,1,1,0,0,0,0,0,0,1,1,1,1,0,1,1,0,0,0,0,0,0,1,1,1,1,0,1,1,0,0.04,0.1,0.24,
2019,johnstonville elementary,"Town, remote",0.4,,,,,,,,,,,,,6.0,0.0,0.0,0.0,0.0,,,0.0,,0.0,,0.0,0.0,15.0,10.0,5.0,7.0,8.0,,,0.0,,0.0,,4.0,8.0,0,1,1,1,1,1,1,1,1,1,1,1,1,0,0,0,0,0,1,1,0,1,0,1,0,0,0,0,0,0,0,1,1,0,1,0,1,0,0,0.36,0.04,0.1,0.24
2015,julian union elementary,"Rural, distant",0.38,0.33,0.47,0.39,0.38,,,,,,,,0.5,15.0,8.0,7.0,9.0,6.0,0.0,0.0,,,0.0,0.0,0.0,13.0,39.0,24.0,15.0,23.0,16.0,4.0,1.0,,,5.0,1.0,2.0,26.0,0,0,0,0,0,1,1,1,1,1,1,1,0,0,0,0,0,0,0,0,1,1,0,0,0,0,0,0,0,0,0,0,0,1,1,0,0,0,0,,,,
2016,julian union elementary,"Rural, distant",0.3,0.16,0.5,0.25,0.35,,,,,,,,0.44,10.0,3.0,7.0,4.0,6.0,0.0,,,,0.0,,,8.0,33.0,19.0,14.0,16.0,17.0,6.0,,,,9.0,,,18.0,0,0,0,0,0,1,1,1,1,1,1,1,0,0,0,0,0,0,0,1,1,1,0,1,1,0,0,0,0,0,0,0,1,1,1,0,1,1,0,0.38,,,
2017,julian union elementary,"Rural, distant",0.5676,0.4348,0.7857,0.5,0.619,,,,,0.4286,,,0.7692,21.0,10.0,11.0,8.0,13.0,0.0,,,,6.0,,0.0,10.0,37.0,23.0,14.0,16.0,21.0,0.0,,,,14.0,,0.0,13.0,0,0,0,0,0,1,1,1,1,0,1,1,0,0,0,0,0,0,0,1,1,1,0,1,0,0,0,0,0,0,0,0,1,1,1,0,1,0,0,0.3,0.38,,
2018,julian union elementary,"Rural, distant",0.2813,0.2917,,0.3077,0.2632,,,,,,,,0.2917,9.0,7.0,0.0,4.0,5.0,0.0,,,,0.0,,0.0,7.0,32.0,24.0,0.0,13.0,19.0,0.0,,,,0.0,,0.0,24.0,0,0,1,0,0,1,1,1,1,1,1,1,0,0,0,0,0,0,0,1,1,1,0,1,0,0,0,0,0,0,0,0,1,1,1,0,1,0,0,0.5676,0.3,0.38,
2019,julian union elementary,"Rural, distant",0.2222,0.1429,,0.2857,0.1538,,,,,0.0769,,,,6.0,3.0,0.0,4.0,2.0,0.0,,,,1.0,,0.0,0.0,27.0,21.0,6.0,14.0,13.0,0.0,,,,13.0,,0.0,9.0,0,0,1,0,0,1,1,1,1,0,1,1,1,0,0,0,0,0,0,1,1,1,0,1,0,0,0,0,0,0,0,0,1,1,1,0,1,0,0,0.2813,0.5676,0.3,0.38
2015,junction elementary,"Rural, fringe",0.54,0.5,0.58,0.69,0.36,,,,,,,,0.56,13.0,6.0,7.0,9.0,4.0,0.0,,,,0.0,,0.0,10.0,24.0,12.0,12.0,13.0,11.0,1.0,,,,4.0,,1.0,18.0,0,0,0,0,0,1,1,1,1,1,1,1,0,0,0,0,0,0,0,1,1,1,0,1,0,0,0,0,0,0,0,0,1,1,1,0,1,0,0,,,,
2016,junction elementary,"Rural, fringe",0.52,0.45,0.58,0.42,0.64,,,,,,,,0.53,12.0,5.0,7.0,5.0,7.0,,,,,0.0,,,10.0,23.0,11.0,12.0,12.0,11.0,,,,,4.0,,,19.0,0,0,0,0,0,1,1,1,1,1,1,1,0,0,0,0,0,0,1,1,1,1,0,1,1,0,0,0,0,0,0,1,1,1,1,0,1,1,0,0.54,,,
2017,junction elementary,"Rural, fringe",0.4667,0.5,0.4375,0.375,0.5714,,,,,,,,0.3636,14.0,7.0,7.0,6.0,8.0,0.0,,,,0.0,,,8.0,30.0,14.0,16.0,16.0,14.0,0.0,,,,0.0,,,22.0,0,0,0,0,0,1,1,1,1,1,1,1,0,0,0,0,0,0,0,1,1,1,0,1,1,0,0,0,0,0,0,0,1,1,1,0,1,1,0,0.52,0.54,,
2018,junction elementary,"Rural, fringe",0.7742,0.5455,0.9,0.6667,0.875,,,,,,,,0.7826,24.0,6.0,18.0,10.0,14.0,0.0,,0.0,,0.0,,0.0,18.0,31.0,11.0,20.0,15.0,16.0,0.0,,0.0,,0.0,,0.0,23.0,0,0,0,0,0,1,1,1,1,1,1,1,0,0,0,0,0,0,0,1,0,1,0,1,0,0,0,0,0,0,0,0,1,0,1,0,1,0,0,0.4667,0.52,0.54,
2019,junction elementary,"Rural, fringe",0.56,,0.6842,0.6154,0.5,,,,,,,,0.5882,14.0,0.0,13.0,8.0,6.0,0.0,,0.0,,0.0,,0.0,10.0,25.0,6.0,19.0,13.0,12.0,0.0,,0.0,,4.0,,0.0,17.0,0,1,0,0,0,1,1,1,1,1,1,1,0,0,0,0,0,0,0,1,0,1,0,1,0,0,0,0,0,0,0,0,1,0,1,0,1,0,0,0.7742,0.4667,0.52,0.54
2015,jurupa unified,"Suburb, large",0.23,0.2,0.36,0.2,0.25,,0.32,0.24,,0.21,,0.43,0.34,342.0,264.0,84.0,145.0,189.0,0.0,6.0,7.0,0.0,282.0,0.0,6.0,44.0,1486.0,1258.0,228.0,729.0,757.0,3.0,19.0,29.0,3.0,1285.0,2.0,14.0,129.0,0,0,0,0,0,1,0,0,1,0,1,0,0,0,0,0,0,0,0,0,0,0,0,0,0,0,0,0,0,0,0,0,0,0,0,0,0,0,0,,,,
2016,jurupa unified,"Suburb, large",0.26,0.22,0.47,0.25,0.27,,,0.21,,0.24,,,0.41,404.0,286.0,120.0,203.0,201.0,0.0,0.0,5.0,0.0,309.0,0.0,0.0,61.0,1554.0,1298.0,256.0,812.0,742.0,2.0,10.0,24.0,6.0,1342.0,1.0,10.0,150.0,0,0,0,0,0,1,1,0,1,0,1,1,0,0,0,0,0,0,0,0,0,0,0,0,0,0,0,0,0,0,0,0,0,0,0,0,0,0,0,0.23,,,
2017,jurupa unified,"Suburb, large",0.2838,0.244,0.4848,0.2899,0.2779,,0.55,0.1176,,0.2584,,,0.5172,397.0,285.0,112.0,200.0,197.0,0.0,11.0,2.0,0.0,315.0,0.0,0.0,60.0,1400.0,1169.0,231.0,691.0,709.0,0.0,20.0,17.0,0.0,1220.0,0.0,0.0,116.0,0,0,0,0,0,1,0,0,1,0,1,1,0,0,0,0,0,0,0,0,0,0,0,0,0,0,0,0,0,0,0,0,0,0,0,0,0,0,0,0.26,0.23,,
2018,jurupa unified,"Suburb, large",0.2926,0.261,0.4609,0.2884,0.2963,,0.5789,0.15,,0.2696,,0.4545,0.4627,426.0,320.0,106.0,199.0,227.0,0.0,11.0,3.0,0.0,337.0,0.0,5.0,62.0,1456.0,1226.0,230.0,690.0,766.0,0.0,19.0,20.0,0.0,1250.0,0.0,11.0,134.0,0,0,0,0,0,1,0,0,1,0,1,0,0,0,0,0,0,0,0,0,0,0,0,0,0,0,0,0,0,0,0,0,0,0,0,0,0,0,0,0.2838,0.26,0.23,
2019,jurupa unified,"Suburb, large",0.2944,0.2515,0.4582,0.2883,0.3004,,0.5714,0.2222,,0.276,,,0.4536,424.0,287.0,137.0,205.0,219.0,0.0,8.0,6.0,0.0,348.0,0.0,0.0,44.0,1441.0,1141.0,300.0,711.0,730.0,0.0,14.0,27.0,9.0,1262.0,4.0,10.0,97.0,0,0,0,0,0,1,0,0,1,0,1,1,0,0,0,0,0,0,0,0,0,0,0,0,0,0,0,0,0,0,0,0,0,0,0,0,0,0,0,0.2926,0.2838,0.26,0.23
2015,kelseyville unified,"Town, distant",0.11,0.06,0.27,0.06,0.16,,,,,0.04,,,0.17,14.0,5.0,8.0,4.0,9.0,0.0,0.0,0.0,0.0,2.0,,0.0,9.0,125.0,95.0,30.0,66.0,59.0,6.0,3.0,1.0,2.0,58.0,,5.0,50.0,0,0,0,0,0,1,1,1,1,0,1,1,0,0,0,0,0,0,0,0,0,0,0,1,0,0,0,0,0,0,0,0,0,0,0,0,1,0,0,,,,
2016,kelseyville unified,"Town, distant",0.16,0.11,0.5,0.2,0.12,,,,,0.04,,,0.33,19.0,11.0,7.0,12.0,6.0,0.0,0.0,0.0,,2.0,,0.0,14.0,111.0,97.0,14.0,60.0,51.0,5.0,1.0,1.0,,55.0,,4.0,43.0,0,0,0,0,0,1,1,1,1,0,1,1,0,0,0,0,0,0,0,0,0,1,0,1,0,0,0,0,0,0,0,0,0,0,1,0,1,0,0,0.11,,,
2017,kelseyville unified,"Town, distant",0.2137,0.1273,0.2903,0.1429,0.2533,,,,,0.1964,,,0.2115,25.0,7.0,18.0,6.0,19.0,0.0,,0.0,0.0,11.0,,0.0,11.0,117.0,55.0,62.0,42.0,75.0,0.0,,0.0,0.0,56.0,,0.0,52.0,0,0,0,0,0,1,1,1,1,0,1,1,0,0,0,0,0,0,0,1,0,0,0,1,0,0,0,0,0,0,0,0,1,0,0,0,1,0,0,0.16,0.11,,
2018,kelseyville unified,"Town, distant",0.211,0.1358,0.4286,0.1667,0.2653,,,,,0.122,,,0.2857,23.0,11.0,12.0,10.0,13.0,0.0,0.0,,,5.0,,0.0,16.0,109.0,81.0,28.0,60.0,49.0,0.0,0.0,,,41.0,,0.0,56.0,0,0,0,0,0,1,1,1,1,0,1,1,0,0,0,0,0,0,0,0,1,1,0,1,0,0,0,0,0,0,0,0,0,1,1,0,1,0,0,0.2137,0.16,0.11,
2019,kelseyville unified,"Town, distant",0.2941,0.25,0.3846,0.3333,0.2542,,,,,0.2449,,,0.4107,35.0,20.0,15.0,20.0,15.0,0.0,,,,12.0,,0.0,23.0,119.0,80.0,39.0,60.0,59.0,0.0,,,,49.0,,10.0,56.0,0,0,0,0,0,1,1,1,1,0,1,1,0,0,0,0,0,0,0,1,1,1,0,1,0,0,0,0,0,0,0,0,1,1,1,0,1,0,0,0.211,0.2137,0.16,0.11
2015,kentfield elementary,"Suburb, large",0.68,,0.7,0.67,0.7,,,,,0.16,,1.0,0.74,103.0,0.0,100.0,51.0,52.0,,0.0,0.0,0.0,3.0,,13.0,72.0,150.0,8.0,142.0,76.0,74.0,,10.0,1.0,5.0,19.0,,13.0,97.0,0,1,0,0,0,1,1,1,1,0,1,0,0,0,0,0,0,0,1,0,0,0,0,1,0,0,0,0,0,0,0,1,0,0,0,0,1,0,0,,,,
2016,kentfield elementary,"Suburb, large",0.67,,0.69,0.62,0.75,,,,,0.77,,0.73,0.68,95.0,0.0,93.0,48.0,47.0,0.0,0.0,0.0,0.0,10.0,0.0,8.0,71.0,141.0,7.0,134.0,78.0,63.0,1.0,6.0,1.0,1.0,13.0,1.0,11.0,104.0,0,1,0,0,0,1,1,1,1,0,1,0,0,0,0,0,0,0,0,0,0,0,0,0,0,0,0,0,0,0,0,0,0,0,0,0,0,0,0,0.68,,,
2017,kentfield elementary,"Suburb, large",0.7778,,0.8053,0.7258,0.8364,,,,,0.5,,0.8333,0.8171,91.0,0.0,91.0,45.0,46.0,,0.0,,,8.0,,10.0,67.0,117.0,0.0,113.0,62.0,55.0,,0.0,,,16.0,,12.0,82.0,0,1,0,0,0,1,1,1,1,0,1,0,0,0,0,0,0,0,1,0,1,1,0,1,0,0,0,0,0,0,0,1,0,1,1,0,1,0,0,0.67,0.68,,
2018,kentfield elementary,"Suburb, large",0.7578,0.3333,0.8017,0.6786,0.8194,,,,,0.44,,0.8571,0.8395,97.0,4.0,93.0,38.0,59.0,,0.0,,,11.0,,12.0,68.0,128.0,12.0,116.0,56.0,72.0,,0.0,,,25.0,,14.0,81.0,0,0,0,0,0,1,1,1,1,0,1,0,0,0,0,0,0,0,1,0,1,1,0,1,0,0,0,0,0,0,0,1,0,1,1,0,1,0,0,0.7778,0.67,0.68,
2019,kentfield elementary,"Suburb, large",0.8321,,0.8455,0.7808,0.8966,,,,,,,0.8889,0.8511,109.0,0.0,104.0,57.0,52.0,,0.0,,0.0,0.0,,16.0,80.0,131.0,8.0,123.0,73.0,58.0,,5.0,,0.0,10.0,,18.0,94.0,0,1,0,0,0,1,1,1,1,1,1,0,0,0,0,0,0,0,1,0,1,0,0,1,0,0,0,0,0,0,0,1,0,1,0,0,1,0,0,0.7578,0.7778,0.67,0.68
2015,kenwood,"Suburb, large",0.53,,0.52,0.58,0.47,,,,,,,,0.63,19.0,0.0,15.0,11.0,8.0,,0.0,,,0.0,,0.0,15.0,36.0,7.0,29.0,19.0,17.0,,1.0,,,5.0,,6.0,24.0,0,1,0,0,0,1,1,1,1,1,1,1,0,0,0,0,0,0,1,0,1,1,0,1,0,0,0,0,0,0,0,1,0,1,1,0,1,0,0,,,,
2016,kenwood,"Suburb, large",0.74,,0.72,0.58,,,,,,,,,0.8,14.0,0.0,13.0,7.0,0.0,,0.0,0.0,,0.0,,0.0,12.0,19.0,1.0,18.0,12.0,7.0,,1.0,1.0,,1.0,,1.0,15.0,0,1,0,0,1,1,1,1,1,1,1,1,0,0,0,0,0,0,1,0,0,1,0,1,0,0,0,0,0,0,0,1,0,0,1,0,1,0,0,0.53,,,
2017,kenwood,"Suburb, large",0.5,,0.5,0.2727,0.7273,,,,,,,,0.4762,11.0,0.0,9.0,3.0,8.0,,,,,0.0,,0.0,10.0,22.0,0.0,18.0,11.0,11.0,,,,,0.0,,0.0,21.0,0,1,0,0,0,1,1,1,1,1,1,1,0,0,0,0,0,0,1,1,1,1,0,1,0,0,0,0,0,0,0,1,1,1,1,0,1,0,0,0.74,0.53,,
2018,kenwood,"Suburb, large",0.3333,,0.381,0.3846,0.2727,,,,,,,,0.5,8.0,0.0,8.0,5.0,3.0,,,,,0.0,,0.0,8.0,24.0,0.0,21.0,13.0,11.0,,,,,0.0,,0.0,16.0,0,1,0,0,0,1,1,1,1,1,1,1,0,0,0,0,0,0,1,1,1,1,0,1,0,0,0,0,0,0,0,1,1,1,1,0,1,0,0,0.5,0.74,0.53,
2019,kenwood,"Suburb, large",0.4762,,0.5263,,0.5455,,,,,,,,0.5,10.0,0.0,10.0,0.0,6.0,,,,,0.0,,0.0,9.0,21.0,0.0,19.0,10.0,11.0,,,,,0.0,,0.0,18.0,0,1,0,1,0,1,1,1,1,1,1,1,0,0,0,0,0,0,1,1,1,1,0,1,0,0,0,0,0,0,0,1,1,1,1,0,1,0,0,0.3333,0.5,0.74,0.53
2015,keppel union elementary,"Rural, fringe",0.16,0.15,0.19,0.15,0.16,,,0.13,,0.16,,,0.14,46.0,39.0,7.0,19.0,27.0,0.0,,2.0,0.0,35.0,,0.0,6.0,285.0,248.0,37.0,126.0,159.0,1.0,,16.0,1.0,222.0,,3.0,42.0,0,0,0,0,0,1,1,0,1,0,1,1,0,0,0,0,0,0,0,1,0,0,0,1,0,0,0,0,0,0,0,0,1,0,0,0,1,0,0,,,,
2016,keppel union elementary,"Rural, fringe",0.18,0.19,0.18,0.2,0.17,,,0.21,,0.18,,,0.2,57.0,49.0,7.0,29.0,26.0,0.0,0.0,3.0,,42.0,,0.0,10.0,302.0,262.0,40.0,150.0,152.0,1.0,1.0,14.0,,233.0,,5.0,47.0,0,0,0,0,0,1,1,0,1,0,1,1,0,0,0,0,0,0,0,0,0,1,0,1,0,0,0,0,0,0,0,0,0,0,1,0,1,0,0,0.16,,,
2017,keppel union elementary,"Rural, fringe",0.2107,0.1935,0.3333,0.1709,0.25,,,0.125,,0.2,,,0.1961,67.0,54.0,13.0,27.0,40.0,0.0,0.0,2.0,,48.0,,0.0,10.0,318.0,279.0,39.0,158.0,160.0,0.0,0.0,16.0,,240.0,,0.0,51.0,0,0,0,0,0,1,1,0,1,0,1,1,0,0,0,0,0,0,0,0,0,1,0,1,0,0,0,0,0,0,0,0,0,0,1,0,1,0,0,0.18,0.16,,
2018,keppel union elementary,"Rural, fringe",0.2977,0.2887,0.3913,0.2655,0.3221,,,0.3125,,0.2952,,,0.3214,78.0,69.0,9.0,30.0,48.0,0.0,0.0,5.0,,62.0,,0.0,9.0,262.0,239.0,23.0,113.0,149.0,0.0,0.0,16.0,,210.0,,0.0,28.0,0,0,0,0,0,1,1,0,1,0,1,1,0,0,0,0,0,0,0,0,0,1,0,1,0,0,0,0,0,0,0,0,0,0,1,0,1,0,0,0.2107,0.18,0.16,
2019,keppel union elementary,"Rural, fringe",0.2872,0.2741,0.4348,0.291,0.2838,,,0.1429,,0.2913,,,0.3333,81.0,71.0,10.0,39.0,42.0,,,2.0,,67.0,,0.0,12.0,282.0,259.0,23.0,134.0,148.0,,,14.0,,230.0,,0.0,36.0,0,0,0,0,0,1,1,0,1,0,1,1,0,0,0,0,0,0,1,1,0,1,0,1,0,0,0,0,0,0,0,1,1,0,1,0,1,0,0,0.2977,0.2107,0.18,0.16
2015,kerman unified,"Town, fringe",0.22,0.19,0.47,0.26,0.19,,0.5,,,0.18,,,0.43,87.0,65.0,22.0,50.0,37.0,0.0,8.0,0.0,,60.0,,0.0,15.0,394.0,347.0,47.0,190.0,204.0,2.0,16.0,5.0,,333.0,,1.0,36.0,0,0,0,0,0,1,0,1,1,0,1,1,0,0,0,0,0,0,0,0,0,1,0,1,0,0,0,0,0,0,0,0,0,0,1,0,1,0,0,,,,
2016,kerman unified,"Town, fringe",0.35,0.3,0.67,0.39,0.32,,0.48,,,0.32,,,0.52,141.0,103.0,39.0,75.0,72.0,,13.0,0.0,,105.0,,0.0,23.0,403.0,345.0,58.0,186.0,217.0,,27.0,3.0,,325.0,,3.0,44.0,0,0,0,0,0,1,0,1,1,0,1,1,0,0,0,0,0,0,1,0,0,1,0,1,0,0,0,0,0,0,0,1,0,0,1,0,1,0,0,0.22,,,
2017,kerman unified,"Town, fringe",0.4189,0.3912,0.5849,0.442,0.3968,,0.7143,,,0.4057,,,0.4063,155.0,124.0,31.0,80.0,75.0,0.0,10.0,,0.0,129.0,,0.0,13.0,370.0,317.0,53.0,181.0,189.0,0.0,14.0,,0.0,318.0,,0.0,32.0,0,0,0,0,0,1,0,1,1,0,1,1,0,0,0,0,0,0,0,0,1,0,0,1,0,0,0,0,0,0,0,0,0,1,0,0,1,0,0,0.35,0.22,,
2018,kerman unified,"Town, fringe",0.399,0.3754,0.5246,0.4272,0.3667,,0.4667,,,0.3814,,,0.5714,154.0,122.0,32.0,88.0,66.0,0.0,7.0,,,127.0,,0.0,20.0,386.0,325.0,61.0,206.0,180.0,0.0,15.0,,,333.0,,0.0,35.0,0,0,0,0,0,1,0,1,1,0,1,1,0,0,0,0,0,0,0,0,1,1,0,1,0,0,0,0,0,0,0,0,0,1,1,0,1,0,0,0.4189,0.35,0.22,
2019,kerman unified,"Town, fringe",0.4079,0.3779,0.5714,0.3722,0.4511,,0.45,,,0.3846,,,0.5882,166.0,130.0,36.0,83.0,83.0,0.0,9.0,0.0,,135.0,,,20.0,407.0,344.0,63.0,223.0,184.0,0.0,20.0,0.0,,351.0,,,34.0,0,0,0,0,0,1,0,1,1,0,1,1,0,0,0,0,0,0,0,0,0,1,0,1,1,0,0,0,0,0,0,0,0,0,1,0,1,1,0,0.399,0.4189,0.35,0.22
2015,keyes union,"Suburb, large",0.28,0.23,0.48,0.25,0.31,,,,,0.26,,,0.31,29.0,19.0,10.0,13.0,16.0,,0.0,,,17.0,0.0,,10.0,104.0,83.0,21.0,52.0,52.0,,4.0,,,67.0,1.0,,32.0,0,0,0,0,0,1,1,1,1,0,1,1,0,0,0,0,0,0,1,0,1,1,0,0,1,0,0,0,0,0,0,1,0,1,1,0,0,1,0,,,,
2016,keyes union,"Suburb, large",0.33,0.26,0.52,0.26,0.39,,,,,0.19,,,0.49,36.0,21.0,15.0,14.0,22.0,,0.0,,,12.0,0.0,0.0,20.0,109.0,80.0,29.0,53.0,56.0,,3.0,,,62.0,1.0,2.0,41.0,0,0,0,0,0,1,1,1,1,0,1,1,0,0,0,0,0,0,1,0,1,1,0,0,0,0,0,0,0,0,0,1,0,1,1,0,0,0,0,0.28,,,
2017,keyes union,"Suburb, large",0.3366,0.2533,0.5769,0.2391,0.4182,,,,,0.2969,,,0.3636,34.0,19.0,15.0,11.0,23.0,,0.0,,,19.0,,0.0,12.0,101.0,75.0,26.0,46.0,55.0,,0.0,,,64.0,,0.0,33.0,0,0,0,0,0,1,1,1,1,0,1,1,0,0,0,0,0,0,1,0,1,1,0,1,0,0,0,0,0,0,0,1,0,1,1,0,1,0,0,0.33,0.28,,
2018,keyes union,"Suburb, large",0.402,0.3718,0.5,0.4038,0.4,,,,,0.4032,,,0.3429,41.0,29.0,12.0,21.0,20.0,,0.0,,,25.0,,0.0,12.0,102.0,78.0,24.0,52.0,50.0,,0.0,,,62.0,,0.0,35.0,0,0,0,0,0,1,1,1,1,0,1,1,0,0,0,0,0,0,1,0,1,1,0,1,0,0,0,0,0,0,0,1,0,1,1,0,1,0,0,0.3366,0.33,0.28,
2019,keyes union,"Suburb, large",0.4649,0.4051,0.6,0.44,0.4844,,,,,0.4103,,,0.6667,53.0,32.0,21.0,22.0,31.0,0.0,0.0,,,32.0,,0.0,20.0,114.0,79.0,35.0,50.0,64.0,0.0,0.0,,,78.0,,0.0,30.0,0,0,0,0,0,1,1,1,1,0,1,1,0,0,0,0,0,0,0,0,1,1,0,1,0,0,0,0,0,0,0,0,0,1,1,0,1,0,0,0.402,0.3366,0.33,0.28
2015,king city union,"Town, remote",0.17,0.15,0.33,0.16,0.17,,,,,0.15,,,0.38,46.0,39.0,10.0,22.0,26.0,0.0,0.0,0.0,,37.0,,0.0,6.0,287.0,257.0,30.0,129.0,158.0,1.0,4.0,1.0,,263.0,,2.0,16.0,0,0,0,0,0,1,1,1,1,0,1,1,0,0,0,0,0,0,0,0,0,1,0,1,0,0,0,0,0,0,0,0,0,0,1,0,1,0,0,,,,
2016,king city union,"Town, remote",0.2,0.19,0.36,0.23,0.17,,,,,0.18,,,0.44,61.0,54.0,8.0,36.0,27.0,,0.0,0.0,0.0,52.0,,,7.0,308.0,286.0,22.0,153.0,155.0,,3.0,1.0,1.0,287.0,,,16.0,0,0,0,0,0,1,1,1,1,0,1,1,0,0,0,0,0,0,1,0,0,0,0,1,1,0,0,0,0,0,0,1,0,0,0,0,1,1,0,0.17,,,
2017,king city union,"Town, remote",0.2343,0.21,0.5455,0.2581,0.2095,,,,,0.2194,,,0.4667,71.0,59.0,12.0,40.0,31.0,0.0,0.0,0.0,0.0,61.0,,0.0,7.0,303.0,281.0,22.0,155.0,148.0,0.0,0.0,0.0,0.0,278.0,,0.0,15.0,0,0,0,0,0,1,1,1,1,0,1,1,0,0,0,0,0,0,0,0,0,0,0,1,0,0,0,0,0,0,0,0,0,0,0,0,1,0,0,0.2,0.17,,
2018,king city union,"Town, remote",0.3472,0.3306,0.5882,0.3387,0.3546,,,,,0.3333,,,0.7273,92.0,82.0,10.0,42.0,50.0,,0.0,,,84.0,,,8.0,266.0,248.0,18.0,125.0,141.0,,0.0,,,253.0,,,11.0,0,0,0,0,0,1,1,1,1,0,1,1,0,0,0,0,0,0,1,0,1,1,0,1,1,0,0,0,0,0,0,1,0,1,1,0,1,1,0,0.2343,0.2,0.17,
2019,king city union,"Town, remote",0.3356,0.3132,0.5556,0.3185,0.3556,,,,,0.3152,,,,98.0,83.0,15.0,50.0,48.0,,0.0,,0.0,87.0,,0.0,0.0,292.0,265.0,27.0,157.0,135.0,,4.0,,0.0,276.0,,0.0,8.0,0,0,0,0,0,1,1,1,1,0,1,1,1,0,0,0,0,0,1,0,1,0,0,1,0,0,0,0,0,0,0,1,0,1,0,0,1,0,0,0.3472,0.2343,0.2,0.17
2015,kings river union elementary,"Rural, fringe",0.08,0.02,,0.14,0.0,,,,,0.05,,,,4.0,1.0,0.0,4.0,0.0,,0.0,0.0,,2.0,,0.0,0.0,52.0,44.0,8.0,28.0,24.0,,1.0,1.0,,43.0,,1.0,6.0,0,0,1,0,0,1,1,1,1,0,1,1,1,0,0,0,0,0,1,0,0,1,0,1,0,0,0,0,0,0,0,1,0,0,1,0,1,0,0,,,,
2016,kings river union elementary,"Rural, fringe",0.26,0.21,,0.24,0.28,,,,,0.21,,,,12.0,9.0,0.0,7.0,5.0,,,,,9.0,,,0.0,47.0,43.0,4.0,29.0,18.0,,,,,43.0,,,4.0,0,0,1,0,0,1,1,1,1,0,1,1,1,0,0,0,0,0,1,1,1,1,0,1,1,0,0,0,0,0,0,1,1,1,1,0,1,1,0,0.08,,,
2017,kings river union elementary,"Rural, fringe",0.2373,0.1923,,0.1667,0.3103,,,,,0.2075,,,,14.0,10.0,0.0,5.0,9.0,,,,,11.0,,,0.0,59.0,52.0,0.0,30.0,29.0,,,,,53.0,,,0.0,0,0,1,0,0,1,1,1,1,0,1,1,1,0,0,0,0,0,1,1,1,1,0,1,1,0,0,0,0,0,0,1,1,1,1,0,1,1,0,0.26,0.08,,
2018,kings river union elementary,"Rural, fringe",0.3415,0.35,,0.2941,0.375,,,,,0.3415,,,,14.0,14.0,0.0,5.0,9.0,,,,,14.0,,,0.0,41.0,40.0,0.0,17.0,24.0,,,,,41.0,,,0.0,0,0,1,0,0,1,1,1,1,0,1,1,1,0,0,0,0,0,1,1,1,1,0,1,1,0,0,0,0,0,0,1,1,1,1,0,1,1,0,0.2373,0.26,0.08,
2019,kings river union elementary,"Rural, fringe",0.4762,0.4194,0.6364,0.4375,0.5,,,,,0.4474,,,,20.0,13.0,7.0,7.0,13.0,,,,,17.0,,,0.0,42.0,31.0,11.0,16.0,26.0,,,,,38.0,,,4.0,0,0,0,0,0,1,1,1,1,0,1,1,1,0,0,0,0,0,1,1,1,1,0,1,1,0,0,0,0,0,0,1,1,1,1,0,1,1,0,0.3415,0.2373,0.26,0.08
2015,knightsen elementary,"Rural, fringe",0.26,0.12,0.38,0.2,0.3,,,,,0.14,,,0.41,15.0,3.0,12.0,5.0,10.0,,,0.0,,4.0,,0.0,9.0,58.0,26.0,32.0,25.0,33.0,,,1.0,,28.0,,7.0,22.0,0,0,0,0,0,1,1,1,1,0,1,1,0,0,0,0,0,0,1,1,0,1,0,1,0,0,0,0,0,0,0,1,1,0,1,0,1,0,0,,,,
2016,knightsen elementary,"Rural, fringe",0.28,0.16,0.38,0.26,0.31,,,,,0.2,,,0.32,16.0,4.0,12.0,8.0,8.0,,0.0,0.0,,4.0,0.0,0.0,10.0,57.0,25.0,32.0,31.0,26.0,,1.0,2.0,,20.0,1.0,2.0,31.0,0,0,0,0,0,1,1,1,1,0,1,1,0,0,0,0,0,0,1,0,0,1,0,0,0,0,0,0,0,0,0,1,0,0,1,0,0,0,0,0.26,,,
2017,knightsen elementary,"Rural, fringe",0.3051,0.1905,0.3684,0.3077,0.303,,,,,0.1905,,,0.3636,18.0,4.0,14.0,8.0,10.0,,0.0,,,4.0,,0.0,12.0,59.0,21.0,38.0,26.0,33.0,,0.0,,,21.0,,0.0,33.0,0,0,0,0,0,1,1,1,1,0,1,1,0,0,0,0,0,0,1,0,1,1,0,1,0,0,0,0,0,0,0,1,0,1,1,0,1,0,0,0.28,0.26,,
2018,knightsen elementary,"Rural, fringe",0.4918,0.2174,0.6579,0.5357,0.4545,,,,,0.2917,,,0.6333,30.0,5.0,25.0,15.0,15.0,,,0.0,0.0,7.0,0.0,0.0,19.0,61.0,23.0,38.0,28.0,33.0,,,0.0,0.0,24.0,0.0,0.0,30.0,0,0,0,0,0,1,1,1,1,0,1,1,0,0,0,0,0,0,1,1,0,0,0,0,0,0,0,0,0,0,0,1,1,0,0,0,0,0,0,0.3051,0.28,0.26,
2019,knightsen elementary,"Rural, fringe",0.4333,0.2174,0.5676,0.4815,0.3939,,,,,0.3333,,,0.5417,26.0,5.0,21.0,13.0,13.0,,0.0,0.0,0.0,9.0,,0.0,13.0,60.0,23.0,37.0,27.0,33.0,,0.0,0.0,0.0,27.0,,0.0,24.0,0,0,0,0,0,1,1,1,1,0,1,1,0,0,0,0,0,0,1,0,0,0,0,1,0,0,0,0,0,0,0,1,0,0,0,0,1,0,0,0.4918,0.3051,0.28,0.26
2015,konocti unified,"Town, distant",0.09,0.07,0.11,0.08,0.1,,,,,0.11,,0.0,0.11,21.0,8.0,14.0,8.0,15.0,0.0,,0.0,,9.0,0.0,0.0,13.0,237.0,112.0,125.0,100.0,137.0,10.0,,6.0,,86.0,1.0,16.0,118.0,0,0,0,0,0,1,1,1,1,0,1,0,0,0,0,0,0,0,0,1,0,1,0,0,0,0,0,0,0,0,0,0,1,0,1,0,0,0,0,,,,
2016,konocti unified,"Town, distant",0.06,0.04,0.14,0.05,0.06,,,,,0.04,,0.0,0.08,13.0,9.0,5.0,7.0,8.0,0.0,,0.0,,5.0,,0.0,9.0,262.0,227.0,35.0,131.0,131.0,5.0,,8.0,,117.0,,13.0,118.0,0,0,0,0,0,1,1,1,1,0,1,0,0,0,0,0,0,0,0,1,0,1,0,1,0,0,0,0,0,0,0,0,1,0,1,0,1,0,0,0.09,,,
2017,konocti unified,"Town, distant",0.0847,0.0755,0.1389,0.1048,0.0645,,,,,0.066,,0.05,0.1238,21.0,16.0,5.0,13.0,8.0,0.0,0.0,0.0,,7.0,,1.0,13.0,248.0,212.0,36.0,124.0,124.0,0.0,0.0,0.0,,106.0,,20.0,105.0,0,0,0,0,0,1,1,1,1,0,1,0,0,0,0,0,0,0,0,0,0,1,0,1,0,0,0,0,0,0,0,0,0,0,1,0,1,0,0,0.06,0.09,,
2018,konocti unified,"Town, distant",0.1226,0.1195,,0.1377,0.1057,,,,,0.0882,,0.1111,0.1522,32.0,30.0,0.0,19.0,13.0,0.0,0.0,0.0,0.0,12.0,0.0,2.0,14.0,261.0,251.0,0.0,138.0,123.0,0.0,0.0,0.0,0.0,136.0,0.0,18.0,92.0,0,0,1,0,0,1,1,1,1,0,1,0,0,0,0,0,0,0,0,0,0,0,0,0,0,0,0,0,0,0,0,0,0,0,0,0,0,0,0,0.0847,0.06,0.09,
2019,konocti unified,"Town, distant",0.1705,0.1595,0.25,0.161,0.1781,,,,,0.177,,0.1667,0.1624,45.0,37.0,8.0,19.0,26.0,0.0,0.0,0.0,0.0,20.0,,3.0,19.0,264.0,232.0,32.0,118.0,146.0,6.0,0.0,7.0,0.0,113.0,,18.0,117.0,0,0,0,0,0,1,1,1,1,0,1,0,0,0,0,0,0,0,0,0,0,0,0,1,0,0,0,0,0,0,0,0,0,0,0,0,1,0,0,0.1226,0.0847,0.06,0.09
2015,la canada unified,"Suburb, large",0.81,,0.81,0.76,0.85,,0.85,,,0.77,,0.92,0.81,225.0,0.0,224.0,104.0,123.0,0.0,68.0,0.0,0.0,23.0,,11.0,116.0,278.0,5.0,273.0,136.0,142.0,1.0,80.0,4.0,8.0,30.0,,12.0,143.0,0,1,0,0,0,1,0,1,1,0,1,0,0,0,0,0,0,0,0,0,0,0,0,1,0,0,0,0,0,0,0,0,0,0,0,0,1,0,0,,,,
2016,la canada unified,"Suburb, large",0.86,,0.85,0.81,0.9,,0.95,,,0.77,,0.92,0.81,255.0,0.0,251.0,109.0,149.0,,73.0,0.0,0.0,20.0,,36.0,125.0,300.0,5.0,295.0,134.0,166.0,,76.0,4.0,1.0,26.0,,39.0,154.0,0,1,0,0,0,1,0,1,1,0,1,0,0,0,0,0,0,0,1,0,0,0,0,1,0,0,0,0,0,0,0,1,0,0,0,0,1,0,0,0.81,,,
2017,la canada unified,"Suburb, large",0.8997,,0.9027,0.9042,0.8939,,0.9579,,,0.8605,,1.0,0.8519,269.0,0.0,269.0,151.0,118.0,0.0,91.0,0.0,0.0,37.0,,21.0,115.0,299.0,0.0,298.0,167.0,132.0,0.0,95.0,0.0,0.0,43.0,,21.0,135.0,0,1,0,0,0,1,0,1,1,0,1,0,0,0,0,0,0,0,0,0,0,0,0,1,0,0,0,0,0,0,0,0,0,0,0,0,1,0,0,0.86,0.81,,
2018,la canada unified,"Suburb, large",0.9032,0.8333,0.906,0.9291,0.8817,,0.9537,,,0.6897,,0.8571,0.9236,280.0,10.0,270.0,131.0,149.0,,103.0,0.0,0.0,20.0,,18.0,133.0,310.0,12.0,298.0,141.0,169.0,,108.0,0.0,0.0,29.0,,21.0,144.0,0,0,0,0,0,1,0,1,1,0,1,0,0,0,0,0,0,0,1,0,0,0,0,1,0,0,0,0,0,0,0,1,0,0,0,0,1,0,0,0.8997,0.86,0.81,
2019,la canada unified,"Suburb, large",0.8537,0.6154,0.865,0.7939,0.9038,,0.9036,,,0.7292,,0.9722,0.8304,245.0,8.0,237.0,104.0,141.0,0.0,75.0,0.0,0.0,35.0,,35.0,93.0,287.0,13.0,274.0,131.0,156.0,0.0,83.0,0.0,0.0,48.0,,36.0,112.0,0,0,0,0,0,1,0,1,1,0,1,0,0,0,0,0,0,0,0,0,0,0,0,1,0,0,0,0,0,0,0,0,0,0,0,0,1,0,0,0.9032,0.8997,0.86,0.81
2015,la habra city elementary,"Suburb, large",0.23,0.18,0.41,0.23,0.23,,0.83,,,0.2,,,0.33,129.0,75.0,51.0,64.0,60.0,0.0,10.0,0.0,0.0,96.0,,0.0,10.0,537.0,416.0,121.0,277.0,260.0,2.0,12.0,5.0,5.0,477.0,,6.0,30.0,0,0,0,0,0,1,0,1,1,0,1,1,0,0,0,0,0,0,0,0,0,0,0,1,0,0,0,0,0,0,0,0,0,0,0,0,1,0,0,,,,
2016,la habra city elementary,"Suburb, large",0.31,0.27,0.47,0.31,0.32,,,,,0.3,,,0.39,156.0,104.0,47.0,73.0,78.0,0.0,0.0,0.0,0.0,128.0,0.0,0.0,12.0,485.0,384.0,101.0,233.0,252.0,1.0,10.0,5.0,5.0,426.0,1.0,6.0,31.0,0,0,0,0,0,1,1,1,1,0,1,1,0,0,0,0,0,0,0,0,0,0,0,0,0,0,0,0,0,0,0,0,0,0,0,0,0,0,0,0.23,,,
2017,la habra city elementary,"Suburb, large",0.3396,0.2899,0.5126,0.3175,0.3629,,,,,0.307,,,0.575,181.0,120.0,61.0,87.0,94.0,,0.0,0.0,0.0,144.0,,0.0,23.0,533.0,414.0,119.0,274.0,259.0,,0.0,0.0,0.0,469.0,,0.0,40.0,0,0,0,0,0,1,1,1,1,0,1,1,0,0,0,0,0,0,1,0,0,0,0,1,0,0,0,0,0,0,0,1,0,0,0,0,1,0,0,0.31,0.23,,
2018,la habra city elementary,"Suburb, large",0.3509,0.3034,0.5169,0.3101,0.3897,,0.8182,,,0.3179,,0.75,0.5833,186.0,125.0,61.0,80.0,106.0,0.0,9.0,0.0,0.0,151.0,,9.0,14.0,530.0,412.0,118.0,258.0,272.0,0.0,11.0,0.0,0.0,475.0,,12.0,24.0,0,0,0,0,0,1,0,1,1,0,1,0,0,0,0,0,0,0,0,0,0,0,0,1,0,0,0,0,0,0,0,0,0,0,0,0,1,0,0,0.3396,0.31,0.23,
2019,la habra city elementary,"Suburb, large",0.366,0.3159,0.5579,0.3673,0.3648,,,,,0.3406,,,0.5484,168.0,115.0,53.0,83.0,85.0,,0.0,0.0,0.0,140.0,,0.0,17.0,459.0,364.0,95.0,226.0,233.0,,4.0,0.0,5.0,411.0,,0.0,31.0,0,0,0,0,0,1,1,1,1,0,1,1,0,0,0,0,0,0,1,0,0,0,0,1,0,0,0,0,0,0,0,1,0,0,0,0,1,0,0,0.3509,0.3396,0.31,0.23
2015,la mesa-spring valley,"Suburb, large",0.38,0.26,0.57,0.35,0.41,,0.55,0.24,0.49,0.28,0.33,0.41,0.57,536.0,215.0,311.0,238.0,298.0,0.0,21.0,30.0,19.0,173.0,4.0,40.0,232.0,1373.0,826.0,547.0,663.0,710.0,4.0,38.0,127.0,39.0,641.0,12.0,98.0,414.0,0,0,0,0,0,1,0,0,0,0,0,0,0,0,0,0,0,0,0,0,0,0,0,0,0,0,0,0,0,0,0,0,0,0,0,0,0,0,0,,,,
2016,la mesa-spring valley,"Suburb, large",0.36,0.25,0.56,0.34,0.37,,0.49,0.22,0.5,0.26,0.08,0.4,0.56,506.0,231.0,291.0,226.0,288.0,0.0,20.0,35.0,16.0,178.0,1.0,44.0,226.0,1444.0,924.0,520.0,664.0,780.0,2.0,41.0,158.0,32.0,686.0,12.0,109.0,403.0,0,0,0,0,0,1,0,0,0,0,0,0,0,0,0,0,0,0,0,0,0,0,0,0,0,0,0,0,0,0,0,0,0,0,0,0,0,0,0,0.38,,,
2017,la mesa-spring valley,"Suburb, large",0.3967,0.2582,0.6133,0.3754,0.4162,,0.6,0.2475,0.5526,0.2793,,0.4821,0.6132,534.0,212.0,322.0,241.0,293.0,0.0,24.0,25.0,21.0,193.0,0.0,54.0,214.0,1347.0,822.0,525.0,642.0,705.0,0.0,40.0,101.0,38.0,692.0,0.0,112.0,349.0,0,0,0,0,0,1,0,0,0,0,1,0,0,0,0,0,0,0,0,0,0,0,0,0,0,0,0,0,0,0,0,0,0,0,0,0,0,0,0,0.36,0.38,,
2018,la mesa-spring valley,"Suburb, large",0.4127,0.3052,0.5951,0.3849,0.4396,,0.7308,0.2149,0.6207,0.3083,,0.5625,0.5842,544.0,253.0,291.0,249.0,295.0,,19.0,26.0,18.0,201.0,0.0,63.0,215.0,1318.0,829.0,489.0,647.0,671.0,,26.0,121.0,29.0,652.0,0.0,112.0,368.0,0,0,0,0,0,1,0,0,0,0,1,0,0,0,0,0,0,0,1,0,0,0,0,0,0,0,0,0,0,0,0,1,0,0,0,0,0,0,0,0.3967,0.36,0.38,
2019,la mesa-spring valley,"Suburb, large",0.4243,0.3149,0.6051,0.419,0.429,,0.6667,0.2946,0.5556,0.3142,,0.4857,0.642,530.0,245.0,285.0,243.0,287.0,0.0,20.0,33.0,15.0,202.0,0.0,51.0,208.0,1249.0,778.0,471.0,580.0,669.0,0.0,30.0,112.0,27.0,643.0,5.0,105.0,324.0,0,0,0,0,0,1,0,0,0,0,1,0,0,0,0,0,0,0,0,0,0,0,0,0,0,0,0,0,0,0,0,0,0,0,0,0,0,0,0,0.4127,0.3967,0.36,0.38
2015,lafayette elementary,"Suburb, large",0.76,,0.77,0.75,0.77,,0.9,,,0.71,,0.65,0.77,279.0,0.0,280.0,139.0,143.0,0.0,27.0,0.0,0.0,22.0,,24.0,200.0,367.0,9.0,358.0,182.0,185.0,1.0,30.0,3.0,4.0,31.0,,37.0,260.0,0,1,0,0,0,1,0,1,1,0,1,0,0,0,0,0,0,0,0,0,0,0,0,1,0,0,0,0,0,0,0,0,0,0,0,0,1,0,0,,,,
2016,lafayette elementary,"Suburb, large",0.8,,0.81,0.75,0.85,,0.8,,,0.55,,0.74,0.83,324.0,0.0,320.0,150.0,172.0,,28.0,0.0,0.0,16.0,0.0,17.0,253.0,405.0,10.0,395.0,203.0,202.0,,35.0,4.0,5.0,29.0,1.0,23.0,305.0,0,1,0,0,0,1,0,1,1,0,1,0,0,0,0,0,0,0,1,0,0,0,0,0,0,0,0,0,0,0,0,1,0,0,0,0,0,0,0,0.76,,,
2017,lafayette elementary,"Suburb, large",0.8108,,0.8166,0.7653,0.8608,,0.8462,,,0.7667,,0.9412,0.8007,330.0,0.0,325.0,163.0,167.0,0.0,33.0,0.0,0.0,23.0,0.0,32.0,229.0,407.0,0.0,398.0,213.0,194.0,0.0,39.0,0.0,0.0,30.0,0.0,34.0,286.0,0,1,0,0,0,1,0,1,1,0,1,0,0,0,0,0,0,0,0,0,0,0,0,0,0,0,0,0,0,0,0,0,0,0,0,0,0,0,0,0.8,0.76,,
2018,lafayette elementary,"Suburb, large",0.799,0.7,0.8042,0.768,0.8284,,0.96,,,0.7778,,0.8,0.7924,318.0,14.0,304.0,149.0,169.0,,24.0,0.0,0.0,28.0,,28.0,229.0,398.0,20.0,378.0,194.0,204.0,,25.0,0.0,0.0,36.0,,35.0,289.0,0,0,0,0,0,1,0,1,1,0,1,0,0,0,0,0,0,0,1,0,0,0,0,1,0,0,0,0,0,0,0,1,0,0,0,0,1,0,0,0.8108,0.8,0.76,
2019,lafayette elementary,"Suburb, large",0.8702,0.6,0.8818,0.8421,0.8953,,1.0,,,0.7353,,0.7674,0.8954,315.0,9.0,306.0,144.0,171.0,0.0,34.0,0.0,0.0,25.0,,33.0,214.0,362.0,15.0,347.0,171.0,191.0,0.0,34.0,5.0,0.0,34.0,,43.0,239.0,0,0,0,0,0,1,0,1,1,0,1,0,0,0,0,0,0,0,0,0,0,0,0,1,0,0,0,0,0,0,0,0,0,0,0,0,1,0,0,0.799,0.8108,0.8,0.76
2015,laguna beach unified,"Suburb, large",0.69,0.32,0.74,0.68,0.71,,0.79,,,0.4,,0.77,0.72,167.0,9.0,156.0,75.0,93.0,0.0,11.0,0.0,0.0,8.0,0.0,10.0,132.0,239.0,28.0,211.0,111.0,128.0,3.0,14.0,3.0,1.0,20.0,1.0,13.0,184.0,0,0,0,0,0,1,0,1,1,0,1,0,0,0,0,0,0,0,0,0,0,0,0,0,0,0,0,0,0,0,0,0,0,0,0,0,0,0,0,,,,
2016,laguna beach unified,"Suburb, large",0.72,0.56,0.74,0.68,0.75,,0.82,,,0.58,,0.87,0.71,160.0,15.0,145.0,72.0,87.0,0.0,9.0,0.0,0.0,14.0,,13.0,116.0,222.0,27.0,195.0,106.0,116.0,2.0,11.0,4.0,1.0,24.0,,15.0,164.0,0,0,0,0,0,1,0,1,1,0,1,0,0,0,0,0,0,0,0,0,0,0,0,1,0,0,0,0,0,0,0,0,0,0,0,0,1,0,0,0.69,,,
2017,laguna beach unified,"Suburb, large",0.8019,0.2667,0.8438,0.7701,0.825,,1.0,,,0.4348,,0.9286,0.8247,166.0,4.0,162.0,67.0,99.0,,14.0,,0.0,10.0,,13.0,127.0,207.0,15.0,192.0,87.0,120.0,,14.0,,0.0,23.0,,14.0,154.0,0,0,0,0,0,1,0,1,1,0,1,0,0,0,0,0,0,0,1,0,1,0,0,1,0,0,0,0,0,0,0,1,0,1,0,0,1,0,0,0.72,0.69,,
2018,laguna beach unified,"Suburb, large",0.83,0.68,0.8514,0.8511,0.8113,,,,,0.8,,0.9048,0.8071,166.0,17.0,149.0,80.0,86.0,,0.0,0.0,0.0,20.0,,19.0,113.0,200.0,25.0,175.0,94.0,106.0,,0.0,0.0,0.0,25.0,,21.0,140.0,0,0,0,0,0,1,1,1,1,0,1,0,0,0,0,0,0,0,1,0,0,0,0,1,0,0,0,0,0,0,0,1,0,0,0,0,1,0,0,0.8019,0.72,0.69,
2019,laguna beach unified,"Suburb, large",0.7895,0.619,0.8107,0.7449,0.837,,,,,0.5789,,0.8421,0.7986,150.0,13.0,137.0,73.0,77.0,,0.0,,0.0,11.0,,16.0,115.0,190.0,21.0,169.0,98.0,92.0,,5.0,,0.0,19.0,,19.0,144.0,0,0,0,0,0,1,1,1,1,0,1,0,0,0,0,0,0,0,1,0,1,0,0,1,0,0,0,0,0,0,0,1,0,1,0,0,1,0,0,0.83,0.8019,0.72,0.69
2015,lake elementary,"Rural, fringe",0.28,,0.45,0.17,,,,,,,,,0.25,5.0,0.0,5.0,2.0,0.0,,,,,0.0,,,3.0,18.0,7.0,11.0,12.0,6.0,,,,,6.0,,,12.0,0,1,0,0,1,1,1,1,1,1,1,1,0,0,0,0,0,0,1,1,1,1,0,1,1,0,0,0,0,0,0,1,1,1,1,0,1,1,0,,,,
2016,lake elementary,"Rural, fringe",0.38,,0.5,,0.36,,,,,,,,0.46,8.0,0.0,6.0,0.0,5.0,,,,,0.0,,,6.0,21.0,9.0,12.0,7.0,14.0,,,,,8.0,,,13.0,0,1,0,1,0,1,1,1,1,1,1,1,0,0,0,0,0,0,1,1,1,1,0,1,1,0,0,0,0,0,0,1,1,1,1,0,1,1,0,0.28,,,
2017,lake elementary,"Rural, fringe",0.3,,0.3636,0.3636,,,,,,,,,0.2857,6.0,0.0,4.0,4.0,0.0,0.0,,,,0.0,,,4.0,20.0,0.0,11.0,11.0,0.0,0.0,,,,0.0,,,14.0,0,1,0,0,1,1,1,1,1,1,1,1,0,0,0,0,0,0,0,1,1,1,0,1,1,0,0,0,0,0,0,0,1,1,1,0,1,1,0,0.38,0.28,,
2018,lake elementary,"Rural, fringe",0.2632,,,,,,,,,,,,0.3125,5.0,0.0,0.0,0.0,0.0,,,0.0,,0.0,,,5.0,19.0,0.0,0.0,0.0,0.0,,,0.0,,0.0,,,16.0,0,1,1,1,1,1,1,1,1,1,1,1,0,0,0,0,0,0,1,1,0,1,0,1,1,0,0,0,0,0,0,1,1,0,1,0,1,1,0,0.3,0.38,0.28,
2019,lake elementary,"Rural, fringe",0.3684,,,0.3077,,,,,,,,,,7.0,0.0,0.0,4.0,0.0,,,,,0.0,,0.0,0.0,19.0,9.0,10.0,13.0,6.0,,,,,8.0,,0.0,10.0,0,1,1,0,1,1,1,1,1,1,1,1,1,0,0,0,0,0,1,1,1,1,0,1,0,0,0,0,0,0,0,1,1,1,1,0,1,0,0,0.2632,0.3,0.38,0.28
2015,lake elsinore unified,"Suburb, large",0.23,0.17,0.37,0.25,0.22,,0.48,0.16,0.36,0.15,,0.39,0.36,388.0,188.0,188.0,201.0,171.0,0.0,19.0,10.0,8.0,131.0,0.0,21.0,177.0,1617.0,1111.0,506.0,806.0,811.0,6.0,40.0,61.0,22.0,932.0,5.0,54.0,494.0,0,0,0,0,0,1,0,0,0,0,1,0,0,0,0,0,0,0,0,0,0,0,0,0,0,0,0,0,0,0,0,0,0,0,0,0,0,0,0,,,,
2016,lake elsinore unified,"Suburb, large",0.3,0.22,0.44,0.29,0.3,,0.52,0.28,0.7,0.21,,0.45,0.42,509.0,244.0,257.0,245.0,246.0,0.0,17.0,15.0,16.0,229.0,0.0,30.0,194.0,1695.0,1111.0,584.0,846.0,849.0,2.0,33.0,54.0,23.0,1040.0,3.0,66.0,474.0,0,0,0,0,0,1,0,0,0,0,1,0,0,0,0,0,0,0,0,0,0,0,0,0,0,0,0,0,0,0,0,0,0,0,0,0,0,0,0,0.23,,,
2017,lake elsinore unified,"Suburb, large",0.3067,0.2286,0.468,0.285,0.3288,,0.5417,0.1404,0.6364,0.2308,,0.4815,0.4512,500.0,251.0,249.0,234.0,266.0,0.0,13.0,8.0,7.0,231.0,0.0,39.0,199.0,1630.0,1098.0,532.0,821.0,809.0,0.0,24.0,57.0,11.0,1001.0,0.0,81.0,441.0,0,0,0,0,0,1,0,0,0,0,1,0,0,0,0,0,0,0,0,0,0,0,0,0,0,0,0,0,0,0,0,0,0,0,0,0,0,0,0,0.3,0.23,,
2018,lake elsinore unified,"Suburb, large",0.3199,0.2434,0.4761,0.3035,0.3363,,0.5769,0.1509,0.8,0.258,,0.4706,0.4207,509.0,260.0,249.0,241.0,268.0,0.0,15.0,8.0,12.0,251.0,0.0,40.0,183.0,1591.0,1068.0,523.0,794.0,797.0,0.0,26.0,53.0,15.0,973.0,0.0,85.0,435.0,0,0,0,0,0,1,0,0,0,0,1,0,0,0,0,0,0,0,0,0,0,0,0,0,0,0,0,0,0,0,0,0,0,0,0,0,0,0,0,0.3067,0.3,0.23,
2019,lake elsinore unified,"Suburb, large",0.3954,0.3097,0.5789,0.3871,0.4031,,0.6875,0.2449,0.6111,0.342,,0.4875,0.4937,590.0,315.0,275.0,276.0,314.0,0.0,11.0,12.0,11.0,317.0,0.0,39.0,197.0,1492.0,1017.0,475.0,713.0,779.0,0.0,16.0,49.0,18.0,927.0,0.0,80.0,399.0,0,0,0,0,0,1,0,0,0,0,1,0,0,0,0,0,0,0,0,0,0,0,0,0,0,0,0,0,0,0,0,0,0,0,0,0,0,0,0,0.3199,0.3067,0.3,0.23
2015,lake tahoe unified,"Town, distant",0.37,0.19,0.68,0.37,0.38,,,,0.38,0.19,,,0.56,116.0,38.0,77.0,56.0,57.0,0.0,0.0,,5.0,28.0,,0.0,73.0,305.0,191.0,114.0,153.0,152.0,1.0,1.0,,13.0,147.0,,7.0,131.0,0,0,0,0,0,1,1,1,0,0,1,1,0,0,0,0,0,0,0,0,1,0,0,1,0,0,0,0,0,0,0,0,0,1,0,0,1,0,0,,,,
2016,lake tahoe unified,"Town, distant",0.4,0.19,0.69,0.45,0.35,,,,0.36,0.21,,,0.57,123.0,33.0,91.0,69.0,54.0,0.0,,,4.0,28.0,0.0,0.0,82.0,308.0,178.0,130.0,152.0,156.0,1.0,,,11.0,135.0,2.0,9.0,144.0,0,0,0,0,0,1,1,1,0,0,1,1,0,0,0,0,0,0,0,1,1,0,0,0,0,0,0,0,0,0,0,0,1,1,0,0,0,0,0,0.37,,,
2017,lake tahoe unified,"Town, distant",0.3839,0.2353,0.5882,0.3469,0.4148,,,,,0.1473,,0.5,0.5758,124.0,44.0,80.0,51.0,73.0,,0.0,0.0,0.0,19.0,,6.0,95.0,324.0,187.0,137.0,147.0,177.0,,0.0,0.0,0.0,129.0,,12.0,166.0,0,0,0,0,0,1,1,1,1,0,1,0,0,0,0,0,0,0,1,0,0,0,0,1,0,0,0,0,0,0,0,1,0,0,0,0,1,0,0,0.4,0.37,,
2018,lake tahoe unified,"Town, distant",0.3986,0.2842,0.6038,0.378,0.4142,,,,0.2727,0.2222,,,0.563,118.0,54.0,64.0,48.0,70.0,0.0,0.0,,3.0,30.0,0.0,0.0,76.0,296.0,190.0,106.0,127.0,169.0,0.0,0.0,,11.0,135.0,0.0,0.0,135.0,0,0,0,0,0,1,1,1,0,0,1,1,0,0,0,0,0,0,0,0,1,0,0,0,0,0,0,0,0,0,0,0,0,1,0,0,0,0,0,0.3839,0.4,0.37,
2019,lake tahoe unified,"Town, distant",0.3721,0.2222,0.5692,0.3169,0.4214,,,,,0.1838,,,0.5245,112.0,38.0,74.0,45.0,67.0,0.0,0.0,0.0,0.0,25.0,,0.0,75.0,301.0,171.0,130.0,142.0,159.0,0.0,4.0,4.0,6.0,136.0,,4.0,143.0,0,0,0,0,0,1,1,1,1,0,1,1,0,0,0,0,0,0,0,0,0,0,0,1,0,0,0,0,0,0,0,0,0,0,0,0,1,0,0,0.3986,0.3839,0.4,0.37
2015,lakeport unified,"Town, distant",0.27,0.22,0.46,0.24,0.29,,,,,0.23,,,0.33,31.0,19.0,12.0,12.0,19.0,0.0,0.0,0.0,0.0,11.0,,0.0,18.0,115.0,89.0,26.0,49.0,66.0,6.0,1.0,2.0,1.0,48.0,,2.0,55.0,0,0,0,0,0,1,1,1,1,0,1,1,0,0,0,0,0,0,0,0,0,0,0,1,0,0,0,0,0,0,0,0,0,0,0,0,1,0,0,,,,
2016,lakeport unified,"Town, distant",0.2,0.12,0.41,0.24,0.16,0.1,,,,0.11,,,0.25,27.0,12.0,14.0,15.0,11.0,2.0,0.0,0.0,0.0,4.0,,0.0,17.0,133.0,99.0,34.0,64.0,69.0,21.0,1.0,2.0,1.0,36.0,,4.0,68.0,0,0,0,0,0,0,1,1,1,0,1,1,0,0,0,0,0,0,0,0,0,0,0,1,0,0,0,0,0,0,0,0,0,0,0,0,1,0,0,0.27,,,
2017,lakeport unified,"Town, distant",0.3211,0.2469,0.5357,0.2642,0.375,0.0,,,,0.2632,,,0.3818,35.0,20.0,15.0,14.0,21.0,0.0,0.0,0.0,0.0,10.0,,,21.0,109.0,81.0,28.0,53.0,56.0,11.0,0.0,0.0,0.0,38.0,,,55.0,0,0,0,0,0,0,1,1,1,0,1,1,0,0,0,0,0,0,0,0,0,0,0,1,1,0,0,0,0,0,0,0,0,0,0,0,1,1,0,0.2,0.27,,
2018,lakeport unified,"Town, distant",0.3704,0.2958,0.5135,0.3962,0.3455,,,,,0.1333,,,0.5091,40.0,21.0,19.0,21.0,19.0,0.0,0.0,,0.0,4.0,,0.0,28.0,109.0,72.0,37.0,54.0,55.0,0.0,0.0,,0.0,31.0,,0.0,55.0,0,0,0,0,0,1,1,1,1,0,1,1,0,0,0,0,0,0,0,0,1,0,0,1,0,0,0,0,0,0,0,0,0,1,0,0,1,0,0,0.3211,0.2,0.27,
2019,lakeport unified,"Town, distant",0.2727,0.2364,0.3333,0.2826,0.2619,,,,,0.2083,,,0.3488,24.0,13.0,11.0,13.0,11.0,0.0,0.0,0.0,,5.0,,0.0,15.0,89.0,56.0,33.0,47.0,42.0,10.0,0.0,0.0,,25.0,,8.0,43.0,0,0,0,0,0,1,1,1,1,0,1,1,0,0,0,0,0,0,0,0,0,1,0,1,0,0,0,0,0,0,0,0,0,0,1,0,1,0,0,0.3704,0.3211,0.2,0.27
2015,lakeside union,"City, large",0.34,0.25,0.37,0.31,0.37,,,,,0.25,,,0.49,56.0,12.0,46.0,30.0,28.0,0.0,0.0,0.0,,24.0,0.0,0.0,26.0,172.0,48.0,124.0,96.0,76.0,1.0,6.0,10.0,,95.0,1.0,6.0,53.0,0,0,0,0,0,1,1,1,1,0,1,1,0,0,0,0,0,0,0,0,0,1,0,0,0,0,0,0,0,0,0,0,0,0,1,0,0,0,0,,,,
2016,lakeside union,"City, large",0.26,0.25,0.29,0.27,0.26,,0.27,,,0.28,,,0.19,40.0,28.0,11.0,19.0,20.0,,3.0,0.0,0.0,25.0,,0.0,6.0,148.0,110.0,38.0,71.0,77.0,,11.0,8.0,2.0,90.0,,6.0,31.0,0,0,0,0,0,1,0,1,1,0,1,1,0,0,0,0,0,0,1,0,0,0,0,1,0,0,0,0,0,0,0,1,0,0,0,0,1,0,0,0.34,,,
2017,lakeside union,"City, large",0.3577,0.2857,0.5,0.2963,0.3976,,,,,0.3529,,,0.3793,49.0,26.0,23.0,16.0,33.0,,0.0,0.0,0.0,30.0,,0.0,11.0,137.0,91.0,46.0,54.0,83.0,,0.0,0.0,0.0,85.0,,0.0,29.0,0,0,0,0,0,1,1,1,1,0,1,1,0,0,0,0,0,0,1,0,0,0,0,1,0,0,0,0,0,0,0,1,0,0,0,0,1,0,0,0.26,0.34,,
2018,lakeside union,"City, large",0.4122,0.3898,0.5,0.3478,0.4684,,0.4545,0.0909,,0.4419,,,0.4,61.0,46.0,15.0,24.0,37.0,0.0,5.0,1.0,0.0,38.0,,0.0,12.0,148.0,118.0,30.0,69.0,79.0,0.0,11.0,11.0,0.0,86.0,,0.0,30.0,0,0,0,0,0,1,0,0,1,0,1,1,0,0,0,0,0,0,0,0,0,0,0,1,0,0,0,0,0,0,0,0,0,0,0,0,1,0,0,0.3577,0.26,0.34,
2019,lakeside union,"City, large",0.3624,0.3333,0.4255,0.4545,0.2892,,,,,0.3077,,,0.4286,54.0,34.0,20.0,30.0,24.0,,0.0,0.0,0.0,28.0,,0.0,15.0,149.0,102.0,47.0,66.0,83.0,,8.0,7.0,0.0,91.0,,5.0,35.0,0,0,0,0,0,1,1,1,1,0,1,1,0,0,0,0,0,0,1,0,0,0,0,1,0,0,0,0,0,0,0,1,0,0,0,0,1,0,0,0.4122,0.3577,0.26,0.34
2015,lakeside union elementary,"Rural, fringe",0.0,0.0,,0.0,0.0,,,,,0.0,,,,0.0,0.0,0.0,0.0,0.0,,0.0,0.0,,0.0,,0.0,0.0,35.0,34.0,1.0,18.0,17.0,,1.0,1.0,,28.0,,2.0,3.0,0,0,1,0,0,1,1,1,1,0,1,1,1,0,0,0,0,0,1,0,0,1,0,1,0,0,0,0,0,0,0,1,0,0,1,0,1,0,0,,,,
2015,lakeside union elementary,"Suburb, large",0.33,0.19,0.46,0.3,0.36,,,,,0.26,,0.47,0.35,181.0,49.0,132.0,75.0,106.0,0.0,0.0,0.0,0.0,43.0,0.0,17.0,113.0,548.0,256.0,292.0,252.0,296.0,6.0,7.0,6.0,2.0,164.0,4.0,36.0,323.0,0,0,0,0,0,1,1,1,1,0,1,0,0,0,0,0,0,0,0,0,0,0,0,0,0,0,0,0,0,0,0,0,0,0,0,0,0,0,0,0.0,,,
2016,lakeside union elementary,"Rural, fringe",0.03,0.03,,0.0,0.05,,,,,0.03,,,,1.0,1.0,,0.0,1.0,,0.0,0.0,,1.0,,0.0,0.0,39.0,39.0,,19.0,20.0,,1.0,2.0,,32.0,,1.0,3.0,0,0,1,0,0,1,1,1,1,0,1,1,1,0,0,1,0,0,1,0,0,1,0,1,0,0,0,0,1,0,0,1,0,0,1,0,1,0,0,0.33,0.0,,
2016,lakeside union elementary,"Suburb, large",0.41,0.29,0.53,0.39,0.43,,,0.27,,0.34,,0.55,0.44,217.0,72.0,143.0,98.0,119.0,0.0,0.0,3.0,0.0,55.0,0.0,16.0,135.0,527.0,257.0,270.0,250.0,277.0,4.0,5.0,11.0,3.0,159.0,2.0,29.0,313.0,0,0,0,0,0,1,1,0,1,0,1,0,0,0,0,0,0,0,0,0,0,0,0,0,0,0,0,0,0,0,0,0,0,0,0,0,0,0,0,0.03,0.33,0.0,
2017,lakeside union elementary,"Rural, fringe",0.1379,0.1481,,0.1429,0.1333,,,,,0.1429,,,,4.0,4.0,0.0,2.0,2.0,,0.0,,,4.0,,0.0,,29.0,27.0,0.0,14.0,15.0,,0.0,,,28.0,,0.0,,0,0,1,0,0,1,1,1,1,0,1,1,1,0,0,0,0,0,1,0,1,1,0,1,0,1,0,0,0,0,0,1,0,1,1,0,1,0,1,0.41,0.03,0.33,0.0
2017,lakeside union elementary,"Suburb, large",0.4812,0.3202,0.6144,0.4509,0.5106,,,0.5,,0.32,,0.4348,0.575,269.0,81.0,188.0,124.0,145.0,0.0,0.0,10.0,0.0,56.0,0.0,10.0,184.0,559.0,253.0,306.0,275.0,284.0,0.0,0.0,20.0,0.0,175.0,0.0,23.0,320.0,0,0,0,0,0,1,1,0,1,0,1,0,0,0,0,0,0,0,0,0,0,0,0,0,0,0,0,0,0,0,0,0,0,0,0,0,0,0,0,0.1379,0.41,0.03,0.33
2018,lakeside union elementary,"Rural, fringe",0.2045,0.186,,0.1739,0.2381,,,,,0.2051,,,,9.0,8.0,0.0,4.0,5.0,,,0.0,,8.0,,0.0,0.0,44.0,43.0,0.0,23.0,21.0,,,0.0,,39.0,,0.0,0.0,0,0,1,0,0,1,1,1,1,0,1,1,1,0,0,0,0,0,1,1,0,1,0,1,0,0,0,0,0,0,0,1,1,0,1,0,1,0,0,0.4812,0.1379,0.41,0.03
2018,lakeside union elementary,"Suburb, large",0.4549,0.336,0.5672,0.4221,0.4884,,,0.1765,,0.319,,0.5333,0.5281,237.0,85.0,152.0,111.0,126.0,0.0,0.0,3.0,0.0,52.0,0.0,8.0,160.0,521.0,253.0,268.0,263.0,258.0,0.0,0.0,17.0,0.0,163.0,0.0,15.0,303.0,0,0,0,0,0,1,1,0,1,0,1,0,0,0,0,0,0,0,0,0,0,0,0,0,0,0,0,0,0,0,0,0,0,0,0,0,0,0,0,0.2045,0.4812,0.1379,0.41
2019,lakeside union elementary,"Rural, fringe",0.1842,0.1944,,0.15,0.2222,,,,,0.1724,,,,7.0,7.0,0.0,3.0,4.0,,0.0,0.0,,5.0,,0.0,0.0,38.0,36.0,0.0,20.0,18.0,,0.0,0.0,,29.0,,0.0,0.0,0,0,1,0,0,1,1,1,1,0,1,1,1,0,0,0,0,0,1,0,0,1,0,1,0,0,0,0,0,0,0,1,0,0,1,0,1,0,0,0.4549,0.2045,0.4812,0.1379
2019,lakeside union elementary,"Suburb, large",0.475,0.3591,0.5545,0.4743,0.4758,,,0.2778,,0.3657,,0.35,0.5482,257.0,79.0,178.0,129.0,128.0,0.0,0.0,5.0,0.0,64.0,0.0,7.0,165.0,541.0,220.0,321.0,272.0,269.0,8.0,8.0,18.0,9.0,175.0,0.0,20.0,301.0,0,0,0,0,0,1,1,0,1,0,1,0,0,0,0,0,0,0,0,0,0,0,0,0,0,0,0,0,0,0,0,0,0,0,0,0,0,0,0,0.1842,0.4549,0.2045,0.4812
2015,lamont elementary,"Suburb, large",0.16,0.15,0.31,0.15,0.17,,,,,0.16,,,,55.0,46.0,5.0,25.0,26.0,,,,,50.0,,,0.0,321.0,305.0,16.0,172.0,149.0,,,,,314.0,,,7.0,0,0,0,0,0,1,1,1,1,0,1,1,1,0,0,0,0,0,1,1,1,1,0,1,1,0,0,0,0,0,0,1,1,1,1,0,1,1,0,,,,
2016,lamont elementary,"Suburb, large",0.18,0.17,0.22,0.18,0.17,,,,,0.17,,,,61.0,57.0,4.0,37.0,28.0,,0.0,,,60.0,,0.0,0.0,358.0,338.0,20.0,194.0,164.0,,2.0,,,350.0,,1.0,5.0,0,0,0,0,0,1,1,1,1,0,1,1,1,0,0,0,0,0,1,0,1,1,0,1,0,0,0,0,0,0,0,1,0,1,1,0,1,0,0,0.16,,,
2017,lamont elementary,"Suburb, large",0.2237,0.227,0.1538,0.2625,0.1778,,,,,0.2253,,,,67.0,65.0,2.0,42.0,24.0,,,,,67.0,,,0.0,300.0,287.0,13.0,162.0,138.0,,,,,298.0,,,0.0,0,0,0,0,0,1,1,1,1,0,1,1,1,0,0,0,0,0,1,1,1,1,0,1,1,0,0,0,0,0,0,1,1,1,1,0,1,1,0,0.18,0.16,,
2018,lamont elementary,"Suburb, large",0.2111,0.2105,0.2222,0.1846,0.2466,,,,,0.2078,,,,72.0,68.0,4.0,36.0,36.0,,0.0,,,69.0,,,0.0,341.0,323.0,18.0,195.0,146.0,,0.0,,,332.0,,,0.0,0,0,0,0,0,1,1,1,1,0,1,1,1,0,0,0,0,0,1,0,1,1,0,1,1,0,0,0,0,0,0,1,0,1,1,0,1,1,0,0.2237,0.18,0.16,
2019,lamont elementary,"Suburb, large",0.2317,0.2268,0.2857,0.2216,0.2414,,,,,0.238,,,,79.0,71.0,8.0,37.0,42.0,,0.0,,,79.0,,,0.0,342.0,313.0,29.0,167.0,175.0,,0.0,,,333.0,,,7.0,0,0,0,0,0,1,1,1,1,0,1,1,1,0,0,0,0,0,1,0,1,1,0,1,1,0,0,0,0,0,0,1,0,1,1,0,1,1,0,0.2111,0.2237,0.18,0.16
2015,lancaster elementary,"Suburb, large",0.11,0.1,0.2,0.11,0.11,,,0.06,0.4,0.11,,0.19,0.18,164.0,129.0,41.0,80.0,85.0,0.0,0.0,23.0,10.0,84.0,0.0,10.0,34.0,1491.0,1285.0,206.0,726.0,765.0,6.0,8.0,450.0,25.0,767.0,1.0,55.0,179.0,0,0,0,0,0,1,1,0,0,0,1,0,0,0,0,0,0,0,0,0,0,0,0,0,0,0,0,0,0,0,0,0,0,0,0,0,0,0,0,,,,
2016,lancaster elementary,"Suburb, large",0.14,0.11,0.32,0.15,0.13,,0.56,0.05,0.34,0.13,,0.08,0.32,223.0,151.0,72.0,116.0,115.0,0.0,9.0,21.0,10.0,119.0,0.0,4.0,66.0,1595.0,1369.0,226.0,778.0,817.0,9.0,16.0,425.0,29.0,849.0,3.0,49.0,214.0,0,0,0,0,0,1,0,0,0,0,1,0,0,0,0,0,0,0,0,0,0,0,0,0,0,0,0,0,0,0,0,0,0,0,0,0,0,0,0,0.11,,,
2017,lancaster elementary,"Suburb, large",0.1791,0.1449,0.3607,0.1628,0.196,,0.6154,0.064,0.4667,0.1813,,0.2542,0.3436,276.0,188.0,88.0,128.0,148.0,0.0,8.0,26.0,7.0,153.0,0.0,15.0,67.0,1541.0,1297.0,244.0,786.0,755.0,0.0,13.0,406.0,15.0,844.0,0.0,59.0,195.0,0,0,0,0,0,1,0,0,0,0,1,0,0,0,0,0,0,0,0,0,0,0,0,0,0,0,0,0,0,0,0,0,0,0,0,0,0,0,0,0.14,0.11,,
2018,lancaster elementary,"Suburb, large",0.1931,0.1592,0.3945,0.1893,0.1969,,,0.0928,0.4815,0.2101,,0.2,0.3111,292.0,206.0,86.0,142.0,150.0,0.0,0.0,41.0,13.0,167.0,0.0,10.0,56.0,1514.0,1296.0,218.0,751.0,763.0,0.0,0.0,442.0,27.0,797.0,0.0,50.0,180.0,0,0,0,0,0,1,1,0,0,0,1,0,0,0,0,0,0,0,0,0,0,0,0,0,0,0,0,0,0,0,0,0,0,0,0,0,0,0,0,0.1791,0.14,0.11,
2019,lancaster elementary,"Suburb, large",0.1928,0.1769,0.3356,0.1885,0.1968,,0.4167,0.0949,0.5,0.212,,0.1493,0.3357,280.0,231.0,49.0,131.0,149.0,0.0,5.0,41.0,12.0,162.0,0.0,10.0,48.0,1452.0,1306.0,146.0,695.0,757.0,6.0,12.0,432.0,24.0,764.0,0.0,67.0,143.0,0,0,0,0,0,1,0,0,0,0,1,0,0,0,0,0,0,0,0,0,0,0,0,0,0,0,0,0,0,0,0,0,0,0,0,0,0,0,0,0.1931,0.1791,0.14,0.11
2015,larkspur-corte madera,"Suburb, large",0.73,0.48,0.76,0.69,0.77,,,,,0.48,,0.67,0.8,123.0,10.0,112.0,59.0,63.0,,0.0,0.0,,10.0,,10.0,98.0,168.0,21.0,147.0,86.0,82.0,,2.0,1.0,,21.0,,15.0,124.0,0,0,0,0,0,1,1,1,1,0,1,0,0,0,0,0,0,0,1,0,0,1,0,1,0,0,0,0,0,0,0,1,0,0,1,0,1,0,0,,,,
2016,larkspur-corte madera,"Suburb, large",0.75,,0.79,0.72,0.77,,,,,0.54,,0.79,0.76,113.0,0.0,113.0,51.0,63.0,,0.0,0.0,0.0,7.0,,11.0,86.0,153.0,10.0,143.0,71.0,82.0,,6.0,1.0,2.0,13.0,,14.0,113.0,0,1,0,0,0,1,1,1,1,0,1,0,0,0,0,0,0,0,1,0,0,0,0,1,0,0,0,0,0,0,0,1,0,0,0,0,1,0,0,0.73,,,
2017,larkspur-corte madera,"Suburb, large",0.7952,0.4737,0.8367,0.7284,0.8588,,,,,0.5,,1.0,0.8293,132.0,9.0,123.0,59.0,73.0,,0.0,,,9.0,0.0,12.0,102.0,166.0,19.0,147.0,81.0,85.0,,0.0,,,18.0,0.0,12.0,123.0,0,0,0,0,0,1,1,1,1,0,1,0,0,0,0,0,0,0,1,0,1,1,0,0,0,0,0,0,0,0,0,1,0,1,1,0,0,0,0,0.75,0.73,,
2018,larkspur-corte madera,"Suburb, large",0.7955,0.5625,0.8188,0.7143,0.8586,,,,,0.6522,,0.6429,0.8417,140.0,9.0,131.0,55.0,85.0,,0.0,0.0,,15.0,0.0,9.0,101.0,176.0,16.0,160.0,77.0,99.0,,0.0,0.0,,23.0,0.0,14.0,120.0,0,0,0,0,0,1,1,1,1,0,1,0,0,0,0,0,0,0,1,0,0,1,0,0,0,0,0,0,0,0,0,1,0,0,1,0,0,0,0,0.7952,0.75,0.73,
2019,larkspur-corte madera,"Suburb, large",0.8,0.4,0.8552,0.8235,0.775,,,,,0.4286,,0.8571,0.8372,132.0,8.0,124.0,70.0,62.0,,0.0,0.0,0.0,6.0,0.0,12.0,108.0,165.0,20.0,145.0,85.0,80.0,,5.0,0.0,0.0,14.0,0.0,14.0,129.0,0,0,0,0,0,1,1,1,1,0,1,0,0,0,0,0,0,0,1,0,0,0,0,0,0,0,0,0,0,0,0,1,0,0,0,0,0,0,0,0.7955,0.7952,0.75,0.73
2015,las lomitas elementary,"Suburb, large",0.74,0.18,0.77,0.69,0.79,,0.93,,,0.42,,0.57,0.81,136.0,2.0,132.0,64.0,71.0,,26.0,0.0,0.0,10.0,0.0,8.0,89.0,183.0,11.0,172.0,93.0,90.0,,28.0,3.0,2.0,24.0,2.0,14.0,110.0,0,0,0,0,0,1,0,1,1,0,1,0,0,0,0,0,0,0,1,0,0,0,0,0,0,0,0,0,0,0,0,1,0,0,0,0,0,0,0,,,,
2016,las lomitas elementary,"Suburb, large",0.79,0.09,0.83,0.76,0.81,,0.94,,,0.13,,0.87,0.84,141.0,1.0,140.0,67.0,74.0,,29.0,0.0,0.0,2.0,,13.0,95.0,179.0,11.0,168.0,88.0,91.0,,31.0,2.0,2.0,16.0,,15.0,113.0,0,0,0,0,0,1,0,1,1,0,1,0,0,0,0,0,0,0,1,0,0,0,0,1,0,0,0,0,0,0,0,1,0,0,0,0,1,0,0,0.74,,,
2017,las lomitas elementary,"Suburb, large",0.8662,,0.8882,0.8916,0.8378,,0.9048,,,0.4545,,1.0,0.9101,136.0,0.0,135.0,74.0,62.0,0.0,38.0,0.0,,5.0,0.0,11.0,81.0,157.0,0.0,152.0,83.0,74.0,0.0,42.0,0.0,,11.0,0.0,11.0,89.0,0,1,0,0,0,1,0,1,1,0,1,0,0,0,0,0,0,0,0,0,0,1,0,0,0,0,0,0,0,0,0,0,0,0,1,0,0,0,0,0.79,0.74,,
2018,las lomitas elementary,"Suburb, large",0.8462,,0.8667,0.8,0.9014,,0.9583,,,0.3846,,0.92,0.8764,132.0,0.0,130.0,68.0,64.0,,23.0,,0.0,5.0,,23.0,78.0,156.0,0.0,150.0,85.0,71.0,,24.0,,0.0,13.0,,25.0,89.0,0,1,0,0,0,1,0,1,1,0,1,0,0,0,0,0,0,0,1,0,1,0,0,1,0,0,0,0,0,0,0,1,0,1,0,0,1,0,0,0.8662,0.79,0.74,
2019,las lomitas elementary,"Suburb, large",0.8603,,0.875,0.8154,0.9014,,0.9565,,,0.3333,,0.7727,0.9726,117.0,0.0,112.0,53.0,64.0,0.0,22.0,0.0,0.0,4.0,,17.0,71.0,136.0,8.0,128.0,65.0,71.0,0.0,23.0,4.0,0.0,12.0,,22.0,73.0,0,1,0,0,0,1,0,1,1,0,1,0,0,0,0,0,0,0,0,0,0,0,0,1,0,0,0,0,0,0,0,0,0,0,0,0,1,0,0,0.8462,0.8662,0.79,0.74
2015,las virgenes unified,"Suburb, large",0.64,0.4,0.66,0.61,0.66,,0.8,0.5,,0.47,,0.65,0.65,475.0,21.0,455.0,215.0,262.0,0.0,43.0,8.0,0.0,32.0,,15.0,369.0,743.0,54.0,689.0,346.0,397.0,6.0,54.0,16.0,9.0,68.0,,23.0,567.0,0,0,0,0,0,1,0,0,1,0,1,0,0,0,0,0,0,0,0,0,0,0,0,1,0,0,0,0,0,0,0,0,0,0,0,0,1,0,0,,,,
2016,las virgenes unified,"Suburb, large",0.69,0.49,0.72,0.64,0.74,,0.83,0.36,,0.54,,0.66,0.72,542.0,38.0,501.0,230.0,307.0,0.0,44.0,5.0,0.0,50.0,,21.0,406.0,774.0,78.0,696.0,359.0,415.0,5.0,53.0,14.0,1.0,92.0,,32.0,572.0,0,0,0,0,0,1,0,0,1,0,1,0,0,0,0,0,0,0,0,0,0,0,0,1,0,0,0,0,0,0,0,0,0,0,0,0,1,0,0,0.64,,,
2017,las virgenes unified,"Suburb, large",0.6766,0.5439,0.6877,0.6442,0.7092,,0.8182,0.3684,,0.5281,,0.5122,0.7086,500.0,31.0,469.0,239.0,261.0,0.0,45.0,7.0,0.0,47.0,,21.0,372.0,739.0,57.0,682.0,371.0,368.0,0.0,55.0,19.0,0.0,89.0,,41.0,525.0,0,0,0,0,0,1,0,0,1,0,1,0,0,0,0,0,0,0,0,0,0,0,0,1,0,0,0,0,0,0,0,0,0,0,0,0,1,0,0,0.69,0.64,,
2018,las virgenes unified,"Suburb, large",0.6883,0.5234,0.7168,0.6694,0.7068,,0.881,0.5385,0.8333,0.5106,,0.8333,0.6919,499.0,56.0,443.0,241.0,258.0,0.0,37.0,7.0,10.0,48.0,,30.0,357.0,726.0,107.0,619.0,360.0,366.0,0.0,42.0,13.0,12.0,95.0,,36.0,516.0,0,0,0,0,0,1,0,0,0,0,1,0,0,0,0,0,0,0,0,0,0,0,0,1,0,0,0,0,0,0,0,0,0,0,0,0,1,0,0,0.6766,0.69,0.64,
2019,las virgenes unified,"Suburb, large",0.6803,0.4815,0.7147,0.6414,0.7147,0.6667,0.9273,0.4444,,0.5104,,0.7143,0.6896,498.0,52.0,446.0,220.0,278.0,8.0,51.0,8.0,0.0,49.0,0.0,25.0,351.0,732.0,108.0,624.0,343.0,389.0,12.0,55.0,18.0,5.0,96.0,0.0,35.0,509.0,0,0,0,0,0,0,0,0,1,0,1,0,0,0,0,0,0,0,0,0,0,0,0,0,0,0,0,0,0,0,0,0,0,0,0,0,0,0,0,0.6883,0.6766,0.69,0.64
2015,lassen view union elementary,"Rural, distant",0.34,0.38,0.31,0.31,0.38,,,,,,,,0.38,11.0,6.0,5.0,5.0,6.0,,,,,0.0,,,10.0,32.0,16.0,16.0,16.0,16.0,,,,,6.0,,,26.0,0,0,0,0,0,1,1,1,1,1,1,1,0,0,0,0,0,0,1,1,1,1,0,1,1,0,0,0,0,0,0,1,1,1,1,0,1,1,0,,,,
2016,lassen view union elementary,"Rural, distant",0.35,0.33,0.38,0.29,0.42,,,,,0.09,,,0.44,15.0,10.0,5.0,7.0,8.0,,,,,1.0,,,14.0,43.0,30.0,13.0,24.0,19.0,,,,,11.0,,,32.0,0,0,0,0,0,1,1,1,1,0,1,1,0,0,0,0,0,0,1,1,1,1,0,1,1,0,0,0,0,0,0,1,1,1,1,0,1,1,0,0.34,,,
2017,lassen view union elementary,"Rural, distant",0.4375,0.2308,0.5789,0.2353,0.6667,,,,,,,,0.4783,14.0,3.0,11.0,4.0,10.0,,,0.0,,0.0,,0.0,11.0,32.0,13.0,19.0,17.0,15.0,,,0.0,,0.0,,0.0,23.0,0,0,0,0,0,1,1,1,1,1,1,1,0,0,0,0,0,0,1,1,0,1,0,1,0,0,0,0,0,0,0,1,1,0,1,0,1,0,0,0.35,0.34,,
2018,lassen view union elementary,"Rural, distant",0.4318,0.3846,0.5,0.3333,0.5217,,,,,,,,0.4706,19.0,10.0,9.0,7.0,12.0,0.0,,,,0.0,,0.0,16.0,44.0,26.0,18.0,21.0,23.0,0.0,,,,0.0,,0.0,34.0,0,0,0,0,0,1,1,1,1,1,1,1,0,0,0,0,0,0,0,1,1,1,0,1,0,0,0,0,0,0,0,0,1,1,1,0,1,0,0,0.4375,0.35,0.34,
2019,lassen view union elementary,"Rural, distant",0.3261,0.3182,0.3333,0.4,0.2692,,,,,0.3636,,,0.3333,15.0,7.0,8.0,8.0,7.0,0.0,,,,4.0,,,11.0,46.0,22.0,24.0,20.0,26.0,0.0,,,,11.0,,,33.0,0,0,0,0,0,1,1,1,1,0,1,1,0,0,0,0,0,0,0,1,1,1,0,1,1,0,0,0,0,0,0,0,1,1,1,0,1,1,0,0.4318,0.4375,0.35,0.34
2015,laton joint unified,"Rural, fringe",0.15,0.11,,0.27,0.06,,,,,0.1,,,0.36,8.0,5.0,0.0,6.0,2.0,,,,,4.0,,,4.0,55.0,47.0,8.0,22.0,33.0,,,,,41.0,,,11.0,0,0,1,0,0,1,1,1,1,0,1,1,0,0,0,0,0,0,1,1,1,1,0,1,1,0,0,0,0,0,0,1,1,1,1,0,1,1,0,,,,
2016,laton joint unified,"Rural, fringe",0.21,0.22,,0.21,0.22,,,,,0.2,,,,10.0,8.0,0.0,4.0,5.0,,,,,7.0,,,0.0,45.0,40.0,5.0,21.0,24.0,,,,,37.0,,,8.0,0,0,1,0,0,1,1,1,1,0,1,1,1,0,0,0,0,0,1,1,1,1,0,1,1,0,0,0,0,0,0,1,1,1,1,0,1,1,0,0.15,,,
2017,laton joint unified,"Rural, fringe",0.1633,0.0952,,0.2593,0.0455,,,,,0.1316,,,,8.0,4.0,0.0,7.0,1.0,,0.0,0.0,,5.0,,,0.0,49.0,42.0,0.0,27.0,22.0,,0.0,0.0,,38.0,,,0.0,0,0,1,0,0,1,1,1,1,0,1,1,1,0,0,0,0,0,1,0,0,1,0,1,1,0,0,0,0,0,0,1,0,0,1,0,1,1,0,0.21,0.15,,
2018,laton joint unified,"Rural, fringe",0.1967,0.1765,,0.2069,0.1875,,,,,0.1509,,,,12.0,9.0,0.0,6.0,6.0,,,,,8.0,,,0.0,61.0,51.0,0.0,29.0,32.0,,,,,53.0,,,0.0,0,0,1,0,0,1,1,1,1,0,1,1,1,0,0,0,0,0,1,1,1,1,0,1,1,0,0,0,0,0,0,1,1,1,1,0,1,1,0,0.1633,0.21,0.15,
2019,laton joint unified,"Rural, fringe",0.0714,0.0417,,0.0,0.1429,,,,,0.0714,,,,4.0,2.0,0.0,0.0,4.0,,,0.0,,3.0,,0.0,0.0,56.0,48.0,8.0,28.0,28.0,,,0.0,,42.0,,0.0,8.0,0,0,1,0,0,1,1,1,1,0,1,1,1,0,0,0,0,0,1,1,0,1,0,1,0,0,0,0,0,0,0,1,1,0,1,0,1,0,0,0.1967,0.1633,0.21,0.15
2015,lawndale elementary,"Suburb, large",0.29,0.28,0.36,0.31,0.27,,0.65,0.16,,0.27,,0.4,0.28,181.0,149.0,31.0,97.0,87.0,0.0,22.0,9.0,0.0,125.0,0.0,10.0,7.0,622.0,534.0,88.0,313.0,309.0,1.0,34.0,56.0,7.0,465.0,6.0,25.0,26.0,0,0,0,0,0,1,0,0,1,0,1,0,0,0,0,0,0,0,0,0,0,0,0,0,0,0,0,0,0,0,0,0,0,0,0,0,0,0,0,,,,
2016,lawndale elementary,"Suburb, large",0.4,0.38,0.5,0.41,0.38,,0.7,0.27,,0.38,,0.52,0.49,255.0,204.0,54.0,132.0,126.0,,21.0,14.0,0.0,190.0,0.0,11.0,19.0,656.0,550.0,106.0,323.0,333.0,,30.0,52.0,6.0,498.0,7.0,21.0,39.0,0,0,0,0,0,1,0,0,1,0,1,0,0,0,0,0,0,0,1,0,0,0,0,0,0,0,0,0,0,0,0,1,0,0,0,0,0,0,0,0.29,,,
2017,lawndale elementary,"Suburb, large",0.4733,0.4591,0.5385,0.457,0.491,,0.6774,0.3684,,0.4493,,0.5556,0.7037,275.0,219.0,56.0,138.0,137.0,,21.0,21.0,0.0,195.0,0.0,10.0,19.0,581.0,477.0,104.0,302.0,279.0,,31.0,57.0,0.0,434.0,0.0,18.0,27.0,0,0,0,0,0,1,0,0,1,0,1,0,0,0,0,0,0,0,1,0,0,0,0,0,0,0,0,0,0,0,0,1,0,0,0,0,0,0,0,0.4,0.29,,
2018,lawndale elementary,"Suburb, large",0.4147,0.3874,0.5652,0.4409,0.3953,,0.6897,0.254,,0.4145,,0.5833,0.4,248.0,196.0,52.0,112.0,136.0,0.0,20.0,16.0,0.0,189.0,0.0,7.0,10.0,598.0,506.0,92.0,254.0,344.0,0.0,29.0,63.0,0.0,456.0,0.0,12.0,25.0,0,0,0,0,0,1,0,0,1,0,1,0,0,0,0,0,0,0,0,0,0,0,0,0,0,0,0,0,0,0,0,0,0,0,0,0,0,0,0,0.4733,0.4,0.29,
2019,lawndale elementary,"Suburb, large",0.427,0.4025,0.5915,0.4098,0.4433,,0.6429,0.2969,,0.4149,,,0.5,234.0,192.0,42.0,109.0,125.0,,18.0,19.0,0.0,173.0,0.0,0.0,8.0,548.0,477.0,71.0,266.0,282.0,,28.0,64.0,0.0,417.0,5.0,8.0,16.0,0,0,0,0,0,1,0,0,1,0,1,1,0,0,0,0,0,0,1,0,0,0,0,0,0,0,0,0,0,0,0,1,0,0,0,0,0,0,0,0.4147,0.4733,0.4,0.29
2015,laytonville unified,"Rural, remote",0.23,0.18,,0.2,0.25,,,,,,,,0.44,9.0,6.0,0.0,3.0,6.0,0.0,,,,0.0,,0.0,8.0,40.0,34.0,6.0,15.0,25.0,8.0,,,,7.0,,7.0,18.0,0,0,1,0,0,1,1,1,1,1,1,1,0,0,0,0,0,0,0,1,1,1,0,1,0,0,0,0,0,0,0,0,1,1,1,0,1,0,0,,,,
2016,laytonville unified,"Rural, remote",0.17,0.17,,0.21,0.13,,,,,,,,0.18,5.0,4.0,0.0,3.0,2.0,0.0,0.0,,,0.0,,0.0,3.0,29.0,24.0,5.0,14.0,15.0,2.0,1.0,,,4.0,,3.0,17.0,0,0,1,0,0,1,1,1,1,1,1,1,0,0,0,0,0,0,0,0,1,1,0,1,0,0,0,0,0,0,0,0,0,1,1,0,1,0,0,0.23,,,
2017,laytonville unified,"Rural, remote",0.16,0.2222,,0.0588,,,,,,,,,0.2667,4.0,4.0,0.0,1.0,0.0,0.0,,,,0.0,,0.0,4.0,25.0,18.0,0.0,17.0,0.0,0.0,,,,0.0,,0.0,15.0,0,0,1,0,1,1,1,1,1,1,1,1,0,0,0,0,0,0,0,1,1,1,0,1,0,0,0,0,0,0,0,0,1,1,1,0,1,0,0,0.17,0.23,,
2018,laytonville unified,"Rural, remote",0.3846,0.2727,,0.4615,0.3077,,,,,,,,0.5385,10.0,6.0,0.0,6.0,4.0,0.0,0.0,,,0.0,,0.0,7.0,27.0,23.0,0.0,13.0,14.0,0.0,0.0,,,0.0,,0.0,14.0,0,0,1,0,0,1,1,1,1,1,1,1,0,0,0,0,0,0,0,0,1,1,0,1,0,0,0,0,0,0,0,0,0,1,1,0,1,0,0,0.16,0.17,0.23,
2019,laytonville unified,"Rural, remote",0.3214,0.2273,,0.2308,0.4,,,,,,,,0.4211,9.0,5.0,0.0,3.0,6.0,0.0,0.0,,,0.0,,0.0,8.0,28.0,22.0,6.0,13.0,15.0,0.0,0.0,,,0.0,,0.0,19.0,0,0,1,0,0,1,1,1,1,1,1,1,0,0,0,0,0,0,0,0,1,1,0,1,0,0,0,0,0,0,0,0,0,1,1,0,1,0,0,0.3846,0.16,0.17,0.23
2015,le grand union elementary,"Rural, distant",0.05,0.05,,0.05,0.04,,,,,0.05,,,,2.0,2.0,0.0,1.0,1.0,,,,,2.0,,,0.0,44.0,39.0,5.0,20.0,24.0,,,,,40.0,,,4.0,0,0,1,0,0,1,1,1,1,0,1,1,1,0,0,0,0,0,1,1,1,1,0,1,1,0,0,0,0,0,0,1,1,1,1,0,1,1,0,,,,
2016,le grand union elementary,"Rural, distant",0.18,0.19,,0.0,0.33,,,,,0.19,,,,6.0,6.0,0.0,0.0,6.0,,,,,6.0,,,0.0,33.0,31.0,2.0,15.0,18.0,,,,,32.0,,,1.0,0,0,1,0,0,1,1,1,1,0,1,1,1,0,0,0,0,0,1,1,1,1,0,1,1,0,0,0,0,0,0,1,1,1,1,0,1,1,0,0.05,,,
2017,le grand union elementary,"Rural, distant",0.3,0.275,,0.3333,0.2609,,,,,0.2564,,,,15.0,11.0,0.0,9.0,6.0,,,0.0,,10.0,,0.0,0.0,50.0,40.0,0.0,27.0,23.0,,,0.0,,39.0,,0.0,0.0,0,0,1,0,0,1,1,1,1,0,1,1,1,0,0,0,0,0,1,1,0,1,0,1,0,0,0,0,0,0,0,1,1,0,1,0,1,0,0,0.18,0.05,,
2018,le grand union elementary,"Rural, distant",0.2051,0.1818,,0.25,0.1579,,,,,0.1515,,,,8.0,6.0,0.0,5.0,3.0,,0.0,0.0,,5.0,,,0.0,39.0,33.0,0.0,20.0,19.0,,0.0,0.0,,33.0,,,0.0,0,0,1,0,0,1,1,1,1,0,1,1,1,0,0,0,0,0,1,0,0,1,0,1,1,0,0,0,0,0,0,1,0,0,1,0,1,1,0,0.3,0.18,0.05,
2019,le grand union elementary,"Rural, distant",0.2692,0.1579,,0.1667,0.3571,,,,,0.2273,,,,7.0,3.0,0.0,2.0,5.0,,0.0,,,5.0,,,0.0,26.0,19.0,7.0,12.0,14.0,,0.0,,,22.0,,,0.0,0,0,1,0,0,1,1,1,1,0,1,1,1,0,0,0,0,0,1,0,1,1,0,1,1,0,0,0,0,0,0,1,0,1,1,0,1,1,0,0.2051,0.3,0.18,0.05
2015,lemon grove,"Suburb, large",0.27,0.24,0.35,0.3,0.23,,0.53,0.21,,0.24,,0.31,0.43,111.0,76.0,33.0,65.0,45.0,0.0,8.0,13.0,0.0,62.0,0.0,5.0,17.0,409.0,315.0,94.0,214.0,195.0,3.0,15.0,65.0,8.0,259.0,3.0,16.0,40.0,0,0,0,0,0,1,0,0,1,0,1,0,0,0,0,0,0,0,0,0,0,0,0,0,0,0,0,0,0,0,0,0,0,0,0,0,0,0,0,,,,
2016,lemon grove,"Suburb, large",0.33,0.29,0.47,0.28,0.37,,0.71,0.22,,0.28,,0.53,0.42,145.0,102.0,42.0,54.0,88.0,0.0,10.0,17.0,0.0,75.0,0.0,18.0,20.0,439.0,350.0,89.0,201.0,238.0,2.0,14.0,76.0,6.0,258.0,1.0,34.0,48.0,0,0,0,0,0,1,0,0,1,0,1,0,0,0,0,0,0,0,0,0,0,0,0,0,0,0,0,0,0,0,0,0,0,0,0,0,0,0,0,0.27,,,
2017,lemon grove,"Suburb, large",0.3226,0.2959,0.4231,0.291,0.3552,,0.4545,0.3279,,0.2982,,0.4815,0.3125,120.0,87.0,33.0,55.0,65.0,0.0,5.0,20.0,0.0,68.0,0.0,13.0,10.0,372.0,294.0,78.0,189.0,183.0,0.0,11.0,61.0,0.0,228.0,0.0,27.0,32.0,0,0,0,0,0,1,0,0,1,0,1,0,0,0,0,0,0,0,0,0,0,0,0,0,0,0,0,0,0,0,0,0,0,0,0,0,0,0,0,0.33,0.27,,
2018,lemon grove,"Suburb, large",0.3343,0.3141,0.4,0.3243,0.3446,,0.4118,0.3194,,0.3284,,0.3571,0.3784,121.0,87.0,34.0,60.0,61.0,0.0,7.0,23.0,0.0,67.0,0.0,5.0,14.0,362.0,277.0,85.0,185.0,177.0,0.0,17.0,72.0,0.0,204.0,0.0,14.0,37.0,0,0,0,0,0,1,0,0,1,0,1,0,0,0,0,0,0,0,0,0,0,0,0,0,0,0,0,0,0,0,0,0,0,0,0,0,0,0,0,0.3226,0.33,0.27,
2019,lemon grove,"Suburb, large",0.3565,0.318,0.4592,0.3416,0.3687,,0.7857,0.4107,,0.319,,0.2273,0.4615,128.0,83.0,45.0,55.0,73.0,0.0,11.0,23.0,0.0,74.0,0.0,5.0,12.0,359.0,261.0,98.0,161.0,198.0,0.0,14.0,56.0,0.0,232.0,4.0,22.0,26.0,0,0,0,0,0,1,0,0,1,0,1,0,0,0,0,0,0,0,0,0,0,0,0,0,0,0,0,0,0,0,0,0,0,0,0,0,0,0,0,0.3343,0.3226,0.33,0.27
2015,lemoore union elementary,"Suburb, small",0.29,0.25,0.4,0.27,0.32,,,0.29,0.5,0.25,,0.62,0.39,101.0,62.0,40.0,43.0,58.0,0.0,0.0,4.0,8.0,61.0,,8.0,20.0,348.0,249.0,99.0,169.0,179.0,5.0,2.0,14.0,16.0,247.0,,13.0,51.0,0,0,0,0,0,1,1,0,0,0,1,0,0,0,0,0,0,0,0,0,0,0,0,1,0,0,0,0,0,0,0,0,0,0,0,0,1,0,0,,,,
2016,lemoore union elementary,"Suburb, small",0.33,0.26,0.49,0.34,0.33,,,0.28,0.67,0.27,,0.5,0.43,117.0,66.0,54.0,58.0,61.0,0.0,0.0,5.0,10.0,61.0,0.0,7.0,32.0,356.0,246.0,110.0,172.0,184.0,3.0,3.0,18.0,15.0,228.0,1.0,14.0,74.0,0,0,0,0,0,1,1,0,0,0,1,0,0,0,0,0,0,0,0,0,0,0,0,0,0,0,0,0,0,0,0,0,0,0,0,0,0,0,0,0.29,,,
2017,lemoore union elementary,"Suburb, small",0.3694,0.293,0.5354,0.3542,0.3824,,,0.2941,,0.3463,,0.3333,0.45,116.0,63.0,53.0,51.0,65.0,0.0,0.0,5.0,0.0,71.0,0.0,5.0,27.0,314.0,215.0,99.0,144.0,170.0,0.0,0.0,17.0,0.0,205.0,0.0,15.0,60.0,0,0,0,0,0,1,1,0,1,0,1,0,0,0,0,0,0,0,0,0,0,0,0,0,0,0,0,0,0,0,0,0,0,0,0,0,0,0,0,0.33,0.29,,
2018,lemoore union elementary,"Suburb, small",0.4548,0.3967,0.5804,0.4854,0.4262,,,0.4,,0.4199,,0.7333,0.4595,161.0,96.0,65.0,83.0,78.0,0.0,0.0,6.0,0.0,97.0,0.0,11.0,34.0,354.0,242.0,112.0,171.0,183.0,0.0,0.0,15.0,0.0,231.0,0.0,15.0,74.0,0,0,0,0,0,1,1,0,1,0,1,0,0,0,0,0,0,0,0,0,0,0,0,0,0,0,0,0,0,0,0,0,0,0,0,0,0,0,0,0.3694,0.33,0.29,
2019,lemoore union elementary,"Suburb, small",0.4796,0.4351,0.5905,0.5084,0.4521,,,0.4545,0.8125,0.45,,0.5217,0.5362,176.0,114.0,62.0,91.0,85.0,0.0,0.0,5.0,13.0,108.0,0.0,12.0,37.0,367.0,262.0,105.0,179.0,188.0,4.0,0.0,11.0,16.0,240.0,0.0,23.0,69.0,0,0,0,0,0,1,1,0,0,0,1,0,0,0,0,0,0,0,0,0,0,0,0,0,0,0,0,0,0,0,0,0,0,0,0,0,0,0,0,0.4548,0.3694,0.33,0.29
2015,lennox,"Suburb, large",0.21,0.21,0.33,0.23,0.2,,,,,0.21,,,,114.0,110.0,6.0,55.0,58.0,,,0.0,0.0,110.0,0.0,0.0,0.0,540.0,521.0,19.0,250.0,290.0,,,3.0,2.0,526.0,3.0,1.0,1.0,0,0,0,0,0,1,1,1,1,0,1,1,1,0,0,0,0,0,1,1,0,0,0,0,0,0,0,0,0,0,0,1,1,0,0,0,0,0,0,,,,
2016,lennox,"Suburb, large",0.29,0.29,0.33,0.25,0.32,,,,,0.29,,,,167.0,159.0,9.0,77.0,95.0,0.0,0.0,0.0,0.0,159.0,0.0,0.0,,593.0,566.0,27.0,296.0,297.0,1.0,4.0,8.0,1.0,566.0,1.0,1.0,,0,0,0,0,0,1,1,1,1,0,1,1,1,0,0,0,0,0,0,0,0,0,0,0,0,1,0,0,0,0,0,0,0,0,0,0,0,0,1,0.21,,,
2017,lennox,"Suburb, large",0.352,0.346,0.4444,0.3069,0.396,,,,,0.3548,,,,207.0,191.0,16.0,89.0,118.0,,,0.0,,198.0,0.0,0.0,0.0,588.0,552.0,36.0,290.0,298.0,,,0.0,,558.0,0.0,0.0,0.0,0,0,0,0,0,1,1,1,1,0,1,1,1,0,0,0,0,0,1,1,0,1,0,0,0,0,0,0,0,0,0,1,1,0,1,0,0,0,0,0.29,0.21,,
2018,lennox,"Suburb, large",0.4118,0.4095,0.4444,0.3948,0.4276,,,,,0.414,,,,231.0,215.0,16.0,107.0,124.0,0.0,0.0,0.0,0.0,219.0,0.0,0.0,,561.0,525.0,36.0,271.0,290.0,0.0,0.0,0.0,0.0,529.0,0.0,0.0,,0,0,0,0,0,1,1,1,1,0,1,1,1,0,0,0,0,0,0,0,0,0,0,0,0,1,0,0,0,0,0,0,0,0,0,0,0,0,1,0.352,0.29,0.21,
2019,lennox,"Suburb, large",0.4239,0.4082,0.6667,0.3846,0.4632,,,,,0.4226,,,,231.0,209.0,22.0,105.0,126.0,0.0,0.0,0.0,0.0,221.0,0.0,0.0,0.0,545.0,512.0,33.0,273.0,272.0,0.0,0.0,5.0,0.0,523.0,0.0,0.0,0.0,0,0,0,0,0,1,1,1,1,0,1,1,1,0,0,0,0,0,0,0,0,0,0,0,0,0,0,0,0,0,0,0,0,0,0,0,0,0,0,0.4118,0.352,0.29,0.21
2015,liberty elementary,"Rural, fringe",0.23,0.11,0.5,0.06,0.36,,,,,0.14,,,0.31,9.0,3.0,6.0,1.0,8.0,,,,,3.0,,0.0,5.0,40.0,28.0,12.0,18.0,22.0,,,,,22.0,,2.0,16.0,0,0,0,0,0,1,1,1,1,0,1,1,0,0,0,0,0,0,1,1,1,1,0,1,0,0,0,0,0,0,0,1,1,1,1,0,1,0,0,,,,
2015,liberty elementary,"Suburb, midsize",0.57,,0.7,0.57,0.57,,,,,,,,0.68,16.0,0.0,16.0,8.0,8.0,,,,,0.0,,,15.0,28.0,5.0,23.0,14.0,14.0,,,,,6.0,,,22.0,0,1,0,0,0,1,1,1,1,1,1,1,0,0,0,0,0,0,1,1,1,1,0,1,1,0,0,0,0,0,0,1,1,1,1,0,1,1,0,0.23,,,
2016,liberty elementary,"Rural, fringe",0.32,0.22,0.46,0.32,0.32,,,,,0.25,,,0.32,18.0,7.0,11.0,7.0,11.0,,,0.0,0.0,6.0,,0.0,8.0,56.0,32.0,24.0,22.0,34.0,,,3.0,1.0,24.0,,2.0,25.0,0,0,0,0,0,1,1,1,1,0,1,1,0,0,0,0,0,0,1,1,0,0,0,1,0,0,0,0,0,0,0,1,1,0,0,0,1,0,0,0.57,0.23,,
2016,liberty elementary,"Suburb, midsize",0.81,,0.83,0.73,0.88,,,,,,,,0.78,25.0,0.0,20.0,11.0,14.0,,,,,0.0,,,21.0,31.0,7.0,24.0,15.0,16.0,,,,,4.0,,,27.0,0,1,0,0,0,1,1,1,1,1,1,1,0,0,0,0,0,0,1,1,1,1,0,1,1,0,0,0,0,0,0,1,1,1,1,0,1,1,0,0.32,0.57,0.23,
2017,liberty elementary,"Rural, fringe",0.4483,0.3421,0.65,0.4571,0.4348,,,,,0.4545,,,0.45,26.0,13.0,13.0,16.0,10.0,,,0.0,,15.0,,0.0,9.0,58.0,38.0,20.0,35.0,23.0,,,0.0,,33.0,,0.0,20.0,0,0,0,0,0,1,1,1,1,0,1,1,0,0,0,0,0,0,1,1,0,1,0,1,0,0,0,0,0,0,0,1,1,0,1,0,1,0,0,0.81,0.32,0.57,0.23
2017,liberty elementary,"Suburb, midsize",0.8333,,0.8148,0.8571,0.8125,,,,,,,,0.8261,25.0,0.0,22.0,12.0,13.0,,,,,0.0,,,19.0,30.0,0.0,27.0,14.0,16.0,,,,,0.0,,,23.0,0,1,0,0,0,1,1,1,1,1,1,1,0,0,0,0,0,0,1,1,1,1,0,1,1,0,0,0,0,0,0,1,1,1,1,0,1,1,0,0.4483,0.81,0.32,0.57
2018,liberty elementary,"Rural, fringe",0.4314,0.303,0.6667,0.3929,0.4783,,,,,0.3939,,,0.5294,22.0,10.0,12.0,11.0,11.0,,,0.0,,13.0,,,9.0,51.0,33.0,18.0,28.0,23.0,,,0.0,,33.0,,,17.0,0,0,0,0,0,1,1,1,1,0,1,1,0,0,0,0,0,0,1,1,0,1,0,1,1,0,0,0,0,0,0,1,1,0,1,0,1,1,0,0.8333,0.4483,0.81,0.32
2018,liberty elementary,"Suburb, midsize",0.7857,,0.7917,0.6923,0.8667,,,,,,,,0.7917,22.0,0.0,19.0,9.0,13.0,,,,,0.0,,0.0,19.0,28.0,0.0,24.0,13.0,15.0,,,,,0.0,,0.0,24.0,0,1,0,0,0,1,1,1,1,1,1,1,0,0,0,0,0,0,1,1,1,1,0,1,0,0,0,0,0,0,0,1,1,1,1,0,1,0,0,0.4314,0.8333,0.4483,0.81
2019,liberty elementary,"Rural, fringe",0.4474,0.45,0.4444,0.4615,0.4324,,,,,0.4118,,,0.6,34.0,18.0,16.0,18.0,16.0,,,0.0,,21.0,,,12.0,76.0,40.0,36.0,39.0,37.0,,,4.0,,51.0,,,20.0,0,0,0,0,0,1,1,1,1,0,1,1,0,0,0,0,0,0,1,1,0,1,0,1,1,0,0,0,0,0,0,1,1,0,1,0,1,1,0,0.7857,0.4314,0.8333,0.4483
2019,liberty elementary,"Suburb, small",0.963,,0.9545,,0.9412,,,,,,,,0.95,26.0,0.0,21.0,0.0,16.0,,,,,0.0,0.0,0.0,19.0,27.0,5.0,22.0,10.0,17.0,,,,,5.0,0.0,0.0,20.0,0,1,0,1,0,1,1,1,1,1,1,1,0,0,0,0,0,0,1,1,1,1,0,0,0,0,0,0,0,0,0,1,1,1,1,0,0,0,0,0.4474,0.7857,0.4314,0.8333
2015,lincoln unified,"City, large",0.29,0.22,0.47,0.26,0.32,,0.39,0.12,0.38,0.22,,0.55,0.4,200.0,109.0,91.0,92.0,108.0,0.0,29.0,10.0,9.0,66.0,0.0,18.0,62.0,691.0,496.0,195.0,355.0,336.0,6.0,75.0,82.0,24.0,310.0,4.0,33.0,157.0,0,0,0,0,0,1,0,0,0,0,1,0,0,0,0,0,0,0,0,0,0,0,0,0,0,0,0,0,0,0,0,0,0,0,0,0,0,0,0,,,,
2016,lincoln unified,"City, large",0.31,0.22,0.51,0.31,0.31,,0.54,0.23,0.38,0.24,,0.19,0.42,225.0,109.0,116.0,106.0,117.0,0.0,40.0,20.0,9.0,86.0,0.0,4.0,64.0,724.0,492.0,232.0,334.0,390.0,5.0,74.0,87.0,24.0,359.0,6.0,21.0,148.0,0,0,0,0,0,1,0,0,0,0,1,0,0,0,0,0,0,0,0,0,0,0,0,0,0,0,0,0,0,0,0,0,0,0,0,0,0,0,0,0.29,,,
2017,lincoln unified,"City, large",0.342,0.2372,0.557,0.3169,0.3639,,0.5949,0.1758,0.7368,0.26,0.25,0.5455,0.4574,238.0,111.0,127.0,103.0,135.0,0.0,47.0,16.0,14.0,91.0,3.0,6.0,59.0,696.0,468.0,228.0,325.0,371.0,0.0,79.0,91.0,19.0,350.0,12.0,11.0,129.0,0,0,0,0,0,1,0,0,0,0,0,0,0,0,0,0,0,0,0,0,0,0,0,0,0,0,0,0,0,0,0,0,0,0,0,0,0,0,0,0.31,0.29,,
2018,lincoln unified,"City, large",0.3635,0.2668,0.5842,0.3449,0.3804,,0.3582,0.2593,0.6471,0.2982,0.2727,0.2,0.5882,241.0,123.0,118.0,109.0,132.0,0.0,24.0,21.0,11.0,99.0,3.0,3.0,80.0,663.0,461.0,202.0,316.0,347.0,0.0,67.0,81.0,17.0,332.0,11.0,15.0,136.0,0,0,0,0,0,1,0,0,0,0,0,0,0,0,0,0,0,0,0,0,0,0,0,0,0,0,0,0,0,0,0,0,0,0,0,0,0,0,0,0.342,0.31,0.29,
2019,lincoln unified,"City, large",0.4476,0.3753,0.5952,0.4249,0.4693,,0.6875,0.2208,0.8,0.3522,,0.5,0.6087,286.0,161.0,125.0,133.0,153.0,0.0,44.0,17.0,12.0,106.0,0.0,18.0,84.0,639.0,429.0,210.0,313.0,326.0,0.0,64.0,77.0,15.0,301.0,6.0,36.0,138.0,0,0,0,0,0,1,0,0,0,0,1,0,0,0,0,0,0,0,0,0,0,0,0,0,0,0,0,0,0,0,0,0,0,0,0,0,0,0,0,0.3635,0.342,0.31,0.29
2015,linden unified,"Rural, fringe",0.23,0.13,0.36,0.3,0.18,,,,,0.15,,,0.35,39.0,12.0,27.0,21.0,18.0,0.0,0.0,,0.0,14.0,,0.0,22.0,170.0,95.0,75.0,71.0,99.0,4.0,4.0,,2.0,95.0,,2.0,63.0,0,0,0,0,0,1,1,1,1,0,1,1,0,0,0,0,0,0,0,0,1,0,0,1,0,0,0,0,0,0,0,0,0,1,0,0,1,0,0,,,,
2016,linden unified,"Rural, fringe",0.38,0.3,0.53,0.37,0.4,,,,,0.34,,,0.42,62.0,31.0,30.0,28.0,33.0,0.0,0.0,0.0,,33.0,0.0,0.0,22.0,159.0,102.0,57.0,76.0,83.0,1.0,3.0,2.0,,97.0,1.0,2.0,53.0,0,0,0,0,0,1,1,1,1,0,1,1,0,0,0,0,0,0,0,0,0,1,0,0,0,0,0,0,0,0,0,0,0,0,1,0,0,0,0,0.23,,,
2017,linden unified,"Rural, fringe",0.3706,0.246,0.5915,0.3704,0.3708,,,,,0.2091,,,0.6053,73.0,31.0,42.0,40.0,33.0,0.0,0.0,0.0,,23.0,0.0,0.0,46.0,197.0,126.0,71.0,108.0,89.0,0.0,0.0,0.0,,110.0,0.0,0.0,76.0,0,0,0,0,0,1,1,1,1,0,1,1,0,0,0,0,0,0,0,0,0,1,0,0,0,0,0,0,0,0,0,0,0,0,1,0,0,0,0,0.38,0.23,,
2018,linden unified,"Rural, fringe",0.5226,0.3708,0.7273,0.5128,0.5325,,,,,0.4362,,,0.66,81.0,33.0,48.0,40.0,41.0,0.0,0.0,0.0,0.0,41.0,,0.0,33.0,155.0,89.0,66.0,78.0,77.0,0.0,0.0,0.0,0.0,94.0,,0.0,50.0,0,0,0,0,0,1,1,1,1,0,1,1,0,0,0,0,0,0,0,0,0,0,0,1,0,0,0,0,0,0,0,0,0,0,0,0,1,0,0,0.3706,0.38,0.23,
2019,linden unified,"Rural, fringe",0.4841,0.4071,0.6818,0.481,0.4872,,,,,0.43,,,0.5652,76.0,46.0,30.0,38.0,38.0,0.0,0.0,0.0,,43.0,0.0,0.0,26.0,157.0,113.0,44.0,79.0,78.0,0.0,0.0,0.0,,100.0,0.0,4.0,46.0,0,0,0,0,0,1,1,1,1,0,1,1,0,0,0,0,0,0,0,0,0,1,0,0,0,0,0,0,0,0,0,0,0,0,1,0,0,0,0,0.5226,0.3706,0.38,0.23
2015,lindsay unified,"Town, fringe",0.16,0.14,0.32,0.17,0.15,,,,,0.15,,,0.42,52.0,41.0,11.0,27.0,24.0,0.0,0.0,,0.0,45.0,,,5.0,322.0,288.0,34.0,161.0,161.0,1.0,6.0,,1.0,302.0,,,12.0,0,0,0,0,0,1,1,1,1,0,1,1,0,0,0,0,0,0,0,0,1,0,0,1,1,0,0,0,0,0,0,0,0,1,0,0,1,1,0,,,,
2016,lindsay unified,"Town, fringe",0.16,0.15,0.17,0.15,0.16,,,,,0.15,,,,50.0,48.0,5.0,24.0,29.0,,0.0,,,50.0,,,0.0,329.0,300.0,29.0,159.0,170.0,,8.0,,,312.0,,,6.0,0,0,0,0,0,1,1,1,1,0,1,1,1,0,0,0,0,0,1,0,1,1,0,1,1,0,0,0,0,0,0,1,0,1,1,0,1,1,0,0.16,,,
2017,lindsay unified,"Town, fringe",0.2085,0.1963,0.3235,0.2438,0.1795,,,,,0.2012,,,0.2,74.0,63.0,11.0,39.0,35.0,,0.0,0.0,,66.0,,,3.0,355.0,321.0,34.0,160.0,195.0,,0.0,0.0,,328.0,,,15.0,0,0,0,0,0,1,1,1,1,0,1,1,0,0,0,0,0,0,1,0,0,1,0,1,1,0,0,0,0,0,0,1,0,0,1,0,1,1,0,0.16,0.16,,
2018,lindsay unified,"Town, fringe",0.2746,0.2537,0.5217,0.2556,0.2901,,,,,0.2708,,,0.4545,81.0,69.0,12.0,34.0,47.0,0.0,0.0,0.0,,75.0,,,5.0,295.0,272.0,23.0,133.0,162.0,0.0,0.0,0.0,,277.0,,,11.0,0,0,0,0,0,1,1,1,1,0,1,1,0,0,0,0,0,0,0,0,0,1,0,1,1,0,0,0,0,0,0,0,0,0,1,0,1,1,0,0.2085,0.16,0.16,
2019,lindsay unified,"Town, fringe",0.3505,0.355,0.3103,0.3444,0.3571,,,,,0.3466,,,,102.0,93.0,9.0,52.0,50.0,,0.0,0.0,,96.0,,,0.0,291.0,262.0,29.0,151.0,140.0,,0.0,0.0,,277.0,,,10.0,0,0,0,0,0,1,1,1,1,0,1,1,1,0,0,0,0,0,1,0,0,1,0,1,1,0,0,0,0,0,0,1,0,0,1,0,1,1,0,0.2746,0.2085,0.16,0.16
2015,live oak elementary,"Suburb, midsize",0.29,0.19,0.46,0.28,0.3,,,,,0.18,,,0.51,57.0,24.0,31.0,29.0,26.0,,0.0,0.0,0.0,20.0,,0.0,27.0,194.0,127.0,67.0,106.0,88.0,,5.0,5.0,2.0,113.0,,7.0,53.0,0,0,0,0,0,1,1,1,1,0,1,1,0,0,0,0,0,0,1,0,0,0,0,1,0,0,0,0,0,0,0,1,0,0,0,0,1,0,0,,,,
2016,live oak elementary,"Suburb, midsize",0.44,0.35,0.6,0.36,0.52,,,,,0.35,,,0.55,101.0,49.0,50.0,40.0,59.0,0.0,0.0,0.0,0.0,45.0,0.0,0.0,31.0,225.0,140.0,85.0,112.0,113.0,1.0,10.0,4.0,5.0,127.0,2.0,1.0,57.0,0,0,0,0,0,1,1,1,1,0,1,1,0,0,0,0,0,0,0,0,0,0,0,0,0,0,0,0,0,0,0,0,0,0,0,0,0,0,0,0.29,,,
2017,live oak elementary,"Suburb, midsize",0.4947,0.3884,0.6812,0.4742,0.5161,,,,,0.4336,,,0.5686,94.0,47.0,47.0,46.0,48.0,0.0,0.0,0.0,0.0,49.0,,,29.0,190.0,121.0,69.0,97.0,93.0,0.0,0.0,0.0,0.0,113.0,,,51.0,0,0,0,0,0,1,1,1,1,0,1,1,0,0,0,0,0,0,0,0,0,0,0,1,1,0,0,0,0,0,0,0,0,0,0,0,1,1,0,0.44,0.29,,
2018,live oak elementary,"Suburb, midsize",0.466,0.406,0.5753,0.4891,0.4474,,,,,0.392,,,0.5283,96.0,54.0,42.0,45.0,51.0,0.0,0.0,0.0,0.0,49.0,0.0,0.0,28.0,206.0,133.0,73.0,92.0,114.0,0.0,0.0,0.0,0.0,125.0,0.0,0.0,53.0,0,0,0,0,0,1,1,1,1,0,1,1,0,0,0,0,0,0,0,0,0,0,0,0,0,0,0,0,0,0,0,0,0,0,0,0,0,0,0,0.4947,0.44,0.29,
2019,live oak elementary,"Suburb, midsize",0.5532,0.456,0.746,0.5243,0.5882,0.3636,,,,0.4766,,,0.7143,104.0,57.0,47.0,54.0,50.0,4.0,0.0,0.0,0.0,51.0,,,40.0,188.0,125.0,63.0,103.0,85.0,11.0,6.0,0.0,0.0,107.0,,,56.0,0,0,0,0,0,0,1,1,1,0,1,1,0,0,0,0,0,0,0,0,0,0,0,1,1,0,0,0,0,0,0,0,0,0,0,0,1,1,0,0.466,0.4947,0.44,0.29
2015,live oak unified,"Town, fringe",0.27,0.25,0.33,0.33,0.21,,0.29,,,0.24,,,0.32,39.0,29.0,10.0,23.0,16.0,0.0,4.0,0.0,0.0,21.0,0.0,,12.0,145.0,115.0,30.0,69.0,76.0,1.0,14.0,2.0,1.0,89.0,1.0,,37.0,0,0,0,0,0,1,0,1,1,0,1,1,0,0,0,0,0,0,0,0,0,0,0,0,1,0,0,0,0,0,0,0,0,0,0,0,0,1,0,,,,
2016,live oak unified,"Town, fringe",0.4,0.35,0.75,0.43,0.37,,,,,0.31,,,0.53,54.0,44.0,12.0,28.0,27.0,,0.0,,,26.0,,0.0,21.0,137.0,121.0,16.0,65.0,72.0,,10.0,,,85.0,,1.0,41.0,0,0,0,0,0,1,1,1,1,0,1,1,0,0,0,0,0,0,1,0,1,1,0,1,0,0,0,0,0,0,0,1,0,1,1,0,1,0,0,0.27,,,
2017,live oak unified,"Town, fringe",0.4672,0.434,0.6875,0.4098,0.5246,,,,,0.4444,,,0.5517,57.0,46.0,11.0,25.0,32.0,0.0,0.0,,,36.0,,0.0,16.0,122.0,106.0,16.0,61.0,61.0,0.0,0.0,,,81.0,,0.0,29.0,0,0,0,0,0,1,1,1,1,0,1,1,0,0,0,0,0,0,0,0,1,1,0,1,0,0,0,0,0,0,0,0,0,1,1,0,1,0,0,0.4,0.27,,
2018,live oak unified,"Town, fringe",0.3986,0.3761,0.5,0.3538,0.4359,,0.6667,,,0.3059,,,0.5128,57.0,44.0,13.0,23.0,34.0,0.0,10.0,,,26.0,,0.0,20.0,143.0,117.0,26.0,65.0,78.0,0.0,15.0,,,85.0,,0.0,39.0,0,0,0,0,0,1,0,1,1,0,1,1,0,0,0,0,0,0,0,0,1,1,0,1,0,0,0,0,0,0,0,0,0,1,1,0,1,0,0,0.4672,0.4,0.27,
2019,live oak unified,"Town, fringe",0.5522,0.5304,0.6842,0.527,0.5833,,0.8333,,,0.4675,,,0.5833,74.0,61.0,13.0,39.0,35.0,,15.0,0.0,,36.0,,0.0,21.0,134.0,115.0,19.0,74.0,60.0,,18.0,0.0,,77.0,,0.0,36.0,0,0,0,0,0,1,0,1,1,0,1,1,0,0,0,0,0,0,1,0,0,1,0,1,0,0,0,0,0,0,0,1,0,0,1,0,1,0,0,0.3986,0.4672,0.4,0.27
2015,livingston union,"Suburb, small",0.21,0.16,0.41,0.26,0.17,,0.36,,,0.18,,,0.36,56.0,37.0,20.0,34.0,22.0,0.0,9.0,0.0,0.0,42.0,0.0,0.0,4.0,269.0,220.0,49.0,130.0,139.0,3.0,25.0,2.0,2.0,223.0,1.0,1.0,11.0,0,0,0,0,0,1,0,1,1,0,1,1,0,0,0,0,0,0,0,0,0,0,0,0,0,0,0,0,0,0,0,0,0,0,0,0,0,0,0,,,,
2016,livingston union,"Suburb, small",0.25,0.23,0.42,0.24,0.26,,0.4,,,0.24,,,,72.0,57.0,13.0,33.0,36.0,,12.0,0.0,0.0,57.0,0.0,,0.0,280.0,249.0,31.0,144.0,136.0,,30.0,1.0,1.0,237.0,1.0,,10.0,0,0,0,0,0,1,0,1,1,0,1,1,1,0,0,0,0,0,1,0,0,0,0,0,1,0,0,0,0,0,0,1,0,0,0,0,0,1,0,0.21,,,
2017,livingston union,"Suburb, small",0.2582,0.2468,0.325,0.2397,0.2727,,0.35,,,0.2469,,,0.3846,71.0,58.0,13.0,29.0,42.0,0.0,7.0,0.0,0.0,59.0,,,5.0,275.0,235.0,40.0,121.0,154.0,0.0,20.0,0.0,0.0,239.0,,,13.0,0,0,0,0,0,1,0,1,1,0,1,1,0,0,0,0,0,0,0,0,0,0,0,1,1,0,0,0,0,0,0,0,0,0,0,0,1,1,0,0.25,0.21,,
2018,livingston union,"Suburb, small",0.3471,0.3077,0.5882,0.35,0.3443,,0.6364,,,0.314,,,,84.0,64.0,20.0,42.0,42.0,0.0,14.0,,0.0,65.0,0.0,0.0,0.0,242.0,208.0,34.0,120.0,122.0,0.0,22.0,,0.0,207.0,0.0,0.0,0.0,0,0,0,0,0,1,0,1,1,0,1,1,1,0,0,0,0,0,0,0,1,0,0,0,0,0,0,0,0,0,0,0,0,1,0,0,0,0,0,0.2582,0.25,0.21,
2019,livingston union,"Suburb, small",0.4213,0.3899,0.6111,0.4307,0.4103,,0.6111,,,0.3963,,,,107.0,85.0,22.0,59.0,48.0,0.0,11.0,0.0,0.0,86.0,0.0,,0.0,254.0,218.0,36.0,137.0,117.0,4.0,18.0,0.0,0.0,217.0,0.0,,8.0,0,0,0,0,0,1,0,1,1,0,1,1,1,0,0,0,0,0,0,0,0,0,0,0,1,0,0,0,0,0,0,0,0,0,0,0,0,1,0,0.3471,0.2582,0.25,0.21
2015,lodi unified,"City, large",0.3,0.2,0.56,0.29,0.32,,0.39,0.1,0.52,0.21,,0.19,0.46,669.0,300.0,356.0,314.0,343.0,0.0,143.0,16.0,54.0,215.0,0.0,11.0,213.0,2228.0,1581.0,647.0,1123.0,1105.0,10.0,366.0,157.0,103.0,1024.0,10.0,58.0,463.0,0,0,0,0,0,1,0,0,0,0,1,0,0,0,0,0,0,0,0,0,0,0,0,0,0,0,0,0,0,0,0,0,0,0,0,0,0,0,0,,,,
2016,lodi unified,"City, large",0.34,0.27,0.57,0.32,0.35,,0.4,0.13,0.49,0.26,0.43,0.37,0.53,784.0,497.0,312.0,389.0,420.0,0.0,163.0,22.0,34.0,298.0,6.0,29.0,229.0,2377.0,1840.0,537.0,1178.0,1199.0,9.0,409.0,167.0,69.0,1145.0,14.0,79.0,431.0,0,0,0,0,0,1,0,0,0,0,0,0,0,0,0,0,0,0,0,0,0,0,0,0,0,0,0,0,0,0,0,0,0,0,0,0,0,0,0,0.3,,,
2017,lodi unified,"City, large",0.3369,0.2676,0.5357,0.3315,0.3421,,0.4005,0.1972,0.4364,0.2769,0.1818,0.2949,0.4679,730.0,430.0,300.0,352.0,378.0,0.0,153.0,28.0,24.0,278.0,2.0,23.0,204.0,2167.0,1607.0,560.0,1062.0,1105.0,0.0,382.0,142.0,55.0,1004.0,11.0,78.0,436.0,0,0,0,0,0,1,0,0,0,0,0,0,0,0,0,0,0,0,0,0,0,0,0,0,0,0,0,0,0,0,0,0,0,0,0,0,0,0,0,0.34,0.3,,
2018,lodi unified,"City, large",0.3459,0.2679,0.5725,0.3279,0.3624,0.4167,0.3764,0.1857,0.5323,0.2816,,0.4096,0.4796,755.0,435.0,320.0,344.0,411.0,5.0,137.0,26.0,33.0,294.0,0.0,34.0,200.0,2183.0,1624.0,559.0,1049.0,1134.0,12.0,364.0,140.0,62.0,1044.0,0.0,83.0,417.0,0,0,0,0,0,0,0,0,0,0,1,0,0,0,0,0,0,0,0,0,0,0,0,0,0,0,0,0,0,0,0,0,0,0,0,0,0,0,0,0.3369,0.34,0.3,
2019,lodi unified,"City, large",0.3716,0.2966,0.5826,0.3532,0.3886,0.2727,0.3994,0.1655,0.5952,0.3138,0.3333,0.4384,0.5123,764.0,450.0,314.0,349.0,415.0,3.0,139.0,23.0,25.0,306.0,5.0,32.0,209.0,2057.0,1518.0,539.0,988.0,1069.0,11.0,348.0,140.0,42.0,975.0,15.0,73.0,408.0,0,0,0,0,0,0,0,0,0,0,0,0,0,0,0,0,0,0,0,0,0,0,0,0,0,0,0,0,0,0,0,0,0,0,0,0,0,0,0,0.3459,0.3369,0.34,0.3
2015,loma prieta joint union elementary,"Rural, fringe",0.65,,0.67,0.64,0.68,,,,,,,,0.68,36.0,0.0,36.0,21.0,15.0,,0.0,,0.0,0.0,,0.0,27.0,55.0,1.0,54.0,33.0,22.0,,3.0,,1.0,5.0,,6.0,40.0,0,1,0,0,0,1,1,1,1,1,1,1,0,0,0,0,0,0,1,0,1,0,0,1,0,0,0,0,0,0,0,1,0,1,0,0,1,0,0,,,,
2016,loma prieta joint union elementary,"Rural, fringe",0.61,,0.63,0.63,0.59,,,,,,,,0.59,36.0,0.0,34.0,19.0,16.0,,0.0,0.0,,0.0,,0.0,26.0,58.0,3.0,55.0,31.0,27.0,,3.0,1.0,,3.0,,7.0,44.0,0,1,0,0,0,1,1,1,1,1,1,1,0,0,0,0,0,0,1,0,0,1,0,1,0,0,0,0,0,0,0,1,0,0,1,0,1,0,0,0.65,,,
2017,loma prieta joint union elementary,"Rural, fringe",0.6491,,0.6545,0.6667,0.6333,,,,,,,0.5,0.6829,37.0,0.0,36.0,18.0,19.0,,0.0,,,0.0,,6.0,28.0,57.0,0.0,55.0,27.0,30.0,,0.0,,,0.0,,12.0,41.0,0,1,0,0,0,1,1,1,1,1,1,0,0,0,0,0,0,0,1,0,1,1,0,1,0,0,0,0,0,0,0,1,0,1,1,0,1,0,0,0.61,0.65,,
2018,loma prieta joint union elementary,"Rural, fringe",0.7949,,0.7949,0.75,0.8261,,,,,,,,0.7586,31.0,,31.0,12.0,19.0,,,,,0.0,,0.0,22.0,39.0,,39.0,16.0,23.0,,,,,0.0,,0.0,29.0,0,1,0,0,0,1,1,1,1,1,1,1,0,0,1,0,0,0,1,1,1,1,0,1,0,0,0,1,0,0,0,1,1,1,1,0,1,0,0,0.6491,0.61,0.65,
2019,loma prieta joint union elementary,"Rural, fringe",0.7805,,0.8,0.8636,0.6842,,,,,,,,0.7647,32.0,0.0,32.0,19.0,13.0,,,,,0.0,,0.0,26.0,41.0,0.0,40.0,22.0,19.0,,,,,0.0,,0.0,34.0,0,1,0,0,0,1,1,1,1,1,1,1,0,0,0,0,0,0,1,1,1,1,0,1,0,0,0,0,0,0,0,1,1,1,1,0,1,0,0,0.7949,0.6491,0.61,0.65
2015,lompoc unified,"Suburb, small",0.2,0.13,0.37,0.18,0.22,,0.25,0.23,,0.12,,0.52,0.37,137.0,67.0,75.0,65.0,79.0,0.0,3.0,5.0,0.0,59.0,0.0,11.0,59.0,723.0,520.0,203.0,364.0,359.0,6.0,12.0,22.0,6.0,493.0,2.0,21.0,161.0,0,0,0,0,0,1,0,0,1,0,1,0,0,0,0,0,0,0,0,0,0,0,0,0,0,0,0,0,0,0,0,0,0,0,0,0,0,0,0,,,,
2016,lompoc unified,"Suburb, small",0.29,0.2,0.49,0.31,0.27,,0.12,0.21,,0.19,,0.41,0.51,213.0,103.0,108.0,101.0,109.0,0.0,2.0,4.0,0.0,90.0,0.0,11.0,98.0,735.0,515.0,220.0,328.0,407.0,3.0,17.0,19.0,5.0,475.0,2.0,27.0,187.0,0,0,0,0,0,1,0,0,1,0,1,0,0,0,0,0,0,0,0,0,0,0,0,0,0,0,0,0,0,0,0,0,0,0,0,0,0,0,0,0.2,,,
2017,lompoc unified,"Suburb, small",0.2563,0.1784,0.4408,0.2118,0.2973,,,0.1481,,0.197,,0.4194,0.391,182.0,89.0,93.0,72.0,110.0,0.0,0.0,4.0,0.0,93.0,0.0,13.0,61.0,710.0,499.0,211.0,340.0,370.0,0.0,0.0,27.0,0.0,472.0,0.0,31.0,156.0,0,0,0,0,0,1,1,0,1,0,1,0,0,0,0,0,0,0,0,0,0,0,0,0,0,0,0,0,0,0,0,0,0,0,0,0,0,0,0,0.29,0.2,,
2018,lompoc unified,"Suburb, small",0.2765,0.2,0.4667,0.2351,0.3169,,,0.1765,,0.2092,,0.3947,0.443,188.0,97.0,91.0,79.0,109.0,0.0,0.0,3.0,0.0,96.0,0.0,15.0,66.0,680.0,485.0,195.0,336.0,344.0,0.0,0.0,17.0,0.0,459.0,0.0,38.0,149.0,0,0,0,0,0,1,1,0,1,0,1,0,0,0,0,0,0,0,0,0,0,0,0,0,0,0,0,0,0,0,0,0,0,0,0,0,0,0,0,0.2563,0.29,0.2,
2019,lompoc unified,"Suburb, small",0.2993,0.2486,0.4307,0.2948,0.3034,,,0.125,,0.2327,,0.4722,0.4694,217.0,130.0,87.0,102.0,115.0,0.0,0.0,2.0,0.0,118.0,0.0,17.0,69.0,725.0,523.0,202.0,346.0,379.0,4.0,9.0,16.0,4.0,507.0,0.0,36.0,147.0,0,0,0,0,0,1,1,0,1,0,1,0,0,0,0,0,0,0,0,0,0,0,0,0,0,0,0,0,0,0,0,0,0,0,0,0,0,0,0,0.2765,0.2563,0.29,0.2
2015,lone pine unified,"Rural, remote",0.2,0.13,,,0.2,,,,,0.2,,,,5.0,2.0,0.0,0.0,3.0,0.0,,0.0,,3.0,,0.0,0.0,25.0,16.0,9.0,10.0,15.0,1.0,,1.0,,15.0,,1.0,7.0,0,0,1,1,0,1,1,1,1,0,1,1,1,0,0,0,0,0,0,1,0,1,0,1,0,0,0,0,0,0,0,0,1,0,1,0,1,0,0,,,,
2016,lone pine unified,"Rural, remote",0.24,0.17,,0.19,,,,,,0.11,,,,6.0,3.0,0.0,3.0,0.0,0.0,0.0,,,2.0,,,0.0,25.0,18.0,7.0,16.0,9.0,2.0,1.0,,,18.0,,,4.0,0,0,1,0,1,1,1,1,1,0,1,1,1,0,0,0,0,0,0,0,1,1,0,1,1,0,0,0,0,0,0,0,0,1,1,0,1,1,0,0.2,,,
2017,lone pine unified,"Rural, remote",0.375,0.3333,,,0.3889,,,,,,,,,9.0,5.0,0.0,0.0,7.0,0.0,,,,0.0,,0.0,0.0,24.0,15.0,0.0,0.0,18.0,0.0,,,,0.0,,0.0,0.0,0,0,1,1,0,1,1,1,1,1,1,1,1,0,0,0,0,0,0,1,1,1,0,1,0,0,0,0,0,0,0,0,1,1,1,0,1,0,0,0.24,0.2,,
2018,lone pine unified,"Rural, remote",0.3077,,,,,,,,,,,,,4.0,0.0,0.0,0.0,0.0,0.0,,,,0.0,,,0.0,13.0,0.0,0.0,0.0,0.0,0.0,,,,0.0,,,0.0,0,1,1,1,1,1,1,1,1,1,1,1,1,0,0,0,0,0,0,1,1,1,0,1,1,0,0,0,0,0,0,0,1,1,1,0,1,1,0,0.375,0.24,0.2,
2019,lone pine unified,"Rural, remote",0.4348,0.2857,,,0.3077,,,,,0.3333,,,,10.0,4.0,0.0,0.0,4.0,0.0,,,,4.0,,0.0,0.0,23.0,14.0,9.0,10.0,13.0,0.0,,,,12.0,,4.0,5.0,0,0,1,1,0,1,1,1,1,0,1,1,1,0,0,0,0,0,0,1,1,1,0,1,0,0,0,0,0,0,0,0,1,1,1,0,1,0,0,0.3077,0.375,0.24,0.2
2015,long beach unified,"City, large",0.31,0.23,0.51,0.31,0.31,,0.48,0.15,0.46,0.24,0.21,0.57,0.58,1839.0,922.0,889.0,866.0,945.0,0.0,213.0,113.0,79.0,816.0,20.0,76.0,462.0,5934.0,4191.0,1743.0,2885.0,3049.0,8.0,444.0,752.0,168.0,3401.0,94.0,134.0,796.0,0,0,0,0,0,1,0,0,0,0,0,0,0,0,0,0,0,0,0,0,0,0,0,0,0,0,0,0,0,0,0,0,0,0,0,0,0,0,0,,,,
2016,long beach unified,"City, large",0.37,0.27,0.63,0.36,0.38,0.29,0.54,0.22,0.61,0.29,0.34,0.59,0.68,2154.0,1112.0,1054.0,1009.0,1147.0,4.0,237.0,150.0,86.0,1026.0,25.0,81.0,499.0,5821.0,4121.0,1700.0,2803.0,3018.0,14.0,439.0,684.0,143.0,3419.0,73.0,138.0,733.0,0,0,0,0,0,0,0,0,0,0,0,0,0,0,0,0,0,0,0,0,0,0,0,0,0,0,0,0,0,0,0,0,0,0,0,0,0,0,0,0.31,,,
2017,long beach unified,"City, large",0.4236,0.3369,0.6499,0.4227,0.4244,,0.6568,0.2748,0.5588,0.3441,0.4198,0.6347,0.7047,2376.0,1366.0,1010.0,1115.0,1261.0,0.0,243.0,194.0,76.0,1119.0,34.0,106.0,482.0,5610.0,4056.0,1554.0,2638.0,2972.0,0.0,370.0,706.0,136.0,3252.0,81.0,167.0,684.0,0,0,0,0,0,1,0,0,0,0,0,0,0,0,0,0,0,0,0,0,0,0,0,0,0,0,0,0,0,0,0,0,0,0,0,0,0,0,0,0.37,0.31,,
2018,long beach unified,"City, large",0.4882,0.4117,0.6794,0.4834,0.4928,,0.7044,0.3302,0.6985,0.4109,0.4627,0.6281,0.7456,2685.0,1617.0,1068.0,1307.0,1378.0,0.0,274.0,209.0,95.0,1316.0,31.0,179.0,507.0,5500.0,3928.0,1572.0,2704.0,2796.0,0.0,389.0,633.0,136.0,3203.0,67.0,285.0,680.0,0,0,0,0,0,1,0,0,0,0,0,0,0,0,0,0,0,0,0,0,0,0,0,0,0,0,0,0,0,0,0,0,0,0,0,0,0,0,0,0.4236,0.37,0.31,
2019,long beach unified,"City, large",0.5246,0.4452,0.7223,0.5198,0.5289,,0.6856,0.3517,0.7107,0.4724,0.3939,0.6655,0.7684,2727.0,1653.0,1072.0,1290.0,1437.0,0.0,242.0,217.0,86.0,1435.0,26.0,189.0,471.0,5197.0,3713.0,1484.0,2481.0,2716.0,8.0,353.0,619.0,121.0,3037.0,67.0,285.0,613.0,0,0,0,0,0,1,0,0,0,0,0,0,0,0,0,0,0,0,0,0,0,0,0,0,0,0,0,0,0,0,0,0,0,0,0,0,0,0,0,0.4882,0.4236,0.37,0.31
2015,loomis union elementary,"Suburb, large",0.53,0.3,0.57,0.53,0.53,,,,,0.58,,,0.52,158.0,14.0,144.0,75.0,82.0,0.0,0.0,0.0,0.0,21.0,,0.0,124.0,298.0,46.0,252.0,142.0,156.0,2.0,2.0,5.0,3.0,36.0,,6.0,244.0,0,0,0,0,0,1,1,1,1,0,1,1,0,0,0,0,0,0,0,0,0,0,0,1,0,0,0,0,0,0,0,0,0,0,0,0,1,0,0,,,,
2016,loomis union elementary,"Suburb, large",0.57,0.33,0.63,0.54,0.59,,,,,0.49,,,0.58,200.0,22.0,179.0,93.0,106.0,0.0,0.0,0.0,0.0,20.0,,0.0,165.0,351.0,67.0,284.0,171.0,180.0,4.0,8.0,4.0,1.0,41.0,,8.0,285.0,0,0,0,0,0,1,1,1,1,0,1,1,0,0,0,0,0,0,0,0,0,0,0,1,0,0,0,0,0,0,0,0,0,0,0,0,1,0,0,0.53,,,
2017,loomis union elementary,"Suburb, large",0.6135,0.3774,0.6593,0.5302,0.6836,,,,,0.6563,,,0.6067,200.0,20.0,180.0,79.0,121.0,0.0,0.0,0.0,0.0,21.0,,0.0,162.0,326.0,53.0,273.0,149.0,177.0,0.0,0.0,0.0,0.0,32.0,,0.0,267.0,0,0,0,0,0,1,1,1,1,0,1,1,0,0,0,0,0,0,0,0,0,0,0,1,0,0,0,0,0,0,0,0,0,0,0,0,1,0,0,0.57,0.53,,
2018,loomis union elementary,"Suburb, large",0.6431,0.4375,0.6935,0.6398,0.6463,,,,,0.3043,,,0.6584,209.0,28.0,181.0,103.0,106.0,0.0,0.0,,0.0,7.0,0.0,0.0,185.0,325.0,64.0,261.0,161.0,164.0,0.0,0.0,,0.0,23.0,0.0,0.0,281.0,0,0,0,0,0,1,1,1,1,0,1,1,0,0,0,0,0,0,0,0,1,0,0,0,0,0,0,0,0,0,0,0,0,1,0,0,0,0,0,0.6135,0.57,0.53,
2019,loomis union elementary,"Suburb, large",0.6994,0.4754,0.7529,0.6987,0.7,,,,,0.561,,0.7143,0.7066,221.0,29.0,192.0,109.0,112.0,0.0,0.0,0.0,0.0,23.0,0.0,10.0,171.0,316.0,61.0,255.0,156.0,160.0,0.0,9.0,0.0,4.0,41.0,0.0,14.0,242.0,0,0,0,0,0,1,1,1,1,0,1,0,0,0,0,0,0,0,0,0,0,0,0,0,0,0,0,0,0,0,0,0,0,0,0,0,0,0,0,0.6431,0.6135,0.57,0.53
2015,los alamitos unified,"Suburb, large",0.77,0.5,0.81,0.77,0.77,,0.86,,0.8,0.65,,0.79,0.81,523.0,50.0,475.0,255.0,271.0,0.0,90.0,0.0,16.0,106.0,0.0,31.0,271.0,679.0,100.0,579.0,327.0,352.0,3.0,105.0,9.0,20.0,163.0,4.0,39.0,335.0,0,0,0,0,0,1,0,1,0,0,1,0,0,0,0,0,0,0,0,0,0,0,0,0,0,0,0,0,0,0,0,0,0,0,0,0,0,0,0,,,,
2016,los alamitos unified,"Suburb, large",0.83,0.62,0.86,0.82,0.84,,0.94,0.47,0.85,0.72,,0.87,0.86,596.0,54.0,537.0,300.0,297.0,0.0,92.0,8.0,11.0,134.0,0.0,48.0,298.0,719.0,87.0,632.0,366.0,353.0,1.0,98.0,17.0,13.0,185.0,3.0,55.0,347.0,0,0,0,0,0,1,0,0,0,0,1,0,0,0,0,0,0,0,0,0,0,0,0,0,0,0,0,0,0,0,0,0,0,0,0,0,0,0,0,0.77,,,
2017,los alamitos unified,"Suburb, large",0.854,0.7168,0.8811,0.8509,0.8571,,0.8947,0.6522,0.8182,0.8012,,0.8485,0.8858,585.0,81.0,504.0,291.0,294.0,,85.0,15.0,9.0,129.0,0.0,56.0,287.0,685.0,113.0,572.0,342.0,343.0,,95.0,23.0,11.0,161.0,0.0,66.0,324.0,0,0,0,0,0,1,0,0,0,0,1,0,0,0,0,0,0,0,1,0,0,0,0,0,0,0,0,0,0,0,0,1,0,0,0,0,0,0,0,0.83,0.77,,
2018,los alamitos unified,"Suburb, large",0.8407,0.6759,0.8706,0.8076,0.8722,,0.9681,0.5263,1.0,0.7772,,0.8393,0.8522,591.0,73.0,518.0,277.0,314.0,0.0,91.0,10.0,14.0,150.0,0.0,47.0,271.0,703.0,108.0,595.0,343.0,360.0,0.0,94.0,19.0,14.0,193.0,0.0,56.0,318.0,0,0,0,0,0,1,0,0,0,0,1,0,0,0,0,0,0,0,0,0,0,0,0,0,0,0,0,0,0,0,0,0,0,0,0,0,0,0,0,0.854,0.83,0.77,
2019,los alamitos unified,"Suburb, large",0.8409,0.7273,0.8619,0.849,0.8338,,0.9419,0.7143,,0.8,,0.8039,0.8527,534.0,72.0,462.0,253.0,281.0,,81.0,15.0,0.0,140.0,0.0,41.0,249.0,635.0,99.0,536.0,298.0,337.0,,86.0,21.0,9.0,175.0,0.0,51.0,292.0,0,0,0,0,0,1,0,0,1,0,1,0,0,0,0,0,0,0,1,0,0,0,0,0,0,0,0,0,0,0,0,1,0,0,0,0,0,0,0,0.8407,0.854,0.83,0.77
2015,los altos elementary,"Suburb, large",0.86,0.2,0.89,0.82,0.89,,0.94,,,0.52,,0.9,0.85,464.0,4.0,463.0,199.0,266.0,,162.0,0.0,0.0,17.0,,53.0,228.0,540.0,20.0,520.0,242.0,298.0,,173.0,2.0,3.0,33.0,,60.0,268.0,0,0,0,0,0,1,0,1,1,0,1,0,0,0,0,0,0,0,1,0,0,0,0,1,0,0,0,0,0,0,0,1,0,0,0,0,1,0,0,,,,
2016,los altos elementary,"Suburb, large",0.85,0.4,0.87,0.84,0.87,,0.95,,,0.56,,0.92,0.81,441.0,8.0,434.0,213.0,228.0,0.0,159.0,0.0,0.0,18.0,0.0,55.0,208.0,518.0,20.0,498.0,256.0,262.0,1.0,167.0,2.0,1.0,32.0,1.0,60.0,253.0,0,0,0,0,0,1,0,1,1,0,1,0,0,0,0,0,0,0,0,0,0,0,0,0,0,0,0,0,0,0,0,0,0,0,0,0,0,0,0,0.86,,,
2017,los altos elementary,"Suburb, large",0.8529,0.3103,0.8881,0.85,0.8559,,0.9371,,,0.3704,,0.9194,0.8445,406.0,9.0,397.0,204.0,202.0,0.0,134.0,0.0,,10.0,,57.0,201.0,476.0,29.0,447.0,240.0,236.0,0.0,143.0,0.0,,27.0,,62.0,238.0,0,0,0,0,0,1,0,1,1,0,1,0,0,0,0,0,0,0,0,0,0,1,0,1,0,0,0,0,0,0,0,0,0,0,1,0,1,0,0,0.85,0.86,,
2018,los altos elementary,"Suburb, large",0.8672,0.4348,0.8869,0.8588,0.8755,,0.9465,,,0.6316,,0.8986,0.8578,458.0,10.0,448.0,226.0,232.0,0.0,177.0,0.0,0.0,24.0,0.0,63.0,187.0,528.0,23.0,505.0,263.0,265.0,0.0,187.0,0.0,0.0,38.0,0.0,70.0,218.0,0,0,0,0,0,1,0,1,1,0,1,0,0,0,0,0,0,0,0,0,0,0,0,0,0,0,0,0,0,0,0,0,0,0,0,0,0,0,0,0.8529,0.85,0.86,
2019,los altos elementary,"Suburb, large",0.8416,0.2,0.8801,0.8358,0.8465,,0.939,,,0.439,,0.8627,0.85,372.0,5.0,367.0,168.0,204.0,,154.0,0.0,0.0,18.0,0.0,44.0,153.0,442.0,25.0,417.0,201.0,241.0,,164.0,0.0,0.0,41.0,0.0,51.0,180.0,0,0,0,0,0,1,0,1,1,0,1,0,0,0,0,0,0,0,1,0,0,0,0,0,0,0,0,0,0,0,0,1,0,0,0,0,0,0,0,0.8672,0.8529,0.85,0.86
2015,los angeles unified,"City, large",0.27,0.21,0.5,0.26,0.27,0.24,0.67,0.17,0.55,0.2,0.35,0.54,0.57,11577.0,7402.0,4639.0,5669.0,6135.0,24.0,1257.0,630.0,399.0,6867.0,60.0,260.0,2643.0,44526.0,35248.0,9278.0,21803.0,22723.0,99.0,1875.0,3710.0,725.0,32701.0,173.0,490.0,4637.0,0,0,0,0,0,0,0,0,0,0,0,0,0,0,0,0,0,0,0,0,0,0,0,0,0,0,0,0,0,0,0,0,0,0,0,0,0,0,0,,,,
2016,los angeles unified,"City, large",0.31,0.25,0.56,0.3,0.32,0.32,0.73,0.21,0.59,0.24,0.41,0.59,0.62,13823.0,8922.0,5073.0,6546.0,7288.0,29.0,1322.0,777.0,413.0,7823.0,62.0,301.0,2921.0,44591.0,35691.0,8900.0,21818.0,22773.0,90.0,1812.0,3703.0,701.0,32596.0,153.0,519.0,4711.0,0,0,0,0,0,0,0,0,0,0,0,0,0,0,0,0,0,0,0,0,0,0,0,0,0,0,0,0,0,0,0,0,0,0,0,0,0,0,0,0.27,,,
2017,los angeles unified,"City, large",0.326,0.2636,0.5841,0.3167,0.3348,0.339,0.721,0.211,0.6264,0.2606,0.4192,0.6095,0.6205,13985.0,9116.0,4873.0,6651.0,7333.0,20.0,1292.0,737.0,337.0,8202.0,70.0,409.0,2918.0,42912.0,34569.0,8343.0,21002.0,21910.0,59.0,1792.0,3493.0,538.0,31470.0,167.0,671.0,4703.0,0,0,0,0,0,0,0,0,0,0,0,0,0,0,0,0,0,0,0,0,0,0,0,0,0,0,0,0,0,0,0,0,0,0,0,0,0,0,0,0.31,0.27,,
2018,los angeles unified,"City, large",0.3594,0.2943,0.6415,0.3499,0.3686,0.2951,0.7383,0.2363,0.6406,0.2974,0.4638,0.6335,0.6352,15011.0,9986.0,5027.0,7156.0,7858.0,18.0,1385.0,817.0,328.0,9059.0,64.0,446.0,2894.0,41768.0,33932.0,7836.0,20449.0,21319.0,61.0,1876.0,3457.0,512.0,30451.0,138.0,704.0,4557.0,0,0,0,0,0,0,0,0,0,0,0,0,0,0,0,0,0,0,0,0,0,0,0,0,0,0,0,0,0,0,0,0,0,0,0,0,0,0,0,0.326,0.31,0.27,
2019,los angeles unified,"City, large",0.3802,0.3132,0.639,0.365,0.3948,0.2333,0.7827,0.2364,0.6551,0.3192,0.4444,0.6426,0.6058,14874.0,9742.0,5137.0,7002.0,7875.0,7.0,1185.0,724.0,435.0,8897.0,32.0,570.0,3006.0,39133.0,31093.0,8040.0,19185.0,19948.0,30.0,1514.0,3063.0,664.0,27875.0,72.0,887.0,4963.0,0,0,0,0,0,0,0,0,0,0,0,0,0,0,0,0,0,0,0,0,0,0,0,0,0,0,0,0,0,0,0,0,0,0,0,0,0,0,0,0.3594,0.326,0.31,0.27
2015,los banos unified,"Town, distant",0.24,0.2,0.48,0.22,0.26,,,0.26,,0.19,,,0.5,187.0,126.0,57.0,83.0,104.0,0.0,0.0,5.0,0.0,125.0,0.0,0.0,53.0,781.0,663.0,118.0,379.0,402.0,5.0,6.0,19.0,4.0,626.0,10.0,4.0,107.0,0,0,0,0,0,1,1,0,1,0,1,1,0,0,0,0,0,0,0,0,0,0,0,0,0,0,0,0,0,0,0,0,0,0,0,0,0,0,0,,,,
2016,los banos unified,"Town, distant",0.27,0.23,0.51,0.26,0.28,,0.5,0.17,,0.24,,,0.39,235.0,174.0,58.0,115.0,120.0,0.0,6.0,2.0,0.0,181.0,0.0,0.0,41.0,870.0,758.0,112.0,442.0,428.0,1.0,12.0,12.0,3.0,724.0,5.0,7.0,106.0,0,0,0,0,0,1,0,0,1,0,1,1,0,0,0,0,0,0,0,0,0,0,0,0,0,0,0,0,0,0,0,0,0,0,0,0,0,0,0,0.24,,,
2017,los banos unified,"Town, distant",0.2993,0.2609,0.4926,0.2969,0.3014,,,,,0.2702,,,0.466,246.0,179.0,67.0,114.0,132.0,0.0,0.0,0.0,0.0,184.0,0.0,0.0,48.0,822.0,686.0,136.0,384.0,438.0,0.0,0.0,0.0,0.0,681.0,0.0,0.0,103.0,0,0,0,0,0,1,1,1,1,0,1,1,0,0,0,0,0,0,0,0,0,0,0,0,0,0,0,0,0,0,0,0,0,0,0,0,0,0,0,0.27,0.24,,
2018,los banos unified,"Town, distant",0.2929,0.2648,0.4296,0.2763,0.3107,,,0.1818,,0.2774,,,0.4359,232.0,174.0,58.0,113.0,119.0,0.0,0.0,2.0,0.0,187.0,0.0,0.0,34.0,792.0,657.0,135.0,409.0,383.0,0.0,0.0,11.0,0.0,674.0,0.0,0.0,78.0,0,0,0,0,0,1,1,0,1,0,1,1,0,0,0,0,0,0,0,0,0,0,0,0,0,0,0,0,0,0,0,0,0,0,0,0,0,0,0,0.2993,0.27,0.24,
2019,los banos unified,"Town, distant",0.3356,0.2993,0.48,0.2902,0.3821,,,0.2727,,0.3033,,,0.5694,251.0,179.0,72.0,110.0,141.0,0.0,0.0,3.0,0.0,195.0,0.0,0.0,41.0,748.0,598.0,150.0,379.0,369.0,0.0,7.0,11.0,0.0,643.0,0.0,9.0,72.0,0,0,0,0,0,1,1,0,1,0,1,1,0,0,0,0,0,0,0,0,0,0,0,0,0,0,0,0,0,0,0,0,0,0,0,0,0,0,0,0.2929,0.2993,0.27,0.24
2015,los molinos unified,"Rural, fringe",0.18,0.15,,0.2,0.16,,,,,0.1,,,0.28,7.0,5.0,0.0,4.0,3.0,,,,,2.0,,,5.0,39.0,34.0,5.0,20.0,19.0,,,,,20.0,,,18.0,0,0,1,0,0,1,1,1,1,0,1,1,0,0,0,0,0,0,1,1,1,1,0,1,1,0,0,0,0,0,0,1,1,1,1,0,1,1,0,,,,
2016,los molinos unified,"Rural, fringe",0.19,0.19,,0.26,0.11,,,,,0.25,,,0.14,7.0,6.0,0.0,5.0,2.0,0.0,,,,5.0,,0.0,2.0,38.0,32.0,6.0,19.0,19.0,1.0,,,,20.0,,2.0,15.0,0,0,1,0,0,1,1,1,1,0,1,1,0,0,0,0,0,0,0,1,1,1,0,1,0,0,0,0,0,0,0,0,1,1,1,0,1,0,0,0.18,,,
2017,los molinos unified,"Rural, fringe",0.1579,0.1714,,0.1579,0.1579,,,,,0.1333,,,0.25,6.0,6.0,0.0,3.0,3.0,0.0,0.0,,,2.0,,0.0,4.0,39.0,36.0,0.0,19.0,20.0,0.0,0.0,,,16.0,,0.0,16.0,0,0,1,0,0,1,1,1,1,0,1,1,0,0,0,0,0,0,0,0,1,1,0,1,0,0,0,0,0,0,0,0,0,1,1,0,1,0,0,0.19,0.18,,
2018,los molinos unified,"Rural, fringe",0.1628,0.1538,,0.2727,0.0476,,,,,0.0952,,,0.25,7.0,6.0,0.0,6.0,1.0,,,,,2.0,,0.0,5.0,43.0,39.0,0.0,22.0,21.0,,,,,21.0,,0.0,20.0,0,0,1,0,0,1,1,1,1,0,1,1,0,0,0,0,0,0,1,1,1,1,0,1,0,0,0,0,0,0,0,1,1,1,1,0,1,0,0,0.1579,0.19,0.18,
2019,los molinos unified,"Rural, fringe",0.3333,0.2273,0.5455,0.3636,0.3182,,,,,0.1333,,,0.4706,11.0,5.0,6.0,4.0,7.0,,,,,2.0,,,8.0,33.0,22.0,11.0,11.0,22.0,,,,,15.0,,,17.0,0,0,0,0,0,1,1,1,1,0,1,1,0,0,0,0,0,0,1,1,1,1,0,1,1,0,0,0,0,0,0,1,1,1,1,0,1,1,0,0.1628,0.1579,0.19,0.18
2015,los nietos,"Suburb, large",0.22,0.19,0.26,0.2,0.24,,,,,0.23,,,,41.0,19.0,22.0,17.0,24.0,,,0.0,0.0,40.0,0.0,,0.0,187.0,101.0,86.0,85.0,102.0,,,1.0,3.0,176.0,2.0,,5.0,0,0,0,0,0,1,1,1,1,0,1,1,1,0,0,0,0,0,1,1,0,0,0,0,1,0,0,0,0,0,0,1,1,0,0,0,0,1,0,,,,
2016,los nietos,"Suburb, large",0.21,0.22,0.0,0.16,0.25,,,,,0.21,,,,44.0,43.0,0.0,17.0,26.0,,0.0,0.0,,40.0,0.0,,0.0,209.0,194.0,15.0,104.0,105.0,,1.0,2.0,,202.0,1.0,,3.0,0,0,0,0,0,1,1,1,1,0,1,1,1,0,0,0,0,0,1,0,0,1,0,0,1,0,0,0,0,0,0,1,0,0,1,0,0,1,0,0.22,,,
2017,los nietos,"Suburb, large",0.3073,0.2945,0.3793,0.3158,0.299,,,,,0.3048,,,,59.0,48.0,11.0,30.0,29.0,,0.0,,,57.0,0.0,,0.0,192.0,163.0,29.0,95.0,97.0,,0.0,,,187.0,0.0,,0.0,0,0,0,0,0,1,1,1,1,0,1,1,1,0,0,0,0,0,1,0,1,1,0,0,1,0,0,0,0,0,0,1,0,1,1,0,0,1,0,0.21,0.22,,
2018,los nietos,"Suburb, large",0.3876,0.3789,0.4706,0.3553,0.4118,,,,,0.3952,,,,69.0,61.0,8.0,27.0,42.0,0.0,0.0,0.0,,66.0,0.0,0.0,0.0,178.0,161.0,17.0,76.0,102.0,0.0,0.0,0.0,,167.0,0.0,0.0,0.0,0,0,0,0,0,1,1,1,1,0,1,1,1,0,0,0,0,0,0,0,0,1,0,0,0,0,0,0,0,0,0,0,0,0,1,0,0,0,0,0.3073,0.21,0.22,
2019,los nietos,"Suburb, large",0.474,0.4872,0.4324,0.4744,0.4737,,,,,0.4636,,,,73.0,57.0,16.0,37.0,36.0,,0.0,,,70.0,,0.0,0.0,154.0,117.0,37.0,78.0,76.0,,0.0,,,151.0,,0.0,0.0,0,0,0,0,0,1,1,1,1,0,1,1,1,0,0,0,0,0,1,0,1,1,0,1,0,0,0,0,0,0,0,1,0,1,1,0,1,0,0,0.3876,0.3073,0.21,0.22
2015,los olivos elementary,"Town, distant",0.45,,,,,,,,,,,,,5.0,0.0,0.0,0.0,0.0,,,,,0.0,,0.0,0.0,12.0,2.0,10.0,10.0,2.0,,,,,2.0,,1.0,9.0,0,1,1,1,1,1,1,1,1,1,1,1,1,0,0,0,0,0,1,1,1,1,0,1,0,0,0,0,0,0,0,1,1,1,1,0,1,0,0,,,,
2016,los olivos elementary,"Town, distant",0.41,,0.45,,0.33,,,,,,,,0.5,7.0,0.0,5.0,0.0,4.0,,,,,0.0,,,6.0,17.0,6.0,11.0,5.0,12.0,,,,,3.0,,,12.0,0,1,0,1,0,1,1,1,1,1,1,1,0,0,0,0,0,0,1,1,1,1,0,1,1,0,0,0,0,0,0,1,1,1,1,0,1,1,0,0.45,,,
2017,los olivos elementary,"Town, distant",0.6316,,0.6111,,0.5455,,,,,,,,0.6667,12.0,0.0,11.0,0.0,6.0,,,,,0.0,,,10.0,19.0,0.0,18.0,0.0,11.0,,,,,0.0,,,15.0,0,1,0,1,0,1,1,1,1,1,1,1,0,0,0,0,0,0,1,1,1,1,0,1,1,0,0,0,0,0,0,1,1,1,1,0,1,1,0,0.41,0.45,,
2018,los olivos elementary,"Town, distant",0.5789,,0.6667,,,,,,,,,,0.5385,11.0,0.0,10.0,0.0,0.0,,,,,0.0,,,7.0,19.0,0.0,15.0,0.0,0.0,,,,,0.0,,,13.0,0,1,0,1,1,1,1,1,1,1,1,1,0,0,0,0,0,0,1,1,1,1,0,1,1,0,0,0,0,0,0,1,1,1,1,0,1,1,0,0.6316,0.41,0.45,
2019,los olivos elementary,"Town, distant",0.6667,,0.6842,,0.6923,,,,,,,,0.7059,14.0,0.0,13.0,0.0,9.0,,,,,0.0,,0.0,12.0,21.0,0.0,19.0,8.0,13.0,,,,,0.0,,0.0,17.0,0,1,0,1,0,1,1,1,1,1,1,1,0,0,0,0,0,0,1,1,1,1,0,1,0,0,0,0,0,0,0,1,1,1,1,0,1,0,0,0.5789,0.6316,0.41,0.45
2015,lost hills union elementary,"Rural, distant",0.04,0.04,,0.0,0.08,,,,,0.04,,,,2.0,2.0,0.0,0.0,2.0,,0.0,,,2.0,,,,52.0,51.0,1.0,26.0,26.0,,1.0,,,51.0,,,,0,0,1,0,0,1,1,1,1,0,1,1,1,0,0,0,0,0,1,0,1,1,0,1,1,1,0,0,0,0,0,1,0,1,1,0,1,1,1,,,,
2016,lost hills union elementary,"Rural, distant",0.08,0.08,,0.08,0.07,,,,,0.08,,,,5.0,5.0,0.0,3.0,2.0,,,,,5.0,,,,64.0,63.0,1.0,36.0,28.0,,,,,64.0,,,,0,0,1,0,0,1,1,1,1,0,1,1,1,0,0,0,0,0,1,1,1,1,0,1,1,1,0,0,0,0,0,1,1,1,1,0,1,1,1,0.04,,,
2017,lost hills union elementary,"Rural, distant",0.0323,0.0328,,0.0526,0.0,,,,,0.0323,,,,2.0,2.0,0.0,2.0,0.0,,,,,2.0,,,,62.0,61.0,0.0,38.0,24.0,,,,,62.0,,,,0,0,1,0,0,1,1,1,1,0,1,1,1,0,0,0,0,0,1,1,1,1,0,1,1,1,0,0,0,0,0,1,1,1,1,0,1,1,1,0.08,0.04,,
2018,lost hills union elementary,"Rural, distant",0.0484,0.0426,0.0667,0.0345,0.0606,,,,,0.0484,,,,3.0,2.0,1.0,1.0,2.0,,,,,3.0,,,,62.0,47.0,15.0,29.0,33.0,,,,,62.0,,,,0,0,0,0,0,1,1,1,1,0,1,1,1,0,0,0,0,0,1,1,1,1,0,1,1,1,0,0,0,0,0,1,1,1,1,0,1,1,1,0.0323,0.08,0.04,
2019,lost hills union elementary,"Rural, distant",0.2553,0.2162,,0.1429,0.3462,,,,,0.2609,,,,12.0,8.0,0.0,3.0,9.0,,,,,12.0,,,0.0,47.0,37.0,10.0,21.0,26.0,,,,,46.0,,,0.0,0,0,1,0,0,1,1,1,1,0,1,1,1,0,0,0,0,0,1,1,1,1,0,1,1,0,0,0,0,0,0,1,1,1,1,0,1,1,0,0.0484,0.0323,0.08,0.04
2015,lowell joint,"Suburb, large",0.39,0.34,0.4,0.41,0.36,,0.86,,,0.29,,,0.53,131.0,19.0,111.0,72.0,60.0,,12.0,0.0,0.0,63.0,0.0,0.0,50.0,336.0,57.0,279.0,171.0,165.0,,14.0,4.0,2.0,216.0,2.0,3.0,95.0,0,0,0,0,0,1,0,1,1,0,1,1,0,0,0,0,0,0,1,0,0,0,0,0,0,0,0,0,0,0,0,1,0,0,0,0,0,0,0,,,,
2016,lowell joint,"Suburb, large",0.58,0.48,0.65,0.6,0.57,,,,,0.56,,,0.72,189.0,62.0,125.0,91.0,97.0,,0.0,0.0,,119.0,0.0,0.0,58.0,321.0,129.0,192.0,152.0,169.0,,8.0,7.0,,216.0,1.0,6.0,81.0,0,0,0,0,0,1,1,1,1,0,1,1,0,0,0,0,0,0,1,0,0,1,0,0,0,0,0,0,0,0,0,1,0,0,1,0,0,0,0,0.39,,,
2017,lowell joint,"Suburb, large",0.5193,0.4161,0.59,0.4684,0.5642,,0.8182,,,0.4813,,,0.5915,175.0,57.0,118.0,74.0,101.0,,9.0,0.0,0.0,116.0,,0.0,42.0,337.0,137.0,200.0,158.0,179.0,,11.0,0.0,0.0,241.0,,0.0,71.0,0,0,0,0,0,1,0,1,1,0,1,1,0,0,0,0,0,0,1,0,0,0,0,1,0,0,0,0,0,0,0,1,0,0,0,0,1,0,0,0.58,0.39,,
2018,lowell joint,"Suburb, large",0.5507,0.4186,0.6296,0.56,0.5412,,,,,0.5223,,,0.6,190.0,54.0,136.0,98.0,92.0,,0.0,0.0,0.0,117.0,0.0,0.0,57.0,345.0,129.0,216.0,175.0,170.0,,0.0,0.0,0.0,224.0,0.0,0.0,95.0,0,0,0,0,0,1,1,1,1,0,1,1,0,0,0,0,0,0,1,0,0,0,0,0,0,0,0,0,0,0,0,1,0,0,0,0,0,0,0,0.5193,0.58,0.39,
2019,lowell joint,"Suburb, large",0.5549,0.4586,0.6237,0.5309,0.5796,,0.9091,,,0.5022,,0.8333,0.6379,177.0,61.0,116.0,86.0,91.0,,10.0,0.0,0.0,115.0,0.0,10.0,37.0,319.0,133.0,186.0,162.0,157.0,,11.0,0.0,4.0,229.0,0.0,12.0,58.0,0,0,0,0,0,1,0,1,1,0,1,0,0,0,0,0,0,0,1,0,0,0,0,0,0,0,0,0,0,0,0,1,0,0,0,0,0,0,0,0.5507,0.5193,0.58,0.39
2015,lucerne elementary,"Town, distant",0.06,0.06,,,0.09,,,,,,,,0.11,2.0,2.0,0.0,0.0,2.0,,,0.0,,0.0,,0.0,2.0,32.0,31.0,1.0,10.0,22.0,,,2.0,,10.0,,1.0,19.0,0,0,1,1,0,1,1,1,1,1,1,1,0,0,0,0,0,0,1,1,0,1,0,1,0,0,0,0,0,0,0,1,1,0,1,0,1,0,0,,,,
2016,lucerne elementary,"Town, distant",0.16,0.18,,0.11,0.23,,,,,0.18,,,0.18,5.0,5.0,0.0,2.0,3.0,0.0,,,,2.0,,,3.0,31.0,28.0,3.0,18.0,13.0,3.0,,,,11.0,,,17.0,0,0,1,0,0,1,1,1,1,0,1,1,0,0,0,0,0,0,0,1,1,1,0,1,1,0,0,0,0,0,0,0,1,1,1,0,1,1,0,0.06,,,
2017,lucerne elementary,"Town, distant",0.1212,0.1034,,,0.1304,,,,,,,,0.1,4.0,3.0,0.0,0.0,3.0,0.0,,0.0,,0.0,,0.0,2.0,33.0,29.0,0.0,0.0,23.0,0.0,,0.0,,0.0,,0.0,20.0,0,0,1,1,0,1,1,1,1,1,1,1,0,0,0,0,0,0,0,1,0,1,0,1,0,0,0,0,0,0,0,0,1,0,1,0,1,0,0,0.16,0.06,,
2018,lucerne elementary,"Town, distant",0.2692,0.2727,,0.2308,0.3077,,,,,,,,0.3571,7.0,6.0,0.0,3.0,4.0,0.0,,,,0.0,,0.0,5.0,26.0,22.0,0.0,13.0,13.0,0.0,,,,0.0,,0.0,14.0,0,0,1,0,0,1,1,1,1,1,1,1,0,0,0,0,0,0,0,1,1,1,0,1,0,0,0,0,0,0,0,0,1,1,1,0,1,0,0,0.1212,0.16,0.06,
2019,lucerne elementary,"Town, distant",0.1724,0.1923,,0.1818,0.1667,,,,,,,,0.2667,5.0,5.0,0.0,2.0,3.0,0.0,,0.0,,0.0,,0.0,4.0,29.0,26.0,0.0,11.0,18.0,0.0,,0.0,,9.0,,0.0,15.0,0,0,1,0,0,1,1,1,1,1,1,1,0,0,0,0,0,0,0,1,0,1,0,1,0,0,0,0,0,0,0,0,1,0,1,0,1,0,0,0.2692,0.1212,0.16,0.06
2015,lucerne valley unified,"Town, fringe",0.13,0.13,,0.11,0.15,,,,,0.11,,,0.14,8.0,8.0,,3.0,5.0,,,0.0,,3.0,,0.0,4.0,61.0,61.0,,28.0,33.0,,,3.0,,28.0,,1.0,28.0,0,0,1,0,0,1,1,1,1,0,1,1,0,0,0,1,0,0,1,1,0,1,0,1,0,0,0,0,1,0,0,1,1,0,1,0,1,0,0,,,,
2016,lucerne valley unified,"Town, fringe",0.2,0.12,,0.19,0.2,,,,,0.24,,,0.17,10.0,5.0,0.0,4.0,6.0,,,0.0,,6.0,,,4.0,51.0,43.0,8.0,21.0,30.0,,,3.0,,25.0,,,23.0,0,0,1,0,0,1,1,1,1,0,1,1,0,0,0,0,0,0,1,1,0,1,0,1,1,0,0,0,0,0,0,1,1,0,1,0,1,1,0,0.13,,,
2017,lucerne valley unified,"Town, fringe",0.1754,0.12,,0.2759,0.0714,,,,,0.04,,,0.2609,10.0,6.0,0.0,8.0,2.0,0.0,0.0,0.0,,1.0,,0.0,6.0,57.0,50.0,0.0,29.0,28.0,0.0,0.0,0.0,,25.0,,0.0,23.0,0,0,1,0,0,1,1,1,1,0,1,1,0,0,0,0,0,0,0,0,0,1,0,1,0,0,0,0,0,0,0,0,0,0,1,0,1,0,0,0.2,0.13,,
2018,lucerne valley unified,"Town, fringe",0.1746,0.1373,0.3333,0.2,0.1429,,,,,0.129,,,0.2174,11.0,7.0,4.0,7.0,4.0,,,0.0,,4.0,,0.0,5.0,63.0,51.0,12.0,35.0,28.0,,,0.0,,31.0,,0.0,23.0,0,0,0,0,0,1,1,1,1,0,1,1,0,0,0,0,0,0,1,1,0,1,0,1,0,0,0,0,0,0,0,1,1,0,1,0,1,0,0,0.1754,0.2,0.13,
2019,lucerne valley unified,"Rural, distant",0.3208,0.2979,,0.36,0.2857,,,,,0.3,,,0.3548,17.0,14.0,0.0,9.0,8.0,,,,,6.0,,0.0,11.0,53.0,47.0,6.0,25.0,28.0,,,,,20.0,,0.0,31.0,0,0,1,0,0,1,1,1,1,0,1,1,0,0,0,0,0,0,1,1,1,1,0,1,0,0,0,0,0,0,0,1,1,1,1,0,1,0,0,0.1746,0.1754,0.2,0.13
2015,lucia mar unified,"City, small",0.39,0.23,0.58,0.38,0.39,,0.64,,0.58,0.21,,0.57,0.52,279.0,90.0,189.0,136.0,144.0,0.0,7.0,0.0,7.0,67.0,,8.0,181.0,715.0,389.0,326.0,347.0,368.0,4.0,11.0,7.0,12.0,318.0,,14.0,348.0,0,0,0,0,0,1,0,1,0,0,1,0,0,0,0,0,0,0,0,0,0,0,0,1,0,0,0,0,0,0,0,0,0,0,0,0,1,0,0,,,,
2016,lucia mar unified,"City, small",0.4,0.26,0.59,0.39,0.41,,0.6,,,0.25,,0.37,0.56,327.0,125.0,197.0,137.0,184.0,0.0,9.0,0.0,0.0,97.0,0.0,11.0,193.0,797.0,464.0,333.0,350.0,447.0,2.0,15.0,6.0,8.0,387.0,3.0,30.0,345.0,0,0,0,0,0,1,0,1,1,0,1,0,0,0,0,0,0,0,0,0,0,0,0,0,0,0,0,0,0,0,0,0,0,0,0,0,0,0,0,0.39,,,
2017,lucia mar unified,"City, small",0.3903,0.262,0.5435,0.3551,0.4222,,0.6364,,,0.2618,,0.4483,0.5219,315.0,115.0,200.0,136.0,179.0,0.0,7.0,0.0,0.0,100.0,0.0,13.0,191.0,807.0,439.0,368.0,383.0,424.0,0.0,11.0,0.0,0.0,382.0,0.0,29.0,366.0,0,0,0,0,0,1,0,1,1,0,1,0,0,0,0,0,0,0,0,0,0,0,0,0,0,0,0,0,0,0,0,0,0,0,0,0,0,0,0,0.4,0.39,,
2018,lucia mar unified,"City, small",0.446,0.293,0.6129,0.4229,0.4683,,,,,0.2563,,0.5667,0.5953,318.0,109.0,209.0,148.0,170.0,0.0,0.0,0.0,0.0,81.0,0.0,17.0,203.0,713.0,372.0,341.0,350.0,363.0,0.0,0.0,0.0,0.0,316.0,0.0,30.0,341.0,0,0,0,0,0,1,1,1,1,0,1,0,0,0,0,0,0,0,0,0,0,0,0,0,0,0,0,0,0,0,0,0,0,0,0,0,0,0,0,0.3903,0.4,0.39,
2019,lucia mar unified,"City, small",0.5021,0.3388,0.6744,0.4829,0.5181,,,,,0.3563,,0.6429,0.6314,355.0,123.0,232.0,155.0,200.0,0.0,0.0,0.0,0.0,119.0,0.0,18.0,197.0,707.0,363.0,344.0,321.0,386.0,0.0,7.0,6.0,6.0,334.0,0.0,28.0,312.0,0,0,0,0,0,1,1,1,1,0,1,0,0,0,0,0,0,0,0,0,0,0,0,0,0,0,0,0,0,0,0,0,0,0,0,0,0,0,0,0.446,0.3903,0.4,0.39
2015,luther burbank,"Suburb, large",0.25,0.26,,0.22,0.3,,,,,0.24,,,,16.0,16.0,0.0,8.0,8.0,,0.0,0.0,0.0,14.0,,,0.0,63.0,62.0,1.0,36.0,27.0,,1.0,2.0,1.0,58.0,,,1.0,0,0,1,0,0,1,1,1,1,0,1,1,1,0,0,0,0,0,1,0,0,0,0,1,1,0,0,0,0,0,0,1,0,0,0,0,1,1,0,,,,
2016,luther burbank,"Suburb, large",0.24,0.25,,0.28,0.19,,,,,0.23,,,,15.0,15.0,0.0,9.0,6.0,,,0.0,0.0,13.0,,0.0,,64.0,62.0,2.0,32.0,32.0,,,3.0,1.0,58.0,,1.0,,0,0,1,0,0,1,1,1,1,0,1,1,1,0,0,0,0,0,1,1,0,0,0,1,0,1,0,0,0,0,0,1,1,0,0,0,1,0,1,0.25,,,
2017,luther burbank,"Suburb, large",0.5098,0.5,,0.4762,0.5333,,,,,0.4783,,,,26.0,25.0,0.0,10.0,16.0,,,0.0,0.0,22.0,,0.0,0.0,51.0,50.0,0.0,21.0,30.0,,,0.0,0.0,46.0,,0.0,0.0,0,0,1,0,0,1,1,1,1,0,1,1,1,0,0,0,0,0,1,1,0,0,0,1,0,0,0,0,0,0,0,1,1,0,0,0,1,0,0,0.24,0.25,,
2018,luther burbank,"Suburb, large",0.4058,0.4127,,0.3684,0.4516,,,,,0.371,,,,28.0,26.0,0.0,14.0,14.0,,0.0,0.0,0.0,23.0,0.0,,0.0,69.0,63.0,0.0,38.0,31.0,,0.0,0.0,0.0,62.0,0.0,,0.0,0,0,1,0,0,1,1,1,1,0,1,1,1,0,0,0,0,0,1,0,0,0,0,0,1,0,0,0,0,0,0,1,0,0,0,0,0,1,0,0.5098,0.24,0.25,
2019,luther burbank,"Suburb, large",0.4167,0.431,,0.4815,0.3636,,,,,0.4286,,,,25.0,25.0,0.0,13.0,12.0,,,0.0,0.0,24.0,,,0.0,60.0,58.0,0.0,27.0,33.0,,,0.0,0.0,56.0,,,0.0,0,0,1,0,0,1,1,1,1,0,1,1,1,0,0,0,0,0,1,1,0,0,0,1,1,0,0,0,0,0,0,1,1,0,0,0,1,1,0,0.4058,0.5098,0.24,0.25
2015,lynwood unified,"Suburb, large",0.21,0.2,0.46,0.21,0.21,,,0.13,,0.21,,,,242.0,236.0,12.0,123.0,119.0,,,6.0,0.0,231.0,0.0,,0.0,1151.0,1125.0,26.0,586.0,565.0,,,46.0,1.0,1099.0,3.0,,2.0,0,0,0,0,0,1,1,0,1,0,1,1,1,0,0,0,0,0,1,1,0,0,0,0,1,0,0,0,0,0,0,1,1,0,0,0,0,1,0,,,,
2016,lynwood unified,"Suburb, large",0.22,0.22,0.31,0.23,0.22,,,0.1,,0.23,,,0.17,264.0,239.0,19.0,132.0,132.0,,0.0,5.0,0.0,261.0,0.0,,2.0,1198.0,1136.0,62.0,601.0,597.0,,2.0,48.0,1.0,1134.0,1.0,,12.0,0,0,0,0,0,1,1,0,1,0,1,1,0,0,0,0,0,0,1,0,0,0,0,0,1,0,0,0,0,0,0,1,0,0,0,0,0,1,0,0.21,,,
2017,lynwood unified,"Suburb, large",0.2514,0.2527,0.2295,0.2328,0.2702,,,0.1429,,0.2592,,,0.0,269.0,255.0,14.0,125.0,144.0,,0.0,6.0,,260.0,0.0,0.0,0.0,1071.0,1010.0,61.0,538.0,533.0,,0.0,42.0,,1004.0,0.0,0.0,17.0,0,0,0,0,0,1,1,0,1,0,1,1,0,0,0,0,0,0,1,0,0,1,0,0,0,0,0,0,0,0,0,1,0,0,1,0,0,0,0,0.22,0.21,,
2018,lynwood unified,"Suburb, large",0.3,0.2946,0.3788,0.2805,0.3178,,,0.1875,,0.3048,,,0.3889,309.0,284.0,25.0,138.0,171.0,,0.0,9.0,,292.0,0.0,0.0,7.0,1030.0,964.0,66.0,492.0,538.0,,0.0,48.0,,958.0,0.0,0.0,18.0,0,0,0,0,0,1,1,0,1,0,1,1,0,0,0,0,0,0,1,0,0,1,0,0,0,0,0,0,0,0,0,1,0,0,1,0,0,0,0,0.2514,0.22,0.21,
2019,lynwood unified,"Suburb, large",0.3314,0.3247,0.4464,0.2934,0.368,,,0.2143,,0.3344,,,,338.0,313.0,25.0,147.0,191.0,0.0,0.0,9.0,,323.0,0.0,,0.0,1020.0,964.0,56.0,501.0,519.0,0.0,0.0,42.0,,966.0,0.0,,7.0,0,0,0,0,0,1,1,0,1,0,1,1,1,0,0,0,0,0,0,0,0,1,0,0,1,0,0,0,0,0,0,0,0,0,1,0,0,1,0,0.3,0.2514,0.22,0.21
2015,madera unified,"City, small",0.15,0.13,0.33,0.14,0.15,,0.3,0.19,,0.13,,,0.26,230.0,182.0,45.0,103.0,120.0,0.0,7.0,4.0,0.0,188.0,,0.0,32.0,1535.0,1400.0,135.0,733.0,802.0,9.0,24.0,21.0,4.0,1346.0,,9.0,122.0,0,0,0,0,0,1,0,0,1,0,1,1,0,0,0,0,0,0,0,0,0,0,0,1,0,0,0,0,0,0,0,0,0,0,0,0,1,0,0,,,,
2016,madera unified,"City, small",0.16,0.14,0.35,0.17,0.15,,0.32,0.04,,0.15,,,0.29,277.0,219.0,58.0,141.0,127.0,0.0,7.0,1.0,0.0,233.0,0.0,0.0,33.0,1730.0,1566.0,164.0,882.0,848.0,10.0,22.0,23.0,2.0,1554.0,1.0,6.0,112.0,0,0,0,0,0,1,0,0,1,0,1,1,0,0,0,0,0,0,0,0,0,0,0,0,0,0,0,0,0,0,0,0,0,0,0,0,0,0,0,0.15,,,
2017,madera unified,"City, small",0.2227,0.2035,0.3935,0.1992,0.2444,,0.6316,0.2,,0.2119,,,0.3611,342.0,281.0,61.0,147.0,195.0,0.0,12.0,5.0,,298.0,0.0,0.0,26.0,1536.0,1381.0,155.0,738.0,798.0,0.0,19.0,25.0,,1406.0,0.0,0.0,72.0,0,0,0,0,0,1,0,0,1,0,1,1,0,0,0,0,0,0,0,0,0,1,0,0,0,0,0,0,0,0,0,0,0,0,1,0,0,0,0,0.16,0.15,,
2018,madera unified,"City, small",0.2502,0.2331,0.3886,0.2477,0.2525,,0.55,0.2353,,0.2353,,,0.4022,398.0,330.0,68.0,192.0,206.0,0.0,11.0,8.0,0.0,337.0,0.0,0.0,37.0,1591.0,1416.0,175.0,775.0,816.0,0.0,20.0,34.0,0.0,1432.0,0.0,0.0,92.0,0,0,0,0,0,1,0,0,1,0,1,1,0,0,0,0,0,0,0,0,0,0,0,0,0,0,0,0,0,0,0,0,0,0,0,0,0,0,0,0.2227,0.16,0.15,
2019,madera unified,"City, small",0.2406,0.2234,0.4173,0.2129,0.2666,0.0909,0.5789,0.1379,,0.2387,,,0.2353,345.0,292.0,53.0,148.0,197.0,1.0,11.0,4.0,0.0,305.0,,0.0,20.0,1434.0,1307.0,127.0,695.0,739.0,11.0,19.0,29.0,0.0,1278.0,,7.0,85.0,0,0,0,0,0,0,0,0,1,0,1,1,0,0,0,0,0,0,0,0,0,0,0,1,0,0,0,0,0,0,0,0,0,0,0,0,1,0,0,0.2502,0.2227,0.16,0.15
2015,magnolia elementary,"City, large",0.41,0.38,0.56,0.38,0.44,,0.8,0.33,0.63,0.33,0.5,0.69,0.4,356.0,289.0,71.0,164.0,193.0,0.0,78.0,9.0,15.0,198.0,7.0,11.0,34.0,868.0,741.0,127.0,430.0,438.0,2.0,97.0,27.0,24.0,599.0,14.0,16.0,85.0,0,0,0,0,0,1,0,0,0,0,0,0,0,0,0,0,0,0,0,0,0,0,0,0,0,0,0,0,0,0,0,0,0,0,0,0,0,0,0,,,,
2016,magnolia elementary,"City, large",0.41,0.37,0.7,0.38,0.44,,0.71,0.47,1.0,0.35,0.53,0.38,0.51,350.0,287.0,71.0,161.0,194.0,0.0,51.0,14.0,19.0,220.0,8.0,5.0,37.0,854.0,755.0,99.0,413.0,441.0,6.0,72.0,30.0,19.0,627.0,15.0,13.0,72.0,0,0,0,0,0,1,0,0,0,0,0,0,0,0,0,0,0,0,0,0,0,0,0,0,0,0,0,0,0,0,0,0,0,0,0,0,0,0,0,0.41,,,
2017,magnolia elementary,"City, large",0.4388,0.3997,0.6692,0.4074,0.4678,0.1667,0.7838,0.25,0.7368,0.3722,,0.3125,0.5116,394.0,307.0,87.0,176.0,218.0,2.0,87.0,4.0,14.0,236.0,0.0,5.0,44.0,898.0,768.0,130.0,432.0,466.0,12.0,111.0,16.0,19.0,634.0,0.0,16.0,86.0,0,0,0,0,0,0,0,0,0,0,1,0,0,0,0,0,0,0,0,0,0,0,0,0,0,0,0,0,0,0,0,0,0,0,0,0,0,0,0,0.41,0.41,,
2018,magnolia elementary,"City, large",0.4828,0.4382,0.7121,0.4747,0.4912,,0.8077,0.4643,0.8,0.4049,0.4545,,0.5507,392.0,298.0,94.0,197.0,195.0,0.0,84.0,13.0,16.0,230.0,5.0,0.0,38.0,812.0,680.0,132.0,415.0,397.0,0.0,104.0,28.0,20.0,568.0,11.0,0.0,69.0,0,0,0,0,0,1,0,0,0,0,0,1,0,0,0,0,0,0,0,0,0,0,0,0,0,0,0,0,0,0,0,0,0,0,0,0,0,0,0,0.4388,0.41,0.41,
2019,magnolia elementary,"City, large",0.4541,0.4044,0.7478,0.4381,0.4693,,0.7907,0.4,0.8696,0.3651,,,0.6386,361.0,275.0,86.0,170.0,191.0,0.0,68.0,6.0,20.0,207.0,0.0,0.0,53.0,795.0,680.0,115.0,388.0,407.0,5.0,86.0,15.0,23.0,567.0,7.0,9.0,83.0,0,0,0,0,0,1,0,0,0,0,1,1,0,0,0,0,0,0,0,0,0,0,0,0,0,0,0,0,0,0,0,0,0,0,0,0,0,0,0,0.4828,0.4388,0.41,0.41
2015,magnolia union elementary,"Rural, distant",0.58,,0.78,,,,,,,,,,,9.0,0.0,9.0,0.0,0.0,,,,,0.0,,,0.0,14.0,3.0,11.0,6.0,8.0,,,,,7.0,,,7.0,0,1,0,1,1,1,1,1,1,1,1,1,1,0,0,0,0,0,1,1,1,1,0,1,1,0,0,0,0,0,0,1,1,1,1,0,1,1,0,,,,
2016,magnolia union elementary,"Rural, distant",0.77,,0.77,,,,,,,,,,,10.0,,10.0,0.0,0.0,,,,,0.0,,0.0,0.0,13.0,,13.0,7.0,6.0,,,,,3.0,,1.0,9.0,0,1,0,1,1,1,1,1,1,1,1,1,1,0,1,0,0,0,1,1,1,1,0,1,0,0,0,1,0,0,0,1,1,1,1,0,1,0,0,0.58,,,
2017,magnolia union elementary,"Rural, distant",0.5714,,0.6667,,0.5833,,,,,,,,,8.0,0.0,8.0,0.0,7.0,,,,,0.0,,,0.0,14.0,0.0,12.0,0.0,12.0,,,,,0.0,,,0.0,0,1,0,1,0,1,1,1,1,1,1,1,1,0,0,0,0,0,1,1,1,1,0,1,1,0,0,0,0,0,0,1,1,1,1,0,1,1,0,0.77,0.58,,
2018,magnolia union elementary,"Rural, distant",0.4375,,0.4167,,,,,,,,,,,7.0,0.0,5.0,0.0,0.0,,0.0,,,0.0,,,0.0,16.0,0.0,12.0,0.0,0.0,,0.0,,,0.0,,,0.0,0,1,0,1,1,1,1,1,1,1,1,1,1,0,0,0,0,0,1,0,1,1,0,1,1,0,0,0,0,0,0,1,0,1,1,0,1,1,0,0.5714,0.77,0.58,
2019,magnolia union elementary,"Rural, distant",0.4615,,,,,,,,,,,,,6.0,0.0,0.0,0.0,0.0,,,,0.0,0.0,,,0.0,13.0,4.0,9.0,7.0,6.0,,,,0.0,6.0,,,6.0,0,1,1,1,1,1,1,1,1,1,1,1,1,0,0,0,0,0,1,1,1,0,0,1,1,0,0,0,0,0,0,1,1,1,0,0,1,1,0,0.4375,0.5714,0.77,0.58
2015,mammoth unified,"Town, remote",0.44,0.25,0.81,0.4,0.47,,,,,0.25,,,0.78,41.0,15.0,26.0,17.0,24.0,,0.0,,,15.0,0.0,,25.0,94.0,62.0,32.0,42.0,52.0,,1.0,,,60.0,1.0,,32.0,0,0,0,0,0,1,1,1,1,0,1,1,0,0,0,0,0,0,1,0,1,1,0,0,1,0,0,0,0,0,0,1,0,1,1,0,0,1,0,,,,
2016,mammoth unified,"Town, remote",0.41,0.17,0.79,0.43,0.39,,,,,0.18,,,0.7,42.0,11.0,31.0,23.0,19.0,,0.0,,,11.0,,0.0,28.0,104.0,65.0,39.0,55.0,49.0,,1.0,,,61.0,,2.0,40.0,0,0,0,0,0,1,1,1,1,0,1,1,0,0,0,0,0,0,1,0,1,1,0,1,0,0,0,0,0,0,0,1,0,1,1,0,1,0,0,0.44,,,
2017,mammoth unified,"Town, remote",0.2872,0.1538,0.4524,0.3673,0.2,,,,,0.1475,,,0.5484,27.0,8.0,19.0,18.0,9.0,,0.0,0.0,,9.0,,,17.0,94.0,52.0,42.0,49.0,45.0,,0.0,0.0,,61.0,,,31.0,0,0,0,0,0,1,1,1,1,0,1,1,0,0,0,0,0,0,1,0,0,1,0,1,1,0,0,0,0,0,0,1,0,0,1,0,1,1,0,0.41,0.44,,
2018,mammoth unified,"Town, remote",0.2771,0.1207,0.64,0.2683,0.2857,,,,,0.0877,,,0.6667,23.0,7.0,16.0,11.0,12.0,,0.0,,,5.0,,0.0,16.0,83.0,58.0,25.0,41.0,42.0,,0.0,,,57.0,,0.0,24.0,0,0,0,0,0,1,1,1,1,0,1,1,0,0,0,0,0,0,1,0,1,1,0,1,0,0,0,0,0,0,0,1,0,1,1,0,1,0,0,0.2872,0.41,0.44,
2019,mammoth unified,"Town, remote",0.2824,0.14,0.4857,0.3404,0.2105,,,,,0.0784,,,0.5938,24.0,7.0,17.0,16.0,8.0,,0.0,,,4.0,,,19.0,85.0,50.0,35.0,47.0,38.0,,0.0,,,51.0,,,32.0,0,0,0,0,0,1,1,1,1,0,1,1,0,0,0,0,0,0,1,0,1,1,0,1,1,0,0,0,0,0,0,1,0,1,1,0,1,1,0,0.2771,0.2872,0.41,0.44
2015,manhattan beach unified,"Suburb, large",0.84,,0.85,0.8,0.88,,0.91,,,0.8,,0.92,0.83,411.0,0.0,413.0,194.0,222.0,0.0,43.0,0.0,0.0,35.0,0.0,61.0,263.0,489.0,3.0,486.0,240.0,249.0,1.0,47.0,4.0,4.0,44.0,2.0,66.0,321.0,0,1,0,0,0,1,0,1,1,0,1,0,0,0,0,0,0,0,0,0,0,0,0,0,0,0,0,0,0,0,0,0,0,0,0,0,0,0,0,,,,
2016,manhattan beach unified,"Suburb, large",0.82,,0.82,0.76,0.89,,0.92,,,0.68,,0.87,0.82,406.0,0.0,397.0,186.0,224.0,0.0,47.0,0.0,0.0,28.0,,53.0,272.0,495.0,10.0,485.0,244.0,251.0,1.0,51.0,4.0,5.0,41.0,,61.0,332.0,0,1,0,0,0,1,0,1,1,0,1,0,0,0,0,0,0,0,0,0,0,0,0,1,0,0,0,0,0,0,0,0,0,0,0,0,1,0,0,0.84,,,
2017,manhattan beach unified,"Suburb, large",0.8208,0.3333,0.8366,0.8026,0.8373,,0.9545,,,0.7872,,0.8356,0.8091,394.0,5.0,389.0,183.0,211.0,,42.0,0.0,0.0,37.0,,61.0,250.0,480.0,15.0,465.0,228.0,252.0,,44.0,0.0,0.0,47.0,,73.0,309.0,0,0,0,0,0,1,0,1,1,0,1,0,0,0,0,0,0,0,1,0,0,0,0,1,0,0,0,0,0,0,0,1,0,0,0,0,1,0,0,0.82,0.84,,
2018,manhattan beach unified,"Suburb, large",0.8696,0.6923,0.8747,0.8527,0.8856,,0.9184,,,0.8298,,0.9254,0.8605,400.0,9.0,391.0,191.0,209.0,,45.0,0.0,0.0,39.0,,62.0,253.0,460.0,13.0,447.0,224.0,236.0,,49.0,0.0,0.0,47.0,,67.0,294.0,0,0,0,0,0,1,0,1,1,0,1,0,0,0,0,0,0,0,1,0,0,0,0,1,0,0,0,0,0,0,0,1,0,0,0,0,1,0,0,0.8208,0.82,0.84,
2019,manhattan beach unified,"Suburb, large",0.8608,0.5789,0.8738,0.8638,0.8578,,0.8627,,,0.6863,,0.8788,0.8984,371.0,11.0,360.0,184.0,187.0,,44.0,0.0,0.0,35.0,,58.0,230.0,431.0,19.0,412.0,213.0,218.0,,51.0,4.0,0.0,51.0,,66.0,256.0,0,0,0,0,0,1,0,1,1,0,1,0,0,0,0,0,0,0,1,0,0,0,0,1,0,0,0,0,0,0,0,1,0,0,0,0,1,0,0,0.8696,0.8208,0.82,0.84
2015,manteca unified,"Suburb, small",0.24,0.2,0.34,0.22,0.26,,0.3,0.17,0.37,0.2,,0.31,0.3,431.0,248.0,183.0,197.0,234.0,0.0,39.0,23.0,32.0,202.0,0.0,20.0,106.0,1796.0,1241.0,555.0,896.0,900.0,5.0,132.0,137.0,86.0,1010.0,8.0,65.0,353.0,0,0,0,0,0,1,0,0,0,0,1,0,0,0,0,0,0,0,0,0,0,0,0,0,0,0,0,0,0,0,0,0,0,0,0,0,0,0,0,,,,
2016,manteca unified,"Suburb, small",0.25,0.2,0.36,0.24,0.25,,0.4,0.15,0.38,0.19,0.29,0.27,0.32,471.0,267.0,198.0,217.0,246.0,0.0,64.0,16.0,36.0,211.0,4.0,22.0,117.0,1886.0,1335.0,551.0,903.0,983.0,4.0,160.0,107.0,94.0,1057.0,14.0,82.0,368.0,0,0,0,0,0,1,0,0,0,0,0,0,0,0,0,0,0,0,0,0,0,0,0,0,0,0,0,0,0,0,0,0,0,0,0,0,0,0,0,0.24,,,
2017,manteca unified,"Suburb, small",0.2272,0.1667,0.3438,0.2067,0.246,,0.2687,0.1776,0.3231,0.1882,0.3684,0.3387,0.2982,402.0,194.0,208.0,174.0,228.0,0.0,36.0,19.0,21.0,194.0,7.0,21.0,102.0,1769.0,1164.0,605.0,842.0,927.0,0.0,134.0,107.0,65.0,1031.0,19.0,62.0,342.0,0,0,0,0,0,1,0,0,0,0,0,0,0,0,0,0,0,0,0,0,0,0,0,0,0,0,0,0,0,0,0,0,0,0,0,0,0,0,0,0.25,0.24,,
2018,manteca unified,"Suburb, small",0.3066,0.225,0.48,0.2828,0.331,,0.413,0.1491,0.6,0.2394,0.2778,0.5441,0.4089,527.0,263.0,264.0,246.0,281.0,0.0,57.0,17.0,45.0,236.0,5.0,37.0,128.0,1720.0,1169.0,551.0,870.0,850.0,0.0,138.0,114.0,75.0,987.0,18.0,68.0,313.0,0,0,0,0,0,1,0,0,0,0,0,0,0,0,0,0,0,0,0,0,0,0,0,0,0,0,0,0,0,0,0,0,0,0,0,0,0,0,0,0.2272,0.25,0.24,
2019,manteca unified,"Suburb, small",0.3133,0.2495,0.4412,0.2966,0.3284,,0.4599,0.1412,0.4789,0.24,0.2778,0.4805,0.4586,521.0,277.0,244.0,234.0,287.0,0.0,63.0,12.0,34.0,235.0,5.0,37.0,133.0,1663.0,1110.0,553.0,789.0,874.0,6.0,137.0,85.0,71.0,979.0,18.0,77.0,290.0,0,0,0,0,0,1,0,0,0,0,0,0,0,0,0,0,0,0,0,0,0,0,0,0,0,0,0,0,0,0,0,0,0,0,0,0,0,0,0,0.3066,0.2272,0.25,0.24
2015,manzanita elementary,"Rural, fringe",0.66,0.5,0.81,0.6,0.75,,,,,0.67,,,0.65,21.0,8.0,13.0,12.0,9.0,0.0,0.0,,,8.0,,0.0,11.0,32.0,16.0,16.0,20.0,12.0,1.0,1.0,,,12.0,,1.0,17.0,0,0,0,0,0,1,1,1,1,0,1,1,0,0,0,0,0,0,0,0,1,1,0,1,0,0,0,0,0,0,0,0,0,1,1,0,1,0,0,,,,
2016,manzanita elementary,"Rural, fringe",0.41,0.27,0.58,0.4,0.42,,,,,,,,0.54,11.0,4.0,7.0,6.0,5.0,,0.0,,,0.0,,0.0,7.0,27.0,15.0,12.0,15.0,12.0,,3.0,,,10.0,,1.0,13.0,0,0,0,0,0,1,1,1,1,1,1,1,0,0,0,0,0,0,1,0,1,1,0,1,0,0,0,0,0,0,0,1,0,1,1,0,1,0,0,0.66,,,
2017,manzanita elementary,"Rural, fringe",0.3714,0.2143,0.4762,0.2353,0.5,,,,,0.1818,,,0.5263,13.0,3.0,10.0,4.0,9.0,,0.0,,,2.0,,0.0,10.0,35.0,14.0,21.0,17.0,18.0,,0.0,,,11.0,,0.0,19.0,0,0,0,0,0,1,1,1,1,0,1,1,0,0,0,0,0,0,1,0,1,1,0,1,0,0,0,0,0,0,0,1,0,1,1,0,1,0,0,0.41,0.66,,
2018,manzanita elementary,"Rural, fringe",0.5333,0.4286,0.625,0.4615,0.5882,,,,,0.4615,,,0.6,16.0,6.0,10.0,6.0,10.0,,0.0,,,6.0,,0.0,9.0,30.0,14.0,16.0,13.0,17.0,,0.0,,,13.0,,0.0,15.0,0,0,0,0,0,1,1,1,1,0,1,1,0,0,0,0,0,0,1,0,1,1,0,1,0,0,0,0,0,0,0,1,0,1,1,0,1,0,0,0.3714,0.41,0.66,
2019,manzanita elementary,"Rural, fringe",0.4242,0.3529,0.5,0.25,0.5882,,,,,0.2727,,,0.2667,14.0,6.0,8.0,4.0,10.0,,0.0,,,3.0,,0.0,4.0,33.0,17.0,16.0,16.0,17.0,,5.0,,,11.0,,0.0,15.0,0,0,0,0,0,1,1,1,1,0,1,1,0,0,0,0,0,0,1,0,1,1,0,1,0,0,0,0,0,0,0,1,0,1,1,0,1,0,0,0.5333,0.3714,0.41,0.66
2015,maple elementary,"Rural, fringe",0.33,0.29,0.38,0.22,0.5,,,,,0.28,,,0.42,10.0,5.0,5.0,4.0,6.0,,,,,5.0,,,5.0,30.0,17.0,13.0,18.0,12.0,,,,,18.0,,,12.0,0,0,0,0,0,1,1,1,1,0,1,1,0,0,0,0,0,0,1,1,1,1,0,1,1,0,0,0,0,0,0,1,1,1,1,0,1,1,0,,,,
2016,maple elementary,"Rural, fringe",0.0,0.0,,0.0,0.0,,,,,0.0,,,,0.0,0.0,0.0,0.0,0.0,,,,,0.0,,,0.0,30.0,24.0,6.0,16.0,14.0,,,,,22.0,,,8.0,0,0,1,0,0,1,1,1,1,0,1,1,1,0,0,0,0,0,1,1,1,1,0,1,1,0,0,0,0,0,0,1,1,1,1,0,1,1,0,0.33,,,
2017,maple elementary,"Rural, fringe",0.3,0.1667,0.5,0.3125,0.2857,,,,,0.2,,,,9.0,3.0,6.0,5.0,4.0,,,,,4.0,,,0.0,30.0,18.0,12.0,16.0,14.0,,,,,20.0,,,0.0,0,0,0,0,0,1,1,1,1,0,1,1,1,0,0,0,0,0,1,1,1,1,0,1,1,0,0,0,0,0,0,1,1,1,1,0,1,1,0,0.0,0.33,,
2018,maple elementary,"Rural, fringe",0.4333,0.25,0.6429,0.2308,0.5882,,,,,0.5556,,,0.25,13.0,4.0,9.0,3.0,10.0,,,,,10.0,,,3.0,30.0,16.0,14.0,13.0,17.0,,,,,18.0,,,12.0,0,0,0,0,0,1,1,1,1,0,1,1,0,0,0,0,0,0,1,1,1,1,0,1,1,0,0,0,0,0,0,1,1,1,1,0,1,1,0,0.3,0.0,0.33,
2019,maple elementary,"Rural, fringe",0.4,0.2308,0.5294,0.4167,0.3889,,,,,0.3636,,,,12.0,3.0,9.0,5.0,7.0,,,,,8.0,,,0.0,30.0,13.0,17.0,12.0,18.0,,,,,22.0,,,8.0,0,0,0,0,0,1,1,1,1,0,1,1,1,0,0,0,0,0,1,1,1,1,0,1,1,0,0,0,0,0,0,1,1,1,1,0,1,1,0,0.4333,0.3,0.0,0.33
2015,marcum-illinois union elementary,"Rural, distant",0.57,0.57,,0.54,,,,,,,,,0.61,12.0,8.0,0.0,7.0,0.0,,,0.0,,0.0,,,11.0,21.0,14.0,7.0,13.0,8.0,,,1.0,,2.0,,,18.0,0,0,1,0,1,1,1,1,1,1,1,1,0,0,0,0,0,0,1,1,0,1,0,1,1,0,0,0,0,0,0,1,1,0,1,0,1,1,0,,,,
2016,marcum-illinois union elementary,"Rural, distant",0.69,,,,,,,,,,,,0.73,11.0,0.0,0.0,0.0,0.0,,,,,0.0,,0.0,8.0,16.0,7.0,9.0,10.0,6.0,,,,,2.0,,2.0,11.0,0,1,1,1,1,1,1,1,1,1,1,1,0,0,0,0,0,0,1,1,1,1,0,1,0,0,0,0,0,0,0,1,1,1,1,0,1,0,0,0.57,,,
2017,marcum-illinois union elementary,"Rural, distant",0.6875,,,,,,,,,,,,,11.0,0.0,0.0,0.0,0.0,0.0,,,,0.0,,,0.0,16.0,0.0,0.0,0.0,0.0,0.0,,,,0.0,,,0.0,0,1,1,1,1,1,1,1,1,1,1,1,1,0,0,0,0,0,0,1,1,1,0,1,1,0,0,0,0,0,0,0,1,1,1,0,1,1,0,0.69,0.57,,
2018,marcum-illinois union elementary,"Rural, distant",1.0,,,,,,,,,,,,,13.0,0.0,0.0,0.0,0.0,0.0,,,,0.0,,,0.0,13.0,0.0,0.0,0.0,0.0,0.0,,,,0.0,,,0.0,0,1,1,1,1,1,1,1,1,1,1,1,1,0,0,0,0,0,0,1,1,1,0,1,1,0,0,0,0,0,0,0,1,1,1,0,1,1,0,0.6875,0.69,0.57,
2019,marcum-illinois union elementary,"Rural, distant",0.9375,,,,,,,,,,,,,15.0,0.0,0.0,0.0,0.0,,,,,0.0,,0.0,0.0,16.0,7.0,9.0,9.0,7.0,,,,,6.0,,0.0,8.0,0,1,1,1,1,1,1,1,1,1,1,1,1,0,0,0,0,0,1,1,1,1,0,1,0,0,0,0,0,0,0,1,1,1,1,0,1,0,0,1.0,0.6875,0.69,0.57
2015,maricopa unified,"Suburb, midsize",0.24,0.24,,0.31,0.17,,,,,,,,0.29,6.0,5.0,0.0,4.0,2.0,,,,,0.0,,,5.0,26.0,22.0,4.0,13.0,13.0,,,,,8.0,,,18.0,0,0,1,0,0,1,1,1,1,1,1,1,0,0,0,0,0,0,1,1,1,1,0,1,1,0,0,0,0,0,0,1,1,1,1,0,1,1,0,,,,
2016,maricopa unified,"Suburb, midsize",0.09,0.06,,0.0,0.2,,,,,,,,0.07,2.0,1.0,0.0,0.0,2.0,,,,,0.0,,,1.0,24.0,18.0,6.0,13.0,11.0,,,,,9.0,,,15.0,0,0,1,0,0,1,1,1,1,1,1,1,0,0,0,0,0,0,1,1,1,1,0,1,1,0,0,0,0,0,0,1,1,1,1,0,1,1,0,0.24,,,
2017,maricopa unified,"Suburb, midsize",0.0,0.0,,0.0,0.0,,,,,0.0,,,0.0,0.0,0.0,0.0,0.0,0.0,0.0,,,,0.0,,0.0,0.0,29.0,24.0,0.0,14.0,15.0,0.0,,,,12.0,,0.0,16.0,0,0,1,0,0,1,1,1,1,0,1,1,0,0,0,0,0,0,0,1,1,1,0,1,0,0,0,0,0,0,0,0,1,1,1,0,1,0,0,0.09,0.24,,
2018,maricopa unified,"Rural, distant",0.0952,0.1,,,0.1818,,,,,,,,0.0909,2.0,2.0,0.0,0.0,2.0,,,,,0.0,,0.0,1.0,21.0,20.0,0.0,0.0,11.0,,,,,0.0,,0.0,11.0,0,0,1,1,0,1,1,1,1,1,1,1,0,0,0,0,0,0,1,1,1,1,0,1,0,0,0,0,0,0,0,1,1,1,1,0,1,0,0,0.0,0.09,0.24,
2019,maricopa unified,"Rural, distant",0.087,0.1111,,0.0833,0.0909,,,,,0.0909,,,0.0833,2.0,2.0,0.0,1.0,1.0,,,,,1.0,,,1.0,23.0,18.0,5.0,12.0,11.0,,,,,11.0,,,12.0,0,0,1,0,0,1,1,1,1,0,1,1,0,0,0,0,0,0,1,1,1,1,0,1,1,0,0,0,0,0,0,1,1,1,1,0,1,1,0,0.0952,0.0,0.09,0.24
2015,mariposa county unified,"Rural, remote",0.21,0.18,0.26,0.23,0.19,,,,,0.17,,,0.2,27.0,14.0,12.0,14.0,12.0,0.0,0.0,,0.0,5.0,,0.0,17.0,125.0,78.0,47.0,60.0,65.0,6.0,1.0,,2.0,29.0,,4.0,82.0,0,0,0,0,0,1,1,1,1,0,1,1,0,0,0,0,0,0,0,0,1,0,0,1,0,0,0,0,0,0,0,0,0,1,0,0,1,0,0,,,,
2016,mariposa county unified,"Rural, remote",0.2,0.09,0.37,0.16,0.25,,,,,0.16,,,0.23,28.0,8.0,20.0,13.0,16.0,0.0,0.0,,0.0,4.0,,0.0,25.0,141.0,86.0,55.0,79.0,62.0,5.0,2.0,,1.0,25.0,,3.0,104.0,0,0,0,0,0,1,1,1,1,0,1,1,0,0,0,0,0,0,0,0,1,0,0,1,0,0,0,0,0,0,0,0,0,1,0,0,1,0,0,0.21,,,
2017,mariposa county unified,"Rural, remote",0.3208,0.1356,0.5532,0.2308,0.4074,,,,,0.0,,,0.3718,34.0,8.0,26.0,12.0,22.0,0.0,,0.0,0.0,0.0,,0.0,29.0,107.0,59.0,48.0,53.0,54.0,0.0,,0.0,0.0,14.0,,0.0,78.0,0,0,0,0,0,1,1,1,1,0,1,1,0,0,0,0,0,0,0,1,0,0,0,1,0,0,0,0,0,0,0,0,1,0,0,0,1,0,0,0.2,0.21,,
2018,mariposa county unified,"Rural, remote",0.288,0.2235,0.425,0.2687,0.3103,,,,,0.2581,,,0.3117,36.0,19.0,17.0,18.0,18.0,0.0,,0.0,0.0,8.0,,0.0,24.0,125.0,85.0,40.0,67.0,58.0,0.0,,0.0,0.0,31.0,,0.0,77.0,0,0,0,0,0,1,1,1,1,0,1,1,0,0,0,0,0,0,0,1,0,0,0,1,0,0,0,0,0,0,0,0,1,0,0,0,1,0,0,0.3208,0.2,0.21,
2019,mariposa county unified,"Rural, remote",0.3937,0.3404,0.5455,0.375,0.4127,,,,,0.32,,,0.407,50.0,32.0,18.0,24.0,26.0,0.0,0.0,,0.0,8.0,,0.0,35.0,127.0,94.0,33.0,64.0,63.0,5.0,0.0,,0.0,25.0,,9.0,86.0,0,0,0,0,0,1,1,1,1,0,1,1,0,0,0,0,0,0,0,0,1,0,0,1,0,0,0,0,0,0,0,0,0,1,0,0,1,0,0,0.288,0.3208,0.2,0.21
2015,mark twain union elementary,"Town, distant",0.38,0.22,0.57,0.4,0.35,,,,,0.28,,,0.4,36.0,11.0,25.0,19.0,17.0,0.0,0.0,0.0,,5.0,,0.0,27.0,95.0,51.0,44.0,47.0,48.0,1.0,2.0,1.0,,18.0,,5.0,68.0,0,0,0,0,0,1,1,1,1,0,1,1,0,0,0,0,0,0,0,0,0,1,0,1,0,0,0,0,0,0,0,0,0,0,1,0,1,0,0,,,,
2016,mark twain union elementary,"Town, distant",0.34,0.25,0.53,0.29,0.4,,,,,0.09,,,0.36,33.0,16.0,17.0,15.0,18.0,0.0,,0.0,,1.0,,0.0,27.0,97.0,65.0,32.0,52.0,45.0,2.0,,2.0,,11.0,,6.0,76.0,0,0,0,0,0,1,1,1,1,0,1,1,0,0,0,0,0,0,0,1,0,1,0,1,0,0,0,0,0,0,0,0,1,0,1,0,1,0,0,0.38,,,
2017,mark twain union elementary,"Town, distant",0.266,0.1833,0.4118,0.2593,0.275,,,,,0.3333,,,0.2656,25.0,11.0,14.0,14.0,11.0,0.0,0.0,,,7.0,,0.0,17.0,94.0,60.0,34.0,54.0,40.0,0.0,0.0,,,21.0,,0.0,64.0,0,0,0,0,0,1,1,1,1,0,1,1,0,0,0,0,0,0,0,0,1,1,0,1,0,0,0,0,0,0,0,0,0,1,1,0,1,0,0,0.34,0.38,,
2018,mark twain union elementary,"Town, distant",0.4,0.3019,0.5625,0.3415,0.4545,,,,,0.4545,,,0.3966,34.0,16.0,18.0,14.0,20.0,0.0,0.0,0.0,,10.0,,0.0,23.0,85.0,53.0,32.0,41.0,44.0,0.0,0.0,0.0,,22.0,,0.0,58.0,0,0,0,0,0,1,1,1,1,0,1,1,0,0,0,0,0,0,0,0,0,1,0,1,0,0,0,0,0,0,0,0,0,0,1,0,1,0,0,0.266,0.34,0.38,
2019,mark twain union elementary,"Town, distant",0.3286,0.2449,0.5238,0.3929,0.2857,,,,,0.2,,,0.3333,23.0,12.0,11.0,11.0,12.0,,,,0.0,4.0,,0.0,15.0,70.0,49.0,21.0,28.0,42.0,,,,0.0,20.0,,4.0,45.0,0,0,0,0,0,1,1,1,1,0,1,1,0,0,0,0,0,0,1,1,1,0,0,1,0,0,0,0,0,0,0,1,1,1,0,0,1,0,0,0.4,0.266,0.34,0.38
2015,martinez unified,"Suburb, large",0.4,0.24,0.49,0.39,0.42,,,,,0.2,,0.36,0.54,121.0,24.0,99.0,61.0,62.0,0.0,0.0,0.0,0.0,19.0,0.0,15.0,73.0,304.0,101.0,203.0,156.0,148.0,1.0,9.0,5.0,7.0,99.0,3.0,42.0,136.0,0,0,0,0,0,1,1,1,1,0,1,0,0,0,0,0,0,0,0,0,0,0,0,0,0,0,0,0,0,0,0,0,0,0,0,0,0,0,0,,,,
2016,martinez unified,"Suburb, large",0.49,0.34,0.55,0.52,0.45,,,,0.73,0.41,,0.55,0.52,149.0,30.0,121.0,82.0,66.0,0.0,0.0,0.0,8.0,41.0,0.0,23.0,70.0,305.0,89.0,216.0,157.0,148.0,1.0,8.0,4.0,11.0,100.0,1.0,42.0,133.0,0,0,0,0,0,1,1,1,0,0,1,0,0,0,0,0,0,0,0,0,0,0,0,0,0,0,0,0,0,0,0,0,0,0,0,0,0,0,0,0.4,,,
2017,martinez unified,"Suburb, large",0.4933,0.2673,0.6091,0.437,0.5399,,0.75,,,0.4144,,0.5714,0.5379,147.0,27.0,120.0,59.0,88.0,,9.0,0.0,0.0,46.0,0.0,16.0,71.0,298.0,101.0,197.0,135.0,163.0,,12.0,0.0,0.0,111.0,0.0,28.0,132.0,0,0,0,0,0,1,0,1,1,0,1,0,0,0,0,0,0,0,1,0,0,0,0,0,0,0,0,0,0,0,0,1,0,0,0,0,0,0,0,0.49,0.4,,
2018,martinez unified,"Suburb, large",0.4595,0.3333,0.5146,0.4044,0.5063,,0.6364,,,0.4111,,0.4,0.4931,136.0,30.0,106.0,55.0,81.0,0.0,7.0,0.0,0.0,37.0,0.0,14.0,71.0,296.0,90.0,206.0,136.0,160.0,0.0,11.0,0.0,0.0,90.0,0.0,35.0,144.0,0,0,0,0,0,1,0,1,1,0,1,0,0,0,0,0,0,0,0,0,0,0,0,0,0,0,0,0,0,0,0,0,0,0,0,0,0,0,0,0.4933,0.49,0.4,
2019,martinez unified,"Suburb, large",0.5248,0.3291,0.601,0.5455,0.5036,,0.7273,,0.7143,0.3235,,0.6563,0.6455,148.0,26.0,122.0,78.0,70.0,,8.0,0.0,10.0,33.0,0.0,21.0,71.0,282.0,79.0,203.0,143.0,139.0,,11.0,10.0,14.0,102.0,0.0,32.0,110.0,0,0,0,0,0,1,0,1,0,0,1,0,0,0,0,0,0,0,1,0,0,0,0,0,0,0,0,0,0,0,0,1,0,0,0,0,0,0,0,0.4595,0.4933,0.49,0.4
2015,marysville joint unified,"Suburb, midsize",0.26,0.22,0.45,0.23,0.29,0.17,0.31,0.19,,0.22,,0.29,0.3,212.0,149.0,65.0,88.0,121.0,3.0,21.0,7.0,0.0,71.0,0.0,10.0,93.0,817.0,676.0,141.0,384.0,433.0,18.0,67.0,36.0,5.0,323.0,6.0,34.0,321.0,0,0,0,0,0,0,0,0,1,0,1,0,0,0,0,0,0,0,0,0,0,0,0,0,0,0,0,0,0,0,0,0,0,0,0,0,0,0,0,,,,
2016,marysville joint unified,"Suburb, midsize",0.3,0.26,0.48,0.32,0.27,0.15,0.25,0.25,,0.24,,0.43,0.37,226.0,163.0,60.0,120.0,105.0,2.0,15.0,5.0,0.0,81.0,0.0,18.0,97.0,751.0,626.0,125.0,375.0,376.0,13.0,61.0,20.0,2.0,335.0,2.0,42.0,269.0,0,0,0,0,0,0,0,0,1,0,1,0,0,0,0,0,0,0,0,0,0,0,0,0,0,0,0,0,0,0,0,0,0,0,0,0,0,0,0,0.26,,,
2017,marysville joint unified,"Suburb, midsize",0.2961,0.2635,0.4539,0.2579,0.3403,0.3636,0.2535,0.32,,0.2429,,0.2143,0.371,244.0,180.0,64.0,114.0,130.0,8.0,18.0,8.0,0.0,86.0,0.0,6.0,115.0,824.0,683.0,141.0,442.0,382.0,22.0,71.0,25.0,0.0,354.0,0.0,28.0,310.0,0,0,0,0,0,0,0,0,1,0,1,0,0,0,0,0,0,0,0,0,0,0,0,0,0,0,0,0,0,0,0,0,0,0,0,0,0,0,0,0.3,0.26,,
2018,marysville joint unified,"Suburb, midsize",0.329,0.3009,0.4872,0.3089,0.3486,0.1765,0.2373,0.1818,,0.3246,,0.4706,0.3559,255.0,198.0,57.0,118.0,137.0,3.0,14.0,4.0,0.0,111.0,0.0,16.0,105.0,775.0,658.0,117.0,382.0,393.0,17.0,59.0,22.0,0.0,342.0,0.0,34.0,295.0,0,0,0,0,0,0,0,0,1,0,1,0,0,0,0,0,0,0,0,0,0,0,0,0,0,0,0,0,0,0,0,0,0,0,0,0,0,0,0,0.2961,0.3,0.26,
2019,marysville joint unified,"Suburb, midsize",0.3491,0.3103,0.5067,0.3497,0.3486,0.15,0.377,0.2857,,0.2687,,0.4571,0.4343,265.0,189.0,76.0,128.0,137.0,3.0,23.0,6.0,0.0,90.0,0.0,16.0,119.0,759.0,609.0,150.0,366.0,393.0,20.0,61.0,21.0,5.0,335.0,4.0,35.0,274.0,0,0,0,0,0,0,0,0,1,0,1,0,0,0,0,0,0,0,0,0,0,0,0,0,0,0,0,0,0,0,0,0,0,0,0,0,0,0,0,0.329,0.2961,0.3,0.26
2015,maxwell unified,"Rural, distant",0.41,,0.33,,0.58,,,,,0.27,,,,9.0,0.0,5.0,0.0,7.0,0.0,,,,3.0,0.0,,0.0,22.0,7.0,15.0,10.0,12.0,2.0,,,,11.0,1.0,,8.0,0,1,0,1,0,1,1,1,1,0,1,1,1,0,0,0,0,0,0,1,1,1,0,0,1,0,0,0,0,0,0,0,1,1,1,0,0,1,0,,,,
2016,maxwell unified,"Rural, distant",0.41,0.35,,0.47,0.33,,,,,0.33,,,0.5,11.0,7.0,0.0,7.0,4.0,,0.0,,,4.0,,,6.0,27.0,20.0,7.0,15.0,12.0,,1.0,,,12.0,,,12.0,0,0,1,0,0,1,1,1,1,0,1,1,0,0,0,0,0,0,1,0,1,1,0,1,1,0,0,0,0,0,0,1,0,1,1,0,1,1,0,0.41,,,
2017,maxwell unified,"Rural, distant",0.5769,0.5217,,0.5833,0.5714,,,,,0.4375,,,,15.0,12.0,0.0,7.0,8.0,,,,,7.0,0.0,,0.0,26.0,23.0,0.0,12.0,14.0,,,,,16.0,0.0,,0.0,0,0,1,0,0,1,1,1,1,0,1,1,1,0,0,0,0,0,1,1,1,1,0,0,1,0,0,0,0,0,0,1,1,1,1,0,0,1,0,0.41,0.41,,
2018,maxwell unified,"Rural, distant",0.5135,0.4615,0.6364,0.3125,0.6667,,,,,0.5556,,,0.6429,19.0,12.0,7.0,5.0,14.0,0.0,,,,10.0,,0.0,9.0,37.0,26.0,11.0,16.0,21.0,0.0,,,,18.0,,0.0,14.0,0,0,0,0,0,1,1,1,1,0,1,1,0,0,0,0,0,0,0,1,1,1,0,1,0,0,0,0,0,0,0,0,1,1,1,0,1,0,0,0.5769,0.41,0.41,
2019,maxwell unified,"Rural, distant",0.6,0.6429,,0.7273,,,,,,,,,,12.0,9.0,0.0,8.0,0.0,0.0,,,,0.0,,,0.0,20.0,14.0,6.0,11.0,9.0,0.0,,,,10.0,,,6.0,0,0,1,0,1,1,1,1,1,1,1,1,1,0,0,0,0,0,0,1,1,1,0,1,1,0,0,0,0,0,0,0,1,1,1,0,1,1,0,0.5135,0.5769,0.41,0.41
2015,mccabe union elementary,"Rural, fringe",0.44,0.27,0.53,0.53,0.35,,,,,0.35,,,0.77,74.0,15.0,60.0,45.0,29.0,,0.0,,,48.0,,,20.0,167.0,55.0,112.0,85.0,82.0,,8.0,,,133.0,,,26.0,0,0,0,0,0,1,1,1,1,0,1,1,0,0,0,0,0,0,1,0,1,1,0,1,1,0,0,0,0,0,0,1,0,1,1,0,1,1,0,,,,
2016,mccabe union elementary,"Rural, fringe",0.45,0.32,0.54,0.44,0.47,,,,,0.43,,,0.64,68.0,19.0,49.0,34.0,34.0,,0.0,,0.0,58.0,,,7.0,150.0,59.0,91.0,77.0,73.0,,3.0,,1.0,135.0,,,11.0,0,0,0,0,0,1,1,1,1,0,1,1,0,0,0,0,0,0,1,0,1,0,0,1,1,0,0,0,0,0,0,1,0,1,0,0,1,1,0,0.44,,,
2017,mccabe union elementary,"Rural, fringe",0.6107,0.4889,0.6635,0.6111,0.6104,,,,,0.5656,,,0.8095,91.0,22.0,69.0,44.0,47.0,,0.0,,,69.0,,,17.0,149.0,45.0,104.0,72.0,77.0,,0.0,,,122.0,,,21.0,0,0,0,0,0,1,1,1,1,0,1,1,0,0,0,0,0,0,1,0,1,1,0,1,1,0,0,0,0,0,0,1,0,1,1,0,1,1,0,0.45,0.44,,
2018,mccabe union elementary,"Rural, fringe",0.4744,0.3273,0.5545,0.4156,0.5316,,,,,0.4485,,,0.5455,74.0,18.0,56.0,32.0,42.0,,0.0,0.0,,61.0,,0.0,6.0,156.0,55.0,101.0,77.0,79.0,,0.0,0.0,,136.0,,0.0,11.0,0,0,0,0,0,1,1,1,1,0,1,1,0,0,0,0,0,0,1,0,0,1,0,1,0,0,0,0,0,0,0,1,0,0,1,0,1,0,0,0.6107,0.45,0.44,
2019,mccabe union elementary,"Rural, fringe",0.5248,0.4355,0.5949,0.4714,0.5775,,,,,0.48,,,0.8182,74.0,27.0,47.0,33.0,41.0,,0.0,,,60.0,,,9.0,141.0,62.0,79.0,70.0,71.0,,5.0,,,125.0,,,11.0,0,0,0,0,0,1,1,1,1,0,1,1,0,0,0,0,0,0,1,0,1,1,0,1,1,0,0,0,0,0,0,1,0,1,1,0,1,1,0,0.4744,0.6107,0.45,0.44
2015,mcfarland unified,"Town, fringe",0.19,0.17,0.37,0.22,0.17,,,,,0.19,,,,60.0,45.0,13.0,34.0,23.0,,0.0,0.0,,56.0,,,0.0,300.0,265.0,35.0,155.0,145.0,,1.0,3.0,,293.0,,,3.0,0,0,0,0,0,1,1,1,1,0,1,1,1,0,0,0,0,0,1,0,0,1,0,1,1,0,0,0,0,0,0,1,0,0,1,0,1,1,0,,,,
2016,mcfarland unified,"Town, fringe",0.25,0.22,0.48,0.24,0.26,,,,,0.25,,,,71.0,56.0,14.0,34.0,38.0,,0.0,0.0,0.0,70.0,,,0.0,285.0,256.0,29.0,140.0,145.0,,2.0,1.0,1.0,279.0,,,2.0,0,0,0,0,0,1,1,1,1,0,1,1,1,0,0,0,0,0,1,0,0,0,0,1,1,0,0,0,0,0,0,1,0,0,0,0,1,1,0,0.19,,,
2017,mcfarland unified,"Town, fringe",0.1773,0.1731,0.2273,0.1575,0.1935,,,,,0.1792,,,,50.0,45.0,5.0,20.0,30.0,,0.0,0.0,0.0,50.0,,,,282.0,260.0,22.0,127.0,155.0,,0.0,0.0,0.0,279.0,,,,0,0,0,0,0,1,1,1,1,0,1,1,1,0,0,0,0,0,1,0,0,0,0,1,1,1,0,0,0,0,0,1,0,0,0,0,1,1,1,0.25,0.19,,
2018,mcfarland unified,"Town, fringe",0.1534,0.1497,0.2105,0.1419,0.1636,,,,,0.1498,,,,48.0,44.0,4.0,21.0,27.0,,0.0,,0.0,46.0,,,0.0,313.0,294.0,19.0,148.0,165.0,,0.0,,0.0,307.0,,,0.0,0,0,0,0,0,1,1,1,1,0,1,1,1,0,0,0,0,0,1,0,1,0,0,1,1,0,0,0,0,0,0,1,0,1,0,0,1,1,0,0.1773,0.25,0.19,
2019,mcfarland unified,"Town, fringe",0.3074,0.2965,0.4444,0.2782,0.3423,,,,,0.3025,,,,75.0,67.0,8.0,37.0,38.0,,0.0,,,72.0,,,0.0,244.0,226.0,18.0,133.0,111.0,,0.0,,,238.0,,,4.0,0,0,0,0,0,1,1,1,1,0,1,1,1,0,0,0,0,0,1,0,1,1,0,1,1,0,0,0,0,0,0,1,0,1,1,0,1,1,0,0.1534,0.1773,0.25,0.19
2015,mckinleyville union elementary,"Town, remote",0.37,0.29,0.48,0.37,0.37,,,,,0.18,,0.29,0.45,44.0,21.0,24.0,22.0,23.0,0.0,,0.0,,4.0,,4.0,34.0,121.0,71.0,50.0,61.0,60.0,6.0,,4.0,,22.0,,14.0,75.0,0,0,0,0,0,1,1,1,1,0,1,0,0,0,0,0,0,0,0,1,0,1,0,1,0,0,0,0,0,0,0,0,1,0,1,0,1,0,0,,,,
2016,mckinleyville union elementary,"Town, remote",0.34,0.3,0.39,0.28,0.39,,,,,0.27,,,0.36,41.0,21.0,20.0,17.0,24.0,0.0,0.0,,,4.0,0.0,0.0,31.0,122.0,71.0,51.0,60.0,62.0,10.0,1.0,,,15.0,3.0,8.0,85.0,0,0,0,0,0,1,1,1,1,0,1,1,0,0,0,0,0,0,0,0,1,1,0,0,0,0,0,0,0,0,0,0,0,1,1,0,0,0,0,0.37,,,
2017,mckinleyville union elementary,"Town, remote",0.2923,0.2533,0.3455,0.3651,0.2239,0.1875,,,,0.3043,,0.2857,0.3014,38.0,19.0,19.0,23.0,15.0,3.0,0.0,,,7.0,,4.0,22.0,130.0,75.0,55.0,63.0,67.0,16.0,0.0,,,23.0,,14.0,73.0,0,0,0,0,0,0,1,1,1,0,1,0,0,0,0,0,0,0,0,0,1,1,0,1,0,0,0,0,0,0,0,0,0,1,1,0,1,0,0,0.34,0.37,,
2018,mckinleyville union elementary,"Town, remote",0.3651,0.2941,0.5122,0.3774,0.3562,0.1818,,,,0.3125,,0.1818,0.439,46.0,25.0,21.0,20.0,26.0,2.0,0.0,0.0,,5.0,,2.0,36.0,126.0,85.0,41.0,53.0,73.0,11.0,0.0,0.0,,16.0,,11.0,82.0,0,0,0,0,0,0,1,1,1,0,1,0,0,0,0,0,0,0,0,0,0,1,0,1,0,0,0,0,0,0,0,0,0,0,1,0,1,0,0,0.2923,0.34,0.37,
2019,mckinleyville union elementary,"Town, remote",0.537,0.4308,0.6977,0.5192,0.5536,0.4706,,,,,,,0.5821,58.0,28.0,30.0,27.0,31.0,8.0,0.0,,,0.0,,0.0,39.0,108.0,65.0,43.0,52.0,56.0,17.0,0.0,,,10.0,,9.0,67.0,0,0,0,0,0,0,1,1,1,1,1,1,0,0,0,0,0,0,0,0,1,1,0,1,0,0,0,0,0,0,0,0,0,1,1,0,1,0,0,0.3651,0.2923,0.34,0.37
2015,mcswain union elementary,"Rural, fringe",0.15,0.0,0.25,0.15,0.15,,,,,0.07,,,0.23,16.0,0.0,16.0,7.0,9.0,0.0,0.0,0.0,,3.0,0.0,0.0,11.0,106.0,42.0,64.0,46.0,60.0,1.0,7.0,1.0,,42.0,1.0,3.0,49.0,0,0,0,0,0,1,1,1,1,0,1,1,0,0,0,0,0,0,0,0,0,1,0,0,0,0,0,0,0,0,0,0,0,0,1,0,0,0,0,,,,
2016,mcswain union elementary,"Rural, fringe",0.51,0.53,0.49,0.47,0.54,,,,,0.43,,,0.63,39.0,17.0,22.0,18.0,21.0,0.0,0.0,0.0,,15.0,0.0,0.0,20.0,77.0,32.0,45.0,38.0,39.0,1.0,4.0,2.0,,35.0,1.0,2.0,32.0,0,0,0,0,0,1,1,1,1,0,1,1,0,0,0,0,0,0,0,0,0,1,0,0,0,0,0,0,0,0,0,0,0,0,1,0,0,0,0,0.15,,,
2017,mcswain union elementary,"Rural, fringe",0.5227,0.25,0.65,0.5,0.537,,,,,0.3529,,,0.5909,46.0,7.0,39.0,17.0,29.0,,0.0,,0.0,12.0,,0.0,26.0,88.0,28.0,60.0,34.0,54.0,,0.0,,0.0,34.0,,0.0,44.0,0,0,0,0,0,1,1,1,1,0,1,1,0,0,0,0,0,0,1,0,1,0,0,1,0,0,0,0,0,0,0,1,0,1,0,0,1,0,0,0.51,0.15,,
2018,mcswain union elementary,"Rural, fringe",0.4419,0.359,0.5106,0.4091,0.4762,,,,,0.275,,,0.6286,38.0,14.0,24.0,18.0,20.0,,0.0,0.0,,11.0,,0.0,22.0,86.0,39.0,47.0,44.0,42.0,,0.0,0.0,,40.0,,0.0,35.0,0,0,0,0,0,1,1,1,1,0,1,1,0,0,0,0,0,0,1,0,0,1,0,1,0,0,0,0,0,0,0,1,0,0,1,0,1,0,0,0.5227,0.51,0.15,
2019,mcswain union elementary,"Rural, fringe",0.4854,0.3171,0.5968,0.4773,0.4915,,,,,0.4146,,,0.5179,50.0,13.0,37.0,21.0,29.0,,0.0,,,17.0,,0.0,29.0,103.0,41.0,62.0,44.0,59.0,,4.0,,,41.0,,0.0,56.0,0,0,0,0,0,1,1,1,1,0,1,1,0,0,0,0,0,0,1,0,1,1,0,1,0,0,0,0,0,0,0,1,0,1,1,0,1,0,0,0.4419,0.5227,0.51,0.15
2015,meadows union elementary,"Suburb, midsize",0.31,0.18,0.63,0.33,0.27,,,,,0.25,,,0.55,17.0,7.0,10.0,11.0,6.0,,,,,11.0,,,6.0,55.0,39.0,16.0,33.0,22.0,,,,,44.0,,,11.0,0,0,0,0,0,1,1,1,1,0,1,1,0,0,0,0,0,0,1,1,1,1,0,1,1,0,0,0,0,0,0,1,1,1,1,0,1,1,0,,,,
2016,meadows union elementary,"Suburb, midsize",0.22,0.14,0.45,0.24,0.19,,,,,0.19,,,,10.0,5.0,5.0,6.0,4.0,,,,,8.0,,,0.0,46.0,35.0,11.0,25.0,21.0,,,,,42.0,,,4.0,0,0,0,0,0,1,1,1,1,0,1,1,1,0,0,0,0,0,1,1,1,1,0,1,1,0,0,0,0,0,0,1,1,1,1,0,1,1,0,0.31,,,
2017,meadows union elementary,"Suburb, midsize",0.2593,0.1795,0.4667,0.2667,0.25,,,,,0.2093,,,,14.0,7.0,7.0,8.0,6.0,,,0.0,,9.0,,0.0,0.0,54.0,39.0,15.0,30.0,24.0,,,0.0,,43.0,,0.0,0.0,0,0,0,0,0,1,1,1,1,0,1,1,1,0,0,0,0,0,1,1,0,1,0,1,0,0,0,0,0,0,0,1,1,0,1,0,1,0,0,0.22,0.31,,
2018,meadows union elementary,"Suburb, midsize",0.2549,0.1875,0.3684,0.2121,0.3333,,,,,0.2,,,,13.0,6.0,7.0,7.0,6.0,,,,,9.0,,,0.0,51.0,32.0,19.0,33.0,18.0,,,,,45.0,,,0.0,0,0,0,0,0,1,1,1,1,0,1,1,1,0,0,0,0,0,1,1,1,1,0,1,1,0,0,0,0,0,0,1,1,1,1,0,1,1,0,0.2593,0.22,0.31,
2019,meadows union elementary,"Suburb, midsize",0.3333,0.275,0.5455,0.3226,0.35,,,,,0.3256,,,,17.0,11.0,6.0,10.0,7.0,0.0,,,,14.0,,,0.0,51.0,40.0,11.0,31.0,20.0,0.0,,,,43.0,,,7.0,0,0,0,0,0,1,1,1,1,0,1,1,1,0,0,0,0,0,0,1,1,1,0,1,1,0,0,0,0,0,0,0,1,1,1,0,1,1,0,0.2549,0.2593,0.22,0.31
2015,mendocino unified,"Rural, distant",0.12,0.04,0.22,0.11,0.15,,,,,,,,0.15,5.0,1.0,4.0,3.0,2.0,,,,,0.0,,,5.0,41.0,23.0,18.0,28.0,13.0,,,,,8.0,,,33.0,0,0,0,0,0,1,1,1,1,1,1,1,0,0,0,0,0,0,1,1,1,1,0,1,1,0,0,0,0,0,0,1,1,1,1,0,1,1,0,,,,
2016,mendocino unified,"Rural, distant",0.36,0.24,0.48,0.4,0.33,,,,,,,,0.31,15.0,5.0,10.0,6.0,9.0,0.0,0.0,,0.0,0.0,0.0,,10.0,42.0,21.0,21.0,15.0,27.0,1.0,2.0,,1.0,5.0,1.0,,32.0,0,0,0,0,0,1,1,1,1,1,1,1,0,0,0,0,0,0,0,0,1,0,0,0,1,0,0,0,0,0,0,0,0,1,0,0,0,1,0,0.12,,,
2017,mendocino unified,"Rural, distant",0.5366,0.3333,0.75,0.5882,0.5,,,,,,,,0.5484,22.0,7.0,15.0,10.0,12.0,,0.0,0.0,,0.0,,0.0,17.0,41.0,21.0,20.0,17.0,24.0,,0.0,0.0,,0.0,,0.0,31.0,0,0,0,0,0,1,1,1,1,1,1,1,0,0,0,0,0,0,1,0,0,1,0,1,0,0,0,0,0,0,0,1,0,0,1,0,1,0,0,0.36,0.12,,
2018,mendocino unified,"Rural, distant",0.5,0.375,0.625,0.4667,0.5294,,,,,,,,0.5,16.0,6.0,10.0,7.0,9.0,0.0,,,,0.0,,0.0,13.0,32.0,16.0,16.0,15.0,17.0,0.0,,,,0.0,,0.0,26.0,0,0,0,0,0,1,1,1,1,1,1,1,0,0,0,0,0,0,0,1,1,1,0,1,0,0,0,0,0,0,0,0,1,1,1,0,1,0,0,0.5366,0.36,0.12,
2019,mendocino unified,"Rural, distant",0.4242,0.2632,0.6429,0.4,0.4444,,,,,,,,0.4167,14.0,5.0,9.0,6.0,8.0,,,0.0,,0.0,,,10.0,33.0,19.0,14.0,15.0,18.0,,,0.0,,4.0,,,24.0,0,0,0,0,0,1,1,1,1,1,1,1,0,0,0,0,0,0,1,1,0,1,0,1,1,0,0,0,0,0,0,1,1,0,1,0,1,1,0,0.5,0.5366,0.36,0.12
2015,mendota unified,"Rural, fringe",0.17,0.17,,0.11,0.23,,,,,0.17,,,,43.0,40.0,0.0,14.0,29.0,,0.0,,,40.0,,,0.0,253.0,250.0,3.0,127.0,126.0,,1.0,,,247.0,,,3.0,0,0,1,0,0,1,1,1,1,0,1,1,1,0,0,0,0,0,1,0,1,1,0,1,1,0,0,0,0,0,0,1,0,1,1,0,1,1,0,,,,
2016,mendota unified,"Rural, fringe",0.31,0.31,,0.31,0.32,,,,,0.3,,,,81.0,78.0,0.0,38.0,44.0,,,0.0,,74.0,,,0.0,262.0,252.0,10.0,124.0,138.0,,,1.0,,248.0,,,10.0,0,0,1,0,0,1,1,1,1,0,1,1,1,0,0,0,0,0,1,1,0,1,0,1,1,0,0,0,0,0,0,1,1,0,1,0,1,1,0,0.17,,,
2017,mendota unified,"Town, distant",0.2214,0.2222,,0.2214,0.2214,,,,,0.2179,,,,58.0,58.0,0.0,29.0,29.0,,,,,56.0,,,0.0,262.0,261.0,0.0,131.0,131.0,,,,,257.0,,,0.0,0,0,1,0,0,1,1,1,1,0,1,1,1,0,0,0,0,0,1,1,1,1,0,1,1,0,0,0,0,0,0,1,1,1,1,0,1,1,0,0.31,0.17,,
2018,mendota unified,"Town, distant",0.2234,0.2174,,0.2394,0.2071,,,,,0.2255,,,,63.0,60.0,0.0,34.0,29.0,,,,,62.0,,0.0,0.0,282.0,276.0,0.0,142.0,140.0,,,,,275.0,,0.0,0.0,0,0,1,0,0,1,1,1,1,0,1,1,1,0,0,0,0,0,1,1,1,1,0,1,0,0,0,0,0,0,0,1,1,1,1,0,1,0,0,0.2214,0.31,0.17,
2019,mendota unified,"Rural, fringe",0.2452,0.249,,0.1898,0.3065,,,,,0.2471,,,,64.0,64.0,0.0,26.0,38.0,,0.0,,,63.0,,,0.0,261.0,257.0,4.0,137.0,124.0,,0.0,,,255.0,,,4.0,0,0,1,0,0,1,1,1,1,0,1,1,1,0,0,0,0,0,1,0,1,1,0,1,1,0,0,0,0,0,0,1,0,1,1,0,1,1,0,0.2234,0.2214,0.31,0.17
2015,menifee union elementary,"Suburb, large",0.31,0.22,0.37,0.28,0.33,,0.45,0.07,0.6,0.24,,0.32,0.37,314.0,103.0,209.0,132.0,178.0,0.0,14.0,4.0,28.0,115.0,0.0,14.0,134.0,1011.0,448.0,563.0,471.0,540.0,2.0,31.0,56.0,47.0,458.0,7.0,44.0,364.0,0,0,0,0,0,1,0,0,0,0,1,0,0,0,0,0,0,0,0,0,0,0,0,0,0,0,0,0,0,0,0,0,0,0,0,0,0,0,0,,,,
2016,menifee union elementary,"Suburb, large",0.37,0.29,0.44,0.35,0.4,,0.65,0.22,0.56,0.32,,0.41,0.43,421.0,148.0,264.0,185.0,225.0,0.0,17.0,14.0,20.0,169.0,0.0,21.0,169.0,1108.0,509.0,599.0,529.0,579.0,2.0,26.0,63.0,36.0,528.0,5.0,51.0,392.0,0,0,0,0,0,1,0,0,0,0,1,0,0,0,0,0,0,0,0,0,0,0,0,0,0,0,0,0,0,0,0,0,0,0,0,0,0,0,0,0.31,,,
2017,menifee union elementary,"Suburb, large",0.4194,0.296,0.5137,0.4077,0.4301,,0.6667,0.1667,0.6667,0.3614,0.3333,0.4364,0.5,458.0,140.0,318.0,212.0,246.0,0.0,14.0,11.0,26.0,180.0,4.0,24.0,195.0,1092.0,473.0,619.0,520.0,572.0,0.0,21.0,66.0,39.0,498.0,12.0,55.0,390.0,0,0,0,0,0,1,0,0,0,0,0,0,0,0,0,0,0,0,0,0,0,0,0,0,0,0,0,0,0,0,0,0,0,0,0,0,0,0,0,0.37,0.31,,
2018,menifee union elementary,"Suburb, large",0.4595,0.3731,0.5383,0.4426,0.4751,,0.7353,0.3043,0.6857,0.3788,,0.5217,0.5395,516.0,200.0,316.0,239.0,277.0,0.0,25.0,21.0,24.0,197.0,0.0,36.0,205.0,1123.0,536.0,587.0,540.0,583.0,0.0,34.0,69.0,35.0,520.0,0.0,69.0,380.0,0,0,0,0,0,1,0,0,0,0,1,0,0,0,0,0,0,0,0,0,0,0,0,0,0,0,0,0,0,0,0,0,0,0,0,0,0,0,0,0.4194,0.37,0.31,
2019,menifee union elementary,"Suburb, large",0.453,0.374,0.5131,0.4725,0.4363,,0.5714,0.3875,0.6452,0.4134,,0.3731,0.5157,516.0,184.0,332.0,249.0,267.0,0.0,12.0,31.0,20.0,222.0,0.0,25.0,197.0,1140.0,492.0,648.0,527.0,613.0,0.0,21.0,80.0,31.0,538.0,4.0,67.0,382.0,0,0,0,0,0,1,0,0,0,0,1,0,0,0,0,0,0,0,0,0,0,0,0,0,0,0,0,0,0,0,0,0,0,0,0,0,0,0,0,0.4595,0.4194,0.37,0.31
2015,menlo park city elementary,"Suburb, large",0.82,0.19,0.85,0.84,0.8,,0.96,,,0.43,,0.87,0.88,277.0,3.0,276.0,141.0,136.0,,25.0,0.0,0.0,19.0,0.0,34.0,183.0,337.0,16.0,321.0,166.0,171.0,,26.0,7.0,5.0,44.0,1.0,39.0,206.0,0,0,0,0,0,1,0,1,1,0,1,0,0,0,0,0,0,0,1,0,0,0,0,0,0,0,0,0,0,0,0,1,0,0,0,0,0,0,0,,,,
2016,menlo park city elementary,"Suburb, large",0.82,0.27,0.87,0.82,0.81,,0.91,,,0.55,,0.85,0.87,276.0,8.0,267.0,132.0,142.0,,20.0,0.0,0.0,26.0,0.0,34.0,170.0,337.0,30.0,307.0,161.0,176.0,,22.0,4.0,1.0,47.0,2.0,40.0,195.0,0,0,0,0,0,1,0,1,1,0,1,0,0,0,0,0,0,0,1,0,0,0,0,0,0,0,0,0,0,0,0,1,0,0,0,0,0,0,0,0.82,,,
2017,menlo park city elementary,"Suburb, large",0.8329,0.3103,0.8796,0.7791,0.8789,,0.9459,,,0.5435,,0.8846,0.8841,294.0,9.0,285.0,127.0,167.0,0.0,35.0,0.0,0.0,25.0,0.0,46.0,183.0,353.0,29.0,324.0,163.0,190.0,0.0,37.0,0.0,0.0,46.0,0.0,52.0,207.0,0,0,0,0,0,1,0,1,1,0,1,0,0,0,0,0,0,0,0,0,0,0,0,0,0,0,0,0,0,0,0,0,0,0,0,0,0,0,0,0.82,0.82,,
2018,menlo park city elementary,"Suburb, large",0.7927,0.3529,0.8435,0.7483,0.8305,,0.9706,,,0.4902,,0.9474,0.8333,260.0,12.0,248.0,113.0,147.0,0.0,33.0,0.0,0.0,25.0,0.0,36.0,160.0,328.0,34.0,294.0,151.0,177.0,0.0,34.0,0.0,0.0,51.0,0.0,38.0,192.0,0,0,0,0,0,1,0,1,1,0,1,0,0,0,0,0,0,0,0,0,0,0,0,0,0,0,0,0,0,0,0,0,0,0,0,0,0,0,0,0.8329,0.82,0.82,
2019,menlo park city elementary,"Suburb, large",0.8454,0.4762,0.8728,0.8435,0.8471,,0.9714,,,0.6154,,0.9189,0.875,257.0,10.0,247.0,124.0,133.0,,34.0,0.0,,32.0,0.0,34.0,154.0,304.0,21.0,283.0,147.0,157.0,,35.0,0.0,,52.0,0.0,37.0,176.0,0,0,0,0,0,1,0,1,1,0,1,0,0,0,0,0,0,0,1,0,0,1,0,0,0,0,0,0,0,0,0,1,0,0,1,0,0,0,0,0.7927,0.8329,0.82,0.82
2015,merced city elementary,"City, small",0.2,0.14,0.51,0.19,0.21,,0.33,0.06,,0.14,,0.34,0.34,225.0,134.0,85.0,102.0,123.0,0.0,38.0,3.0,0.0,102.0,0.0,12.0,61.0,1125.0,957.0,168.0,537.0,588.0,3.0,114.0,51.0,8.0,727.0,1.0,35.0,179.0,0,0,0,0,0,1,0,0,1,0,1,0,0,0,0,0,0,0,0,0,0,0,0,0,0,0,0,0,0,0,0,0,0,0,0,0,0,0,0,,,,
2016,merced city elementary,"City, small",0.23,0.18,0.45,0.22,0.24,,0.34,0.06,,0.2,,0.41,0.34,307.0,201.0,99.0,136.0,159.0,0.0,36.0,4.0,0.0,176.0,0.0,16.0,55.0,1279.0,1058.0,221.0,617.0,662.0,3.0,105.0,67.0,8.0,879.0,2.0,39.0,160.0,0,0,0,0,0,1,0,0,1,0,1,0,0,0,0,0,0,0,0,0,0,0,0,0,0,0,0,0,0,0,0,0,0,0,0,0,0,0,0,0.2,,,
2017,merced city elementary,"City, small",0.2642,0.1904,0.6028,0.2248,0.3033,,0.2991,0.194,,0.2285,,0.2609,0.4247,316.0,187.0,129.0,134.0,182.0,0.0,35.0,13.0,0.0,178.0,0.0,6.0,79.0,1196.0,982.0,214.0,596.0,600.0,0.0,117.0,67.0,0.0,779.0,0.0,23.0,186.0,0,0,0,0,0,1,0,0,1,0,1,0,0,0,0,0,0,0,0,0,0,0,0,0,0,0,0,0,0,0,0,0,0,0,0,0,0,0,0,0.23,0.2,,
2018,merced city elementary,"City, small",0.2966,0.2418,0.5902,0.289,0.3048,,0.4444,0.1471,,0.2484,,0.3103,0.4767,345.0,237.0,108.0,174.0,171.0,0.0,44.0,10.0,0.0,192.0,0.0,9.0,82.0,1163.0,980.0,183.0,602.0,561.0,0.0,99.0,68.0,0.0,773.0,0.0,29.0,172.0,0,0,0,0,0,1,0,0,1,0,1,0,0,0,0,0,0,0,0,0,0,0,0,0,0,0,0,0,0,0,0,0,0,0,0,0,0,0,0,0.2642,0.23,0.2,
2019,merced city elementary,"City, small",0.3435,0.2816,0.5934,0.3257,0.3614,,0.3761,0.1852,,0.314,,0.3571,0.4943,417.0,274.0,143.0,198.0,219.0,0.0,44.0,10.0,0.0,255.0,0.0,10.0,87.0,1214.0,973.0,241.0,608.0,606.0,6.0,117.0,54.0,4.0,812.0,0.0,28.0,176.0,0,0,0,0,0,1,0,0,1,0,1,0,0,0,0,0,0,0,0,0,0,0,0,0,0,0,0,0,0,0,0,0,0,0,0,0,0,0,0,0.2966,0.2642,0.23,0.2
2015,merced river union elementary,"Rural, fringe",0.0,0.0,,,,,,,,,,,,0.0,0.0,0.0,0.0,0.0,,,,,0.0,,0.0,0.0,14.0,12.0,2.0,10.0,4.0,,,,,9.0,,1.0,2.0,0,0,1,1,1,1,1,1,1,1,1,1,1,0,0,0,0,0,1,1,1,1,0,1,0,0,0,0,0,0,0,1,1,1,1,0,1,0,0,,,,
2016,merced river union elementary,"Rural, fringe",0.27,0.15,,,,,,,,,,,,4.0,2.0,0.0,0.0,0.0,,,,,0.0,,,0.0,15.0,13.0,2.0,8.0,7.0,,,,,9.0,,,6.0,0,0,1,1,1,1,1,1,1,1,1,1,1,0,0,0,0,0,1,1,1,1,0,1,1,0,0,0,0,0,0,1,1,1,1,0,1,1,0,0.0,,,
2017,merced river union elementary,"Rural, fringe",0.0667,0.0833,,,,,,,,0.0909,,,,1.0,1.0,0.0,0.0,0.0,,,,,1.0,,,0.0,15.0,12.0,0.0,0.0,0.0,,,,,11.0,,,0.0,0,0,1,1,1,1,1,1,1,0,1,1,1,0,0,0,0,0,1,1,1,1,0,1,1,0,0,0,0,0,0,1,1,1,1,0,1,1,0,0.27,0.0,,
2018,merced river union elementary,"Rural, fringe",0.25,,,,,,,,,,,,,4.0,0.0,0.0,0.0,0.0,,,,,0.0,,,0.0,16.0,0.0,0.0,0.0,0.0,,,,,0.0,,,0.0,0,1,1,1,1,1,1,1,1,1,1,1,1,0,0,0,0,0,1,1,1,1,0,1,1,0,0,0,0,0,0,1,1,1,1,0,1,1,0,0.0667,0.27,0.0,
2019,merced river union elementary,"Rural, fringe",0.2353,0.1667,,,,,,,,0.2727,,,,4.0,2.0,0.0,0.0,0.0,,,,,3.0,,0.0,0.0,17.0,12.0,5.0,10.0,7.0,,,,,11.0,,0.0,4.0,0,0,1,1,1,1,1,1,1,0,1,1,1,0,0,0,0,0,1,1,1,1,0,1,0,0,0,0,0,0,0,1,1,1,1,0,1,0,0,0.25,0.0667,0.27,0.0
2015,mesa union elementary,"City, midsize",0.53,0.15,0.77,0.49,0.58,,,,,0.36,,,0.84,37.0,4.0,33.0,18.0,19.0,,0.0,0.0,0.0,15.0,,0.0,16.0,70.0,27.0,43.0,37.0,33.0,,3.0,1.0,1.0,42.0,,4.0,19.0,0,0,0,0,0,1,1,1,1,0,1,1,0,0,0,0,0,0,1,0,0,0,0,1,0,0,0,0,0,0,0,1,0,0,0,0,1,0,0,,,,
2016,mesa union elementary,"City, midsize",0.53,0.37,0.66,0.45,0.63,,,,,0.37,,,0.82,40.0,13.0,27.0,20.0,20.0,,0.0,,0.0,19.0,0.0,0.0,9.0,76.0,35.0,41.0,44.0,32.0,,1.0,,7.0,51.0,2.0,4.0,11.0,0,0,0,0,0,1,1,1,1,0,1,1,0,0,0,0,0,0,1,0,1,0,0,0,0,0,0,0,0,0,0,1,0,1,0,0,0,0,0,0.53,,,
2017,mesa union elementary,"City, midsize",0.5,0.3333,0.5833,0.5,0.5,,,,,0.4524,,,0.65,36.0,8.0,28.0,18.0,18.0,,0.0,,0.0,19.0,,0.0,13.0,72.0,24.0,48.0,36.0,36.0,,0.0,,0.0,42.0,,0.0,20.0,0,0,0,0,0,1,1,1,1,0,1,1,0,0,0,0,0,0,1,0,1,0,0,1,0,0,0,0,0,0,0,1,0,1,0,0,1,0,0,0.53,0.53,,
2018,mesa union elementary,"City, midsize",0.527,0.2813,0.7143,0.5588,0.5,,,,,0.383,,,0.6875,39.0,9.0,30.0,19.0,20.0,,0.0,,,18.0,0.0,0.0,11.0,74.0,32.0,42.0,34.0,40.0,,0.0,,,47.0,0.0,0.0,16.0,0,0,0,0,0,1,1,1,1,0,1,1,0,0,0,0,0,0,1,0,1,1,0,0,0,0,0,0,0,0,0,1,0,1,1,0,0,0,0,0.5,0.53,0.53,
2019,mesa union elementary,"Rural, fringe",0.5156,0.3929,0.6111,0.5714,0.4722,,,,,0.3415,,,0.6923,33.0,11.0,22.0,16.0,17.0,,0.0,,0.0,14.0,,0.0,9.0,64.0,28.0,36.0,28.0,36.0,,0.0,,0.0,41.0,,5.0,13.0,0,0,0,0,0,1,1,1,1,0,1,1,0,0,0,0,0,0,1,0,1,0,0,1,0,0,0,0,0,0,0,1,0,1,0,0,1,0,0,0.527,0.5,0.53,0.53
2015,middletown unified,"Rural, distant",0.44,0.34,0.58,0.45,0.43,,,,,0.31,,,0.5,56.0,25.0,31.0,31.0,25.0,0.0,,,,11.0,,0.0,43.0,127.0,74.0,53.0,69.0,58.0,2.0,,,,35.0,,3.0,86.0,0,0,0,0,0,1,1,1,1,0,1,1,0,0,0,0,0,0,0,1,1,1,0,1,0,0,0,0,0,0,0,0,1,1,1,0,1,0,0,,,,
2016,middletown unified,"Rural, distant",0.33,0.31,0.38,0.23,0.39,,,,,0.42,,,0.3,31.0,21.0,9.0,8.0,22.0,0.0,,,,10.0,,0.0,19.0,92.0,68.0,24.0,36.0,56.0,2.0,,,,24.0,,2.0,64.0,0,0,0,0,0,1,1,1,1,0,1,1,0,0,0,0,0,0,0,1,1,1,0,1,0,0,0,0,0,0,0,0,1,1,1,0,1,0,0,0.44,,,
2017,middletown unified,"Rural, distant",0.4444,0.4098,0.5172,0.4889,0.4,,,,,0.2727,,,0.5254,40.0,25.0,15.0,22.0,18.0,0.0,,,,6.0,0.0,0.0,31.0,90.0,61.0,29.0,45.0,45.0,0.0,,,,22.0,0.0,0.0,59.0,0,0,0,0,0,1,1,1,1,0,1,1,0,0,0,0,0,0,0,1,1,1,0,0,0,0,0,0,0,0,0,0,1,1,1,0,0,0,0,0.33,0.44,,
2018,middletown unified,"Rural, distant",0.3962,0.3611,0.4706,0.3393,0.46,,,,,0.3548,,,0.4203,42.0,26.0,16.0,19.0,23.0,0.0,,,,11.0,,0.0,29.0,106.0,72.0,34.0,56.0,50.0,0.0,,,,31.0,,0.0,69.0,0,0,0,0,0,1,1,1,1,0,1,1,0,0,0,0,0,0,0,1,1,1,0,1,0,0,0,0,0,0,0,0,1,1,1,0,1,0,0,0.4444,0.33,0.44,
2019,middletown unified,"Rural, distant",0.4224,0.3443,0.5091,0.3492,0.5094,,,,,0.4,,,0.4384,49.0,21.0,28.0,22.0,27.0,,0.0,,0.0,12.0,0.0,0.0,32.0,116.0,61.0,55.0,63.0,53.0,,0.0,,0.0,30.0,0.0,10.0,73.0,0,0,0,0,0,1,1,1,1,0,1,1,0,0,0,0,0,0,1,0,1,0,0,0,0,0,0,0,0,0,0,1,0,1,0,0,0,0,0,0.3962,0.4444,0.33,0.44
2015,mill valley elementary,"Suburb, large",0.79,0.47,0.8,0.75,0.82,,0.86,,,0.66,,0.9,0.79,275.0,8.0,271.0,126.0,152.0,,12.0,0.0,0.0,19.0,,27.0,217.0,352.0,17.0,335.0,170.0,182.0,,14.0,3.0,1.0,29.0,,30.0,275.0,0,0,0,0,0,1,0,1,1,0,1,0,0,0,0,0,0,0,1,0,0,0,0,1,0,0,0,0,0,0,0,1,0,0,0,0,1,0,0,,,,
2016,mill valley elementary,"Suburb, large",0.8,0.56,0.81,0.76,0.84,,0.81,,,0.7,,0.74,0.81,288.0,9.0,278.0,141.0,146.0,0.0,13.0,0.0,0.0,14.0,0.0,26.0,227.0,360.0,16.0,344.0,186.0,174.0,2.0,16.0,4.0,1.0,20.0,1.0,35.0,280.0,0,0,0,0,0,1,0,1,1,0,1,0,0,0,0,0,0,0,0,0,0,0,0,0,0,0,0,0,0,0,0,0,0,0,0,0,0,0,0,0.79,,,
2017,mill valley elementary,"Suburb, large",0.8034,0.5455,0.8106,0.7958,0.8102,,0.7647,,,0.8438,,0.8333,0.8051,327.0,6.0,321.0,152.0,175.0,0.0,13.0,0.0,,27.0,,35.0,252.0,407.0,11.0,396.0,191.0,216.0,0.0,17.0,0.0,,32.0,,42.0,313.0,0,0,0,0,0,1,0,1,1,0,1,0,0,0,0,0,0,0,0,0,0,1,0,1,0,0,0,0,0,0,0,0,0,0,1,0,1,0,0,0.8,0.79,,
2018,mill valley elementary,"Suburb, large",0.8302,0.625,0.8469,0.8649,0.8,,0.8182,,,0.7,,0.9032,0.8436,266.0,15.0,251.0,128.0,138.0,0.0,9.0,0.0,,21.0,,28.0,207.0,320.0,24.0,296.0,148.0,172.0,0.0,11.0,0.0,,30.0,,31.0,245.0,0,0,0,0,0,1,0,1,1,0,1,0,0,0,0,0,0,0,0,0,0,1,0,1,0,0,0,0,0,0,0,0,0,0,1,0,1,0,0,0.8034,0.8,0.79,
2019,mill valley elementary,"Suburb, large",0.827,0.5455,0.8371,0.8012,0.8535,,0.625,,,0.4615,,0.9444,0.865,263.0,6.0,257.0,129.0,134.0,0.0,10.0,0.0,,12.0,,34.0,205.0,318.0,11.0,307.0,161.0,157.0,0.0,16.0,0.0,,26.0,,36.0,237.0,0,0,0,0,0,1,0,1,1,0,1,0,0,0,0,0,0,0,0,0,0,1,0,1,0,0,0,0,0,0,0,0,0,0,1,0,1,0,0,0.8302,0.8034,0.8,0.79
2015,millbrae elementary,"Suburb, large",0.62,0.34,0.69,0.58,0.66,,0.82,,0.56,0.32,,0.63,0.51,155.0,16.0,140.0,72.0,83.0,,93.0,0.0,9.0,12.0,0.0,10.0,30.0,249.0,47.0,202.0,124.0,125.0,,113.0,2.0,16.0,38.0,4.0,17.0,59.0,0,0,0,0,0,1,0,1,0,0,1,0,0,0,0,0,0,0,1,0,0,0,0,0,0,0,0,0,0,0,0,1,0,0,0,0,0,0,0,,,,
2016,millbrae elementary,"Suburb, large",0.63,0.35,0.74,0.58,0.68,,0.83,,0.67,0.24,,0.59,0.68,174.0,28.0,146.0,73.0,101.0,,89.0,0.0,14.0,14.0,0.0,10.0,40.0,276.0,79.0,197.0,125.0,151.0,,108.0,5.0,21.0,58.0,5.0,17.0,59.0,0,0,0,0,0,1,0,1,0,0,1,0,0,0,0,0,0,0,1,0,0,0,0,0,0,0,0,0,0,0,0,1,0,0,0,0,0,0,0,0.62,,,
2017,millbrae elementary,"Suburb, large",0.6614,0.3396,0.7475,0.626,0.6953,,0.8031,,,0.2727,,0.75,0.5952,166.0,18.0,148.0,77.0,89.0,,102.0,0.0,0.0,12.0,0.0,18.0,25.0,251.0,53.0,198.0,123.0,128.0,,127.0,0.0,0.0,44.0,0.0,24.0,42.0,0,0,0,0,0,1,0,1,1,0,1,0,0,0,0,0,0,0,1,0,0,0,0,0,0,0,0,0,0,0,0,1,0,0,0,0,0,0,0,0.63,0.62,,
2018,millbrae elementary,"Suburb, large",0.6618,0.4167,0.7143,0.6593,0.6642,,0.776,,,0.3208,,0.9231,0.62,180.0,20.0,160.0,89.0,91.0,0.0,97.0,0.0,0.0,17.0,0.0,24.0,31.0,272.0,48.0,224.0,135.0,137.0,0.0,125.0,0.0,0.0,53.0,0.0,26.0,50.0,0,0,0,0,0,1,0,1,1,0,1,0,0,0,0,0,0,0,0,0,0,0,0,0,0,0,0,0,0,0,0,0,0,0,0,0,0,0,0,0.6614,0.63,0.62,
2019,millbrae elementary,"Suburb, large",0.6466,0.4127,0.7337,0.6058,0.6797,,0.8247,,,0.3061,,0.7826,0.6596,150.0,26.0,124.0,63.0,87.0,,80.0,,0.0,15.0,0.0,18.0,31.0,233.0,63.0,170.0,105.0,128.0,,97.0,,9.0,49.0,6.0,23.0,48.0,0,0,0,0,0,1,0,1,1,0,1,0,0,0,0,0,0,0,1,0,1,0,0,0,0,0,0,0,0,0,0,1,0,1,0,0,0,0,0,0.6618,0.6614,0.63,0.62
2015,millville elementary,"Rural, distant",0.45,,0.45,,,,,,,,,,0.44,9.0,0.0,5.0,0.0,0.0,0.0,,,,0.0,,,8.0,20.0,9.0,11.0,10.0,10.0,1.0,,,,1.0,,,18.0,0,1,0,1,1,1,1,1,1,1,1,1,0,0,0,0,0,0,0,1,1,1,0,1,1,0,0,0,0,0,0,0,1,1,1,0,1,1,0,,,,
2016,millville elementary,"Rural, distant",0.73,0.73,0.73,0.71,0.75,,,,,,,,0.76,24.0,8.0,16.0,12.0,12.0,,,,0.0,0.0,,0.0,22.0,33.0,11.0,22.0,17.0,16.0,,,,1.0,2.0,,1.0,29.0,0,0,0,0,0,1,1,1,1,1,1,1,0,0,0,0,0,0,1,1,1,0,0,1,0,0,0,0,0,0,0,1,1,1,0,0,1,0,0,0.45,,,
2017,millville elementary,"Rural, distant",0.6667,0.5385,0.7857,0.7273,0.625,,,,,,,,0.7,18.0,7.0,11.0,8.0,10.0,,,,,0.0,,0.0,14.0,27.0,13.0,14.0,11.0,16.0,,,,,0.0,,0.0,20.0,0,0,0,0,0,1,1,1,1,1,1,1,0,0,0,0,0,0,1,1,1,1,0,1,0,0,0,0,0,0,0,1,1,1,1,0,1,0,0,0.73,0.45,,
2018,millville elementary,"Rural, distant",0.8056,0.7273,0.84,0.7391,0.9231,,,,,,,,0.8125,29.0,8.0,21.0,17.0,12.0,,,,,0.0,,0.0,26.0,36.0,11.0,25.0,23.0,13.0,,,,,0.0,,0.0,32.0,0,0,0,0,0,1,1,1,1,1,1,1,0,0,0,0,0,0,1,1,1,1,0,1,0,0,0,0,0,0,0,1,1,1,1,0,1,0,0,0.6667,0.73,0.45,
2019,millville elementary,"Rural, distant",0.7931,,0.8421,0.6667,0.8824,,,,,,,,0.8077,23.0,0.0,16.0,8.0,15.0,,,,0.0,0.0,,,21.0,29.0,10.0,19.0,12.0,17.0,,,,0.0,0.0,,,26.0,0,1,0,0,0,1,1,1,1,1,1,1,0,0,0,0,0,0,1,1,1,0,0,1,1,0,0,0,0,0,0,1,1,1,0,0,1,1,0,0.8056,0.6667,0.73,0.45
2015,milpitas unified,"City, small",0.57,0.35,0.71,0.59,0.56,,0.76,0.21,0.54,0.25,,0.48,0.48,439.0,102.0,337.0,222.0,210.0,0.0,276.0,3.0,78.0,37.0,0.0,13.0,20.0,758.0,283.0,475.0,383.0,375.0,5.0,363.0,14.0,145.0,151.0,10.0,28.0,42.0,0,0,0,0,0,1,0,0,0,0,1,0,0,0,0,0,0,0,0,0,0,0,0,0,0,0,0,0,0,0,0,0,0,0,0,0,0,0,0,,,,
2016,milpitas unified,"City, small",0.65,0.44,0.76,0.62,0.68,,0.85,0.36,0.61,0.27,,0.52,0.64,515.0,127.0,386.0,246.0,269.0,0.0,334.0,4.0,90.0,45.0,0.0,13.0,25.0,791.0,282.0,509.0,396.0,395.0,6.0,393.0,11.0,145.0,167.0,5.0,25.0,39.0,0,0,0,0,0,1,0,0,0,0,1,0,0,0,0,0,0,0,0,0,0,0,0,0,0,0,0,0,0,0,0,0,0,0,0,0,0,0,0,0.57,,,
2017,milpitas unified,"City, small",0.6243,0.4253,0.7328,0.6045,0.6425,,0.839,0.0526,0.5785,0.284,,0.4857,0.6744,462.0,111.0,351.0,214.0,248.0,0.0,297.0,1.0,70.0,46.0,0.0,17.0,29.0,740.0,261.0,479.0,354.0,386.0,0.0,354.0,19.0,121.0,162.0,0.0,35.0,43.0,0,0,0,0,0,1,0,0,0,0,1,0,0,0,0,0,0,0,0,0,0,0,0,0,0,0,0,0,0,0,0,0,0,0,0,0,0,0,0,0.65,0.57,,
2018,milpitas unified,"City, small",0.6503,0.4461,0.7689,0.6393,0.6598,,0.8361,0.2308,0.5703,0.3311,,0.6154,0.625,476.0,120.0,356.0,218.0,258.0,0.0,301.0,3.0,73.0,50.0,0.0,24.0,20.0,733.0,270.0,463.0,342.0,391.0,0.0,360.0,13.0,128.0,152.0,0.0,39.0,32.0,0,0,0,0,0,1,0,0,0,0,1,0,0,0,0,0,0,0,0,0,0,0,0,0,0,0,0,0,0,0,0,0,0,0,0,0,0,0,0,0.6243,0.65,0.57,
2019,milpitas unified,"City, small",0.6403,0.375,0.7831,0.6519,0.6282,,0.8357,0.1667,0.5918,0.2168,,0.6415,0.6579,454.0,93.0,361.0,236.0,218.0,,300.0,2.0,58.0,31.0,0.0,34.0,25.0,709.0,248.0,461.0,362.0,347.0,,359.0,12.0,98.0,143.0,4.0,53.0,38.0,0,0,0,0,0,1,0,0,0,0,1,0,0,0,0,0,0,0,1,0,0,0,0,0,0,0,0,0,0,0,0,1,0,0,0,0,0,0,0,0.6503,0.6243,0.65,0.57
2015,modesto city elementary,"City, midsize",0.13,0.09,0.36,0.12,0.14,,0.15,0.02,,0.1,,0.19,0.24,224.0,134.0,88.0,101.0,123.0,0.0,10.0,1.0,0.0,107.0,0.0,11.0,69.0,1721.0,1483.0,238.0,837.0,884.0,7.0,66.0,45.0,9.0,1186.0,4.0,59.0,285.0,0,0,0,0,0,1,0,0,1,0,1,0,0,0,0,0,0,0,0,0,0,0,0,0,0,0,0,0,0,0,0,0,0,0,0,0,0,0,0,,,,
2016,modesto city elementary,"City, midsize",0.17,0.13,0.54,0.17,0.18,,0.24,0.05,,0.13,0.17,0.27,0.32,306.0,207.0,110.0,142.0,173.0,0.0,16.0,2.0,0.0,177.0,2.0,15.0,83.0,1798.0,1594.0,204.0,834.0,964.0,9.0,68.0,44.0,5.0,1264.0,12.0,56.0,260.0,0,0,0,0,0,1,0,0,1,0,0,0,0,0,0,0,0,0,0,0,0,0,0,0,0,0,0,0,0,0,0,0,0,0,0,0,0,0,0,0.13,,,
2017,modesto city elementary,"City, midsize",0.1916,0.1481,0.4847,0.1927,0.1907,,0.2923,0.0938,,0.1504,0.3571,0.2174,0.3367,339.0,228.0,111.0,163.0,176.0,0.0,19.0,3.0,0.0,177.0,5.0,15.0,100.0,1769.0,1540.0,229.0,846.0,923.0,0.0,65.0,32.0,0.0,1177.0,14.0,69.0,297.0,0,0,0,0,0,1,0,0,1,0,0,0,0,0,0,0,0,0,0,0,0,0,0,0,0,0,0,0,0,0,0,0,0,0,0,0,0,0,0,0.17,0.13,,
2018,modesto city elementary,"City, midsize",0.2099,0.169,0.5202,0.1885,0.2304,,0.3625,0.075,,0.1667,,0.3077,0.3507,357.0,254.0,103.0,157.0,200.0,0.0,29.0,3.0,0.0,193.0,0.0,20.0,94.0,1702.0,1504.0,198.0,833.0,869.0,0.0,80.0,40.0,0.0,1158.0,0.0,65.0,269.0,0,0,0,0,0,1,0,0,1,0,1,0,0,0,0,0,0,0,0,0,0,0,0,0,0,0,0,0,0,0,0,0,0,0,0,0,0,0,0,0.1916,0.17,0.13,
2019,modesto city elementary,"City, midsize",0.2425,0.2039,0.4795,0.2398,0.2449,,0.4627,0.1,,0.1987,,0.1803,0.3991,379.0,274.0,105.0,176.0,203.0,0.0,31.0,3.0,0.0,220.0,0.0,11.0,93.0,1564.0,1345.0,219.0,734.0,830.0,0.0,67.0,30.0,10.0,1108.0,6.0,61.0,233.0,0,0,0,0,0,1,0,0,1,0,1,0,0,0,0,0,0,0,0,0,0,0,0,0,0,0,0,0,0,0,0,0,0,0,0,0,0,0,0,0.2099,0.1916,0.17,0.13
2015,modoc joint unified,"Town, remote",0.23,0.2,0.29,0.17,0.28,,,,,,,,0.29,13.0,7.0,6.0,4.0,9.0,0.0,0.0,0.0,0.0,0.0,,0.0,12.0,56.0,35.0,21.0,24.0,32.0,3.0,1.0,1.0,1.0,7.0,,1.0,42.0,0,0,0,0,0,1,1,1,1,1,1,1,0,0,0,0,0,0,0,0,0,0,0,1,0,0,0,0,0,0,0,0,0,0,0,0,1,0,0,,,,
2016,modoc joint unified,"Town, remote",0.21,0.08,0.4,0.26,0.14,,,,,0.09,,,0.22,13.0,3.0,10.0,9.0,4.0,0.0,0.0,,0.0,1.0,,,10.0,63.0,38.0,25.0,35.0,28.0,4.0,1.0,,1.0,11.0,,,45.0,0,0,0,0,0,1,1,1,1,0,1,1,0,0,0,0,0,0,0,0,1,0,0,1,1,0,0,0,0,0,0,0,0,1,0,0,1,1,0,0.23,,,
2017,modoc joint unified,"Town, remote",0.2063,0.1364,0.3684,0.3214,0.1143,,,,,,,,0.2051,13.0,6.0,7.0,9.0,4.0,0.0,0.0,0.0,,0.0,0.0,0.0,8.0,63.0,44.0,19.0,28.0,35.0,0.0,0.0,0.0,,0.0,0.0,0.0,39.0,0,0,0,0,0,1,1,1,1,1,1,1,0,0,0,0,0,0,0,0,0,1,0,0,0,0,0,0,0,0,0,0,0,0,1,0,0,0,0,0.21,0.23,,
2018,modoc joint unified,"Town, remote",0.1364,0.119,0.1667,0.1,0.1667,,,,,0.1818,,,0.1304,9.0,5.0,4.0,3.0,6.0,0.0,0.0,,,2.0,,0.0,6.0,66.0,42.0,24.0,30.0,36.0,0.0,0.0,,,11.0,,0.0,46.0,0,0,0,0,0,1,1,1,1,0,1,1,0,0,0,0,0,0,0,0,1,1,0,1,0,0,0,0,0,0,0,0,0,1,1,0,1,0,0,0.2063,0.21,0.23,
2019,modoc joint unified,"Town, remote",0.2712,0.2444,0.3571,0.2121,0.3462,,,,,,,,0.2973,16.0,11.0,5.0,7.0,9.0,0.0,0.0,0.0,0.0,0.0,,0.0,11.0,59.0,45.0,14.0,33.0,26.0,7.0,0.0,0.0,0.0,9.0,,0.0,37.0,0,0,0,0,0,1,1,1,1,1,1,1,0,0,0,0,0,0,0,0,0,0,0,1,0,0,0,0,0,0,0,0,0,0,0,0,1,0,0,0.1364,0.2063,0.21,0.23
2015,mojave unified,"Town, distant",0.11,0.09,0.19,0.07,0.14,,,0.06,,0.11,,,0.18,22.0,19.0,6.0,8.0,17.0,0.0,0.0,4.0,,11.0,,0.0,9.0,224.0,191.0,33.0,112.0,112.0,1.0,2.0,67.0,,100.0,,7.0,47.0,0,0,0,0,0,1,1,0,1,0,1,1,0,0,0,0,0,0,0,0,0,1,0,1,0,0,0,0,0,0,0,0,0,0,1,0,1,0,0,,,,
2016,mojave unified,"Town, distant",0.08,0.07,0.16,0.08,0.08,,,0.04,,0.06,,,0.16,20.0,15.0,5.0,11.0,11.0,,0.0,3.0,0.0,7.0,,0.0,9.0,250.0,219.0,31.0,132.0,118.0,,2.0,72.0,1.0,110.0,,7.0,58.0,0,0,0,0,0,1,1,0,1,0,1,1,0,0,0,0,0,0,1,0,0,0,0,1,0,0,0,0,0,0,0,1,0,0,0,0,1,0,0,0.11,,,
2017,mojave unified,"Town, distant",0.1587,0.1297,0.3913,0.1545,0.1633,,,0.0556,,0.15,,,0.2955,33.0,24.0,9.0,17.0,16.0,0.0,0.0,3.0,0.0,15.0,0.0,0.0,13.0,208.0,185.0,23.0,110.0,98.0,0.0,0.0,54.0,0.0,100.0,0.0,0.0,44.0,0,0,0,0,0,1,1,0,1,0,1,1,0,0,0,0,0,0,0,0,0,0,0,0,0,0,0,0,0,0,0,0,0,0,0,0,0,0,0,0.08,0.11,,
2018,mojave unified,"Town, distant",0.1454,0.1024,0.5455,0.1683,0.127,,,0.0676,,0.1633,,0.0,0.3333,33.0,21.0,12.0,17.0,16.0,0.0,,5.0,,16.0,0.0,0.0,12.0,227.0,205.0,22.0,101.0,126.0,0.0,,74.0,,98.0,0.0,16.0,36.0,0,0,0,0,0,1,1,0,1,0,1,0,0,0,0,0,0,0,0,1,0,1,0,0,0,0,0,0,0,0,0,0,1,0,1,0,0,0,0,0.1587,0.08,0.11,
2019,mojave unified,"Town, distant",0.1878,0.1781,0.2692,0.1714,0.2,,,0.0602,,0.2569,,0.2308,0.25,46.0,39.0,7.0,18.0,28.0,,0.0,5.0,,28.0,0.0,3.0,9.0,245.0,219.0,26.0,105.0,140.0,,0.0,83.0,,109.0,0.0,13.0,36.0,0,0,0,0,0,1,1,0,1,0,1,0,0,0,0,0,0,0,1,0,0,1,0,0,0,0,0,0,0,0,0,1,0,0,1,0,0,0,0,0.1454,0.1587,0.08,0.11
2015,monroe elementary,"Rural, distant",0.17,0.18,,,0.07,,,,,0.1,,,,4.0,4.0,0.0,0.0,1.0,,0.0,,,2.0,,,0.0,24.0,22.0,2.0,10.0,14.0,,2.0,,,21.0,,,1.0,0,0,1,1,0,1,1,1,1,0,1,1,1,0,0,0,0,0,1,0,1,1,0,1,1,0,0,0,0,0,0,1,0,1,1,0,1,1,0,,,,
2016,monroe elementary,"Rural, distant",0.43,0.43,,,,,,,,0.43,,,,6.0,6.0,,0.0,0.0,,,,,6.0,,,,14.0,14.0,,7.0,7.0,,,,,14.0,,,,0,0,1,1,1,1,1,1,1,0,1,1,1,0,0,1,0,0,1,1,1,1,0,1,1,1,0,0,1,0,0,1,1,1,1,0,1,1,1,0.17,,,
2017,monroe elementary,"Rural, distant",0.35,0.35,,0.25,,,,,,0.3333,,,,7.0,7.0,,3.0,0.0,,0.0,,,6.0,,,0.0,20.0,20.0,,12.0,0.0,,0.0,,,18.0,,,0.0,0,0,1,0,1,1,1,1,1,0,1,1,1,0,0,1,0,0,1,0,1,1,0,1,1,0,0,0,1,0,0,1,0,1,1,0,1,1,0,0.43,0.17,,
2018,monroe elementary,"Rural, distant",0.1667,0.1875,,,0.1818,,,,,0.1667,,,,3.0,3.0,0.0,0.0,2.0,,,,,3.0,,,,18.0,16.0,0.0,0.0,11.0,,,,,18.0,,,,0,0,1,1,0,1,1,1,1,0,1,1,1,0,0,0,0,0,1,1,1,1,0,1,1,1,0,0,0,0,0,1,1,1,1,0,1,1,1,0.35,0.43,0.17,
2019,monroe elementary,"Rural, distant",0.4444,0.4118,,,0.5,,,,,0.4118,,,,8.0,7.0,0.0,0.0,6.0,,0.0,,,7.0,,,,18.0,17.0,0.0,6.0,12.0,,0.0,,,17.0,,,,0,0,1,1,0,1,1,1,1,0,1,1,1,0,0,0,0,0,1,0,1,1,0,1,1,1,0,0,0,0,0,1,0,1,1,0,1,1,1,0.1667,0.35,0.43,0.17
2015,monrovia unified,"Suburb, large",0.37,0.24,0.63,0.37,0.37,,0.7,0.23,,0.24,,,0.64,153.0,70.0,85.0,72.0,81.0,0.0,14.0,7.0,0.0,63.0,0.0,0.0,57.0,414.0,280.0,134.0,194.0,220.0,1.0,20.0,31.0,6.0,255.0,2.0,10.0,89.0,0,0,0,0,0,1,0,0,1,0,1,1,0,0,0,0,0,0,0,0,0,0,0,0,0,0,0,0,0,0,0,0,0,0,0,0,0,0,0,,,,
2016,monrovia unified,"Suburb, large",0.45,0.32,0.67,0.41,0.49,,1.0,0.33,0.56,0.34,,,0.7,185.0,83.0,101.0,79.0,106.0,0.0,14.0,7.0,9.0,88.0,,0.0,65.0,411.0,260.0,151.0,194.0,217.0,1.0,14.0,21.0,16.0,257.0,,9.0,93.0,0,0,0,0,0,1,0,0,0,0,1,1,0,0,0,0,0,0,0,0,0,0,0,1,0,0,0,0,0,0,0,0,0,0,0,0,1,0,0,0.37,,,
2017,monrovia unified,"Suburb, large",0.4321,0.3186,0.6599,0.3684,0.4893,,0.7059,0.2308,0.6154,0.3322,,,0.7436,191.0,94.0,97.0,77.0,114.0,0.0,12.0,6.0,8.0,99.0,,0.0,58.0,442.0,295.0,147.0,209.0,233.0,0.0,17.0,26.0,13.0,298.0,,0.0,78.0,0,0,0,0,0,1,0,0,0,0,1,1,0,0,0,0,0,0,0,0,0,0,0,1,0,0,0,0,0,0,0,0,0,0,0,0,1,0,0,0.45,0.37,,
2018,monrovia unified,"Suburb, large",0.4879,0.3745,0.6797,0.5,0.4771,,0.7143,0.2593,,0.4201,,,0.6623,201.0,97.0,104.0,97.0,104.0,,15.0,7.0,0.0,113.0,0.0,0.0,51.0,412.0,259.0,153.0,194.0,218.0,,21.0,27.0,0.0,269.0,0.0,0.0,77.0,0,0,0,0,0,1,0,0,1,0,1,1,0,0,0,0,0,0,1,0,0,0,0,0,0,0,0,0,0,0,0,1,0,0,0,0,0,0,0,0.4321,0.45,0.37,
2019,monrovia unified,"Suburb, large",0.5315,0.4018,0.7376,0.5243,0.5389,,1.0,0.5,,0.4309,,0.8235,0.7419,194.0,90.0,104.0,97.0,97.0,0.0,16.0,6.0,0.0,106.0,0.0,14.0,46.0,365.0,224.0,141.0,185.0,180.0,0.0,16.0,12.0,10.0,246.0,0.0,17.0,62.0,0,0,0,0,0,1,0,0,1,0,1,0,0,0,0,0,0,0,0,0,0,0,0,0,0,0,0,0,0,0,0,0,0,0,0,0,0,0,0,0.4879,0.4321,0.45,0.37
2015,monson-sultana joint union elementary,"Rural, fringe",0.16,0.17,,0.15,0.18,,,,,0.15,,,,7.0,7.0,0.0,4.0,3.0,,,,,6.0,,,0.0,44.0,41.0,3.0,27.0,17.0,,,,,39.0,,,5.0,0,0,1,0,0,1,1,1,1,0,1,1,1,0,0,0,0,0,1,1,1,1,0,1,1,0,0,0,0,0,0,1,1,1,1,0,1,1,0,,,,
2016,monson-sultana joint union elementary,"Rural, fringe",0.24,0.2,,0.16,0.33,,,,,0.21,,,,11.0,9.0,0.0,4.0,7.0,,,,,9.0,,,0.0,46.0,44.0,2.0,25.0,21.0,,,,,42.0,,,4.0,0,0,1,0,0,1,1,1,1,0,1,1,1,0,0,0,0,0,1,1,1,1,0,1,1,0,0,0,0,0,0,1,1,1,1,0,1,1,0,0.16,,,
2017,monson-sultana joint union elementary,"Rural, fringe",0.2,0.16,,0.2353,0.1429,,,,,0.1765,,,,11.0,8.0,0.0,8.0,3.0,,,,,9.0,,,0.0,55.0,50.0,0.0,34.0,21.0,,,,,51.0,,,0.0,0,0,1,0,0,1,1,1,1,0,1,1,1,0,0,0,0,0,1,1,1,1,0,1,1,0,0,0,0,0,0,1,1,1,1,0,1,1,0,0.24,0.16,,
2018,monson-sultana joint union elementary,"Rural, fringe",0.234,0.2368,,0.087,0.375,,,,,0.25,,,,11.0,9.0,0.0,2.0,9.0,,,,,11.0,,0.0,0.0,47.0,38.0,0.0,23.0,24.0,,,,,44.0,,0.0,0.0,0,0,1,0,0,1,1,1,1,0,1,1,1,0,0,0,0,0,1,1,1,1,0,1,0,0,0,0,0,0,0,1,1,1,1,0,1,0,0,0.2,0.24,0.16,
2019,monson-sultana joint union elementary,"Rural, fringe",0.2593,0.2093,0.4545,0.2963,0.2222,,,,,0.25,,,,14.0,9.0,5.0,8.0,6.0,,,,,13.0,,,0.0,54.0,43.0,11.0,27.0,27.0,,,,,52.0,,,0.0,0,0,0,0,0,1,1,1,1,0,1,1,1,0,0,0,0,0,1,1,1,1,0,1,1,0,0,0,0,0,0,1,1,1,1,0,1,1,0,0.234,0.2,0.24,0.16
2015,montague elementary,"Rural, distant",0.0,0.0,,0.0,,,,,,,,,,0.0,0.0,0.0,0.0,0.0,,,,,0.0,,,0.0,23.0,16.0,7.0,13.0,10.0,,,,,5.0,,,3.0,0,0,1,0,1,1,1,1,1,1,1,1,1,0,0,0,0,0,1,1,1,1,0,1,1,0,0,0,0,0,0,1,1,1,1,0,1,1,0,,,,
2016,montague elementary,"Rural, distant",0.18,0.21,,,0.15,,,,,,,,,4.0,3.0,0.0,0.0,2.0,0.0,,,,0.0,0.0,,0.0,22.0,14.0,8.0,9.0,13.0,2.0,,,,2.0,1.0,,10.0,0,0,1,1,0,1,1,1,1,1,1,1,1,0,0,0,0,0,0,1,1,1,0,0,1,0,0,0,0,0,0,0,1,1,1,0,0,1,0,0.0,,,
2017,montague elementary,"Rural, distant",0.4286,0.5455,,,,,,,,,,,,6.0,6.0,0.0,0.0,0.0,,,,,0.0,,,0.0,14.0,11.0,0.0,0.0,0.0,,,,,0.0,,,0.0,0,0,1,1,1,1,1,1,1,1,1,1,1,0,0,0,0,0,1,1,1,1,0,1,1,0,0,0,0,0,0,1,1,1,1,0,1,1,0,0.18,0.0,,
2018,montague elementary,"Rural, distant",0.2727,,,,,,,,,,,,,3.0,0.0,0.0,0.0,0.0,0.0,,,,0.0,0.0,0.0,0.0,11.0,0.0,0.0,0.0,0.0,0.0,,,,0.0,0.0,0.0,0.0,0,1,1,1,1,1,1,1,1,1,1,1,1,0,0,0,0,0,0,1,1,1,0,0,0,0,0,0,0,0,0,0,1,1,1,0,0,0,0,0.4286,0.18,0.0,
2019,montague elementary,"Rural, distant",0.2273,0.2222,,,0.2353,,,,,,,,,5.0,4.0,0.0,0.0,4.0,0.0,,0.0,,0.0,,,0.0,22.0,18.0,4.0,5.0,17.0,0.0,,0.0,,5.0,,,5.0,0,0,1,1,0,1,1,1,1,1,1,1,1,0,0,0,0,0,0,1,0,1,0,1,1,0,0,0,0,0,0,0,1,0,1,0,1,1,0,0.2727,0.4286,0.18,0.0
2015,montebello unified,"Suburb, large",0.16,0.14,0.27,0.15,0.16,,0.5,,,0.15,,,0.18,333.0,266.0,47.0,152.0,171.0,0.0,18.0,0.0,0.0,280.0,,0.0,5.0,2081.0,1899.0,182.0,1013.0,1068.0,1.0,36.0,5.0,3.0,2003.0,,3.0,28.0,0,0,0,0,0,1,0,1,1,0,1,1,0,0,0,0,0,0,0,0,0,0,0,1,0,0,0,0,0,0,0,0,0,0,0,0,1,0,0,,,,
2016,montebello unified,"Suburb, large",0.19,0.18,0.25,0.17,0.21,,0.58,,,0.18,,,0.33,399.0,330.0,65.0,169.0,221.0,,22.0,0.0,0.0,365.0,,0.0,6.0,2097.0,1837.0,260.0,992.0,1105.0,,38.0,2.0,5.0,2026.0,,7.0,18.0,0,0,0,0,0,1,0,1,1,0,1,1,0,0,0,0,0,0,1,0,0,0,0,1,0,0,0,0,0,0,0,1,0,0,0,0,1,0,0,0.16,,,
2017,montebello unified,"Suburb, large",0.2309,0.2146,0.3529,0.2215,0.2402,,0.6538,,,0.2233,,,,434.0,356.0,78.0,208.0,226.0,0.0,17.0,0.0,0.0,406.0,0.0,0.0,0.0,1880.0,1659.0,221.0,939.0,941.0,0.0,26.0,0.0,0.0,1818.0,0.0,0.0,0.0,0,0,0,0,0,1,0,1,1,0,1,1,1,0,0,0,0,0,0,0,0,0,0,0,0,0,0,0,0,0,0,0,0,0,0,0,0,0,0,0.19,0.16,,
2018,montebello unified,"Suburb, large",0.2998,0.2931,0.3357,0.2958,0.3032,,0.9143,,,0.2862,,,0.2727,540.0,444.0,96.0,242.0,298.0,0.0,32.0,0.0,0.0,494.0,0.0,0.0,3.0,1802.0,1516.0,286.0,818.0,984.0,0.0,35.0,0.0,0.0,1727.0,0.0,0.0,11.0,0,0,0,0,0,1,0,1,1,0,1,1,0,0,0,0,0,0,0,0,0,0,0,0,0,0,0,0,0,0,0,0,0,0,0,0,0,0,0,0.2309,0.19,0.16,
2019,montebello unified,"Suburb, large",0.3058,0.2907,0.4205,0.2703,0.3408,,0.75,,,0.2978,,,0.4667,514.0,432.0,82.0,226.0,288.0,0.0,15.0,0.0,0.0,484.0,0.0,0.0,7.0,1681.0,1486.0,195.0,836.0,845.0,0.0,20.0,5.0,0.0,1625.0,0.0,4.0,15.0,0,0,0,0,0,1,0,1,1,0,1,1,0,0,0,0,0,0,0,0,0,0,0,0,0,0,0,0,0,0,0,0,0,0,0,0,0,0,0,0.2998,0.2309,0.19,0.16
2015,montecito union elementary,"Suburb, midsize",0.9,,0.93,0.88,0.92,,,,,,,,0.92,72.0,0.0,67.0,38.0,34.0,0.0,0.0,,,0.0,,,67.0,80.0,8.0,72.0,43.0,37.0,1.0,2.0,,,2.0,,,73.0,0,1,0,0,0,1,1,1,1,1,1,1,0,0,0,0,0,0,0,0,1,1,0,1,1,0,0,0,0,0,0,0,0,1,1,0,1,1,0,,,,
2016,montecito union elementary,"Suburb, midsize",0.92,,0.92,0.94,0.88,,,,,,,,0.91,57.0,0.0,54.0,34.0,23.0,,0.0,0.0,,0.0,,0.0,49.0,62.0,3.0,59.0,36.0,26.0,,1.0,3.0,,2.0,,1.0,54.0,0,1,0,0,0,1,1,1,1,1,1,1,0,0,0,0,0,0,1,0,0,1,0,1,0,0,0,0,0,0,0,1,0,0,1,0,1,0,0,0.9,,,
2017,montecito union elementary,"Suburb, midsize",0.8955,,0.9063,0.9429,0.8438,,,,,,,,0.9107,60.0,0.0,58.0,33.0,27.0,0.0,,0.0,,0.0,,0.0,51.0,67.0,0.0,64.0,35.0,32.0,0.0,,0.0,,0.0,,0.0,56.0,0,1,0,0,0,1,1,1,1,1,1,1,0,0,0,0,0,0,0,1,0,1,0,1,0,0,0,0,0,0,0,0,1,0,1,0,1,0,0,0.92,0.9,,
2018,montecito union elementary,"Suburb, midsize",1.0,,1.0,1.0,1.0,,,,,,,,1.0,51.0,0.0,50.0,25.0,26.0,,,,,0.0,,0.0,47.0,51.0,0.0,50.0,25.0,26.0,,,,,0.0,,0.0,47.0,0,1,0,0,0,1,1,1,1,1,1,1,0,0,0,0,0,0,1,1,1,1,0,1,0,0,0,0,0,0,0,1,1,1,1,0,1,0,0,0.8955,0.92,0.9,
2019,montecito union elementary,"Suburb, midsize",0.9298,,0.94,0.9615,0.9032,,,,,,,,0.9574,53.0,0.0,47.0,25.0,28.0,,,,0.0,0.0,,0.0,45.0,57.0,7.0,50.0,26.0,31.0,,,,0.0,7.0,,0.0,47.0,0,1,0,0,0,1,1,1,1,1,1,1,0,0,0,0,0,0,1,1,1,0,0,1,0,0,0,0,0,0,0,1,1,1,0,0,1,0,0,1.0,0.8955,0.92,0.9
2015,moorpark unified,"Suburb, midsize",0.5,0.26,0.65,0.47,0.53,,0.88,,,0.34,,0.57,0.62,231.0,44.0,183.0,103.0,124.0,,21.0,0.0,0.0,69.0,0.0,13.0,121.0,453.0,172.0,281.0,219.0,234.0,,24.0,2.0,5.0,202.0,1.0,23.0,196.0,0,0,0,0,0,1,0,1,1,0,1,0,0,0,0,0,0,0,1,0,0,0,0,0,0,0,0,0,0,0,0,1,0,0,0,0,0,0,0,,,,
2016,moorpark unified,"Suburb, midsize",0.55,0.36,0.73,0.53,0.58,,0.9,,,0.42,,0.68,0.69,265.0,81.0,185.0,125.0,142.0,0.0,18.0,0.0,0.0,102.0,0.0,19.0,123.0,482.0,225.0,257.0,237.0,245.0,1.0,20.0,3.0,2.0,249.0,1.0,28.0,178.0,0,0,0,0,0,1,0,1,1,0,1,0,0,0,0,0,0,0,0,0,0,0,0,0,0,0,0,0,0,0,0,0,0,0,0,0,0,0,0,0.5,,,
2017,moorpark unified,"Suburb, midsize",0.5617,0.3382,0.7376,0.5378,0.5862,,0.9412,,,0.3589,,0.875,0.7802,264.0,70.0,194.0,128.0,136.0,,16.0,0.0,0.0,89.0,,14.0,142.0,470.0,207.0,263.0,238.0,232.0,,17.0,0.0,0.0,248.0,,16.0,182.0,0,0,0,0,0,1,0,1,1,0,1,0,0,0,0,0,0,0,1,0,0,0,0,1,0,0,0,0,0,0,0,1,0,0,0,0,1,0,0,0.55,0.5,,
2018,moorpark unified,"Suburb, midsize",0.6,0.4256,0.7236,0.5412,0.6698,,0.84,,,0.4693,,0.6571,0.72,282.0,83.0,199.0,138.0,144.0,,21.0,0.0,0.0,107.0,,23.0,126.0,470.0,195.0,275.0,255.0,215.0,,25.0,0.0,0.0,228.0,,35.0,175.0,0,0,0,0,0,1,0,1,1,0,1,0,0,0,0,0,0,0,1,0,0,0,0,1,0,0,0,0,0,0,0,1,0,0,0,0,1,0,0,0.5617,0.55,0.5,
2019,moorpark unified,"Suburb, midsize",0.5934,0.382,0.7469,0.585,0.6009,,0.913,,,0.4389,,0.75,0.7405,251.0,68.0,183.0,117.0,134.0,,21.0,0.0,,97.0,,15.0,117.0,423.0,178.0,245.0,200.0,223.0,,23.0,0.0,,221.0,,20.0,158.0,0,0,0,0,0,1,0,1,1,0,1,0,0,0,0,0,0,0,1,0,0,1,0,1,0,0,0,0,0,0,0,1,0,0,1,0,1,0,0,0.6,0.5617,0.55,0.5
2015,moraga elementary,"Suburb, large",0.83,,0.83,0.81,0.84,,0.92,,,0.85,,0.92,0.78,172.0,0.0,167.0,84.0,88.0,,34.0,,0.0,11.0,,22.0,98.0,207.0,3.0,204.0,102.0,105.0,,37.0,,6.0,13.0,,24.0,127.0,0,1,0,0,0,1,0,1,1,0,1,0,0,0,0,0,0,0,1,0,1,0,0,1,0,0,0,0,0,0,0,1,0,1,0,0,1,0,0,,,,
2016,moraga elementary,"Suburb, large",0.84,,0.85,0.82,0.86,,0.96,,,0.73,,0.85,0.85,158.0,0.0,158.0,67.0,91.0,,23.0,0.0,0.0,8.0,,23.0,99.0,188.0,2.0,186.0,82.0,106.0,,24.0,3.0,4.0,11.0,,27.0,117.0,0,1,0,0,0,1,0,1,1,0,1,0,0,0,0,0,0,0,1,0,0,0,0,1,0,0,0,0,0,0,0,1,0,0,0,0,1,0,0,0.83,,,
2017,moraga elementary,"Suburb, large",0.8199,,0.8221,0.789,0.8529,,0.931,,,0.7727,,0.9545,0.782,173.0,0.0,171.0,86.0,87.0,0.0,27.0,0.0,0.0,17.0,,21.0,104.0,211.0,0.0,208.0,109.0,102.0,0.0,29.0,0.0,0.0,22.0,,22.0,133.0,0,1,0,0,0,1,0,1,1,0,1,0,0,0,0,0,0,0,0,0,0,0,0,1,0,0,0,0,0,0,0,0,0,0,0,0,1,0,0,0.84,0.83,,
2018,moraga elementary,"Suburb, large",0.7524,,0.7596,0.7736,0.7308,,0.7273,,,0.7333,,0.9394,0.7167,158.0,0.0,158.0,82.0,76.0,,24.0,0.0,0.0,11.0,,31.0,86.0,210.0,0.0,208.0,106.0,104.0,,33.0,0.0,0.0,15.0,,33.0,120.0,0,1,0,0,0,1,0,1,1,0,1,0,0,0,0,0,0,0,1,0,0,0,0,1,0,0,0,0,0,0,0,1,0,0,0,0,1,0,0,0.8199,0.84,0.83,
2019,moraga elementary,"Suburb, large",0.799,,0.8128,0.7429,0.8558,,0.8929,,,0.5,,0.8,0.8145,167.0,0.0,165.0,78.0,89.0,0.0,25.0,0.0,0.0,8.0,0.0,28.0,101.0,209.0,6.0,203.0,105.0,104.0,0.0,28.0,0.0,0.0,16.0,0.0,35.0,124.0,0,1,0,0,0,1,0,1,1,0,1,0,0,0,0,0,0,0,0,0,0,0,0,0,0,0,0,0,0,0,0,0,0,0,0,0,0,0,0,0.7524,0.8199,0.84,0.83
2015,moreland,"City, large",0.63,0.34,0.81,0.62,0.64,,0.88,0.36,0.73,0.35,,0.88,0.72,324.0,68.0,253.0,160.0,163.0,0.0,114.0,4.0,8.0,59.0,0.0,35.0,99.0,513.0,201.0,312.0,258.0,255.0,6.0,129.0,11.0,11.0,176.0,2.0,40.0,137.0,0,0,0,0,0,1,0,0,0,0,1,0,0,0,0,0,0,0,0,0,0,0,0,0,0,0,0,0,0,0,0,0,0,0,0,0,0,0,0,,,,
2016,moreland,"City, large",0.59,0.25,0.76,0.58,0.6,,0.89,0.43,0.85,0.28,,0.71,0.7,337.0,48.0,290.0,155.0,179.0,0.0,125.0,6.0,17.0,58.0,0.0,24.0,104.0,571.0,194.0,377.0,267.0,304.0,2.0,140.0,14.0,20.0,207.0,3.0,34.0,151.0,0,0,0,0,0,1,0,0,0,0,1,0,0,0,0,0,0,0,0,0,0,0,0,0,0,0,0,0,0,0,0,0,0,0,0,0,0,0,0,0.63,,,
2017,moreland,"City, large",0.6834,0.3942,0.7928,0.6762,0.6902,,0.8732,0.6667,,0.4067,,0.7813,0.7682,341.0,54.0,287.0,165.0,176.0,0.0,124.0,8.0,0.0,61.0,0.0,25.0,116.0,499.0,137.0,362.0,244.0,255.0,0.0,142.0,12.0,0.0,150.0,0.0,32.0,151.0,0,0,0,0,0,1,0,0,1,0,1,0,0,0,0,0,0,0,0,0,0,0,0,0,0,0,0,0,0,0,0,0,0,0,0,0,0,0,0,0.59,0.63,,
2018,moreland,"City, large",0.6861,0.4121,0.8042,0.6563,0.7123,,0.9138,0.35,0.7333,0.4353,,0.8235,0.7302,376.0,68.0,308.0,168.0,208.0,0.0,159.0,7.0,11.0,74.0,0.0,28.0,92.0,548.0,165.0,383.0,256.0,292.0,0.0,174.0,20.0,15.0,170.0,0.0,34.0,126.0,0,0,0,0,0,1,0,0,0,0,1,0,0,0,0,0,0,0,0,0,0,0,0,0,0,0,0,0,0,0,0,0,0,0,0,0,0,0,0,0.6834,0.59,0.63,
2019,moreland,"City, large",0.6406,0.3355,0.7731,0.6642,0.6141,,0.9034,0.5,0.75,0.3121,,0.6207,0.7059,328.0,52.0,276.0,180.0,148.0,0.0,159.0,8.0,9.0,49.0,0.0,18.0,84.0,512.0,155.0,357.0,271.0,241.0,0.0,176.0,16.0,12.0,157.0,0.0,29.0,119.0,0,0,0,0,0,1,0,0,0,0,1,0,0,0,0,0,0,0,0,0,0,0,0,0,0,0,0,0,0,0,0,0,0,0,0,0,0,0,0,0.6861,0.6834,0.59,0.63
2015,moreno valley unified,"Suburb, large",0.16,0.14,0.3,0.17,0.15,,0.38,0.11,0.44,0.15,0.07,0.24,0.23,420.0,314.0,116.0,216.0,203.0,0.0,24.0,41.0,17.0,259.0,1.0,22.0,39.0,2623.0,2238.0,385.0,1270.0,1353.0,7.0,64.0,371.0,39.0,1853.0,14.0,93.0,181.0,0,0,0,0,0,1,0,0,0,0,0,0,0,0,0,0,0,0,0,0,0,0,0,0,0,0,0,0,0,0,0,0,0,0,0,0,0,0,0,,,,
2016,moreno valley unified,"Suburb, large",0.17,0.14,0.32,0.16,0.18,,0.27,0.08,0.33,0.16,0.19,0.26,0.32,473.0,336.0,123.0,217.0,242.0,0.0,17.0,35.0,8.0,316.0,3.0,25.0,67.0,2781.0,2398.0,383.0,1355.0,1426.0,5.0,64.0,392.0,24.0,1978.0,16.0,95.0,207.0,0,0,0,0,0,1,0,0,0,0,0,0,0,0,0,0,0,0,0,0,0,0,0,0,0,0,0,0,0,0,0,0,0,0,0,0,0,0,0,0.16,,,
2017,moreno valley unified,"Suburb, large",0.2398,0.2073,0.4611,0.2318,0.248,,0.4878,0.1611,0.5806,0.2226,0.24,0.2903,0.422,601.0,453.0,148.0,293.0,308.0,0.0,20.0,53.0,18.0,402.0,6.0,27.0,73.0,2507.0,2186.0,321.0,1265.0,1242.0,0.0,41.0,329.0,31.0,1806.0,25.0,93.0,174.0,0,0,0,0,0,1,0,0,0,0,0,0,0,0,0,0,0,0,0,0,0,0,0,0,0,0,0,0,0,0,0,0,0,0,0,0,0,0,0,0.17,0.16,,
2018,moreno valley unified,"Suburb, large",0.2627,0.2517,0.3194,0.2331,0.2905,,0.5333,0.1487,0.55,0.2635,0.1818,0.2234,0.4059,657.0,527.0,130.0,282.0,375.0,0.0,24.0,51.0,11.0,478.0,2.0,21.0,69.0,2501.0,2094.0,407.0,1210.0,1291.0,0.0,45.0,343.0,20.0,1814.0,11.0,94.0,170.0,0,0,0,0,0,1,0,0,0,0,0,0,0,0,0,0,0,0,0,0,0,0,0,0,0,0,0,0,0,0,0,0,0,0,0,0,0,0,0,0.2398,0.17,0.16,
2019,moreno valley unified,"Suburb, large",0.3011,0.3021,0.2867,0.2917,0.3096,,0.5357,0.1935,0.6522,0.2965,0.3158,0.3377,0.4733,685.0,644.0,41.0,315.0,370.0,0.0,15.0,54.0,15.0,507.0,6.0,26.0,62.0,2277.0,2134.0,143.0,1081.0,1196.0,4.0,28.0,280.0,23.0,1710.0,19.0,78.0,131.0,0,0,0,0,0,1,0,0,0,0,0,0,0,0,0,0,0,0,0,0,0,0,0,0,0,0,0,0,0,0,0,0,0,0,0,0,0,0,0,0.2627,0.2398,0.17,0.16
2015,morgan hill unified,"Suburb, small",0.38,0.18,0.55,0.34,0.43,,0.68,,,0.24,,0.47,0.54,259.0,53.0,201.0,107.0,149.0,0.0,47.0,0.0,0.0,85.0,0.0,9.0,103.0,662.0,296.0,366.0,316.0,346.0,6.0,69.0,8.0,9.0,354.0,2.0,19.0,191.0,0,0,0,0,0,1,0,1,1,0,1,0,0,0,0,0,0,0,0,0,0,0,0,0,0,0,0,0,0,0,0,0,0,0,0,0,0,0,0,,,,
2016,morgan hill unified,"Suburb, small",0.39,0.16,0.6,0.37,0.4,,0.79,0.25,0.67,0.23,,0.54,0.59,254.0,52.0,206.0,116.0,144.0,0.0,34.0,3.0,10.0,87.0,0.0,7.0,116.0,666.0,323.0,343.0,314.0,352.0,7.0,43.0,12.0,15.0,375.0,4.0,13.0,193.0,0,0,0,0,0,1,0,0,0,0,1,0,0,0,0,0,0,0,0,0,0,0,0,0,0,0,0,0,0,0,0,0,0,0,0,0,0,0,0,0.38,,,
2017,morgan hill unified,"Suburb, small",0.4155,0.2016,0.5539,0.4435,0.3863,,0.75,,0.4375,0.2472,,0.4091,0.6041,273.0,52.0,221.0,149.0,124.0,0.0,42.0,0.0,7.0,87.0,0.0,9.0,119.0,657.0,258.0,399.0,336.0,321.0,0.0,56.0,0.0,16.0,352.0,0.0,22.0,197.0,0,0,0,0,0,1,0,1,0,0,1,0,0,0,0,0,0,0,0,0,0,0,0,0,0,0,0,0,0,0,0,0,0,0,0,0,0,0,0,0.39,0.38,,
2018,morgan hill unified,"Suburb, small",0.4235,0.2271,0.585,0.4139,0.4334,,0.7917,,0.3333,0.2753,,0.5,0.6075,277.0,67.0,210.0,137.0,140.0,0.0,38.0,0.0,4.0,98.0,0.0,10.0,113.0,654.0,295.0,359.0,331.0,323.0,0.0,48.0,0.0,12.0,356.0,0.0,20.0,186.0,0,0,0,0,0,1,0,1,0,0,1,0,0,0,0,0,0,0,0,0,0,0,0,0,0,0,0,0,0,0,0,0,0,0,0,0,0,0,0,0.4155,0.39,0.38,
2019,morgan hill unified,"Suburb, small",0.4185,0.2183,0.5867,0.4149,0.4222,,0.7179,,0.7692,0.2517,,0.8333,0.5933,231.0,55.0,176.0,117.0,114.0,0.0,28.0,0.0,10.0,76.0,0.0,20.0,89.0,552.0,252.0,300.0,282.0,270.0,0.0,39.0,7.0,13.0,302.0,0.0,24.0,150.0,0,0,0,0,0,1,0,1,0,0,1,0,0,0,0,0,0,0,0,0,0,0,0,0,0,0,0,0,0,0,0,0,0,0,0,0,0,0,0,0.4235,0.4155,0.39,0.38
2015,morongo unified,"Town, distant",0.31,0.26,0.43,0.31,0.32,,,0.25,,0.26,,0.35,0.34,191.0,109.0,85.0,102.0,93.0,0.0,0.0,9.0,0.0,46.0,0.0,13.0,118.0,617.0,420.0,197.0,326.0,291.0,3.0,8.0,36.0,8.0,174.0,5.0,37.0,345.0,0,0,0,0,0,1,1,0,1,0,1,0,0,0,0,0,0,0,0,0,0,0,0,0,0,0,0,0,0,0,0,0,0,0,0,0,0,0,0,,,,
2016,morongo unified,"Town, distant",0.34,0.26,0.51,0.33,0.34,,,0.22,0.55,0.29,,0.39,0.37,228.0,120.0,108.0,104.0,125.0,0.0,0.0,11.0,6.0,63.0,0.0,13.0,132.0,672.0,459.0,213.0,315.0,357.0,5.0,6.0,49.0,11.0,219.0,2.0,33.0,347.0,0,0,0,0,0,1,1,0,0,0,1,0,0,0,0,0,0,0,0,0,0,0,0,0,0,0,0,0,0,0,0,0,0,0,0,0,0,0,0,0.31,,,
2017,morongo unified,"Town, distant",0.2567,0.1861,0.3947,0.2448,0.2687,,0.5833,0.1698,0.4706,0.1898,,0.2813,0.2879,173.0,83.0,90.0,83.0,90.0,0.0,7.0,9.0,8.0,41.0,0.0,9.0,95.0,674.0,446.0,228.0,339.0,335.0,0.0,12.0,53.0,17.0,216.0,0.0,32.0,330.0,0,0,0,0,0,1,0,0,0,0,1,0,0,0,0,0,0,0,0,0,0,0,0,0,0,0,0,0,0,0,0,0,0,0,0,0,0,0,0,0.34,0.31,,
2018,morongo unified,"Town, distant",0.2736,0.1818,0.5081,0.2652,0.2818,,,0.2037,,0.2318,,0.4615,0.305,181.0,86.0,94.0,87.0,93.0,0.0,0.0,11.0,0.0,51.0,0.0,6.0,105.0,661.0,476.0,185.0,329.0,332.0,0.0,0.0,54.0,0.0,220.0,0.0,13.0,344.0,0,0,0,0,0,1,1,0,1,0,1,0,0,0,0,0,0,0,0,0,0,0,0,0,0,0,0,0,0,0,0,0,0,0,0,0,0,0,0,0.2567,0.34,0.31,
2019,morongo unified,"Town, distant",0.3141,0.2599,0.4607,0.2862,0.3413,,,0.1897,0.5,0.2565,,,0.3709,207.0,125.0,82.0,93.0,114.0,0.0,0.0,11.0,7.0,59.0,0.0,0.0,125.0,659.0,481.0,178.0,325.0,334.0,0.0,8.0,58.0,14.0,230.0,6.0,0.0,337.0,0,0,0,0,0,1,1,0,0,0,1,1,0,0,0,0,0,0,0,0,0,0,0,0,0,0,0,0,0,0,0,0,0,0,0,0,0,0,0,0.2736,0.2567,0.34,0.31
2015,mountain elementary,"Suburb, midsize",0.87,,0.92,,,,,,,,,,0.87,13.0,0.0,12.0,0.0,0.0,,,,,,,,13.0,15.0,2.0,13.0,7.0,8.0,,,,,,,,15.0,0,1,0,1,1,1,1,1,1,1,1,1,0,0,0,0,0,0,1,1,1,1,1,1,1,0,0,0,0,0,0,1,1,1,1,1,1,1,0,,,,
2016,mountain elementary,"Suburb, midsize",0.81,,0.86,,,,,,,,,,0.81,13.0,0.0,12.0,0.0,0.0,,,,,,,,13.0,16.0,2.0,14.0,8.0,8.0,,,,,,,,16.0,0,1,0,1,1,1,1,1,1,1,1,1,0,0,0,0,0,0,1,1,1,1,1,1,1,0,0,0,0,0,0,1,1,1,1,1,1,1,0,0.87,,,
2017,mountain elementary,"Suburb, midsize",0.6522,,0.75,0.5833,0.7273,,,,,,,,0.6667,15.0,0.0,15.0,7.0,8.0,,,,,0.0,,0.0,14.0,23.0,0.0,20.0,12.0,11.0,,,,,0.0,,0.0,21.0,0,1,0,0,0,1,1,1,1,1,1,1,0,0,0,0,0,0,1,1,1,1,0,1,0,0,0,0,0,0,0,1,1,1,1,0,1,0,0,0.81,0.87,,
2018,mountain elementary,"Suburb, midsize",0.8333,,0.8824,,0.8462,,,,,,,,0.9231,15.0,0.0,15.0,0.0,11.0,,,,,0.0,,0.0,12.0,18.0,0.0,17.0,0.0,13.0,,,,,0.0,,0.0,13.0,0,1,0,1,0,1,1,1,1,1,1,1,0,0,0,0,0,0,1,1,1,1,0,1,0,0,0,0,0,0,0,1,1,1,1,0,1,0,0,0.6522,0.81,0.87,
2019,mountain elementary,"Suburb, midsize",0.75,,0.7857,,,,,,,,,,0.6923,12.0,0.0,11.0,0.0,0.0,,0.0,,,0.0,,0.0,9.0,16.0,0.0,14.0,7.0,9.0,,0.0,,,0.0,,0.0,13.0,0,1,0,1,1,1,1,1,1,1,1,1,0,0,0,0,0,0,1,0,1,1,0,1,0,0,0,0,0,0,0,1,0,1,1,0,1,0,0,0.8333,0.6522,0.81,0.87
2015,mountain empire unified,"City, large",0.22,0.18,0.31,0.19,0.24,,,,,0.13,,,0.33,31.0,18.0,13.0,12.0,19.0,0.0,,0.0,0.0,9.0,0.0,0.0,17.0,140.0,98.0,42.0,62.0,78.0,10.0,,1.0,1.0,70.0,1.0,6.0,51.0,0,0,0,0,0,1,1,1,1,0,1,1,0,0,0,0,0,0,0,1,0,0,0,0,0,0,0,0,0,0,0,0,1,0,0,0,0,0,0,,,,
2016,mountain empire unified,"Rural, distant",0.21,0.21,0.22,0.19,0.24,,,,,0.17,,,0.33,28.0,22.0,6.0,12.0,17.0,0.0,,0.0,0.0,12.0,,0.0,14.0,134.0,105.0,29.0,65.0,69.0,5.0,,3.0,1.0,73.0,,7.0,43.0,0,0,0,0,0,1,1,1,1,0,1,1,0,0,0,0,0,0,0,1,0,0,0,1,0,0,0,0,0,0,0,0,1,0,0,0,1,0,0,0.22,,,
2017,mountain empire unified,"Rural, distant",0.2845,0.2113,0.4,0.25,0.3125,,,,,0.2034,,,0.4255,33.0,15.0,18.0,13.0,20.0,,,0.0,,12.0,,0.0,20.0,116.0,71.0,45.0,52.0,64.0,,,0.0,,59.0,,0.0,47.0,0,0,0,0,0,1,1,1,1,0,1,1,0,0,0,0,0,0,1,1,0,1,0,1,0,0,0,0,0,0,0,1,1,0,1,0,1,0,0,0.21,0.22,,
2018,mountain empire unified,"Rural, distant",0.2803,0.1977,0.4348,0.2407,0.3077,,,,,0.2208,,,0.4286,37.0,17.0,20.0,13.0,24.0,0.0,,0.0,0.0,17.0,,0.0,18.0,132.0,86.0,46.0,54.0,78.0,0.0,,0.0,0.0,77.0,,0.0,42.0,0,0,0,0,0,1,1,1,1,0,1,1,0,0,0,0,0,0,0,1,0,0,0,1,0,0,0,0,0,0,0,0,1,0,0,0,1,0,0,0.2845,0.21,0.22,
2019,mountain empire unified,"Rural, distant",0.3223,0.2237,0.4889,0.2182,0.4091,,,,,0.1944,,,0.5526,39.0,17.0,22.0,12.0,27.0,0.0,,0.0,0.0,14.0,,0.0,21.0,121.0,76.0,45.0,55.0,66.0,4.0,,0.0,0.0,72.0,,0.0,38.0,0,0,0,0,0,1,1,1,1,0,1,1,0,0,0,0,0,0,0,1,0,0,0,1,0,0,0,0,0,0,0,0,1,0,0,0,1,0,0,0.2803,0.2845,0.21,0.22
2015,mountain valley unified,"Rural, remote",0.38,0.43,,0.29,,,,,,,,,0.25,8.0,6.0,0.0,4.0,0.0,0.0,0.0,,0.0,0.0,,0.0,4.0,21.0,14.0,7.0,14.0,7.0,1.0,1.0,,1.0,1.0,,1.0,16.0,0,0,1,0,1,1,1,1,1,1,1,1,0,0,0,0,0,0,0,0,1,0,0,1,0,0,0,0,0,0,0,0,0,1,0,0,1,0,0,,,,
2016,mountain valley unified,"Rural, remote",0.38,0.31,,,0.29,,,,,,,,,8.0,5.0,0.0,0.0,4.0,,0.0,,,0.0,,0.0,0.0,21.0,16.0,5.0,7.0,14.0,,3.0,,,2.0,,6.0,10.0,0,0,1,1,0,1,1,1,1,1,1,1,1,0,0,0,0,0,1,0,1,1,0,1,0,0,0,0,0,0,0,1,0,1,1,0,1,0,0,0.38,,,
2017,mountain valley unified,"Rural, remote",0.2692,0.1905,,0.2727,0.2667,,,,,,,,0.3333,7.0,4.0,0.0,3.0,4.0,0.0,0.0,,,0.0,,0.0,4.0,26.0,21.0,0.0,11.0,15.0,0.0,0.0,,,0.0,,0.0,12.0,0,0,1,0,0,1,1,1,1,1,1,1,0,0,0,0,0,0,0,0,1,1,0,1,0,0,0,0,0,0,0,0,0,1,1,0,1,0,0,0.38,0.38,,
2018,mountain valley unified,"Rural, remote",0.1786,0.1818,,0.1538,0.2,,,,,,,,0.2308,5.0,4.0,0.0,2.0,3.0,,0.0,,,0.0,,0.0,3.0,28.0,22.0,0.0,13.0,15.0,,0.0,,,0.0,,0.0,13.0,0,0,1,0,0,1,1,1,1,1,1,1,0,0,0,0,0,0,1,0,1,1,0,1,0,0,0,0,0,0,0,1,0,1,1,0,1,0,0,0.2692,0.38,0.38,
2019,mountain valley unified,"Rural, remote",0.5833,,,,,,,,,,,,,7.0,0.0,0.0,0.0,0.0,0.0,0.0,,,,,,0.0,12.0,9.0,0.0,5.0,7.0,0.0,0.0,,,,,,9.0,0,1,1,1,1,1,1,1,1,1,1,1,1,0,0,0,0,0,0,0,1,1,1,1,1,0,0,0,0,0,0,0,0,1,1,1,1,1,0,0.1786,0.2692,0.38,0.38
2015,mountain view elementary,"City, midsize",0.27,0.08,0.32,0.28,0.27,,,0.32,,0.21,,,0.3,76.0,4.0,74.0,37.0,41.0,,0.0,7.0,0.0,44.0,,0.0,9.0,284.0,53.0,231.0,132.0,152.0,,6.0,22.0,6.0,211.0,,7.0,30.0,0,0,0,0,0,1,1,0,1,0,1,1,0,0,0,0,0,0,1,0,0,0,0,1,0,0,0,0,0,0,0,1,0,0,0,0,1,0,0,,,,
2015,mountain view elementary,"Suburb, large",0.21,0.21,0.33,0.2,0.23,,0.8,,,0.18,,,,165.0,160.0,8.0,78.0,85.0,0.0,35.0,,0.0,132.0,,0.0,,785.0,761.0,24.0,415.0,370.0,1.0,44.0,,1.0,735.0,,1.0,,0,0,0,0,0,1,0,1,1,0,1,1,1,0,0,0,0,0,0,0,1,0,0,1,0,1,0,0,0,0,0,0,0,1,0,0,1,0,1,0.27,,,
2016,mountain view elementary,"Suburb, large",0.25,0.24,0.34,0.23,0.28,,0.52,,,0.24,,,,209.0,176.0,25.0,87.0,115.0,,16.0,,,185.0,,,,805.0,732.0,73.0,395.0,410.0,,31.0,,,770.0,,,,0,0,0,0,0,1,0,1,1,0,1,1,1,0,0,0,0,0,1,0,1,1,0,1,1,1,0,0,0,0,0,1,0,1,1,0,1,1,1,0.21,0.27,,
2016,mountain view elementary,"City, midsize",0.32,0.27,0.42,0.31,0.34,,0.43,0.13,,0.31,,,0.41,88.0,48.0,41.0,41.0,47.0,,6.0,3.0,0.0,61.0,,0.0,11.0,275.0,178.0,97.0,133.0,142.0,,14.0,23.0,5.0,194.0,,10.0,27.0,0,0,0,0,0,1,0,0,1,0,1,1,0,0,0,0,0,0,1,0,0,0,0,1,0,0,0,0,0,0,0,1,0,0,0,0,1,0,0,0.25,0.21,0.27,
2017,mountain view elementary,"City, midsize",0.3493,0.2959,0.4583,0.3597,0.3399,,,0.2105,,0.3242,,,0.5676,102.0,58.0,44.0,50.0,52.0,,0.0,4.0,0.0,71.0,0.0,0.0,21.0,292.0,196.0,96.0,139.0,153.0,,0.0,19.0,0.0,219.0,0.0,0.0,37.0,0,0,0,0,0,1,1,0,1,0,1,1,0,0,0,0,0,0,1,0,0,0,0,0,0,0,0,0,0,0,0,1,0,0,0,0,0,0,0,0.32,0.25,0.21,0.27
2017,mountain view elementary,"Suburb, large",0.254,0.2476,0.3333,0.2312,0.2738,,0.5814,,,0.2336,,,,204.0,185.0,20.0,86.0,118.0,,25.0,0.0,0.0,176.0,0.0,,0.0,806.0,746.0,60.0,374.0,432.0,,43.0,0.0,0.0,752.0,0.0,,0.0,0,0,0,0,0,1,0,1,1,0,1,1,1,0,0,0,0,0,1,0,0,0,0,0,1,0,0,0,0,0,0,1,0,0,0,0,0,1,0,0.3493,0.32,0.25,0.21
2018,mountain view elementary,"City, midsize",0.3585,0.3258,0.4253,0.3952,0.3262,,,0.3333,,0.2929,,,0.6207,95.0,58.0,37.0,49.0,46.0,,0.0,6.0,0.0,58.0,,0.0,18.0,265.0,178.0,87.0,124.0,141.0,,0.0,18.0,0.0,198.0,,0.0,29.0,0,0,0,0,0,1,1,0,1,0,1,1,0,0,0,0,0,0,1,0,0,0,0,1,0,0,0,0,0,0,0,1,0,0,0,0,1,0,0,0.254,0.3493,0.32,0.25
2018,mountain view elementary,"Suburb, large",0.2676,0.2693,0.2381,0.2341,0.297,,0.617,,,0.2431,,,,198.0,188.0,10.0,81.0,117.0,,29.0,0.0,0.0,167.0,,,,740.0,698.0,42.0,346.0,394.0,,47.0,0.0,0.0,687.0,,,,0,0,0,0,0,1,0,1,1,0,1,1,1,0,0,0,0,0,1,0,0,0,0,1,1,1,0,0,0,0,0,1,0,0,0,0,1,1,1,0.3585,0.254,0.3493,0.32
2019,mountain view elementary,"City, midsize",0.4779,0.4489,0.5313,0.4186,0.5315,,,0.3,,0.4271,,,0.6875,130.0,79.0,51.0,54.0,76.0,,0.0,6.0,0.0,85.0,0.0,0.0,22.0,272.0,176.0,96.0,129.0,143.0,,7.0,20.0,6.0,199.0,0.0,4.0,32.0,0,0,0,0,0,1,1,0,1,0,1,1,0,0,0,0,0,0,1,0,0,0,0,0,0,0,0,0,0,0,0,1,0,0,0,0,0,0,0,0.2676,0.3585,0.254,0.3493
2019,mountain view elementary,"Suburb, large",0.326,0.3171,0.4595,0.3058,0.3455,,0.697,,,0.3045,,,,193.0,176.0,17.0,89.0,104.0,,23.0,0.0,0.0,169.0,,,,594.0,557.0,37.0,291.0,303.0,,33.0,0.0,0.0,557.0,,,,0,0,0,0,0,1,0,1,1,0,1,1,1,0,0,0,0,0,1,0,0,0,0,1,1,1,0,0,0,0,0,1,0,0,0,0,1,1,1,0.4779,0.2676,0.3585,0.254
2015,mountain view whisman,"City, small",0.55,0.23,0.8,0.51,0.59,,0.81,0.25,0.69,0.24,,0.79,0.86,321.0,61.0,263.0,138.0,186.0,,52.0,3.0,9.0,64.0,0.0,45.0,151.0,584.0,252.0,332.0,270.0,314.0,,64.0,12.0,13.0,257.0,4.0,57.0,175.0,0,0,0,0,0,1,0,0,0,0,1,0,0,0,0,0,0,0,1,0,0,0,0,0,0,0,0,0,0,0,0,1,0,0,0,0,0,0,0,,,,
2016,mountain view whisman,"City, small",0.61,0.27,0.83,0.58,0.65,,0.88,,0.7,0.31,,0.87,0.87,349.0,61.0,288.0,169.0,182.0,,66.0,0.0,16.0,77.0,0.0,39.0,142.0,572.0,225.0,347.0,292.0,280.0,,75.0,10.0,23.0,246.0,3.0,45.0,163.0,0,0,0,0,0,1,0,1,0,0,1,0,0,0,0,0,0,0,1,0,0,0,0,0,0,0,0,0,0,0,0,1,0,0,0,0,0,0,0,0.55,,,
2017,mountain view whisman,"City, small",0.611,0.2488,0.8207,0.5915,0.6296,,0.8116,,0.6471,0.3319,,0.7867,0.8142,355.0,53.0,302.0,168.0,187.0,,56.0,0.0,11.0,75.0,,59.0,149.0,581.0,213.0,368.0,284.0,297.0,,69.0,0.0,17.0,226.0,,75.0,183.0,0,0,0,0,0,1,0,1,0,0,1,0,0,0,0,0,0,0,1,0,0,0,0,1,0,0,0,0,0,0,0,1,0,0,0,0,1,0,0,0.61,0.55,,
2018,mountain view whisman,"City, small",0.6843,0.4237,0.8153,0.6704,0.6985,,0.907,,,0.4577,,0.7727,0.8313,362.0,75.0,287.0,179.0,183.0,,78.0,0.0,0.0,92.0,0.0,51.0,133.0,529.0,177.0,352.0,267.0,262.0,,86.0,0.0,0.0,201.0,0.0,66.0,160.0,0,0,0,0,0,1,0,1,1,0,1,0,0,0,0,0,0,0,1,0,0,0,0,0,0,0,0,0,0,0,0,1,0,0,0,0,0,0,0,0.611,0.61,0.55,
2019,mountain view whisman,"City, small",0.6654,0.3485,0.8533,0.6769,0.6544,,0.9146,,,0.3684,,0.8472,0.8618,354.0,69.0,285.0,176.0,178.0,0.0,75.0,0.0,0.0,77.0,0.0,61.0,131.0,532.0,198.0,334.0,260.0,272.0,0.0,82.0,8.0,6.0,209.0,0.0,72.0,152.0,0,0,0,0,0,1,0,1,1,0,1,0,0,0,0,0,0,0,0,0,0,0,0,0,0,0,0,0,0,0,0,0,0,0,0,0,0,0,0,0.6843,0.611,0.61,0.55
2015,mt. diablo unified,"Suburb, large",0.39,0.19,0.56,0.38,0.39,,0.63,0.22,0.54,0.2,0.21,0.45,0.57,987.0,227.0,750.0,462.0,526.0,0.0,109.0,18.0,67.0,221.0,4.0,59.0,487.0,2531.0,1192.0,1339.0,1217.0,1314.0,8.0,175.0,83.0,123.0,1109.0,19.0,132.0,853.0,0,0,0,0,0,1,0,0,0,0,0,0,0,0,0,0,0,0,0,0,0,0,0,0,0,0,0,0,0,0,0,0,0,0,0,0,0,0,0,,,,
2016,mt. diablo unified,"Suburb, large",0.4,0.18,0.61,0.37,0.43,,0.66,0.17,0.65,0.22,0.29,0.56,0.57,1084.0,239.0,843.0,500.0,584.0,0.0,134.0,21.0,66.0,261.0,8.0,89.0,490.0,2710.0,1327.0,1383.0,1352.0,1358.0,8.0,203.0,112.0,102.0,1190.0,28.0,159.0,860.0,0,0,0,0,0,1,0,0,0,0,0,0,0,0,0,0,0,0,0,0,0,0,0,0,0,0,0,0,0,0,0,0,0,0,0,0,0,0,0,0.39,,,
2017,mt. diablo unified,"Suburb, large",0.4244,0.2098,0.6109,0.3922,0.4552,,0.599,0.2532,0.6016,0.2342,0.2632,0.5402,0.6015,1066.0,245.0,821.0,482.0,584.0,0.0,118.0,20.0,74.0,244.0,5.0,94.0,483.0,2514.0,1170.0,1344.0,1230.0,1284.0,0.0,197.0,79.0,123.0,1043.0,19.0,174.0,803.0,0,0,0,0,0,1,0,0,0,0,0,0,0,0,0,0,0,0,0,0,0,0,0,0,0,0,0,0,0,0,0,0,0,0,0,0,0,0,0,0.4,0.39,,
2018,mt. diablo unified,"Suburb, large",0.4185,0.2493,0.5744,0.3913,0.4441,,0.6531,0.1882,0.5698,0.2483,0.1538,0.5899,0.5729,994.0,284.0,710.0,450.0,544.0,0.0,96.0,16.0,49.0,260.0,2.0,105.0,377.0,2376.0,1139.0,1237.0,1151.0,1225.0,0.0,147.0,85.0,86.0,1047.0,13.0,178.0,659.0,0,0,0,0,0,1,0,0,0,0,0,0,0,0,0,0,0,0,0,0,0,0,0,0,0,0,0,0,0,0,0,0,0,0,0,0,0,0,0,0.4244,0.4,0.39,
2019,mt. diablo unified,"Suburb, large",0.4365,0.2351,0.6094,0.412,0.4603,,0.592,0.2568,0.5676,0.2565,,0.6056,0.6064,1049.0,261.0,788.0,487.0,562.0,0.0,103.0,19.0,42.0,265.0,0.0,129.0,399.0,2403.0,1110.0,1293.0,1182.0,1221.0,0.0,174.0,74.0,74.0,1033.0,10.0,213.0,658.0,0,0,0,0,0,1,0,0,0,0,1,0,0,0,0,0,0,0,0,0,0,0,0,0,0,0,0,0,0,0,0,0,0,0,0,0,0,0,0,0.4185,0.4244,0.4,0.39
2015,muroc joint unified,"Rural, distant",0.3,0.2,0.35,0.27,0.32,,,,,0.19,,0.27,0.34,44.0,10.0,34.0,18.0,26.0,0.0,0.0,0.0,0.0,7.0,,4.0,28.0,147.0,49.0,98.0,66.0,81.0,1.0,1.0,7.0,5.0,36.0,,15.0,82.0,0,0,0,0,0,1,1,1,1,0,1,0,0,0,0,0,0,0,0,0,0,0,0,1,0,0,0,0,0,0,0,0,0,0,0,0,1,0,0,,,,
2016,muroc joint unified,"Rural, distant",0.37,0.14,0.45,0.32,0.44,,,0.15,,0.32,,0.31,0.43,51.0,5.0,46.0,24.0,27.0,,,2.0,0.0,11.0,0.0,4.0,30.0,137.0,35.0,102.0,76.0,61.0,,,13.0,7.0,34.0,1.0,13.0,69.0,0,0,0,0,0,1,1,0,1,0,1,0,0,0,0,0,0,0,1,1,0,0,0,0,0,0,0,0,0,0,0,1,1,0,0,0,0,0,0,0.3,,,
2017,muroc joint unified,"Rural, distant",0.3034,0.1356,0.4186,0.2875,0.3231,,,0.3333,,0.2222,,0.4667,0.3065,44.0,8.0,36.0,23.0,21.0,0.0,,6.0,0.0,10.0,,7.0,19.0,145.0,59.0,86.0,80.0,65.0,0.0,,18.0,0.0,45.0,,15.0,62.0,0,0,0,0,0,1,1,0,1,0,1,0,0,0,0,0,0,0,0,1,0,0,0,1,0,0,0,0,0,0,0,0,1,0,0,0,1,0,0,0.37,0.3,,
2018,muroc joint unified,"Rural, distant",0.3916,0.2941,0.4457,0.3881,0.3947,,,0.3636,,0.325,,0.5263,0.4028,56.0,15.0,41.0,26.0,30.0,0.0,,4.0,,13.0,,10.0,29.0,143.0,51.0,92.0,67.0,76.0,0.0,,11.0,,40.0,,19.0,72.0,0,0,0,0,0,1,1,0,1,0,1,0,0,0,0,0,0,0,0,1,0,1,0,1,0,0,0,0,0,0,0,0,1,0,1,0,1,0,0,0.3034,0.37,0.3,
2019,muroc joint unified,"Rural, distant",0.2837,0.1,0.3846,0.2295,0.325,,,0.1818,,0.2105,,0.1818,0.3239,40.0,5.0,35.0,14.0,26.0,,0.0,2.0,0.0,8.0,0.0,2.0,23.0,141.0,50.0,91.0,61.0,80.0,,0.0,11.0,0.0,38.0,0.0,11.0,71.0,0,0,0,0,0,1,1,0,1,0,1,0,0,0,0,0,0,0,1,0,0,0,0,0,0,0,0,0,0,0,0,1,0,0,0,0,0,0,0,0.3916,0.3034,0.37,0.3
2015,murrieta valley unified,"Suburb, large",0.42,0.29,0.5,0.41,0.43,,0.6,0.29,0.61,0.34,0.38,0.42,0.47,653.0,174.0,486.0,321.0,332.0,0.0,41.0,23.0,31.0,184.0,5.0,33.0,336.0,1554.0,601.0,953.0,782.0,772.0,6.0,68.0,79.0,51.0,541.0,13.0,80.0,715.0,0,0,0,0,0,1,0,0,0,0,0,0,0,0,0,0,0,0,0,0,0,0,0,0,0,0,0,0,0,0,0,0,0,0,0,0,0,0,0,,,,
2016,murrieta valley unified,"Suburb, large",0.48,0.35,0.56,0.46,0.51,,0.57,0.29,0.67,0.41,,0.53,0.53,763.0,201.0,570.0,382.0,389.0,0.0,39.0,23.0,34.0,232.0,0.0,61.0,371.0,1590.0,573.0,1017.0,829.0,761.0,4.0,68.0,79.0,51.0,565.0,8.0,114.0,700.0,0,0,0,0,0,1,0,0,0,0,1,0,0,0,0,0,0,0,0,0,0,0,0,0,0,0,0,0,0,0,0,0,0,0,0,0,0,0,0,0.42,,,
2017,murrieta valley unified,"Suburb, large",0.5114,0.3846,0.5837,0.4828,0.5369,,0.7692,0.3043,0.6842,0.4314,0.4167,0.6182,0.571,787.0,215.0,572.0,351.0,436.0,0.0,40.0,28.0,26.0,258.0,5.0,68.0,362.0,1539.0,559.0,980.0,727.0,812.0,0.0,52.0,92.0,38.0,598.0,12.0,110.0,634.0,0,0,0,0,0,1,0,0,0,0,0,0,0,0,0,0,0,0,0,0,0,0,0,0,0,0,0,0,0,0,0,0,0,0,0,0,0,0,0,0.48,0.42,,
2018,murrieta valley unified,"Suburb, large",0.5586,0.4453,0.6421,0.5186,0.5965,,0.6786,0.3538,0.6429,0.4659,0.4167,0.5565,0.654,867.0,293.0,574.0,391.0,476.0,0.0,57.0,23.0,18.0,280.0,5.0,64.0,414.0,1552.0,658.0,894.0,754.0,798.0,0.0,84.0,65.0,28.0,601.0,12.0,115.0,633.0,0,0,0,0,0,1,0,0,0,0,0,0,0,0,0,0,0,0,0,0,0,0,0,0,0,0,0,0,0,0,0,0,0,0,0,0,0,0,0,0.5114,0.48,0.42,
2019,murrieta valley unified,"Suburb, large",0.6129,0.482,0.7012,0.5977,0.6262,,0.7595,0.4394,0.6786,0.5152,0.5833,0.7658,0.6864,931.0,295.0,636.0,425.0,506.0,0.0,60.0,29.0,19.0,321.0,7.0,85.0,405.0,1519.0,612.0,907.0,711.0,808.0,4.0,79.0,66.0,28.0,623.0,12.0,111.0,590.0,0,0,0,0,0,1,0,0,0,0,0,0,0,0,0,0,0,0,0,0,0,0,0,0,0,0,0,0,0,0,0,0,0,0,0,0,0,0,0,0.5586,0.5114,0.48,0.42
2015,napa valley unified,"City, small",0.33,0.2,0.51,0.32,0.35,,0.77,0.23,0.59,0.2,,0.51,0.5,459.0,152.0,299.0,209.0,243.0,0.0,17.0,7.0,49.0,155.0,0.0,21.0,197.0,1349.0,762.0,587.0,653.0,696.0,1.0,22.0,31.0,83.0,775.0,3.0,41.0,393.0,0,0,0,0,0,1,0,0,0,0,1,0,0,0,0,0,0,0,0,0,0,0,0,0,0,0,0,0,0,0,0,0,0,0,0,0,0,0,0,,,,
2016,napa valley unified,"City, small",0.38,0.22,0.61,0.34,0.42,,0.76,0.32,0.65,0.22,,0.56,0.58,535.0,183.0,353.0,226.0,312.0,0.0,28.0,10.0,55.0,176.0,0.0,27.0,231.0,1409.0,831.0,578.0,666.0,743.0,7.0,37.0,31.0,84.0,801.0,3.0,48.0,398.0,0,0,0,0,0,1,0,0,0,0,1,0,0,0,0,0,0,0,0,0,0,0,0,0,0,0,0,0,0,0,0,0,0,0,0,0,0,0,0,0.33,,,
2017,napa valley unified,"City, small",0.4016,0.271,0.5668,0.3762,0.4259,,0.4828,0.1364,0.7143,0.304,,0.5652,0.541,504.0,190.0,314.0,231.0,273.0,0.0,14.0,3.0,55.0,228.0,0.0,26.0,178.0,1255.0,701.0,554.0,614.0,641.0,0.0,29.0,22.0,77.0,750.0,0.0,46.0,329.0,0,0,0,0,0,1,0,0,0,0,1,0,0,0,0,0,0,0,0,0,0,0,0,0,0,0,0,0,0,0,0,0,0,0,0,0,0,0,0,0.38,0.33,,
2018,napa valley unified,"City, small",0.4176,0.2915,0.5911,0.3906,0.443,,0.7941,0.3182,0.6774,0.2709,,0.566,0.5905,512.0,207.0,305.0,232.0,280.0,0.0,27.0,7.0,63.0,185.0,0.0,30.0,199.0,1226.0,710.0,516.0,594.0,632.0,0.0,34.0,22.0,93.0,683.0,0.0,53.0,337.0,0,0,0,0,0,1,0,0,0,0,1,0,0,0,0,0,0,0,0,0,0,0,0,0,0,0,0,0,0,0,0,0,0,0,0,0,0,0,0,0.4016,0.38,0.33,
2019,napa valley unified,"City, small",0.4443,0.3009,0.602,0.4189,0.4678,,0.7333,0.2857,0.8,0.3214,,0.6071,0.5676,558.0,198.0,360.0,253.0,305.0,0.0,22.0,6.0,56.0,225.0,0.0,34.0,214.0,1256.0,658.0,598.0,604.0,652.0,0.0,30.0,21.0,70.0,700.0,0.0,56.0,377.0,0,0,0,0,0,1,0,0,0,0,1,0,0,0,0,0,0,0,0,0,0,0,0,0,0,0,0,0,0,0,0,0,0,0,0,0,0,0,0,0.4176,0.4016,0.38,0.33
2015,national elementary,"Suburb, large",0.19,0.16,0.3,0.19,0.19,,0.3,0.0,0.36,0.17,,0.45,0.13,152.0,103.0,46.0,80.0,72.0,0.0,10.0,0.0,19.0,113.0,0.0,5.0,2.0,799.0,645.0,154.0,422.0,377.0,2.0,33.0,11.0,53.0,664.0,8.0,11.0,15.0,0,0,0,0,0,1,0,0,0,0,1,0,0,0,0,0,0,0,0,0,0,0,0,0,0,0,0,0,0,0,0,0,0,0,0,0,0,0,0,,,,
2016,national elementary,"Suburb, large",0.32,0.3,0.42,0.33,0.31,,0.59,0.24,0.57,0.28,,0.46,0.44,253.0,194.0,61.0,128.0,121.0,,17.0,4.0,28.0,184.0,0.0,6.0,7.0,792.0,647.0,145.0,401.0,391.0,,29.0,17.0,49.0,655.0,7.0,13.0,16.0,0,0,0,0,0,1,0,0,0,0,1,0,0,0,0,0,0,0,1,0,0,0,0,0,0,0,0,0,0,0,0,1,0,0,0,0,0,0,0,0.19,,,
2017,national elementary,"Suburb, large",0.2929,0.2583,0.4646,0.2603,0.3232,,0.64,0.1818,0.4844,0.256,,0.5455,0.5333,222.0,163.0,59.0,95.0,127.0,0.0,16.0,2.0,31.0,159.0,0.0,6.0,8.0,758.0,631.0,127.0,365.0,393.0,0.0,25.0,11.0,64.0,621.0,0.0,11.0,15.0,0,0,0,0,0,1,0,0,0,0,1,0,0,0,0,0,0,0,0,0,0,0,0,0,0,0,0,0,0,0,0,0,0,0,0,0,0,0,0,0.32,0.19,,
2018,national elementary,"Suburb, large",0.3121,0.2944,0.3893,0.2978,0.3266,,0.5238,,0.5313,0.2713,,0.1818,0.5,220.0,169.0,51.0,106.0,114.0,0.0,11.0,0.0,34.0,156.0,,2.0,11.0,705.0,574.0,131.0,356.0,349.0,0.0,21.0,0.0,64.0,575.0,,11.0,22.0,0,0,0,0,0,1,0,1,0,0,1,0,0,0,0,0,0,0,0,0,0,0,0,1,0,0,0,0,0,0,0,0,0,0,0,0,1,0,0,0.2929,0.32,0.19,
2019,national elementary,"Suburb, large",0.3523,0.3189,0.472,0.3792,0.3229,,0.6667,0.2353,0.6667,0.313,,0.5833,0.3333,260.0,184.0,76.0,146.0,114.0,,10.0,4.0,34.0,190.0,0.0,14.0,5.0,738.0,577.0,161.0,385.0,353.0,,15.0,17.0,51.0,607.0,5.0,24.0,15.0,0,0,0,0,0,1,0,0,0,0,1,0,0,0,0,0,0,0,1,0,0,0,0,0,0,0,0,0,0,0,0,1,0,0,0,0,0,0,0,0.3121,0.2929,0.32,0.19
2015,natomas unified,"City, large",0.36,0.25,0.48,0.33,0.39,,0.52,0.18,0.56,0.29,0.14,0.38,0.49,348.0,121.0,232.0,150.0,200.0,0.0,76.0,25.0,29.0,88.0,3.0,32.0,89.0,966.0,482.0,484.0,453.0,513.0,4.0,145.0,138.0,52.0,304.0,21.0,84.0,184.0,0,0,0,0,0,1,0,0,0,0,0,0,0,0,0,0,0,0,0,0,0,0,0,0,0,0,0,0,0,0,0,0,0,0,0,0,0,0,0,,,,
2016,natomas unified,"City, large",0.39,0.25,0.54,0.35,0.42,,0.61,0.18,0.62,0.28,0.33,0.4,0.51,401.0,143.0,263.0,182.0,225.0,0.0,99.0,30.0,32.0,85.0,5.0,42.0,92.0,1056.0,569.0,487.0,520.0,536.0,7.0,162.0,169.0,52.0,304.0,15.0,105.0,180.0,0,0,0,0,0,1,0,0,0,0,0,0,0,0,0,0,0,0,0,0,0,0,0,0,0,0,0,0,0,0,0,0,0,0,0,0,0,0,0,0.36,,,
2017,natomas unified,"City, large",0.3756,0.2353,0.5146,0.3867,0.3645,,0.5506,0.1779,0.3913,0.2902,,0.3826,0.5668,385.0,120.0,265.0,198.0,187.0,0.0,87.0,29.0,9.0,101.0,0.0,44.0,106.0,1025.0,510.0,515.0,512.0,513.0,0.0,158.0,163.0,23.0,348.0,0.0,115.0,187.0,0,0,0,0,0,1,0,0,0,0,1,0,0,0,0,0,0,0,0,0,0,0,0,0,0,0,0,0,0,0,0,0,0,0,0,0,0,0,0,0.39,0.36,,
2018,natomas unified,"City, large",0.363,0.2224,0.5463,0.3659,0.3604,,0.5323,0.227,0.5185,0.2902,0.0,0.4153,0.5379,343.0,119.0,224.0,161.0,182.0,0.0,66.0,42.0,14.0,92.0,0.0,49.0,78.0,945.0,535.0,410.0,440.0,505.0,0.0,124.0,185.0,27.0,317.0,13.0,118.0,145.0,0,0,0,0,0,1,0,0,0,0,0,0,0,0,0,0,0,0,0,0,0,0,0,0,0,0,0,0,0,0,0,0,0,0,0,0,0,0,0,0.3756,0.39,0.36,
2019,natomas unified,"City, large",0.4273,0.3384,0.5927,0.4286,0.4262,,0.6513,0.2139,0.575,0.3249,0.3571,0.5126,0.5455,435.0,224.0,211.0,201.0,234.0,0.0,99.0,37.0,23.0,103.0,5.0,61.0,96.0,1018.0,662.0,356.0,469.0,549.0,8.0,152.0,173.0,40.0,317.0,14.0,119.0,176.0,0,0,0,0,0,1,0,0,0,0,0,0,0,0,0,0,0,0,0,0,0,0,0,0,0,0,0,0,0,0,0,0,0,0,0,0,0,0,0,0.363,0.3756,0.39,0.36
2015,needles unified,"Town, distant",0.28,0.19,0.6,0.23,0.33,,,,,0.27,,,0.36,19.0,10.0,9.0,8.0,11.0,0.0,,,,6.0,,0.0,12.0,68.0,53.0,15.0,35.0,33.0,10.0,,,,22.0,,3.0,33.0,0,0,0,0,0,1,1,1,1,0,1,1,0,0,0,0,0,0,0,1,1,1,0,1,0,0,0,0,0,0,0,0,1,1,1,0,1,0,0,,,,
2016,needles unified,"Town, distant",0.19,0.15,0.32,0.29,0.11,0.18,,,,0.33,,,0.12,15.0,9.0,6.0,10.0,5.0,3.0,0.0,0.0,,6.0,,0.0,5.0,80.0,61.0,19.0,34.0,46.0,17.0,1.0,1.0,,18.0,,2.0,41.0,0,0,0,0,0,0,1,1,1,0,1,1,0,0,0,0,0,0,0,0,0,1,0,1,0,0,0,0,0,0,0,0,0,0,1,0,1,0,0,0.28,,,
2017,needles unified,"Town, distant",0.119,0.127,0.0952,0.0541,0.1702,0.0909,,,,0.1579,,,0.125,10.0,8.0,2.0,2.0,8.0,2.0,0.0,0.0,,3.0,,0.0,5.0,84.0,63.0,21.0,37.0,47.0,22.0,0.0,0.0,,19.0,,0.0,40.0,0,0,0,0,0,0,1,1,1,0,1,1,0,0,0,0,0,0,0,0,0,1,0,1,0,0,0,0,0,0,0,0,0,0,1,0,1,0,0,0.19,0.28,,
2018,needles unified,"Town, distant",0.3014,0.283,0.35,0.3333,0.2647,,,,,0.4286,,,0.303,22.0,15.0,7.0,13.0,9.0,0.0,0.0,0.0,,9.0,,0.0,10.0,73.0,53.0,20.0,39.0,34.0,0.0,0.0,0.0,,21.0,,0.0,33.0,0,0,0,0,0,1,1,1,1,0,1,1,0,0,0,0,0,0,0,0,0,1,0,1,0,0,0,0,0,0,0,0,0,0,1,0,1,0,0,0.119,0.19,0.28,
2019,needles unified,"Town, distant",0.2154,0.1754,,0.2121,0.2188,,,,,0.0909,,,0.3333,14.0,10.0,0.0,7.0,7.0,0.0,0.0,0.0,,2.0,,0.0,10.0,65.0,57.0,8.0,33.0,32.0,8.0,0.0,0.0,,22.0,,0.0,30.0,0,0,1,0,0,1,1,1,1,0,1,1,0,0,0,0,0,0,0,0,0,1,0,1,0,0,0,0,0,0,0,0,0,0,1,0,1,0,0,0.3014,0.119,0.19,0.28
2015,nevada city elementary,"Town, distant",0.57,0.21,0.69,0.51,0.66,,,,,,,,0.57,44.0,4.0,40.0,23.0,21.0,,,,,0.0,,0.0,39.0,77.0,19.0,58.0,45.0,32.0,,,,,7.0,,1.0,69.0,0,0,0,0,0,1,1,1,1,1,1,1,0,0,0,0,0,0,1,1,1,1,0,1,0,0,0,0,0,0,0,1,1,1,1,0,1,0,0,,,,
2016,nevada city elementary,"Town, distant",0.33,0.11,0.42,0.28,0.4,,,,,,,,0.38,37.0,3.0,32.0,16.0,19.0,,,0.0,,0.0,,0.0,31.0,106.0,29.0,77.0,59.0,47.0,,,3.0,,9.0,,10.0,83.0,0,0,0,0,0,1,1,1,1,1,1,1,0,0,0,0,0,0,1,1,0,1,0,1,0,0,0,0,0,0,0,1,1,0,1,0,1,0,0,0.57,,,
2017,nevada city elementary,"Town, distant",0.6667,0.4583,0.746,0.6591,0.6744,,,,,,,,0.7042,58.0,11.0,47.0,29.0,29.0,0.0,,0.0,,0.0,,0.0,50.0,87.0,24.0,63.0,44.0,43.0,0.0,,0.0,,0.0,,0.0,71.0,0,0,0,0,0,1,1,1,1,1,1,1,0,0,0,0,0,0,0,1,0,1,0,1,0,0,0,0,0,0,0,0,1,0,1,0,1,0,0,0.33,0.57,,
2018,nevada city elementary,"Town, distant",0.6552,0.3913,0.75,0.6098,0.6957,,,,,,,,0.7027,57.0,9.0,48.0,25.0,32.0,,0.0,,0.0,0.0,0.0,0.0,52.0,87.0,23.0,64.0,41.0,46.0,,0.0,,0.0,0.0,0.0,0.0,74.0,0,0,0,0,0,1,1,1,1,1,1,1,0,0,0,0,0,0,1,0,1,0,0,0,0,0,0,0,0,0,0,1,0,1,0,0,0,0,0,0.6667,0.33,0.57,
2019,nevada city elementary,"Town, distant",0.6207,0.4545,0.6769,0.6,0.6429,,,,,,,,0.6056,54.0,10.0,44.0,27.0,27.0,,,,,0.0,,0.0,43.0,87.0,22.0,65.0,45.0,42.0,,,,,7.0,,9.0,71.0,0,0,0,0,0,1,1,1,1,1,1,1,0,0,0,0,0,0,1,1,1,1,0,1,0,0,0,0,0,0,0,1,1,1,1,0,1,0,0,0.6552,0.6667,0.33,0.57
2015,new haven unified,"Suburb, large",0.36,0.21,0.51,0.38,0.35,,0.54,0.17,0.52,0.21,0.22,0.48,0.34,331.0,101.0,239.0,168.0,167.0,0.0,115.0,9.0,79.0,76.0,4.0,29.0,19.0,919.0,459.0,460.0,441.0,478.0,5.0,209.0,53.0,153.0,362.0,19.0,61.0,57.0,0,0,0,0,0,1,0,0,0,0,0,0,0,0,0,0,0,0,0,0,0,0,0,0,0,0,0,0,0,0,0,0,0,0,0,0,0,0,0,,,,
2016,new haven unified,"Suburb, large",0.42,0.26,0.58,0.43,0.42,,0.62,0.22,0.6,0.24,0.35,0.51,0.55,381.0,119.0,259.0,184.0,192.0,0.0,120.0,13.0,95.0,84.0,7.0,24.0,32.0,885.0,439.0,446.0,427.0,458.0,1.0,193.0,58.0,157.0,351.0,20.0,47.0,58.0,0,0,0,0,0,1,0,0,0,0,0,0,0,0,0,0,0,0,0,0,0,0,0,0,0,0,0,0,0,0,0,0,0,0,0,0,0,0,0,0.36,,,
2017,new haven unified,"Suburb, large",0.4238,0.2803,0.592,0.4074,0.4399,,0.6,0.2766,0.4965,0.2849,0.4211,0.6042,0.4909,370.0,132.0,238.0,176.0,194.0,0.0,120.0,13.0,71.0,102.0,8.0,29.0,27.0,873.0,471.0,402.0,432.0,441.0,0.0,200.0,47.0,143.0,358.0,19.0,48.0,55.0,0,0,0,0,0,1,0,0,0,0,0,0,0,0,0,0,0,0,0,0,0,0,0,0,0,0,0,0,0,0,0,0,0,0,0,0,0,0,0,0.42,0.36,,
2018,new haven unified,"Suburb, large",0.4363,0.3104,0.5588,0.4142,0.4582,,0.6593,0.3514,0.457,0.2702,0.25,0.5556,0.3725,322.0,113.0,209.0,152.0,170.0,0.0,120.0,13.0,69.0,67.0,3.0,30.0,19.0,738.0,364.0,374.0,367.0,371.0,0.0,182.0,37.0,151.0,248.0,12.0,54.0,51.0,0,0,0,0,0,1,0,0,0,0,0,0,0,0,0,0,0,0,0,0,0,0,0,0,0,0,0,0,0,0,0,0,0,0,0,0,0,0,0,0.4238,0.42,0.36,
2019,new haven unified,"Suburb, large",0.4993,0.3508,0.6341,0.4724,0.5238,,0.7043,0.3438,0.6183,0.3333,0.2308,0.6429,0.5,380.0,127.0,253.0,171.0,209.0,0.0,131.0,11.0,81.0,105.0,3.0,27.0,18.0,761.0,362.0,399.0,362.0,399.0,6.0,186.0,32.0,131.0,315.0,13.0,42.0,36.0,0,0,0,0,0,1,0,0,0,0,0,0,0,0,0,0,0,0,0,0,0,0,0,0,0,0,0,0,0,0,0,0,0,0,0,0,0,0,0,0.4363,0.4238,0.42,0.36
2015,new hope elementary,"Rural, distant",0.08,0.08,,0.0,0.18,,,,,0.08,,,,2.0,2.0,0.0,0.0,2.0,,,0.0,,2.0,,,,25.0,24.0,1.0,14.0,11.0,,,1.0,,24.0,,,,0,0,1,0,0,1,1,1,1,0,1,1,1,0,0,0,0,0,1,1,0,1,0,1,1,1,0,0,0,0,0,1,1,0,1,0,1,1,1,,,,
2016,new hope elementary,"Rural, distant",0.06,0.06,,,,,,,,0.06,,,,1.0,1.0,,0.0,0.0,,,,,1.0,,,,16.0,16.0,,9.0,7.0,,,,,16.0,,,,0,0,1,1,1,1,1,1,1,0,1,1,1,0,0,1,0,0,1,1,1,1,0,1,1,1,0,0,1,0,0,1,1,1,1,0,1,1,1,0.08,,,
2017,new hope elementary,"Rural, distant",0.3529,0.3125,,,,,,,,0.3571,,,,6.0,5.0,0.0,0.0,0.0,,0.0,0.0,,5.0,,,0.0,17.0,16.0,0.0,0.0,0.0,,0.0,0.0,,14.0,,,0.0,0,0,1,1,1,1,1,1,1,0,1,1,1,0,0,0,0,0,1,0,0,1,0,1,1,0,0,0,0,0,0,1,0,0,1,0,1,1,0,0.06,0.08,,
2018,new hope elementary,"Rural, distant",0.1538,0.1667,,0.0,0.3077,,,,,0.1905,,,,4.0,4.0,0.0,0.0,4.0,,,,0.0,4.0,0.0,,0.0,26.0,24.0,0.0,13.0,13.0,,,,0.0,21.0,0.0,,0.0,0,0,1,0,0,1,1,1,1,0,1,1,1,0,0,0,0,0,1,1,1,0,0,0,1,0,0,0,0,0,0,1,1,1,0,0,0,1,0,0.3529,0.06,0.08,
2019,new hope elementary,"Rural, distant",0.28,0.28,,0.2727,0.2857,,,,,0.2917,,,,7.0,7.0,,3.0,4.0,,,,,7.0,0.0,,,25.0,25.0,,11.0,14.0,,,,,24.0,0.0,,,0,0,1,0,0,1,1,1,1,0,1,1,1,0,0,1,0,0,1,1,1,1,0,0,1,1,0,0,1,0,0,1,1,1,1,0,0,1,1,0.1538,0.3529,0.06,0.08
2015,new jerusalem elementary,"Suburb, midsize",0.06,,0.08,,,,,,,,,,,1.0,0.0,1.0,0.0,0.0,,,0.0,0.0,0.0,,,0.0,18.0,4.0,14.0,9.0,9.0,,,3.0,1.0,5.0,,,9.0,0,1,0,1,1,1,1,1,1,1,1,1,1,0,0,0,0,0,1,1,0,0,0,1,1,0,0,0,0,0,0,1,1,0,0,0,1,1,0,,,,
2016,new jerusalem elementary,"City, large",0.07,0.0,0.17,0.07,0.07,,,,,0.03,,,0.1,6.0,0.0,6.0,3.0,3.0,0.0,0.0,0.0,0.0,1.0,,0.0,4.0,86.0,49.0,37.0,42.0,44.0,1.0,2.0,4.0,1.0,32.0,,6.0,40.0,0,0,0,0,0,1,1,1,1,0,1,1,0,0,0,0,0,0,0,0,0,0,0,1,0,0,0,0,0,0,0,0,0,0,0,0,1,0,0,0.06,,,
2017,new jerusalem elementary,"City, large",0.1341,0.0238,0.25,0.1136,0.1579,,,,,0.1282,,,0.1852,11.0,1.0,10.0,5.0,6.0,0.0,0.0,0.0,,5.0,0.0,0.0,5.0,82.0,42.0,40.0,44.0,38.0,0.0,0.0,0.0,,39.0,0.0,0.0,27.0,0,0,0,0,0,1,1,1,1,0,1,1,0,0,0,0,0,0,0,0,0,1,0,0,0,0,0,0,0,0,0,0,0,0,1,0,0,0,0,0.07,0.06,,
2018,new jerusalem elementary,"Suburb, midsize",0.1042,0.0806,0.1471,0.1304,0.08,,,,,0.0976,,,0.129,10.0,5.0,5.0,6.0,4.0,,0.0,0.0,0.0,4.0,0.0,0.0,4.0,96.0,62.0,34.0,46.0,50.0,,0.0,0.0,0.0,41.0,0.0,0.0,31.0,0,0,0,0,0,1,1,1,1,0,1,1,0,0,0,0,0,0,1,0,0,0,0,0,0,0,0,0,0,0,0,1,0,0,0,0,0,0,0,0.1341,0.07,0.06,
2019,new jerusalem elementary,"Rural, fringe",0.1765,0.175,0.1818,0.1569,0.1961,,,0.2308,,0.18,,,0.1923,18.0,14.0,4.0,8.0,10.0,,0.0,3.0,0.0,9.0,,0.0,5.0,102.0,80.0,22.0,51.0,51.0,,0.0,13.0,0.0,50.0,,9.0,26.0,0,0,0,0,0,1,1,0,1,0,1,1,0,0,0,0,0,0,1,0,0,0,0,1,0,0,0,0,0,0,0,1,0,0,0,0,1,0,0,0.1042,0.1341,0.07,0.06
2015,newark unified,"Suburb, large",0.36,0.26,0.5,0.35,0.37,,0.65,0.26,0.46,0.26,0.38,0.44,0.46,171.0,71.0,94.0,79.0,88.0,0.0,40.0,5.0,18.0,69.0,6.0,8.0,19.0,462.0,273.0,189.0,225.0,237.0,2.0,62.0,19.0,39.0,265.0,16.0,18.0,41.0,0,0,0,0,0,1,0,0,0,0,0,0,0,0,0,0,0,0,0,0,0,0,0,0,0,0,0,0,0,0,0,0,0,0,0,0,0,0,0,,,,
2016,newark unified,"Suburb, large",0.37,0.25,0.52,0.37,0.37,,0.69,0.29,0.51,0.23,0.33,0.55,0.6,170.0,64.0,109.0,82.0,89.0,0.0,37.0,7.0,20.0,59.0,4.0,11.0,32.0,461.0,255.0,206.0,222.0,239.0,2.0,54.0,24.0,39.0,256.0,12.0,20.0,53.0,0,0,0,0,0,1,0,0,0,0,0,0,0,0,0,0,0,0,0,0,0,0,0,0,0,0,0,0,0,0,0,0,0,0,0,0,0,0,0,0.36,,,
2017,newark unified,"Suburb, large",0.3888,0.2412,0.5904,0.3698,0.4032,,0.5893,0.2353,0.6364,0.2773,0.3333,0.5667,0.4909,173.0,62.0,111.0,71.0,102.0,,33.0,4.0,21.0,66.0,4.0,17.0,27.0,445.0,257.0,188.0,192.0,253.0,,56.0,17.0,33.0,238.0,12.0,30.0,55.0,0,0,0,0,0,1,0,0,0,0,0,0,0,0,0,0,0,0,1,0,0,0,0,0,0,0,0,0,0,0,0,1,0,0,0,0,0,0,0,0.37,0.36,,
2018,newark unified,"Suburb, large",0.3813,0.2707,0.5329,0.4118,0.3541,,0.6078,0.2857,0.6538,0.2435,,0.52,0.641,151.0,62.0,89.0,77.0,74.0,,31.0,4.0,17.0,56.0,0.0,13.0,25.0,396.0,229.0,167.0,187.0,209.0,,51.0,14.0,26.0,230.0,0.0,25.0,39.0,0,0,0,0,0,1,0,0,0,0,1,0,0,0,0,0,0,0,1,0,0,0,0,0,0,0,0,0,0,0,0,1,0,0,0,0,0,0,0,0.3888,0.37,0.36,
2019,newark unified,"Suburb, large",0.4719,0.3627,0.5904,0.4031,0.5408,,0.8438,0.375,0.6471,0.3134,,0.56,0.4894,185.0,74.0,111.0,79.0,106.0,,54.0,6.0,22.0,63.0,0.0,14.0,23.0,392.0,204.0,188.0,196.0,196.0,,64.0,16.0,34.0,201.0,4.0,25.0,47.0,0,0,0,0,0,1,0,0,0,0,1,0,0,0,0,0,0,0,1,0,0,0,0,0,0,0,0,0,0,0,0,1,0,0,0,0,0,0,0,0.3813,0.3888,0.37,0.36
2015,newcastle elementary,"Rural, fringe",0.49,0.17,0.55,0.35,0.59,,,,,,,,0.53,38.0,2.0,36.0,11.0,27.0,,0.0,0.0,,0.0,,0.0,33.0,77.0,12.0,65.0,31.0,46.0,,1.0,1.0,,9.0,,3.0,62.0,0,0,0,0,0,1,1,1,1,1,1,1,0,0,0,0,0,0,1,0,0,1,0,1,0,0,0,0,0,0,0,1,0,0,1,0,1,0,0,,,,
2016,newcastle elementary,"Rural, fringe",0.65,0.46,0.68,0.7,0.6,,0.78,,,0.63,,0.6,0.65,125.0,11.0,113.0,64.0,61.0,0.0,21.0,0.0,0.0,10.0,,9.0,80.0,192.0,25.0,167.0,91.0,101.0,1.0,27.0,2.0,5.0,16.0,,15.0,125.0,0,0,0,0,0,1,0,1,1,0,1,0,0,0,0,0,0,0,0,0,0,0,0,1,0,0,0,0,0,0,0,0,0,0,0,0,1,0,0,0.49,,,
2017,newcastle elementary,"Suburb, large",0.4818,0.2857,0.5281,0.46,0.5,,,,,0.4545,,,0.4659,53.0,6.0,47.0,23.0,30.0,0.0,0.0,0.0,0.0,5.0,,0.0,41.0,110.0,21.0,89.0,50.0,60.0,0.0,0.0,0.0,0.0,11.0,,0.0,88.0,0,0,0,0,0,1,1,1,1,0,1,1,0,0,0,0,0,0,0,0,0,0,0,1,0,0,0,0,0,0,0,0,0,0,0,0,1,0,0,0.65,0.49,,
2018,newcastle elementary,"Suburb, large",0.3393,0.125,0.425,0.2903,0.4,,,,,,,,0.381,19.0,2.0,17.0,9.0,10.0,0.0,,,0.0,0.0,,0.0,16.0,56.0,16.0,40.0,31.0,25.0,0.0,,,0.0,0.0,,0.0,42.0,0,0,0,0,0,1,1,1,1,1,1,1,0,0,0,0,0,0,0,1,1,0,0,1,0,0,0,0,0,0,0,0,1,1,0,0,1,0,0,0.4818,0.65,0.49,
2019,newcastle elementary,"Rural, fringe",0.4286,0.2667,0.4878,0.3939,0.4783,,,,,,,,0.4894,24.0,4.0,20.0,13.0,11.0,,,,0.0,0.0,,0.0,23.0,56.0,15.0,41.0,33.0,23.0,,,,0.0,0.0,,0.0,47.0,0,0,0,0,0,1,1,1,1,1,1,1,0,0,0,0,0,0,1,1,1,0,0,1,0,0,0,0,0,0,0,1,1,1,0,0,1,0,0,0.3393,0.4818,0.65,0.49
2015,newhall,"Suburb, large",0.55,0.34,0.67,0.54,0.55,,0.91,0.47,0.63,0.38,,0.66,0.65,533.0,122.0,414.0,261.0,272.0,0.0,86.0,8.0,22.0,162.0,0.0,29.0,218.0,970.0,361.0,609.0,484.0,486.0,2.0,95.0,17.0,35.0,436.0,3.0,44.0,335.0,0,0,0,0,0,1,0,0,0,0,1,0,0,0,0,0,0,0,0,0,0,0,0,0,0,0,0,0,0,0,0,0,0,0,0,0,0,0,0,,,,
2016,newhall,"Suburb, large",0.63,0.38,0.79,0.61,0.65,,0.93,0.54,0.84,0.44,,0.75,0.79,598.0,143.0,451.0,292.0,305.0,0.0,87.0,14.0,27.0,192.0,0.0,38.0,231.0,949.0,378.0,571.0,479.0,470.0,5.0,94.0,26.0,32.0,447.0,2.0,51.0,292.0,0,0,0,0,0,1,0,0,0,0,1,0,0,0,0,0,0,0,0,0,0,0,0,0,0,0,0,0,0,0,0,0,0,0,0,0,0,0,0,0.55,,,
2017,newhall,"Suburb, large",0.6388,0.4143,0.7934,0.6393,0.6384,,0.8962,0.2857,0.8571,0.496,,0.7097,0.7803,658.0,174.0,484.0,296.0,362.0,0.0,95.0,6.0,24.0,251.0,0.0,44.0,238.0,1030.0,420.0,610.0,463.0,567.0,0.0,106.0,21.0,28.0,506.0,0.0,62.0,305.0,0,0,0,0,0,1,0,0,0,0,1,0,0,0,0,0,0,0,0,0,0,0,0,0,0,0,0,0,0,0,0,0,0,0,0,0,0,0,0,0.63,0.55,,
2018,newhall,"Suburb, large",0.7011,0.5275,0.8321,0.6871,0.7137,,0.9048,0.6538,0.75,0.5629,,0.8364,0.8271,652.0,211.0,441.0,303.0,349.0,0.0,95.0,17.0,15.0,255.0,0.0,46.0,220.0,930.0,400.0,530.0,441.0,489.0,0.0,105.0,26.0,20.0,453.0,0.0,55.0,266.0,0,0,0,0,0,1,0,0,0,0,1,0,0,0,0,0,0,0,0,0,0,0,0,0,0,0,0,0,0,0,0,0,0,0,0,0,0,0,0,0.6388,0.63,0.55,
2019,newhall,"Suburb, large",0.7217,0.5086,0.8582,0.7152,0.7285,,0.9667,0.7,0.9211,0.5627,,0.8689,0.8158,643.0,177.0,466.0,329.0,314.0,0.0,87.0,14.0,35.0,229.0,0.0,53.0,217.0,891.0,348.0,543.0,460.0,431.0,4.0,90.0,20.0,38.0,407.0,0.0,61.0,266.0,0,0,0,0,0,1,0,0,0,0,1,0,0,0,0,0,0,0,0,0,0,0,0,0,0,0,0,0,0,0,0,0,0,0,0,0,0,0,0,0.7011,0.6388,0.63,0.55
2015,newman-crows landing unified,"Town, distant",0.28,0.24,0.41,0.26,0.3,,,,,0.25,,,0.42,63.0,42.0,20.0,29.0,35.0,0.0,0.0,0.0,0.0,48.0,0.0,0.0,13.0,225.0,175.0,50.0,109.0,116.0,1.0,1.0,2.0,1.0,182.0,1.0,6.0,31.0,0,0,0,0,0,1,1,1,1,0,1,1,0,0,0,0,0,0,0,0,0,0,0,0,0,0,0,0,0,0,0,0,0,0,0,0,0,0,0,,,,
2016,newman-crows landing unified,"Town, distant",0.31,0.27,0.44,0.28,0.33,,,,,0.27,,,0.51,68.0,50.0,19.0,31.0,40.0,0.0,0.0,0.0,,45.0,,0.0,22.0,227.0,184.0,43.0,108.0,119.0,1.0,1.0,4.0,,174.0,,3.0,44.0,0,0,0,0,0,1,1,1,1,0,1,1,0,0,0,0,0,0,0,0,0,1,0,1,0,0,0,0,0,0,0,0,0,0,1,0,1,0,0,0.28,,,
2017,newman-crows landing unified,"Town, distant",0.3068,0.262,0.4375,0.3167,0.2977,,,,,0.2842,,,0.3889,77.0,49.0,28.0,38.0,39.0,0.0,0.0,0.0,0.0,52.0,,0.0,21.0,251.0,187.0,64.0,120.0,131.0,0.0,0.0,0.0,0.0,183.0,,0.0,54.0,0,0,0,0,0,1,1,1,1,0,1,1,0,0,0,0,0,0,0,0,0,0,0,1,0,0,0,0,0,0,0,0,0,0,0,0,1,0,0,0.31,0.28,,
2018,newman-crows landing unified,"Town, distant",0.3195,0.2584,0.5439,0.2993,0.3445,,,,,0.2574,,0.7273,0.4545,89.0,57.0,32.0,45.0,45.0,0.0,0.0,0.0,0.0,55.0,0.0,8.0,20.0,280.0,221.0,59.0,150.0,130.0,0.0,0.0,0.0,0.0,215.0,0.0,11.0,44.0,0,0,0,0,0,1,1,1,1,0,1,0,0,0,0,0,0,0,0,0,0,0,0,0,0,0,0,0,0,0,0,0,0,0,0,0,0,0,0,0.3068,0.31,0.28,
2019,newman-crows landing unified,"Town, distant",0.2918,0.1791,0.4444,0.2222,0.3738,,,,,0.2527,,,0.4595,68.0,24.0,44.0,28.0,40.0,,,0.0,0.0,47.0,,0.0,17.0,233.0,134.0,99.0,126.0,107.0,,,4.0,0.0,186.0,,5.0,37.0,0,0,0,0,0,1,1,1,1,0,1,1,0,0,0,0,0,0,1,1,0,0,0,1,0,0,0,0,0,0,0,1,1,0,0,0,1,0,0,0.3195,0.3068,0.31,0.28
2015,newport-mesa unified,"City, midsize",0.51,0.29,0.7,0.52,0.51,,0.79,0.47,,0.27,,0.45,0.72,806.0,214.0,599.0,403.0,411.0,,66.0,7.0,0.0,182.0,0.0,13.0,531.0,1581.0,738.0,843.0,775.0,806.0,,84.0,15.0,10.0,699.0,7.0,29.0,737.0,0,0,0,0,0,1,0,0,1,0,1,0,0,0,0,0,0,0,1,0,0,0,0,0,0,0,0,0,0,0,0,1,0,0,0,0,0,0,0,,,,
2016,newport-mesa unified,"City, midsize",0.53,0.32,0.74,0.52,0.55,,0.82,0.59,0.85,0.33,0.33,0.68,0.72,881.0,262.0,625.0,413.0,460.0,0.0,53.0,10.0,11.0,261.0,4.0,49.0,498.0,1663.0,819.0,844.0,810.0,853.0,1.0,65.0,17.0,13.0,792.0,12.0,72.0,691.0,0,0,0,0,0,1,0,0,0,0,0,0,0,0,0,0,0,0,0,0,0,0,0,0,0,0,0,0,0,0,0,0,0,0,0,0,0,0,0,0.51,,,
2017,newport-mesa unified,"City, midsize",0.5388,0.3433,0.7225,0.4975,0.5815,,0.75,0.3684,0.4286,0.3495,,0.7708,0.734,855.0,264.0,591.0,402.0,453.0,,45.0,7.0,6.0,274.0,0.0,74.0,447.0,1587.0,769.0,818.0,808.0,779.0,,60.0,19.0,14.0,784.0,0.0,96.0,609.0,0,0,0,0,0,1,0,0,0,0,1,0,0,0,0,0,0,0,1,0,0,0,0,0,0,0,0,0,0,0,0,1,0,0,0,0,0,0,0,0.53,0.51,,
2018,newport-mesa unified,"City, midsize",0.5777,0.3957,0.7556,0.5494,0.6012,,0.8529,0.3077,0.6667,0.3794,,0.7021,0.7504,874.0,296.0,578.0,378.0,496.0,0.0,58.0,4.0,8.0,261.0,0.0,66.0,472.0,1513.0,748.0,765.0,688.0,825.0,0.0,68.0,13.0,12.0,688.0,0.0,94.0,629.0,0,0,0,0,0,1,0,0,0,0,1,0,0,0,0,0,0,0,0,0,0,0,0,0,0,0,0,0,0,0,0,0,0,0,0,0,0,0,0,0.5388,0.53,0.51,
2019,newport-mesa unified,"City, midsize",0.6342,0.4714,0.7881,0.6078,0.6577,,0.8621,,,0.4746,,0.7551,0.7642,893.0,323.0,569.0,403.0,488.0,0.0,50.0,0.0,0.0,308.0,0.0,74.0,444.0,1407.0,685.0,722.0,664.0,743.0,0.0,58.0,5.0,6.0,650.0,6.0,98.0,582.0,0,0,0,0,0,1,0,1,1,0,1,0,0,0,0,0,0,0,0,0,0,0,0,0,0,0,0,0,0,0,0,0,0,0,0,0,0,0,0,0.5777,0.5388,0.53,0.51
2015,norris elementary,"City, large",0.52,0.33,0.57,0.47,0.58,,,,,0.48,,0.54,0.54,234.0,30.0,205.0,114.0,124.0,0.0,0.0,0.0,0.0,58.0,0.0,14.0,143.0,451.0,91.0,360.0,237.0,214.0,4.0,7.0,6.0,9.0,122.0,1.0,26.0,266.0,0,0,0,0,0,1,1,1,1,0,1,0,0,0,0,0,0,0,0,0,0,0,0,0,0,0,0,0,0,0,0,0,0,0,0,0,0,0,0,,,,
2016,norris elementary,"City, large",0.55,0.35,0.6,0.55,0.54,,0.77,,0.71,0.47,,0.81,0.54,261.0,34.0,227.0,126.0,135.0,0.0,10.0,0.0,12.0,57.0,,13.0,149.0,475.0,97.0,378.0,229.0,246.0,8.0,13.0,5.0,17.0,118.0,,16.0,276.0,0,0,0,0,0,1,0,1,0,0,1,0,0,0,0,0,0,0,0,0,0,0,0,1,0,0,0,0,0,0,0,0,0,0,0,0,1,0,0,0.52,,,
2017,norris elementary,"City, large",0.515,0.2551,0.5842,0.5022,0.5267,,0.6154,,0.7826,0.424,,0.6923,0.5175,240.0,25.0,215.0,112.0,128.0,0.0,8.0,0.0,18.0,53.0,0.0,9.0,133.0,466.0,98.0,368.0,223.0,243.0,0.0,13.0,0.0,23.0,125.0,0.0,13.0,257.0,0,0,0,0,0,1,0,1,0,0,1,0,0,0,0,0,0,0,0,0,0,0,0,0,0,0,0,0,0,0,0,0,0,0,0,0,0,0,0,0.55,0.52,,
2018,norris elementary,"City, large",0.5335,0.3796,0.6013,0.4902,0.5697,,0.8182,,,0.4507,,0.625,0.572,239.0,52.0,187.0,100.0,139.0,0.0,9.0,0.0,0.0,64.0,,10.0,143.0,448.0,137.0,311.0,204.0,244.0,0.0,11.0,0.0,0.0,142.0,,16.0,250.0,0,0,0,0,0,1,0,1,1,0,1,0,0,0,0,0,0,0,0,0,0,0,0,1,0,0,0,0,0,0,0,0,0,0,0,0,1,0,0,0.515,0.55,0.52,
2019,norris elementary,"City, large",0.5534,0.4034,0.6143,0.5417,0.5663,,0.7059,,,0.4146,,0.7778,0.5947,228.0,48.0,180.0,117.0,111.0,0.0,12.0,0.0,0.0,51.0,,14.0,135.0,412.0,119.0,293.0,216.0,196.0,6.0,17.0,10.0,10.0,123.0,,18.0,227.0,0,0,0,0,0,1,0,1,1,0,1,0,0,0,0,0,0,0,0,0,0,0,0,1,0,0,0,0,0,0,0,0,0,0,0,0,1,0,0,0.5335,0.515,0.55,0.52
2015,north county joint union elementary,"Rural, distant",0.62,0.5,0.74,0.55,0.71,,,,,0.51,,,0.71,45.0,19.0,26.0,23.0,22.0,,,,,18.0,,0.0,25.0,73.0,38.0,35.0,42.0,31.0,,,,,35.0,,1.0,35.0,0,0,0,0,0,1,1,1,1,0,1,1,0,0,0,0,0,0,1,1,1,1,0,1,0,0,0,0,0,0,0,1,1,1,1,0,1,0,0,,,,
2016,north county joint union elementary,"Rural, distant",0.37,0.31,0.44,0.49,0.27,,,,,0.31,,,0.47,32.0,15.0,17.0,19.0,13.0,,,,,17.0,,0.0,14.0,87.0,48.0,39.0,39.0,48.0,,,,,54.0,,2.0,30.0,0,0,0,0,0,1,1,1,1,0,1,1,0,0,0,0,0,0,1,1,1,1,0,1,0,0,0,0,0,0,0,1,1,1,1,0,1,0,0,0.62,,,
2017,north county joint union elementary,"Rural, distant",0.4333,0.3421,0.5,0.38,0.5,,,,,0.2963,,,0.6471,39.0,13.0,26.0,19.0,20.0,,,,,16.0,,0.0,22.0,90.0,38.0,52.0,50.0,40.0,,,,,54.0,,0.0,34.0,0,0,0,0,0,1,1,1,1,0,1,1,0,0,0,0,0,0,1,1,1,1,0,1,0,0,0,0,0,0,0,1,1,1,1,0,1,0,0,0.37,0.62,,
2018,north county joint union elementary,"Rural, distant",0.5205,0.4286,0.5577,0.561,0.4688,,,,,0.449,,,0.6522,38.0,9.0,29.0,23.0,15.0,,,,,22.0,,,15.0,73.0,21.0,52.0,41.0,32.0,,,,,49.0,,,23.0,0,0,0,0,0,1,1,1,1,0,1,1,0,0,0,0,0,0,1,1,1,1,0,1,1,0,0,0,0,0,0,1,1,1,1,0,1,1,0,0.4333,0.37,0.62,
2019,north county joint union elementary,"Rural, distant",0.5067,0.3889,0.6154,0.4167,0.5897,,,,,0.4364,,,0.7059,38.0,14.0,24.0,15.0,23.0,,,,,24.0,,0.0,12.0,75.0,36.0,39.0,36.0,39.0,,,,,55.0,,0.0,17.0,0,0,0,0,0,1,1,1,1,0,1,1,0,0,0,0,0,0,1,1,1,1,0,1,0,0,0,0,0,0,0,1,1,1,1,0,1,0,0,0.5205,0.4333,0.37,0.62
2015,north cow creek elementary,"Rural, fringe",0.6,,0.63,0.46,0.71,,,,,,,,0.62,18.0,0.0,15.0,6.0,12.0,0.0,,,,,,,18.0,30.0,6.0,24.0,13.0,17.0,1.0,,,,,,,29.0,0,1,0,0,0,1,1,1,1,1,1,1,0,0,0,0,0,0,0,1,1,1,1,1,1,0,0,0,0,0,0,0,1,1,1,1,1,1,0,,,,
2016,north cow creek elementary,"Rural, fringe",0.62,,0.6,,0.68,,,,,,,,0.64,16.0,0.0,12.0,0.0,13.0,0.0,,0.0,,0.0,,,14.0,26.0,6.0,20.0,7.0,19.0,2.0,,1.0,,1.0,,,22.0,0,1,0,1,0,1,1,1,1,1,1,1,0,0,0,0,0,0,0,1,0,1,0,1,1,0,0,0,0,0,0,0,1,0,1,0,1,1,0,0.6,,,
2017,north cow creek elementary,"Rural, fringe",0.6,,0.7333,0.6429,0.5455,,,,,,,,0.6111,15.0,0.0,11.0,9.0,6.0,,0.0,,,0.0,,0.0,11.0,25.0,0.0,15.0,14.0,11.0,,0.0,,,0.0,,0.0,18.0,0,1,0,0,0,1,1,1,1,1,1,1,0,0,0,0,0,0,1,0,1,1,0,1,0,0,0,0,0,0,0,1,0,1,1,0,1,0,0,0.62,0.6,,
2018,north cow creek elementary,"Rural, fringe",0.44,,0.5,0.3333,0.5385,,,,,,,,0.3529,11.0,0.0,8.0,4.0,7.0,,0.0,,,0.0,,0.0,6.0,25.0,0.0,16.0,12.0,13.0,,0.0,,,0.0,,0.0,17.0,0,1,0,0,0,1,1,1,1,1,1,1,0,0,0,0,0,0,1,0,1,1,0,1,0,0,0,0,0,0,0,1,0,1,1,0,1,0,0,0.6,0.62,0.6,
2019,north cow creek elementary,"Rural, fringe",0.4815,,0.6,,0.6,,,,,,,,0.5556,13.0,0.0,12.0,0.0,12.0,0.0,0.0,,,0.0,,0.0,10.0,27.0,7.0,20.0,7.0,20.0,0.0,0.0,,,5.0,,0.0,18.0,0,1,0,1,0,1,1,1,1,1,1,1,0,0,0,0,0,0,0,0,1,1,0,1,0,0,0,0,0,0,0,0,0,1,1,0,1,0,0,0.44,0.6,0.62,0.6
2015,norwalk-la mirada unified,"Suburb, large",0.29,0.22,0.47,0.27,0.32,,0.67,0.22,0.45,0.24,,0.67,0.5,414.0,221.0,178.0,179.0,224.0,0.0,32.0,6.0,17.0,265.0,0.0,8.0,68.0,1383.0,1003.0,380.0,661.0,722.0,3.0,48.0,27.0,38.0,1108.0,7.0,12.0,136.0,0,0,0,0,0,1,0,0,0,0,1,0,0,0,0,0,0,0,0,0,0,0,0,0,0,0,0,0,0,0,0,0,0,0,0,0,0,0,0,,,,
2016,norwalk-la mirada unified,"Suburb, large",0.37,0.31,0.54,0.34,0.4,,0.73,0.21,0.55,0.32,,0.52,0.55,495.0,302.0,195.0,225.0,270.0,0.0,44.0,7.0,21.0,348.0,0.0,11.0,62.0,1337.0,976.0,361.0,662.0,675.0,2.0,60.0,33.0,38.0,1055.0,4.0,21.0,113.0,0,0,0,0,0,1,0,0,0,0,1,0,0,0,0,0,0,0,0,0,0,0,0,0,0,0,0,0,0,0,0,0,0,0,0,0,0,0,0,0.29,,,
2017,norwalk-la mirada unified,"Suburb, large",0.3733,0.3071,0.5436,0.3408,0.4033,,0.6508,0.3,0.6563,0.3318,,0.5714,0.5487,520.0,308.0,212.0,228.0,292.0,0.0,41.0,12.0,21.0,369.0,0.0,12.0,62.0,1394.0,1004.0,390.0,669.0,725.0,0.0,63.0,40.0,32.0,1113.0,0.0,21.0,113.0,0,0,0,0,0,1,0,0,0,0,1,0,0,0,0,0,0,0,0,0,0,0,0,0,0,0,0,0,0,0,0,0,0,0,0,0,0,0,0,0.37,0.29,,
2018,norwalk-la mirada unified,"Suburb, large",0.4221,0.3633,0.5888,0.4362,0.4098,,0.8261,0.3448,0.6889,0.3808,,0.3913,0.5686,547.0,348.0,199.0,263.0,284.0,0.0,38.0,10.0,31.0,396.0,0.0,9.0,58.0,1296.0,958.0,338.0,603.0,693.0,0.0,46.0,29.0,45.0,1040.0,0.0,23.0,102.0,0,0,0,0,0,1,0,0,0,0,1,0,0,0,0,0,0,0,0,0,0,0,0,0,0,0,0,0,0,0,0,0,0,0,0,0,0,0,0,0.3733,0.37,0.29,
2019,norwalk-la mirada unified,"Suburb, large",0.4491,0.3923,0.6541,0.4276,0.4683,,0.8154,0.375,0.75,0.3884,,0.7586,0.6,551.0,377.0,174.0,248.0,303.0,0.0,53.0,12.0,24.0,367.0,0.0,22.0,66.0,1228.0,961.0,267.0,581.0,647.0,0.0,66.0,32.0,32.0,945.0,5.0,29.0,110.0,0,0,0,0,0,1,0,0,0,0,1,0,0,0,0,0,0,0,0,0,0,0,0,0,0,0,0,0,0,0,0,0,0,0,0,0,0,0,0,0.4221,0.3733,0.37,0.29
2015,novato unified,"Suburb, large",0.58,0.36,0.71,0.57,0.59,,0.91,0.06,,0.4,,0.72,0.7,324.0,75.0,252.0,143.0,182.0,0.0,20.0,1.0,0.0,77.0,0.0,26.0,194.0,560.0,206.0,354.0,252.0,308.0,6.0,22.0,18.0,8.0,192.0,1.0,36.0,277.0,0,0,0,0,0,1,0,0,1,0,1,0,0,0,0,0,0,0,0,0,0,0,0,0,0,0,0,0,0,0,0,0,0,0,0,0,0,0,0,,,,
2016,novato unified,"Suburb, large",0.5,0.23,0.68,0.44,0.55,,0.69,0.13,,0.27,,0.59,0.66,302.0,57.0,245.0,129.0,172.0,0.0,24.0,2.0,0.0,60.0,0.0,16.0,197.0,605.0,245.0,360.0,292.0,313.0,2.0,35.0,16.0,3.0,224.0,2.0,27.0,295.0,0,0,0,0,0,1,0,0,1,0,1,0,0,0,0,0,0,0,0,0,0,0,0,0,0,0,0,0,0,0,0,0,0,0,0,0,0,0,0,0.58,,,
2017,novato unified,"Suburb, large",0.4991,0.2851,0.6722,0.487,0.511,,0.6944,0.3846,,0.2785,,0.6552,0.6806,270.0,69.0,201.0,131.0,139.0,0.0,25.0,5.0,0.0,66.0,0.0,19.0,147.0,541.0,242.0,299.0,269.0,272.0,0.0,36.0,13.0,0.0,237.0,0.0,29.0,216.0,0,0,0,0,0,1,0,0,1,0,1,0,0,0,0,0,0,0,0,0,0,0,0,0,0,0,0,0,0,0,0,0,0,0,0,0,0,0,0,0.5,0.58,,
2018,novato unified,"Suburb, large",0.4637,0.2183,0.6542,0.443,0.4797,,0.68,0.25,,0.2404,,0.6176,0.6234,243.0,50.0,193.0,101.0,142.0,0.0,17.0,3.0,0.0,50.0,,21.0,149.0,524.0,229.0,295.0,228.0,296.0,0.0,25.0,12.0,0.0,208.0,,34.0,239.0,0,0,0,0,0,1,0,0,1,0,1,0,0,0,0,0,0,0,0,0,0,0,0,1,0,0,0,0,0,0,0,0,0,0,0,0,1,0,0,0.4991,0.5,0.58,
2019,novato unified,"Suburb, large",0.4951,0.2889,0.6585,0.4646,0.5255,,0.5667,0.1429,,0.3206,,0.5938,0.6682,252.0,65.0,187.0,118.0,134.0,0.0,17.0,2.0,0.0,67.0,,19.0,141.0,509.0,225.0,284.0,254.0,255.0,4.0,30.0,14.0,6.0,209.0,,32.0,211.0,0,0,0,0,0,1,0,0,1,0,1,0,0,0,0,0,0,0,0,0,0,0,0,1,0,0,0,0,0,0,0,0,0,0,0,0,1,0,0,0.4637,0.4991,0.5,0.58
2015,nuview union,"Suburb, large",0.18,0.14,0.29,0.13,0.22,,,,,0.14,,,0.29,26.0,16.0,10.0,9.0,17.0,0.0,0.0,,,16.0,,0.0,9.0,146.0,112.0,34.0,69.0,77.0,1.0,1.0,,,112.0,,1.0,31.0,0,0,0,0,0,1,1,1,1,0,1,1,0,0,0,0,0,0,0,0,1,1,0,1,0,0,0,0,0,0,0,0,0,1,1,0,1,0,0,,,,
2016,nuview union,"Suburb, large",0.23,0.18,0.41,0.24,0.22,,,,,0.17,,,0.45,46.0,28.0,17.0,23.0,22.0,0.0,0.0,0.0,,26.0,,0.0,17.0,199.0,157.0,42.0,97.0,102.0,1.0,1.0,3.0,,153.0,,2.0,38.0,0,0,0,0,0,1,1,1,1,0,1,1,0,0,0,0,0,0,0,0,0,1,0,1,0,0,0,0,0,0,0,0,0,0,1,0,1,0,0,0.18,,,
2017,nuview union,"Suburb, large",0.3464,0.3617,0.2895,0.3563,0.337,,,,,0.3172,,,0.4828,62.0,51.0,11.0,31.0,31.0,0.0,,0.0,0.0,46.0,,0.0,14.0,179.0,141.0,38.0,87.0,92.0,0.0,,0.0,0.0,145.0,,0.0,29.0,0,0,0,0,0,1,1,1,1,0,1,1,0,0,0,0,0,0,0,1,0,0,0,1,0,0,0,0,0,0,0,0,1,0,0,0,1,0,0,0.23,0.18,,
2018,nuview union,"Suburb, large",0.2733,0.2482,0.4167,0.2821,0.2651,,,,,0.2619,,,0.3571,44.0,34.0,10.0,22.0,22.0,,,0.0,,33.0,,0.0,10.0,161.0,137.0,24.0,78.0,83.0,,,0.0,,126.0,,0.0,28.0,0,0,0,0,0,1,1,1,1,0,1,1,0,0,0,0,0,0,1,1,0,1,0,1,0,0,0,0,0,0,0,1,1,0,1,0,1,0,0,0.3464,0.23,0.18,
2019,nuview union,"Rural, fringe",0.3373,0.2556,0.6389,0.321,0.3523,,,,,0.3008,,,0.4839,57.0,34.0,23.0,26.0,31.0,,,0.0,,40.0,,0.0,15.0,169.0,133.0,36.0,81.0,88.0,,,0.0,,133.0,,0.0,31.0,0,0,0,0,0,1,1,1,1,0,1,1,0,0,0,0,0,0,1,1,0,1,0,1,0,0,0,0,0,0,0,1,1,0,1,0,1,0,0,0.2733,0.3464,0.23,0.18
2015,oak grove elementary,"City, large",0.35,0.17,0.5,0.36,0.34,,0.62,0.28,0.44,0.17,0.2,0.5,0.51,398.0,90.0,303.0,207.0,191.0,0.0,129.0,13.0,22.0,87.0,3.0,15.0,121.0,1137.0,531.0,606.0,574.0,563.0,3.0,209.0,47.0,50.0,545.0,15.0,30.0,238.0,0,0,0,0,0,1,0,0,0,0,0,0,0,0,0,0,0,0,0,0,0,0,0,0,0,0,0,0,0,0,0,0,0,0,0,0,0,0,0,,,,
2016,oak grove elementary,"City, large",0.4,0.25,0.56,0.4,0.41,,0.7,0.3,0.54,0.25,,0.58,0.47,480.0,150.0,330.0,228.0,246.0,0.0,151.0,11.0,21.0,145.0,0.0,44.0,103.0,1199.0,600.0,599.0,583.0,616.0,6.0,215.0,38.0,39.0,603.0,3.0,76.0,219.0,0,0,0,0,0,1,0,0,0,0,1,0,0,0,0,0,0,0,0,0,0,0,0,0,0,0,0,0,0,0,0,0,0,0,0,0,0,0,0,0.35,,,
2017,oak grove elementary,"City, large",0.4339,0.2555,0.5585,0.4569,0.4114,,0.7466,0.2188,0.6071,0.2435,,0.6092,0.5506,479.0,116.0,363.0,249.0,230.0,0.0,165.0,7.0,17.0,132.0,0.0,53.0,98.0,1104.0,454.0,650.0,545.0,559.0,0.0,221.0,32.0,28.0,542.0,0.0,87.0,178.0,0,0,0,0,0,1,0,0,0,0,1,0,0,0,0,0,0,0,0,0,0,0,0,0,0,0,0,0,0,0,0,0,0,0,0,0,0,0,0,0.4,0.35,,
2018,oak grove elementary,"City, large",0.4796,0.2929,0.6388,0.4496,0.5068,,0.7402,0.2826,0.7105,0.2874,0.3636,0.7179,0.5676,541.0,152.0,389.0,241.0,300.0,0.0,188.0,13.0,27.0,148.0,4.0,56.0,105.0,1128.0,519.0,609.0,536.0,592.0,0.0,254.0,46.0,38.0,515.0,11.0,78.0,185.0,0,0,0,0,0,1,0,0,0,0,0,0,0,0,0,0,0,0,0,0,0,0,0,0,0,0,0,0,0,0,0,0,0,0,0,0,0,0,0,0.4339,0.4,0.35,
2019,oak grove elementary,"City, large",0.4929,0.3075,0.6498,0.4912,0.4944,,0.7487,0.3429,0.6429,0.3394,,0.5974,0.6266,486.0,139.0,347.0,223.0,263.0,0.0,140.0,12.0,18.0,167.0,0.0,46.0,99.0,987.0,453.0,534.0,454.0,533.0,0.0,187.0,35.0,28.0,492.0,6.0,78.0,158.0,0,0,0,0,0,1,0,0,0,0,1,0,0,0,0,0,0,0,0,0,0,0,0,0,0,0,0,0,0,0,0,0,0,0,0,0,0,0,0,0.4796,0.4339,0.4,0.35
2015,oak grove union elementary,"Rural, fringe",0.68,0.38,0.75,0.68,0.7,,,,,0.5,,,0.71,50.0,5.0,45.0,27.0,23.0,,,0.0,,7.0,,0.0,39.0,73.0,13.0,60.0,40.0,33.0,,,1.0,,14.0,,3.0,55.0,0,0,0,0,0,1,1,1,1,0,1,1,0,0,0,0,0,0,1,1,0,1,0,1,0,0,0,0,0,0,0,1,1,0,1,0,1,0,0,,,,
2016,oak grove union elementary,"Rural, fringe",0.63,0.46,0.67,0.53,0.74,,,,,0.59,,,0.6,46.0,6.0,40.0,20.0,26.0,,,,,10.0,,0.0,30.0,74.0,14.0,60.0,39.0,35.0,,,,,17.0,,6.0,51.0,0,0,0,0,0,1,1,1,1,0,1,1,0,0,0,0,0,0,1,1,1,1,0,1,0,0,0,0,0,0,0,1,1,1,1,0,1,0,0,0.68,,,
2017,oak grove union elementary,"Rural, fringe",0.5417,0.4286,0.569,0.5714,0.5227,,,,,0.2667,,,0.6327,39.0,6.0,33.0,16.0,23.0,,0.0,0.0,,4.0,,0.0,31.0,72.0,14.0,58.0,28.0,44.0,,0.0,0.0,,15.0,,0.0,49.0,0,0,0,0,0,1,1,1,1,0,1,1,0,0,0,0,0,0,1,0,0,1,0,1,0,0,0,0,0,0,0,1,0,0,1,0,1,0,0,0.63,0.68,,
2018,oak grove union elementary,"Rural, fringe",0.5672,0.3684,0.6458,0.5172,0.6053,,,,,0.3889,,,0.675,38.0,7.0,31.0,15.0,23.0,,0.0,0.0,0.0,7.0,,0.0,27.0,67.0,19.0,48.0,29.0,38.0,,0.0,0.0,0.0,18.0,,0.0,40.0,0,0,0,0,0,1,1,1,1,0,1,1,0,0,0,0,0,0,1,0,0,0,0,1,0,0,0,0,0,0,0,1,0,0,0,0,1,0,0,0.5417,0.63,0.68,
2019,oak grove union elementary,"Rural, fringe",0.5938,0.3333,0.6735,0.6571,0.5172,,,,,0.5,,,0.6765,38.0,5.0,33.0,23.0,15.0,,0.0,,,12.0,,0.0,23.0,64.0,15.0,49.0,35.0,29.0,,0.0,,,24.0,,5.0,34.0,0,0,0,0,0,1,1,1,1,0,1,1,0,0,0,0,0,0,1,0,1,1,0,1,0,0,0,0,0,0,0,1,0,1,1,0,1,0,0,0.5672,0.5417,0.63,0.68
2015,oak park unified,"Suburb, midsize",0.75,0.33,0.77,0.67,0.81,,0.9,,,0.64,,,0.7,236.0,6.0,236.0,97.0,143.0,0.0,71.0,0.0,0.0,18.0,,0.0,136.0,320.0,18.0,302.0,144.0,176.0,3.0,79.0,2.0,5.0,28.0,,8.0,195.0,0,0,0,0,0,1,0,1,1,0,1,1,0,0,0,0,0,0,0,0,0,0,0,1,0,0,0,0,0,0,0,0,0,0,0,0,1,0,0,,,,
2016,oak park unified,"Suburb, midsize",0.81,0.76,0.82,0.79,0.84,,0.93,,,0.81,,,0.76,264.0,19.0,246.0,141.0,124.0,0.0,78.0,0.0,0.0,21.0,,0.0,148.0,326.0,25.0,301.0,178.0,148.0,3.0,83.0,8.0,3.0,26.0,,8.0,195.0,0,0,0,0,0,1,0,1,1,0,1,1,0,0,0,0,0,0,0,0,0,0,0,1,0,0,0,0,0,0,0,0,0,0,0,0,1,0,0,0.75,,,
2017,oak park unified,"Suburb, midsize",0.7821,0.65,0.7923,0.7432,0.8258,,0.8621,,,0.5294,,,0.7643,219.0,13.0,206.0,110.0,109.0,0.0,75.0,0.0,0.0,9.0,,0.0,120.0,280.0,20.0,260.0,148.0,132.0,0.0,87.0,0.0,0.0,17.0,,0.0,157.0,0,0,0,0,0,1,0,1,1,0,1,1,0,0,0,0,0,0,0,0,0,0,0,1,0,0,0,0,0,0,0,0,0,0,0,0,1,0,0,0.81,0.75,,
2018,oak park unified,"Suburb, midsize",0.8111,0.7,0.8188,0.7688,0.8571,,0.9286,,,0.5556,,0.7778,0.7848,249.0,14.0,235.0,123.0,126.0,,91.0,0.0,0.0,15.0,0.0,14.0,124.0,307.0,20.0,287.0,160.0,147.0,,98.0,0.0,0.0,27.0,0.0,18.0,158.0,0,0,0,0,0,1,0,1,1,0,1,0,0,0,0,0,0,0,1,0,0,0,0,0,0,0,0,0,0,0,0,1,0,0,0,0,0,0,0,0.7821,0.81,0.75,
2019,oak park unified,"Suburb, midsize",0.8007,0.75,0.806,0.7771,0.8308,,0.8901,,,0.8077,,0.8,0.7569,237.0,21.0,216.0,129.0,108.0,0.0,81.0,0.0,0.0,21.0,0.0,16.0,109.0,296.0,28.0,268.0,166.0,130.0,0.0,91.0,8.0,5.0,26.0,0.0,20.0,144.0,0,0,0,0,0,1,0,1,1,0,1,0,0,0,0,0,0,0,0,0,0,0,0,0,0,0,0,0,0,0,0,0,0,0,0,0,0,0,0,0.8111,0.7821,0.81,0.75
2015,oak valley union elementary,"Rural, fringe",0.17,0.11,0.5,0.21,0.15,,,,,0.13,,,0.26,13.0,7.0,6.0,7.0,6.0,,,0.0,,7.0,,,5.0,75.0,63.0,12.0,34.0,41.0,,,2.0,,54.0,,,19.0,0,0,0,0,0,1,1,1,1,0,1,1,0,0,0,0,0,0,1,1,0,1,0,1,1,0,0,0,0,0,0,1,1,0,1,0,1,1,0,,,,
2016,oak valley union elementary,"Rural, fringe",0.22,0.25,0.13,0.13,0.33,,,,,0.2,,,0.27,15.0,13.0,2.0,5.0,10.0,,,0.0,0.0,10.0,,,4.0,68.0,53.0,15.0,38.0,30.0,,,2.0,1.0,50.0,,,15.0,0,0,0,0,0,1,1,1,1,0,1,1,0,0,0,0,0,0,1,1,0,0,0,1,1,0,0,0,0,0,0,1,1,0,0,0,1,1,0,0.17,,,
2017,oak valley union elementary,"Rural, fringe",0.3281,0.2826,0.4444,0.2222,0.4643,,,,,0.2979,,,0.4286,21.0,13.0,8.0,8.0,13.0,0.0,,0.0,,14.0,,,6.0,64.0,46.0,18.0,36.0,28.0,0.0,,0.0,,47.0,,,14.0,0,0,0,0,0,1,1,1,1,0,1,1,0,0,0,0,0,0,0,1,0,1,0,1,1,0,0,0,0,0,0,0,1,0,1,0,1,1,0,0.22,0.17,,
2018,oak valley union elementary,"Rural, fringe",0.4565,0.359,,0.3529,0.5172,,,,,0.4,,,0.6364,21.0,14.0,0.0,6.0,15.0,,,,,14.0,,,7.0,46.0,39.0,0.0,17.0,29.0,,,,,35.0,,,11.0,0,0,1,0,0,1,1,1,1,0,1,1,0,0,0,0,0,0,1,1,1,1,0,1,1,0,0,0,0,0,0,1,1,1,1,0,1,1,0,0.3281,0.22,0.17,
2019,oak valley union elementary,"Rural, fringe",0.5902,0.5238,0.7368,0.6061,0.5714,,,,,0.5263,,,0.6667,36.0,22.0,14.0,20.0,16.0,,,0.0,0.0,20.0,,,14.0,61.0,42.0,19.0,33.0,28.0,,,0.0,0.0,38.0,,,21.0,0,0,0,0,0,1,1,1,1,0,1,1,0,0,0,0,0,0,1,1,0,0,0,1,1,0,0,0,0,0,0,1,1,0,0,0,1,1,0,0.4565,0.3281,0.22,0.17
2015,oak view union elementary,"Rural, fringe",0.38,0.17,0.62,0.44,0.33,,,,,0.25,,,0.48,17.0,4.0,13.0,8.0,9.0,,,,0.0,5.0,,0.0,10.0,45.0,24.0,21.0,18.0,27.0,,,,1.0,20.0,,3.0,21.0,0,0,0,0,0,1,1,1,1,0,1,1,0,0,0,0,0,0,1,1,1,0,0,1,0,0,0,0,0,0,0,1,1,1,0,0,1,0,0,,,,
2016,oak view union elementary,"Rural, fringe",0.4,0.17,0.63,0.45,0.37,,,,,0.25,,,0.57,19.0,4.0,15.0,9.0,10.0,,,,,5.0,,0.0,13.0,47.0,23.0,24.0,20.0,27.0,,,,,20.0,,4.0,23.0,0,0,0,0,0,1,1,1,1,0,1,1,0,0,0,0,0,0,1,1,1,1,0,1,0,0,0,0,0,0,0,1,1,1,1,0,1,0,0,0.38,,,
2017,oak view union elementary,"Rural, fringe",0.4468,0.32,0.5909,0.4615,0.4286,,,,,0.4211,,,0.375,21.0,8.0,13.0,12.0,9.0,,,,0.0,8.0,,0.0,9.0,47.0,25.0,22.0,26.0,21.0,,,,0.0,19.0,,0.0,24.0,0,0,0,0,0,1,1,1,1,0,1,1,0,0,0,0,0,0,1,1,1,0,0,1,0,0,0,0,0,0,0,1,1,1,0,0,1,0,0,0.4,0.38,,
2018,oak view union elementary,"Rural, fringe",0.6429,0.5455,0.75,0.7857,0.5714,,,,,0.5882,,,0.7143,27.0,12.0,15.0,11.0,16.0,,,,0.0,10.0,0.0,0.0,15.0,42.0,22.0,20.0,14.0,28.0,,,,0.0,17.0,0.0,0.0,21.0,0,0,0,0,0,1,1,1,1,0,1,1,0,0,0,0,0,0,1,1,1,0,0,0,0,0,0,0,0,0,0,1,1,1,0,0,0,0,0,0.4468,0.4,0.38,
2019,oak view union elementary,"Rural, fringe",0.5385,0.5556,0.5238,0.4286,0.6667,,,,,0.5,,,0.6875,21.0,10.0,11.0,9.0,12.0,,,,,10.0,0.0,0.0,11.0,39.0,18.0,21.0,21.0,18.0,,,,,20.0,0.0,0.0,16.0,0,0,0,0,0,1,1,1,1,0,1,1,0,0,0,0,0,0,1,1,1,1,0,0,0,0,0,0,0,0,0,1,1,1,1,0,0,0,0,0.6429,0.4468,0.4,0.38
2015,oakdale joint unified,"Suburb, large",0.2,0.09,0.32,0.18,0.22,,,,,0.2,,,0.2,76.0,17.0,60.0,35.0,43.0,0.0,0.0,0.0,0.0,27.0,0.0,0.0,42.0,375.0,190.0,185.0,190.0,185.0,2.0,8.0,3.0,2.0,139.0,2.0,10.0,209.0,0,0,0,0,0,1,1,1,1,0,1,1,0,0,0,0,0,0,0,0,0,0,0,0,0,0,0,0,0,0,0,0,0,0,0,0,0,0,0,,,,
2016,oakdale joint unified,"Suburb, large",0.31,0.18,0.45,0.27,0.36,,,,,0.17,,,0.41,124.0,36.0,92.0,51.0,76.0,0.0,0.0,,0.0,25.0,0.0,0.0,94.0,398.0,198.0,200.0,188.0,210.0,2.0,3.0,,3.0,150.0,1.0,10.0,229.0,0,0,0,0,0,1,1,1,1,0,1,1,0,0,0,0,0,0,0,0,1,0,0,0,0,0,0,0,0,0,0,0,0,1,0,0,0,0,0,0.2,,,
2017,oakdale joint unified,"Suburb, large",0.4344,0.3333,0.5189,0.3978,0.468,,,,,0.3544,,,0.4952,169.0,59.0,110.0,74.0,95.0,0.0,0.0,0.0,0.0,56.0,0.0,0.0,104.0,389.0,177.0,212.0,186.0,203.0,0.0,0.0,0.0,0.0,158.0,0.0,0.0,210.0,0,0,0,0,0,1,1,1,1,0,1,1,0,0,0,0,0,0,0,0,0,0,0,0,0,0,0,0,0,0,0,0,0,0,0,0,0,0,0,0.31,0.2,,
2018,oakdale joint unified,"Suburb, large",0.4178,0.2938,0.545,0.3652,0.4634,,,,,0.271,,,0.5024,160.0,57.0,103.0,65.0,95.0,0.0,0.0,0.0,0.0,42.0,,0.0,104.0,383.0,194.0,189.0,178.0,205.0,0.0,0.0,0.0,0.0,155.0,,0.0,207.0,0,0,0,0,0,1,1,1,1,0,1,1,0,0,0,0,0,0,0,0,0,0,0,1,0,0,0,0,0,0,0,0,0,0,0,0,1,0,0,0.4344,0.31,0.2,
2019,oakdale joint unified,"Suburb, large",0.5263,0.3787,0.6705,0.5057,0.5482,,,,,0.4694,,0.2727,0.6034,180.0,64.0,116.0,89.0,91.0,0.0,0.0,0.0,0.0,69.0,,3.0,105.0,342.0,169.0,173.0,176.0,166.0,5.0,0.0,0.0,0.0,147.0,,11.0,174.0,0,0,0,0,0,1,1,1,1,0,1,0,0,0,0,0,0,0,0,0,0,0,0,1,0,0,0,0,0,0,0,0,0,0,0,0,1,0,0,0.4178,0.4344,0.31,0.2
2015,oakland unified,"City, large",0.26,0.18,0.54,0.25,0.27,0.0,0.46,0.11,0.3,0.15,0.29,0.6,0.62,853.0,435.0,401.0,380.0,442.0,0.0,196.0,93.0,8.0,205.0,10.0,44.0,269.0,3156.0,2414.0,742.0,1519.0,1637.0,12.0,427.0,840.0,27.0,1283.0,34.0,73.0,434.0,0,0,0,0,0,0,0,0,0,0,0,0,0,0,0,0,0,0,0,0,0,0,0,0,0,0,0,0,0,0,0,0,0,0,0,0,0,0,0,,,,
2016,oakland unified,"City, large",0.27,0.18,0.56,0.27,0.28,0.17,0.49,0.12,0.26,0.16,0.19,0.55,0.65,899.0,407.0,451.0,429.0,455.0,2.0,203.0,88.0,8.0,216.0,7.0,79.0,258.0,3211.0,2390.0,821.0,1589.0,1622.0,12.0,422.0,803.0,31.0,1346.0,36.0,143.0,391.0,0,0,0,0,0,0,0,0,0,0,0,0,0,0,0,0,0,0,0,0,0,0,0,0,0,0,0,0,0,0,0,0,0,0,0,0,0,0,0,0.26,,,
2017,oakland unified,"City, large",0.3123,0.2131,0.5647,0.3022,0.3219,,0.5183,0.1309,0.4286,0.1913,0.1481,0.6063,0.6978,966.0,473.0,493.0,457.0,509.0,0.0,227.0,95.0,9.0,245.0,4.0,77.0,291.0,3094.0,2221.0,873.0,1512.0,1582.0,0.0,438.0,726.0,21.0,1282.0,27.0,127.0,417.0,0,0,0,0,0,1,0,0,0,0,0,0,0,0,0,0,0,0,0,0,0,0,0,0,0,0,0,0,0,0,0,0,0,0,0,0,0,0,0,0.27,0.26,,
2018,oakland unified,"City, large",0.3253,0.2217,0.632,0.2999,0.349,,0.5731,0.1716,0.2667,0.2027,0.1143,0.5238,0.7179,1015.0,517.0,498.0,451.0,564.0,0.0,247.0,133.0,4.0,258.0,4.0,77.0,280.0,3122.0,2333.0,789.0,1505.0,1617.0,0.0,431.0,775.0,15.0,1275.0,35.0,147.0,390.0,0,0,0,0,0,1,0,0,0,0,0,0,0,0,0,0,0,0,0,0,0,0,0,0,0,0,0,0,0,0,0,0,0,0,0,0,0,0,0,0.3123,0.27,0.26,
2019,oakland unified,"City, large",0.3334,0.2213,0.6105,0.3288,0.338,0.0909,0.5297,0.1603,0.2727,0.2113,0.1667,0.5847,0.7176,997.0,470.0,527.0,484.0,512.0,1.0,216.0,105.0,6.0,261.0,4.0,107.0,282.0,2988.0,2125.0,863.0,1473.0,1515.0,11.0,407.0,655.0,22.0,1235.0,24.0,183.0,394.0,0,0,0,0,0,0,0,0,0,0,0,0,0,0,0,0,0,0,0,0,0,0,0,0,0,0,0,0,0,0,0,0,0,0,0,0,0,0,0,0.3253,0.3123,0.27,0.26
2015,oakley union elementary,"Suburb, large",0.24,0.15,0.34,0.24,0.25,,0.38,0.17,0.53,0.17,,0.28,0.32,134.0,42.0,87.0,62.0,67.0,0.0,6.0,8.0,9.0,45.0,0.0,8.0,52.0,537.0,282.0,255.0,268.0,269.0,1.0,16.0,47.0,17.0,253.0,6.0,29.0,168.0,0,0,0,0,0,1,0,0,0,0,1,0,0,0,0,0,0,0,0,0,0,0,0,0,0,0,0,0,0,0,0,0,0,0,0,0,0,0,0,,,,
2016,oakley union elementary,"Suburb, large",0.32,0.21,0.42,0.32,0.31,,0.38,0.21,0.65,0.23,,0.44,0.39,179.0,55.0,120.0,87.0,91.0,0.0,8.0,12.0,13.0,59.0,,11.0,74.0,559.0,273.0,286.0,273.0,286.0,5.0,21.0,58.0,20.0,244.0,,25.0,185.0,0,0,0,0,0,1,0,0,0,0,1,0,0,0,0,0,0,0,0,0,0,0,0,1,0,0,0,0,0,0,0,0,0,0,0,0,1,0,0,0.24,,,
2017,oakley union elementary,"Suburb, large",0.3258,0.2236,0.414,0.3069,0.3485,,0.4,0.2292,0.8947,0.2341,,0.2308,0.4068,173.0,55.0,118.0,89.0,84.0,0.0,6.0,11.0,17.0,59.0,0.0,3.0,72.0,531.0,246.0,285.0,290.0,241.0,0.0,15.0,48.0,19.0,252.0,0.0,13.0,177.0,0,0,0,0,0,1,0,0,0,0,1,0,0,0,0,0,0,0,0,0,0,0,0,0,0,0,0,0,0,0,0,0,0,0,0,0,0,0,0,0.32,0.24,,
2018,oakley union elementary,"Suburb, large",0.3207,0.2155,0.4301,0.3011,0.3392,,0.2857,0.2549,0.75,0.2811,,0.3,0.3797,178.0,61.0,117.0,81.0,97.0,0.0,4.0,13.0,15.0,79.0,0.0,6.0,60.0,555.0,283.0,272.0,269.0,286.0,0.0,14.0,51.0,20.0,281.0,0.0,20.0,158.0,0,0,0,0,0,1,0,0,0,0,1,0,0,0,0,0,0,0,0,0,0,0,0,0,0,0,0,0,0,0,0,0,0,0,0,0,0,0,0,0.3258,0.32,0.24,
2019,oakley union elementary,"Suburb, large",0.3372,0.2331,0.426,0.34,0.3346,,0.5455,0.2373,0.6087,0.274,,0.45,0.3895,173.0,55.0,118.0,85.0,88.0,0.0,6.0,14.0,14.0,60.0,0.0,9.0,67.0,513.0,236.0,277.0,250.0,263.0,5.0,11.0,59.0,23.0,219.0,0.0,20.0,172.0,0,0,0,0,0,1,0,0,0,0,1,0,0,0,0,0,0,0,0,0,0,0,0,0,0,0,0,0,0,0,0,0,0,0,0,0,0,0,0,0.3207,0.3258,0.32,0.24
2015,ocean view,"City, midsize",0.1,0.09,0.16,0.13,0.07,,,,,0.1,,,0.1,30.0,23.0,8.0,20.0,11.0,0.0,0.0,0.0,0.0,27.0,0.0,,2.0,302.0,253.0,49.0,151.0,151.0,1.0,1.0,3.0,9.0,266.0,2.0,,20.0,0,0,0,0,0,1,1,1,1,0,1,1,0,0,0,0,0,0,0,0,0,0,0,0,1,0,0,0,0,0,0,0,0,0,0,0,0,1,0,,,,
2015,ocean view,"Suburb, large",0.49,0.32,0.6,0.46,0.51,,0.67,0.44,,0.29,,0.59,0.58,486.0,129.0,359.0,227.0,254.0,0.0,111.0,7.0,0.0,102.0,0.0,22.0,234.0,992.0,403.0,589.0,494.0,498.0,6.0,165.0,16.0,9.0,351.0,5.0,37.0,403.0,0,0,0,0,0,1,0,0,1,0,1,0,0,0,0,0,0,0,0,0,0,0,0,0,0,0,0,0,0,0,0,0,0,0,0,0,0,0,0,0.1,,,
2016,ocean view,"City, midsize",0.13,0.12,0.17,0.12,0.14,,,,0.36,0.12,,,0.17,43.0,34.0,8.0,18.0,25.0,,0.0,0.0,4.0,36.0,0.0,0.0,2.0,330.0,283.0,47.0,151.0,179.0,,1.0,2.0,12.0,300.0,2.0,1.0,12.0,0,0,0,0,0,1,1,1,0,0,1,1,0,0,0,0,0,0,1,0,0,0,0,0,0,0,0,0,0,0,0,1,0,0,0,0,0,0,0,0.49,0.1,,
2016,ocean view,"Suburb, large",0.54,0.35,0.71,0.54,0.53,,0.74,,0.67,0.38,,0.62,0.62,497.0,154.0,340.0,254.0,238.0,0.0,94.0,0.0,8.0,139.0,0.0,24.0,218.0,920.0,441.0,479.0,471.0,449.0,4.0,127.0,10.0,12.0,367.0,4.0,39.0,357.0,0,0,0,0,0,1,0,1,0,0,1,0,0,0,0,0,0,0,0,0,0,0,0,0,0,0,0,0,0,0,0,0,0,0,0,0,0,0,0,0.13,0.49,0.1,
2017,ocean view,"City, midsize",0.1065,0.0922,0.1739,0.1221,0.0909,,,,,0.0776,,,0.5714,28.0,20.0,8.0,16.0,12.0,,0.0,0.0,0.0,18.0,0.0,0.0,8.0,263.0,217.0,46.0,131.0,132.0,,0.0,0.0,0.0,232.0,0.0,0.0,14.0,0,0,0,0,0,1,1,1,1,0,1,1,0,0,0,0,0,0,1,0,0,0,0,0,0,0,0,0,0,0,0,1,0,0,0,0,0,0,0,0.54,0.13,0.49,0.1
2017,ocean view,"Suburb, large",0.5581,0.3762,0.7108,0.5056,0.6101,,0.8372,,0.7368,0.3955,,0.6226,0.6061,504.0,155.0,349.0,227.0,277.0,0.0,108.0,0.0,14.0,142.0,0.0,33.0,200.0,903.0,412.0,491.0,449.0,454.0,0.0,129.0,0.0,19.0,359.0,0.0,53.0,330.0,0,0,0,0,0,1,0,1,0,0,1,0,0,0,0,0,0,0,0,0,0,0,0,0,0,0,0,0,0,0,0,0,0,0,0,0,0,0,0,0.1065,0.54,0.13,0.49
2018,ocean view,"City, midsize",0.1654,0.1073,0.3818,0.0952,0.2313,,,,,0.1166,,,0.4444,43.0,22.0,21.0,12.0,31.0,,0.0,0.0,0.0,26.0,,0.0,8.0,260.0,205.0,55.0,126.0,134.0,,0.0,0.0,0.0,223.0,,0.0,18.0,0,0,0,0,0,1,1,1,1,0,1,1,0,0,0,0,0,0,1,0,0,0,0,1,0,0,0,0,0,0,0,1,0,0,0,0,1,0,0,0.5581,0.1065,0.54,0.13
2018,ocean view,"Suburb, large",0.5654,0.4092,0.719,0.5401,0.59,,0.8224,0.3636,,0.3758,,0.6563,0.659,471.0,169.0,302.0,222.0,249.0,0.0,88.0,4.0,0.0,121.0,0.0,21.0,230.0,833.0,413.0,420.0,411.0,422.0,0.0,107.0,11.0,0.0,322.0,0.0,32.0,349.0,0,0,0,0,0,1,0,0,1,0,1,0,0,0,0,0,0,0,0,0,0,0,0,0,0,0,0,0,0,0,0,0,0,0,0,0,0,0,0,0.1654,0.5581,0.1065,0.54
2019,ocean view,"City, midsize",0.2161,0.1772,0.4722,0.1955,0.2357,,,,,0.2,,,0.25,59.0,42.0,17.0,26.0,33.0,,0.0,0.0,0.0,49.0,,0.0,3.0,273.0,237.0,36.0,133.0,140.0,,0.0,0.0,9.0,245.0,,0.0,12.0,0,0,0,0,0,1,1,1,1,0,1,1,0,0,0,0,0,0,1,0,0,0,0,1,0,0,0,0,0,0,0,1,0,0,0,0,1,0,0,0.5654,0.1654,0.5581,0.1065
2019,ocean view,"Suburb, large",0.5721,0.4,0.7607,0.563,0.5808,,0.808,,,0.3705,,0.7955,0.6968,476.0,174.0,302.0,228.0,248.0,0.0,101.0,0.0,0.0,133.0,0.0,35.0,193.0,832.0,435.0,397.0,405.0,427.0,0.0,125.0,9.0,6.0,359.0,0.0,44.0,277.0,0,0,0,0,0,1,0,1,1,0,1,0,0,0,0,0,0,0,0,0,0,0,0,0,0,0,0,0,0,0,0,0,0,0,0,0,0,0,0,0.2161,0.5654,0.1654,0.5581
2015,oceanside unified,"Suburb, large",0.33,0.26,0.5,0.3,0.36,,0.5,0.29,0.45,0.25,0.42,0.38,0.49,492.0,276.0,218.0,228.0,264.0,0.0,13.0,23.0,19.0,211.0,14.0,21.0,179.0,1490.0,1063.0,427.0,758.0,732.0,7.0,26.0,79.0,42.0,875.0,33.0,55.0,367.0,0,0,0,0,0,1,0,0,0,0,0,0,0,0,0,0,0,0,0,0,0,0,0,0,0,0,0,0,0,0,0,0,0,0,0,0,0,0,0,,,,
2016,oceanside unified,"Suburb, large",0.34,0.26,0.52,0.34,0.34,,0.78,0.24,0.48,0.26,0.3,0.44,0.51,504.0,277.0,238.0,260.0,244.0,0.0,18.0,16.0,19.0,229.0,9.0,33.0,178.0,1483.0,1026.0,457.0,765.0,718.0,8.0,23.0,66.0,40.0,883.0,30.0,75.0,348.0,0,0,0,0,0,1,0,0,0,0,0,0,0,0,0,0,0,0,0,0,0,0,0,0,0,0,0,0,0,0,0,0,0,0,0,0,0,0,0,0.33,,,
2017,oceanside unified,"Suburb, large",0.3391,0.2495,0.5223,0.3352,0.343,,0.875,0.2759,0.5152,0.2402,0.2857,0.5732,0.4829,487.0,241.0,246.0,238.0,249.0,0.0,21.0,16.0,17.0,202.0,8.0,47.0,169.0,1436.0,965.0,471.0,710.0,726.0,0.0,24.0,58.0,33.0,843.0,28.0,82.0,351.0,0,0,0,0,0,1,0,0,0,0,0,0,0,0,0,0,0,0,0,0,0,0,0,0,0,0,0,0,0,0,0,0,0,0,0,0,0,0,0,0.34,0.33,,
2018,oceanside unified,"Suburb, large",0.3889,0.298,0.5955,0.3721,0.4047,,0.8,0.2708,0.5484,0.306,0.4138,0.4627,0.5548,513.0,273.0,240.0,237.0,276.0,0.0,20.0,13.0,17.0,243.0,12.0,31.0,172.0,1319.0,916.0,403.0,637.0,682.0,0.0,25.0,48.0,31.0,794.0,29.0,67.0,310.0,0,0,0,0,0,1,0,0,0,0,0,0,0,0,0,0,0,0,0,0,0,0,0,0,0,0,0,0,0,0,0,0,0,0,0,0,0,0,0,0.3391,0.34,0.33,
2019,oceanside unified,"Suburb, large",0.4011,0.3275,0.543,0.386,0.4153,,0.5217,0.4355,0.5417,0.317,0.1667,0.5122,0.5597,519.0,279.0,240.0,242.0,277.0,0.0,12.0,27.0,13.0,239.0,3.0,42.0,178.0,1294.0,852.0,442.0,627.0,667.0,0.0,23.0,62.0,24.0,754.0,18.0,82.0,318.0,0,0,0,0,0,1,0,0,0,0,0,0,0,0,0,0,0,0,0,0,0,0,0,0,0,0,0,0,0,0,0,0,0,0,0,0,0,0,0,0.3889,0.3391,0.34,0.33
2015,ojai unified,"Suburb, large",0.33,0.21,0.4,0.31,0.34,,,,,0.09,,,0.4,59.0,15.0,45.0,27.0,34.0,,0.0,0.0,,4.0,,0.0,52.0,183.0,71.0,112.0,82.0,101.0,,2.0,3.0,,44.0,,7.0,127.0,0,0,0,0,0,1,1,1,1,0,1,1,0,0,0,0,0,0,1,0,0,1,0,1,0,0,0,0,0,0,0,1,0,0,1,0,1,0,0,,,,
2016,ojai unified,"Suburb, large",0.38,0.27,0.48,0.34,0.41,,,,,0.24,,,0.41,81.0,28.0,52.0,36.0,44.0,0.0,0.0,,0.0,17.0,0.0,0.0,56.0,213.0,104.0,109.0,106.0,107.0,1.0,2.0,,1.0,70.0,1.0,5.0,133.0,0,0,0,0,0,1,1,1,1,0,1,1,0,0,0,0,0,0,0,0,1,0,0,0,0,0,0,0,0,0,0,0,0,1,0,0,0,0,0,0.33,,,
2017,ojai unified,"Suburb, large",0.3777,0.2736,0.5122,0.3854,0.3696,,,,,0.2439,,,0.4737,71.0,29.0,42.0,37.0,34.0,0.0,0.0,0.0,,20.0,0.0,0.0,45.0,188.0,106.0,82.0,96.0,92.0,0.0,0.0,0.0,,82.0,0.0,0.0,95.0,0,0,0,0,0,1,1,1,1,0,1,1,0,0,0,0,0,0,0,0,0,1,0,0,0,0,0,0,0,0,0,0,0,0,1,0,0,0,0,0.38,0.33,,
2018,ojai unified,"Suburb, large",0.3148,0.2174,0.4429,0.2949,0.3333,,,,,0.1724,,,0.4043,51.0,20.0,31.0,23.0,28.0,,0.0,0.0,,10.0,,0.0,38.0,162.0,92.0,70.0,78.0,84.0,,0.0,0.0,,58.0,,0.0,94.0,0,0,0,0,0,1,1,1,1,0,1,1,0,0,0,0,0,0,1,0,0,1,0,1,0,0,0,0,0,0,0,1,0,0,1,0,1,0,0,0.3777,0.38,0.33,
2019,ojai unified,"Suburb, large",0.3943,0.2844,0.5758,0.3165,0.4583,,,,,0.1884,,,0.5263,69.0,31.0,38.0,25.0,44.0,0.0,0.0,0.0,0.0,13.0,,0.0,50.0,175.0,109.0,66.0,79.0,96.0,0.0,0.0,0.0,0.0,69.0,,5.0,95.0,0,0,0,0,0,1,1,1,1,0,1,1,0,0,0,0,0,0,0,0,0,0,0,1,0,0,0,0,0,0,0,0,0,0,0,0,1,0,0,0.3148,0.3777,0.38,0.33
2015,old adobe union,"Suburb, small",0.33,0.17,0.5,0.34,0.33,,,,,0.22,,,0.47,76.0,19.0,61.0,37.0,40.0,,0.0,0.0,0.0,21.0,0.0,0.0,54.0,231.0,110.0,121.0,110.0,121.0,,10.0,3.0,2.0,94.0,3.0,5.0,113.0,0,0,0,0,0,1,1,1,1,0,1,1,0,0,0,0,0,0,1,0,0,0,0,0,0,0,0,0,0,0,0,1,0,0,0,0,0,0,0,,,,
2016,old adobe union,"Suburb, small",0.38,0.16,0.58,0.37,0.4,,,,,0.2,,,0.59,100.0,20.0,78.0,44.0,55.0,0.0,0.0,0.0,0.0,23.0,0.0,0.0,62.0,257.0,123.0,134.0,120.0,137.0,2.0,8.0,5.0,1.0,121.0,3.0,8.0,105.0,0,0,0,0,0,1,1,1,1,0,1,1,0,0,0,0,0,0,0,0,0,0,0,0,0,0,0,0,0,0,0,0,0,0,0,0,0,0,0,0.33,,,
2017,old adobe union,"Suburb, small",0.445,0.2453,0.6339,0.3704,0.5182,,,,,0.271,,,0.6111,97.0,26.0,71.0,40.0,57.0,0.0,0.0,0.0,0.0,29.0,,0.0,55.0,218.0,106.0,112.0,108.0,110.0,0.0,0.0,0.0,0.0,107.0,,0.0,90.0,0,0,0,0,0,1,1,1,1,0,1,1,0,0,0,0,0,0,0,0,0,0,0,1,0,0,0,0,0,0,0,0,0,0,0,0,1,0,0,0.38,0.33,,
2018,old adobe union,"Suburb, small",0.5175,0.3486,0.6723,0.4867,0.5478,,,,,0.3854,,0.6364,0.6373,118.0,38.0,80.0,55.0,63.0,0.0,0.0,0.0,0.0,37.0,0.0,7.0,65.0,228.0,109.0,119.0,113.0,115.0,0.0,0.0,0.0,0.0,96.0,0.0,11.0,102.0,0,0,0,0,0,1,1,1,1,0,1,0,0,0,0,0,0,0,0,0,0,0,0,0,0,0,0,0,0,0,0,0,0,0,0,0,0,0,0,0.445,0.38,0.33,
2019,old adobe union,"Suburb, small",0.5509,0.3261,0.7177,0.5514,0.5505,,0.6154,,,0.4135,,,0.6742,119.0,30.0,89.0,59.0,60.0,,8.0,0.0,0.0,43.0,,0.0,60.0,216.0,92.0,124.0,107.0,109.0,,13.0,0.0,0.0,104.0,,0.0,89.0,0,0,0,0,0,1,0,1,1,0,1,1,0,0,0,0,0,0,1,0,0,0,0,1,0,0,0,0,0,0,0,1,0,0,0,0,1,0,0,0.5175,0.445,0.38,0.33
2015,ontario-montclair,"City, midsize",0.16,0.12,0.2,0.16,0.16,0.07,0.6,0.16,0.36,0.14,,0.18,0.37,422.0,143.0,272.0,214.0,208.0,1.0,28.0,10.0,4.0,329.0,0.0,7.0,38.0,2485.0,1191.0,1294.0,1262.0,1223.0,15.0,48.0,65.0,11.0,2194.0,10.0,38.0,104.0,0,0,0,0,0,0,0,0,0,0,1,0,0,0,0,0,0,0,0,0,0,0,0,0,0,0,0,0,0,0,0,0,0,0,0,0,0,0,0,,,,
2016,ontario-montclair,"City, midsize",0.2,0.18,0.32,0.18,0.22,0.12,0.51,0.15,,0.18,,0.43,0.36,505.0,403.0,91.0,209.0,299.0,2.0,32.0,8.0,0.0,406.0,0.0,22.0,25.0,2525.0,2243.0,282.0,1227.0,1298.0,17.0,63.0,55.0,6.0,2256.0,8.0,51.0,69.0,0,0,0,0,0,0,0,0,1,0,1,0,0,0,0,0,0,0,0,0,0,0,0,0,0,0,0,0,0,0,0,0,0,0,0,0,0,0,0,0.16,,,
2017,ontario-montclair,"City, midsize",0.2818,0.2594,0.412,0.2784,0.2852,0.3333,0.7442,0.1786,,0.2608,,0.6364,0.36,578.0,454.0,124.0,284.0,294.0,5.0,32.0,10.0,0.0,470.0,0.0,28.0,27.0,2051.0,1750.0,301.0,1020.0,1031.0,15.0,43.0,56.0,0.0,1802.0,0.0,44.0,75.0,0,0,0,0,0,0,0,0,1,0,1,0,0,0,0,0,0,0,0,0,0,0,0,0,0,0,0,0,0,0,0,0,0,0,0,0,0,0,0,0.2,0.16,,
2018,ontario-montclair,"City, midsize",0.3399,0.3245,0.4274,0.3094,0.3684,,0.7333,0.2456,0.6,0.3262,,0.303,0.5139,812.0,659.0,153.0,357.0,455.0,0.0,33.0,14.0,12.0,700.0,0.0,10.0,37.0,2391.0,2033.0,358.0,1155.0,1236.0,0.0,46.0,57.0,20.0,2147.0,0.0,33.0,72.0,0,0,0,0,0,1,0,0,0,0,1,0,0,0,0,0,0,0,0,0,0,0,0,0,0,0,0,0,0,0,0,0,0,0,0,0,0,0,0,0.2818,0.2,0.16,
2019,ontario-montclair,"City, midsize",0.3814,0.3618,0.5296,0.3651,0.3979,0.4,0.7429,0.303,0.7273,0.3692,,0.5357,0.5161,880.0,737.0,143.0,422.0,458.0,8.0,26.0,20.0,8.0,768.0,0.0,15.0,32.0,2307.0,2037.0,270.0,1156.0,1151.0,20.0,35.0,66.0,11.0,2080.0,5.0,28.0,62.0,0,0,0,0,0,0,0,0,0,0,1,0,0,0,0,0,0,0,0,0,0,0,0,0,0,0,0,0,0,0,0,0,0,0,0,0,0,0,0,0.3399,0.2818,0.2,0.16
2015,orange center,"Suburb, midsize",0.03,0.03,,0.0,0.06,,,,,0.04,,,,1.0,1.0,0.0,0.0,1.0,,0.0,,,1.0,,,0.0,30.0,29.0,1.0,12.0,18.0,,4.0,,,24.0,,,2.0,0,0,1,0,0,1,1,1,1,0,1,1,1,0,0,0,0,0,1,0,1,1,0,1,1,0,0,0,0,0,0,1,0,1,1,0,1,1,0,,,,
2016,orange center,"Suburb, midsize",0.11,0.11,,0.14,0.08,,0.09,,,0.12,,,,5.0,5.0,0.0,3.0,2.0,,1.0,,,4.0,,0.0,0.0,46.0,45.0,1.0,21.0,25.0,,11.0,,,33.0,,1.0,1.0,0,0,1,0,0,1,0,1,1,0,1,1,1,0,0,0,0,0,1,0,1,1,0,1,0,0,0,0,0,0,0,1,0,1,1,0,1,0,0,0.03,,,
2017,orange center,"Suburb, midsize",0.2564,0.2571,,0.1579,0.35,,,,,0.24,,,,10.0,9.0,0.0,3.0,7.0,,0.0,0.0,,6.0,,,0.0,39.0,35.0,0.0,19.0,20.0,,0.0,0.0,,25.0,,,0.0,0,0,1,0,0,1,1,1,1,0,1,1,1,0,0,0,0,0,1,0,0,1,0,1,1,0,0,0,0,0,0,1,0,0,1,0,1,1,0,0.11,0.03,,
2018,orange center,"Suburb, midsize",0.3333,0.381,,0.2667,,,,,,0.3158,,,,8.0,8.0,0.0,4.0,0.0,,0.0,,,6.0,,,,24.0,21.0,0.0,15.0,0.0,,0.0,,,19.0,,,,0,0,1,0,1,1,1,1,1,0,1,1,1,0,0,0,0,0,1,0,1,1,0,1,1,1,0,0,0,0,0,1,0,1,1,0,1,1,1,0.2564,0.11,0.03,
2019,orange center,"Rural, fringe",0.3125,0.3125,,0.3846,0.2632,,,,,0.3333,,,,10.0,10.0,,5.0,5.0,,0.0,,,8.0,,,,32.0,32.0,,13.0,19.0,,8.0,,,24.0,,,,0,0,1,0,0,1,1,1,1,0,1,1,1,0,0,1,0,0,1,0,1,1,0,1,1,1,0,0,1,0,0,1,0,1,1,0,1,1,1,0.3333,0.2564,0.11,0.03
2015,orange unified,"City, midsize",0.43,0.24,0.61,0.41,0.45,,0.76,0.26,0.62,0.27,,0.64,0.61,932.0,269.0,665.0,443.0,488.0,0.0,155.0,7.0,26.0,323.0,0.0,21.0,380.0,2166.0,1076.0,1090.0,1081.0,1085.0,5.0,206.0,27.0,42.0,1194.0,5.0,33.0,633.0,0,0,0,0,0,1,0,0,0,0,1,0,0,0,0,0,0,0,0,0,0,0,0,0,0,0,0,0,0,0,0,0,0,0,0,0,0,0,0,,,,
2016,orange unified,"City, midsize",0.44,0.24,0.63,0.41,0.47,,0.82,0.3,0.59,0.28,,0.59,0.62,953.0,253.0,699.0,426.0,529.0,0.0,173.0,8.0,19.0,328.0,0.0,22.0,374.0,2164.0,1054.0,1110.0,1039.0,1125.0,7.0,214.0,27.0,32.0,1216.0,9.0,37.0,604.0,0,0,0,0,0,1,0,0,0,0,1,0,0,0,0,0,0,0,0,0,0,0,0,0,0,0,0,0,0,0,0,0,0,0,0,0,0,0,0,0.43,,,
2017,orange unified,"City, midsize",0.4724,0.2771,0.6536,0.4532,0.4911,,0.8058,0.5714,0.75,0.3104,,0.5682,0.6615,949.0,268.0,681.0,450.0,499.0,0.0,166.0,12.0,36.0,357.0,0.0,25.0,342.0,2009.0,967.0,1042.0,993.0,1016.0,0.0,206.0,21.0,48.0,1150.0,0.0,44.0,517.0,0,0,0,0,0,1,0,0,0,0,1,0,0,0,0,0,0,0,0,0,0,0,0,0,0,0,0,0,0,0,0,0,0,0,0,0,0,0,0,0.44,0.43,,
2018,orange unified,"City, midsize",0.4938,0.312,0.6781,0.4547,0.531,,0.8186,0.6,0.75,0.3528,,0.6977,0.6692,1041.0,331.0,710.0,467.0,574.0,0.0,167.0,9.0,30.0,446.0,0.0,30.0,350.0,2108.0,1061.0,1047.0,1027.0,1081.0,0.0,204.0,15.0,40.0,1264.0,0.0,43.0,523.0,0,0,0,0,0,1,0,0,0,0,1,0,0,0,0,0,0,0,0,0,0,0,0,0,0,0,0,0,0,0,0,0,0,0,0,0,0,0,0,0.4724,0.44,0.43,
2019,orange unified,"City, midsize",0.5361,0.3493,0.7371,0.505,0.564,,0.8779,0.4667,0.8077,0.3798,,0.7627,0.7318,1016.0,343.0,673.0,452.0,564.0,0.0,151.0,7.0,21.0,422.0,0.0,45.0,352.0,1895.0,982.0,913.0,895.0,1000.0,0.0,172.0,15.0,26.0,1111.0,0.0,59.0,481.0,0,0,0,0,0,1,0,0,0,0,1,0,0,0,0,0,0,0,0,0,0,0,0,0,0,0,0,0,0,0,0,0,0,0,0,0,0,0,0,0.4938,0.4724,0.44,0.43
2015,orchard elementary,"City, large",0.27,0.27,0.29,0.37,0.2,,0.33,,,0.2,,,,23.0,13.0,10.0,14.0,9.0,,10.0,0.0,0.0,6.0,0.0,,0.0,85.0,49.0,36.0,39.0,46.0,,31.0,3.0,9.0,30.0,2.0,,9.0,0,0,0,0,0,1,0,1,1,0,1,1,1,0,0,0,0,0,1,0,0,0,0,0,1,0,0,0,0,0,0,1,0,0,0,0,0,1,0,,,,
2016,orchard elementary,"City, large",0.4,0.3,0.52,0.39,0.4,,0.59,,0.54,0.18,,,,46.0,19.0,26.0,22.0,23.0,,26.0,0.0,7.0,7.0,0.0,0.0,0.0,113.0,63.0,50.0,56.0,57.0,,44.0,7.0,13.0,39.0,1.0,4.0,4.0,0,0,0,0,0,1,0,1,0,0,1,1,1,0,0,0,0,0,1,0,0,0,0,0,0,0,0,0,0,0,0,1,0,0,0,0,0,0,0,0.27,,,
2017,orchard elementary,"City, large",0.5057,0.3654,0.7143,0.4773,0.5349,,0.7,,,0.325,,,,44.0,19.0,25.0,21.0,23.0,0.0,21.0,0.0,0.0,13.0,0.0,0.0,0.0,87.0,52.0,35.0,44.0,43.0,0.0,30.0,0.0,0.0,40.0,0.0,0.0,0.0,0,0,0,0,0,1,0,1,1,0,1,1,1,0,0,0,0,0,0,0,0,0,0,0,0,0,0,0,0,0,0,0,0,0,0,0,0,0,0,0.4,0.27,,
2018,orchard elementary,"City, large",0.4835,0.32,0.6829,0.5455,0.4255,,0.7586,,,0.2353,,,,44.0,16.0,28.0,24.0,20.0,0.0,22.0,0.0,0.0,8.0,0.0,0.0,0.0,91.0,50.0,41.0,44.0,47.0,0.0,29.0,0.0,0.0,34.0,0.0,0.0,0.0,0,0,0,0,0,1,0,1,1,0,1,1,1,0,0,0,0,0,0,0,0,0,0,0,0,0,0,0,0,0,0,0,0,0,0,0,0,0,0,0.5057,0.4,0.27,
2019,orchard elementary,"City, large",0.5321,0.3929,0.6792,0.5849,0.4821,,0.75,,0.3636,0.2903,,,,58.0,22.0,36.0,31.0,27.0,,33.0,0.0,4.0,9.0,0.0,0.0,0.0,109.0,56.0,53.0,53.0,56.0,,44.0,5.0,11.0,31.0,6.0,4.0,8.0,0,0,0,0,0,1,0,1,0,0,1,1,1,0,0,0,0,0,1,0,0,0,0,0,0,0,0,0,0,0,0,1,0,0,0,0,0,0,0,0.4835,0.5057,0.4,0.27
2015,orcutt union elementary,"Suburb, midsize",0.33,0.21,0.42,0.31,0.35,,,,,0.23,,0.46,0.41,180.0,48.0,134.0,85.0,92.0,0.0,0.0,0.0,0.0,59.0,,18.0,92.0,546.0,227.0,319.0,275.0,271.0,7.0,10.0,8.0,6.0,257.0,,39.0,219.0,0,0,0,0,0,1,1,1,1,0,1,0,0,0,0,0,0,0,0,0,0,0,0,1,0,0,0,0,0,0,0,0,0,0,0,0,1,0,0,,,,
2016,orcutt union elementary,"Suburb, midsize",0.44,0.34,0.52,0.44,0.44,,,,,0.34,,0.29,0.56,224.0,83.0,143.0,114.0,110.0,0.0,0.0,0.0,0.0,86.0,0.0,8.0,120.0,510.0,236.0,274.0,261.0,249.0,1.0,5.0,3.0,2.0,251.0,2.0,28.0,214.0,0,0,0,0,0,1,1,1,1,0,1,0,0,0,0,0,0,0,0,0,0,0,0,0,0,0,0,0,0,0,0,0,0,0,0,0,0,0,0,0.33,,,
2017,orcutt union elementary,"Suburb, midsize",0.4563,0.3035,0.5709,0.4136,0.494,,,,,0.3908,,0.3846,0.5568,214.0,61.0,153.0,91.0,123.0,0.0,0.0,0.0,0.0,93.0,0.0,10.0,103.0,469.0,201.0,268.0,220.0,249.0,0.0,0.0,0.0,0.0,238.0,0.0,26.0,185.0,0,0,0,0,0,1,1,1,1,0,1,0,0,0,0,0,0,0,0,0,0,0,0,0,0,0,0,0,0,0,0,0,0,0,0,0,0,0,0,0.44,0.33,,
2018,orcutt union elementary,"Suburb, midsize",0.4813,0.3303,0.5952,0.4956,0.4698,,,,,0.3707,,0.5862,0.6173,244.0,72.0,172.0,112.0,132.0,0.0,0.0,0.0,0.0,96.0,,17.0,121.0,507.0,218.0,289.0,226.0,281.0,0.0,0.0,0.0,0.0,259.0,,29.0,196.0,0,0,0,0,0,1,1,1,1,0,1,0,0,0,0,0,0,0,0,0,0,0,0,1,0,0,0,0,0,0,0,0,0,0,0,0,1,0,0,0.4563,0.44,0.33,
2019,orcutt union elementary,"Suburb, midsize",0.4386,0.3347,0.5478,0.4107,0.4637,,,,,0.3769,,0.5313,0.519,207.0,81.0,126.0,92.0,115.0,0.0,0.0,0.0,0.0,101.0,,17.0,82.0,472.0,242.0,230.0,224.0,248.0,0.0,0.0,0.0,0.0,268.0,,32.0,158.0,0,0,0,0,0,1,1,1,1,0,1,0,0,0,0,0,0,0,0,0,0,0,0,1,0,0,0,0,0,0,0,0,0,0,0,0,1,0,0,0.4813,0.4563,0.44,0.33
2015,orinda union elementary,"Suburb, large",0.89,,0.89,0.89,0.89,,0.9,,,,,,0.9,239.0,,239.0,121.0,117.0,0.0,44.0,0.0,0.0,0.0,0.0,0.0,163.0,269.0,,269.0,136.0,133.0,1.0,49.0,4.0,6.0,9.0,1.0,8.0,181.0,0,1,0,0,0,1,0,1,1,1,1,1,0,0,1,0,0,0,0,0,0,0,0,0,0,0,0,1,0,0,0,0,0,0,0,0,0,0,0,,,,
2016,orinda union elementary,"Suburb, large",0.93,,0.93,0.92,0.94,,0.98,,,0.85,,1.0,0.92,253.0,0.0,252.0,116.0,137.0,,47.0,0.0,0.0,11.0,,16.0,175.0,273.0,2.0,271.0,127.0,146.0,,48.0,1.0,3.0,13.0,,16.0,190.0,0,1,0,0,0,1,0,1,1,0,1,0,0,0,0,0,0,0,1,0,0,0,0,1,0,0,0,0,0,0,0,1,0,0,0,0,1,0,0,0.89,,,
2017,orinda union elementary,"Suburb, large",0.8638,,0.8638,0.8658,0.8618,,0.9111,,,0.7647,,0.8571,0.8627,260.0,,260.0,129.0,131.0,0.0,41.0,0.0,0.0,13.0,,18.0,176.0,301.0,,301.0,149.0,152.0,0.0,45.0,0.0,0.0,17.0,,21.0,204.0,0,1,0,0,0,1,0,1,1,0,1,0,0,0,1,0,0,0,0,0,0,0,0,1,0,0,0,1,0,0,0,0,0,0,0,0,1,0,0,0.93,0.89,,
2018,orinda union elementary,"Suburb, large",0.8561,,0.8625,0.8209,0.8905,,0.9206,,,0.8,,0.8261,0.8364,232.0,0.0,232.0,110.0,122.0,,58.0,0.0,0.0,12.0,,19.0,138.0,271.0,0.0,269.0,134.0,137.0,,63.0,0.0,0.0,15.0,,23.0,165.0,0,1,0,0,0,1,0,1,1,0,1,0,0,0,0,0,0,0,1,0,0,0,0,1,0,0,0,0,0,0,0,1,0,0,0,0,1,0,0,0.8638,0.93,0.89,
2019,orinda union elementary,"Suburb, large",0.8853,,0.8905,0.8898,0.8816,,1.0,,,0.7143,,0.6786,0.8984,247.0,0.0,244.0,113.0,134.0,,44.0,0.0,0.0,10.0,,19.0,168.0,279.0,5.0,274.0,127.0,152.0,,44.0,0.0,0.0,14.0,,28.0,187.0,0,1,0,0,0,1,0,1,1,0,1,0,0,0,0,0,0,0,1,0,0,0,0,1,0,0,0,0,0,0,0,1,0,0,0,0,1,0,0,0.8561,0.8638,0.93,0.89
2015,orland joint unified,"Town, distant",0.17,0.15,0.3,0.14,0.2,,,,,0.13,,,0.26,27.0,21.0,8.0,11.0,17.0,,0.0,0.0,0.0,13.0,,,14.0,162.0,135.0,27.0,77.0,85.0,,2.0,3.0,1.0,102.0,,,54.0,0,0,0,0,0,1,1,1,1,0,1,1,0,0,0,0,0,0,1,0,0,0,0,1,1,0,0,0,0,0,0,1,0,0,0,0,1,1,0,,,,
2016,orland joint unified,"Town, distant",0.16,0.13,0.27,0.16,0.16,,,,,0.12,,,0.24,29.0,18.0,9.0,13.0,15.0,,0.0,0.0,,13.0,,,15.0,177.0,144.0,33.0,83.0,94.0,,3.0,1.0,,111.0,,,62.0,0,0,0,0,0,1,1,1,1,0,1,1,0,0,0,0,0,0,1,0,0,1,0,1,1,0,0,0,0,0,0,1,0,0,1,0,1,1,0,0.17,,,
2017,orland joint unified,"Town, distant",0.0769,0.072,0.1111,0.0455,0.1039,,,,,0.0549,,,0.122,11.0,9.0,2.0,3.0,8.0,0.0,0.0,0.0,,5.0,,0.0,5.0,143.0,125.0,18.0,66.0,77.0,0.0,0.0,0.0,,91.0,,0.0,41.0,0,0,0,0,0,1,1,1,1,0,1,1,0,0,0,0,0,0,0,0,0,1,0,1,0,0,0,0,0,0,0,0,0,0,1,0,1,0,0,0.16,0.17,,
2018,orland joint unified,"Town, distant",0.1307,0.1333,0.1111,0.1351,0.1266,,,,,0.1593,,,0.0556,20.0,18.0,2.0,10.0,10.0,0.0,0.0,,0.0,18.0,,0.0,2.0,153.0,135.0,18.0,74.0,79.0,0.0,0.0,,0.0,113.0,,0.0,36.0,0,0,0,0,0,1,1,1,1,0,1,1,0,0,0,0,0,0,0,0,1,0,0,1,0,0,0,0,0,0,0,0,0,1,0,0,1,0,0,0.0769,0.16,0.17,
2019,orland joint unified,"Town, distant",0.1988,0.1324,0.56,0.1875,0.2099,,,,,0.1058,,,0.4082,32.0,18.0,14.0,15.0,17.0,0.0,0.0,,,11.0,,0.0,20.0,161.0,136.0,25.0,80.0,81.0,0.0,0.0,,,104.0,,0.0,49.0,0,0,0,0,0,1,1,1,1,0,1,1,0,0,0,0,0,0,0,0,1,1,0,1,0,0,0,0,0,0,0,0,0,1,1,0,1,0,0,0.1307,0.0769,0.16,0.17
2015,oroville city elementary,"Town, distant",0.16,0.14,0.25,0.15,0.16,0.08,0.04,0.33,,0.21,,0.18,0.15,42.0,31.0,11.0,19.0,21.0,1.0,1.0,4.0,,9.0,,5.0,20.0,264.0,220.0,44.0,124.0,140.0,13.0,25.0,12.0,,43.0,,28.0,143.0,0,0,0,0,0,0,0,0,1,0,1,0,0,0,0,0,0,0,0,0,0,1,0,1,0,0,0,0,0,0,0,0,0,0,1,0,1,0,0,,,,
2016,oroville city elementary,"Town, distant",0.18,0.14,0.39,0.17,0.19,0.16,0.05,0.07,,0.11,,0.23,0.24,49.0,32.0,19.0,22.0,28.0,3.0,1.0,1.0,,6.0,0.0,5.0,34.0,274.0,225.0,49.0,127.0,147.0,19.0,21.0,15.0,,53.0,2.0,22.0,142.0,0,0,0,0,0,0,0,0,1,0,1,0,0,0,0,0,0,0,0,0,0,1,0,0,0,0,0,0,0,0,0,0,0,0,1,0,0,0,0,0.16,,,
2017,oroville city elementary,"Town, distant",0.2435,0.2091,0.3922,0.2192,0.272,,0.2667,,,0.3023,,0.2,0.2583,66.0,46.0,20.0,32.0,34.0,0.0,4.0,0.0,0.0,13.0,0.0,8.0,39.0,271.0,220.0,51.0,146.0,125.0,0.0,15.0,0.0,0.0,43.0,0.0,40.0,151.0,0,0,0,0,0,1,0,1,1,0,1,0,0,0,0,0,0,0,0,0,0,0,0,0,0,0,0,0,0,0,0,0,0,0,0,0,0,0,0,0.18,0.16,,
2018,oroville city elementary,"Town, distant",0.251,0.2,0.451,0.2377,0.2636,,0.3182,,,0.2453,,0.2368,0.252,63.0,40.0,23.0,29.0,34.0,0.0,7.0,0.0,,13.0,0.0,9.0,32.0,252.0,201.0,51.0,122.0,130.0,0.0,22.0,0.0,,54.0,0.0,38.0,127.0,0,0,0,0,0,1,0,1,1,0,1,0,0,0,0,0,0,0,0,0,0,1,0,0,0,0,0,0,0,0,0,0,0,0,1,0,0,0,0,0.2435,0.18,0.16,
2019,oroville city elementary,"Town, distant",0.3047,0.2228,0.7,0.3153,0.2951,,0.2778,,,0.1935,,0.3784,0.3106,71.0,43.0,28.0,35.0,36.0,0.0,5.0,0.0,,6.0,0.0,14.0,41.0,233.0,193.0,40.0,111.0,122.0,6.0,18.0,7.0,,31.0,0.0,37.0,132.0,0,0,0,0,0,1,0,1,1,0,1,0,0,0,0,0,0,0,0,0,0,1,0,0,0,0,0,0,0,0,0,0,0,0,1,0,0,0,0,0.251,0.2435,0.18,0.16
2015,oxnard,"City, midsize",0.1,0.09,0.23,0.1,0.1,,0.35,0.12,0.44,0.09,,0.27,0.14,189.0,154.0,42.0,103.0,96.0,0.0,6.0,3.0,14.0,157.0,0.0,3.0,7.0,1891.0,1708.0,183.0,932.0,959.0,1.0,17.0,25.0,32.0,1749.0,4.0,12.0,51.0,0,0,0,0,0,1,0,0,0,0,1,0,0,0,0,0,0,0,0,0,0,0,0,0,0,0,0,0,0,0,0,0,0,0,0,0,0,0,0,,,,
2016,oxnard,"City, midsize",0.15,0.12,0.37,0.14,0.15,,0.52,0.11,0.52,0.13,,0.33,0.3,295.0,209.0,85.0,139.0,145.0,0.0,11.0,2.0,14.0,236.0,0.0,4.0,17.0,1965.0,1736.0,229.0,994.0,971.0,3.0,21.0,19.0,27.0,1822.0,4.0,12.0,57.0,0,0,0,0,0,1,0,0,0,0,1,0,0,0,0,0,0,0,0,0,0,0,0,0,0,0,0,0,0,0,0,0,0,0,0,0,0,0,0,0.1,,,
2017,oxnard,"City, midsize",0.1535,0.1402,0.2468,0.1564,0.1507,,0.5333,0.1905,0.3846,0.1433,,0.1667,0.2609,284.0,227.0,57.0,144.0,140.0,0.0,8.0,4.0,10.0,247.0,0.0,2.0,12.0,1850.0,1619.0,231.0,921.0,929.0,0.0,15.0,21.0,26.0,1724.0,0.0,12.0,46.0,0,0,0,0,0,1,0,0,0,0,1,0,0,0,0,0,0,0,0,0,0,0,0,0,0,0,0,0,0,0,0,0,0,0,0,0,0,0,0,0.15,0.1,,
2018,oxnard,"City, midsize",0.1782,0.1547,0.3265,0.1706,0.1855,,0.5,0.3077,0.3636,0.1654,,0.2857,0.4186,320.0,240.0,80.0,151.0,169.0,0.0,6.0,4.0,8.0,279.0,0.0,4.0,18.0,1797.0,1551.0,246.0,885.0,912.0,0.0,12.0,13.0,22.0,1688.0,0.0,14.0,43.0,0,0,0,0,0,1,0,0,0,0,1,0,0,0,0,0,0,0,0,0,0,0,0,0,0,0,0,0,0,0,0,0,0,0,0,0,0,0,0,0.1535,0.15,0.1,
2019,oxnard,"City, midsize",0.2107,0.1793,0.3403,0.1934,0.2287,,0.3333,0.3125,0.6842,0.1954,,,0.4545,362.0,248.0,114.0,169.0,193.0,,4.0,5.0,13.0,317.0,0.0,0.0,20.0,1720.0,1384.0,336.0,874.0,846.0,,12.0,16.0,19.0,1624.0,0.0,4.0,44.0,0,0,0,0,0,1,0,0,0,0,1,1,0,0,0,0,0,0,1,0,0,0,0,0,0,0,0,0,0,0,0,1,0,0,0,0,0,0,0,0.1782,0.1535,0.15,0.1
2015,pacheco union elementary,"Rural, fringe",0.29,0.2,0.44,0.36,0.24,,,,,,,,0.31,19.0,8.0,11.0,10.0,9.0,0.0,,0.0,0.0,0.0,,0.0,15.0,65.0,40.0,25.0,28.0,37.0,1.0,,1.0,1.0,10.0,,2.0,48.0,0,0,0,0,0,1,1,1,1,1,1,1,0,0,0,0,0,0,0,1,0,0,0,1,0,0,0,0,0,0,0,0,1,0,0,0,1,0,0,,,,
2016,pacheco union elementary,"Rural, fringe",0.36,0.26,0.52,0.34,0.38,,,,,,,,0.35,24.0,10.0,13.0,11.0,12.0,0.0,,0.0,,0.0,,0.0,17.0,65.0,40.0,25.0,32.0,33.0,2.0,,1.0,,8.0,,3.0,49.0,0,0,0,0,0,1,1,1,1,1,1,1,0,0,0,0,0,0,0,1,0,1,0,1,0,0,0,0,0,0,0,0,1,0,1,0,1,0,0,0.29,,,
2017,pacheco union elementary,"Rural, fringe",0.3256,0.1591,0.5,0.3191,0.3333,,,,,,,,0.3385,28.0,7.0,21.0,15.0,13.0,0.0,0.0,,0.0,0.0,,0.0,22.0,86.0,44.0,42.0,47.0,39.0,0.0,0.0,,0.0,0.0,,0.0,65.0,0,0,0,0,0,1,1,1,1,1,1,1,0,0,0,0,0,0,0,0,1,0,0,1,0,0,0,0,0,0,0,0,0,1,0,0,1,0,0,0.36,0.29,,
2018,pacheco union elementary,"Rural, fringe",0.3553,0.3636,0.3438,0.3514,0.359,,,,,0.2667,,,0.3684,27.0,16.0,11.0,13.0,14.0,0.0,0.0,,0.0,4.0,,,21.0,76.0,44.0,32.0,37.0,39.0,0.0,0.0,,0.0,15.0,,,57.0,0,0,0,0,0,1,1,1,1,0,1,1,0,0,0,0,0,0,0,0,1,0,0,1,1,0,0,0,0,0,0,0,0,1,0,0,1,1,0,0.3256,0.36,0.29,
2019,pacheco union elementary,"Rural, fringe",0.4937,0.4255,0.5938,0.4054,0.5714,,,,,0.6364,,,0.4667,39.0,20.0,19.0,15.0,24.0,0.0,0.0,,,7.0,0.0,0.0,28.0,79.0,47.0,32.0,37.0,42.0,0.0,0.0,,,11.0,0.0,0.0,60.0,0,0,0,0,0,1,1,1,1,0,1,1,0,0,0,0,0,0,0,0,1,1,0,0,0,0,0,0,0,0,0,0,0,1,1,0,0,0,0,0.3553,0.3256,0.36,0.29
2015,pacific elementary,"Rural, distant",0.57,,,,,,,,,,,,,8.0,0.0,0.0,0.0,0.0,,,,,0.0,,0.0,0.0,14.0,4.0,10.0,7.0,7.0,,,,,2.0,,2.0,10.0,0,1,1,1,1,1,1,1,1,1,1,1,1,0,0,0,0,0,1,1,1,1,0,1,0,0,0,0,0,0,0,1,1,1,1,0,1,0,0,,,,
2016,pacific elementary,"Rural, distant",0.53,,0.64,,,,,,,,,,,8.0,0.0,7.0,0.0,0.0,,0.0,,,0.0,,0.0,0.0,15.0,4.0,11.0,8.0,7.0,,1.0,,,4.0,,1.0,9.0,0,1,0,1,1,1,1,1,1,1,1,1,1,0,0,0,0,0,1,0,1,1,0,1,0,0,0,0,0,0,0,1,0,1,1,0,1,0,0,0.57,,,
2017,pacific elementary,"Rural, distant",0.8421,,0.8462,,0.8,,,,,,,,0.8,16.0,0.0,11.0,0.0,12.0,,,,,0.0,,0.0,12.0,19.0,0.0,13.0,0.0,15.0,,,,,0.0,,0.0,15.0,0,1,0,1,0,1,1,1,1,1,1,1,0,0,0,0,0,0,1,1,1,1,0,1,0,0,0,0,0,0,0,1,1,1,1,0,1,0,0,0.53,0.57,,
2018,pacific elementary,"Rural, distant",0.3636,,,,,,,,,,,,,4.0,0.0,0.0,0.0,0.0,,,,,0.0,,,0.0,11.0,0.0,0.0,0.0,0.0,,,,,0.0,,,0.0,0,1,1,1,1,1,1,1,1,1,1,1,1,0,0,0,0,0,1,1,1,1,0,1,1,0,0,0,0,0,0,1,1,1,1,0,1,1,0,0.8421,0.53,0.57,
2019,pacific elementary,"Rural, distant",0.6,,0.8182,,,,,,,,,,0.8182,9.0,0.0,9.0,0.0,0.0,,,,,0.0,,,9.0,15.0,4.0,11.0,7.0,8.0,,,,,4.0,,,11.0,0,1,0,1,1,1,1,1,1,1,1,1,0,0,0,0,0,0,1,1,1,1,0,1,1,0,0,0,0,0,0,1,1,1,1,0,1,1,0,0.3636,0.8421,0.53,0.57
2015,pacific grove unified,"Suburb, midsize",0.58,0.26,0.66,0.48,0.65,,,,,0.42,,,0.66,84.0,8.0,75.0,29.0,54.0,,0.0,0.0,0.0,13.0,0.0,0.0,56.0,144.0,31.0,113.0,61.0,83.0,,8.0,2.0,5.0,31.0,2.0,10.0,85.0,0,0,0,0,0,1,1,1,1,0,1,1,0,0,0,0,0,0,1,0,0,0,0,0,0,0,0,0,0,0,0,1,0,0,0,0,0,0,0,,,,
2016,pacific grove unified,"Suburb, midsize",0.58,0.31,0.68,0.55,0.61,,,,,0.3,,0.75,0.64,85.0,12.0,74.0,41.0,45.0,0.0,0.0,0.0,,9.0,0.0,9.0,61.0,148.0,39.0,109.0,74.0,74.0,1.0,4.0,2.0,,30.0,1.0,12.0,95.0,0,0,0,0,0,1,1,1,1,0,1,0,0,0,0,0,0,0,0,0,0,1,0,0,0,0,0,0,0,0,0,0,0,0,1,0,0,0,0,0.58,,,
2017,pacific grove unified,"Suburb, midsize",0.7417,0.5667,0.7851,0.7639,0.7215,,0.7692,,,0.5455,,,0.7843,112.0,17.0,95.0,55.0,57.0,0.0,10.0,0.0,0.0,12.0,,0.0,80.0,151.0,30.0,121.0,72.0,79.0,0.0,13.0,0.0,0.0,22.0,,0.0,102.0,0,0,0,0,0,1,0,1,1,0,1,1,0,0,0,0,0,0,0,0,0,0,0,1,0,0,0,0,0,0,0,0,0,0,0,0,1,0,0,0.58,0.58,,
2018,pacific grove unified,"Suburb, midsize",0.6596,0.4324,0.7404,0.6935,0.6329,,,,,0.56,,0.5625,0.6786,93.0,16.0,77.0,43.0,50.0,,0.0,0.0,0.0,14.0,0.0,9.0,57.0,141.0,37.0,104.0,62.0,79.0,,0.0,0.0,0.0,25.0,0.0,16.0,84.0,0,0,0,0,0,1,1,1,1,0,1,0,0,0,0,0,0,0,1,0,0,0,0,0,0,0,0,0,0,0,0,1,0,0,0,0,0,0,0,0.7417,0.58,0.58,
2019,pacific grove unified,"Suburb, midsize",0.6623,0.5,0.7049,0.6543,0.6712,,0.7308,,,0.5385,,,0.6889,102.0,16.0,86.0,53.0,49.0,0.0,19.0,0.0,0.0,14.0,0.0,0.0,62.0,154.0,32.0,122.0,81.0,73.0,0.0,26.0,5.0,0.0,26.0,0.0,0.0,90.0,0,0,0,0,0,1,0,1,1,0,1,1,0,0,0,0,0,0,0,0,0,0,0,0,0,0,0,0,0,0,0,0,0,0,0,0,0,0,0,0.6596,0.7417,0.58,0.58
2015,pacific union elementary,"Rural, fringe",0.18,0.13,,0.3,0.08,,,,,0.16,,,,8.0,5.0,0.0,6.0,2.0,,,0.0,,6.0,,0.0,0.0,44.0,38.0,6.0,20.0,24.0,,,1.0,,38.0,,1.0,4.0,0,0,1,0,0,1,1,1,1,0,1,1,1,0,0,0,0,0,1,1,0,1,0,1,0,0,0,0,0,0,0,1,1,0,1,0,1,0,0,,,,
2015,pacific union elementary,"Town, remote",0.25,0.13,0.42,0.23,0.27,,,,,0.17,,,0.25,14.0,4.0,10.0,6.0,8.0,0.0,0.0,,,2.0,,0.0,8.0,57.0,32.0,25.0,26.0,31.0,5.0,2.0,,,12.0,,6.0,32.0,0,0,0,0,0,1,1,1,1,0,1,1,0,0,0,0,0,0,0,0,1,1,0,1,0,0,0,0,0,0,0,0,0,1,1,0,1,0,0,0.18,,,
2016,pacific union elementary,"Rural, fringe",0.3,0.29,,0.22,0.4,,,,,0.34,,,,13.0,11.0,0.0,5.0,8.0,0.0,0.0,0.0,,12.0,,,0.0,43.0,38.0,5.0,23.0,20.0,3.0,2.0,1.0,,35.0,,,2.0,0,0,1,0,0,1,1,1,1,0,1,1,1,0,0,0,0,0,0,0,0,1,0,1,1,0,0,0,0,0,0,0,0,0,1,0,1,1,0,0.25,0.18,,
2016,pacific union elementary,"Town, remote",0.32,0.21,0.48,0.3,0.33,,,,,0.19,,,0.43,21.0,8.0,13.0,10.0,11.0,0.0,,0.0,,3.0,,0.0,15.0,66.0,39.0,27.0,33.0,33.0,2.0,,2.0,,16.0,,10.0,35.0,0,0,0,0,0,1,1,1,1,0,1,1,0,0,0,0,0,0,0,1,0,1,0,1,0,0,0,0,0,0,0,0,1,0,1,0,1,0,0,0.3,0.25,0.18,
2017,pacific union elementary,"Rural, fringe",0.2326,0.2222,,0.1667,0.2581,,,,,0.2222,,,,10.0,8.0,0.0,2.0,8.0,,0.0,,,8.0,,0.0,0.0,43.0,36.0,0.0,12.0,31.0,,0.0,,,36.0,,0.0,0.0,0,0,1,0,0,1,1,1,1,0,1,1,1,0,0,0,0,0,1,0,1,1,0,1,0,0,0,0,0,0,0,1,0,1,1,0,1,0,0,0.32,0.3,0.25,0.18
2017,pacific union elementary,"Town, remote",0.3692,0.2727,0.4688,0.4242,0.3125,,,,,0.2,,,0.4634,24.0,9.0,15.0,14.0,10.0,0.0,0.0,0.0,,3.0,,0.0,19.0,65.0,33.0,32.0,33.0,32.0,0.0,0.0,0.0,,15.0,,0.0,41.0,0,0,0,0,0,1,1,1,1,0,1,1,0,0,0,0,0,0,0,0,0,1,0,1,0,0,0,0,0,0,0,0,0,0,1,0,1,0,0,0.2326,0.32,0.3,0.25
2018,pacific union elementary,"Rural, fringe",0.4651,0.4474,,0.3636,0.5714,,,,,0.4054,,,,20.0,17.0,0.0,8.0,12.0,,0.0,,,15.0,,,0.0,43.0,38.0,0.0,22.0,21.0,,0.0,,,37.0,,,0.0,0,0,1,0,0,1,1,1,1,0,1,1,1,0,0,0,0,0,1,0,1,1,0,1,1,0,0,0,0,0,0,1,0,1,1,0,1,1,0,0.3692,0.2326,0.32,0.3
2018,pacific union elementary,"Town, remote",0.4058,0.2619,0.6296,0.3636,0.48,,,,,0.0588,,,0.55,28.0,11.0,17.0,16.0,12.0,0.0,0.0,0.0,,1.0,,0.0,22.0,69.0,42.0,27.0,44.0,25.0,0.0,0.0,0.0,,17.0,,0.0,40.0,0,0,0,0,0,1,1,1,1,0,1,1,0,0,0,0,0,0,0,0,0,1,0,1,0,0,0,0,0,0,0,0,0,0,1,0,1,0,0,0.4651,0.3692,0.2326,0.32
2019,pacific union elementary,"Rural, fringe",0.2895,0.3056,,0.1923,0.5,,,,,0.3056,,,,11.0,11.0,0.0,5.0,6.0,,0.0,0.0,,11.0,,,,38.0,36.0,0.0,26.0,12.0,,0.0,0.0,,36.0,,,,0,0,1,0,0,1,1,1,1,0,1,1,1,0,0,0,0,0,1,0,0,1,0,1,1,1,0,0,0,0,0,1,0,0,1,0,1,1,1,0.4058,0.4651,0.3692,0.2326
2019,pacific union elementary,"Town, remote",0.5397,0.3939,0.7,0.4848,0.6,,,,,0.4211,,,0.5588,34.0,13.0,21.0,16.0,18.0,0.0,0.0,,,8.0,,0.0,19.0,63.0,33.0,30.0,33.0,30.0,0.0,0.0,,,19.0,,5.0,34.0,0,0,0,0,0,1,1,1,1,0,1,1,0,0,0,0,0,0,0,0,1,1,0,1,0,0,0,0,0,0,0,0,0,1,1,0,1,0,0,0.2895,0.4058,0.4651,0.3692
2015,pacifica,"Suburb, large",0.52,0.3,0.61,0.55,0.49,,0.68,,0.43,0.4,,0.55,0.61,179.0,28.0,153.0,93.0,88.0,0.0,13.0,0.0,16.0,33.0,0.0,33.0,83.0,344.0,94.0,250.0,168.0,176.0,1.0,19.0,3.0,37.0,82.0,5.0,60.0,137.0,0,0,0,0,0,1,0,1,0,0,1,0,0,0,0,0,0,0,0,0,0,0,0,0,0,0,0,0,0,0,0,0,0,0,0,0,0,0,0,,,,
2016,pacifica,"Suburb, large",0.5,0.2,0.58,0.48,0.51,,0.6,,0.5,0.31,,0.57,0.6,175.0,15.0,158.0,73.0,100.0,0.0,12.0,0.0,14.0,29.0,0.0,34.0,82.0,349.0,75.0,274.0,154.0,195.0,1.0,21.0,4.0,28.0,93.0,3.0,60.0,139.0,0,0,0,0,0,1,0,1,0,0,1,0,0,0,0,0,0,0,0,0,0,0,0,0,0,0,0,0,0,0,0,0,0,0,0,0,0,0,0,0.52,,,
2017,pacifica,"Suburb, large",0.5315,0.2903,0.5867,0.5185,0.5439,,0.5714,,0.5714,0.3253,,0.6923,0.6115,177.0,18.0,159.0,84.0,93.0,0.0,16.0,0.0,12.0,27.0,0.0,36.0,85.0,333.0,62.0,271.0,162.0,171.0,0.0,28.0,0.0,21.0,83.0,0.0,52.0,139.0,0,0,0,0,0,1,0,1,0,0,1,0,0,0,0,0,0,0,0,0,0,0,0,0,0,0,0,0,0,0,0,0,0,0,0,0,0,0,0,0.5,0.52,,
2018,pacifica,"Suburb, large",0.6341,0.411,0.7008,0.6029,0.6575,,0.8,,0.5,0.4521,,0.5625,0.7445,201.0,30.0,171.0,82.0,119.0,0.0,24.0,0.0,10.0,33.0,0.0,27.0,102.0,317.0,73.0,244.0,136.0,181.0,0.0,30.0,0.0,20.0,73.0,0.0,48.0,137.0,0,0,0,0,0,1,0,1,0,0,1,0,0,0,0,0,0,0,0,0,0,0,0,0,0,0,0,0,0,0,0,0,0,0,0,0,0,0,0,0.5315,0.5,0.52,
2019,pacifica,"Suburb, large",0.6564,0.4255,0.7075,0.664,0.6493,,0.8,,0.6,0.4615,,0.6818,0.7544,170.0,20.0,150.0,83.0,87.0,,12.0,0.0,12.0,30.0,,30.0,86.0,259.0,47.0,212.0,125.0,134.0,,15.0,0.0,20.0,65.0,,44.0,114.0,0,0,0,0,0,1,0,1,0,0,1,0,0,0,0,0,0,0,1,0,0,0,0,1,0,0,0,0,0,0,0,1,0,0,0,0,1,0,0,0.6341,0.5315,0.5,0.52
2015,pajaro valley unified,"City, small",0.2,0.13,0.46,0.2,0.2,,0.5,,0.42,0.14,,,0.49,321.0,166.0,151.0,156.0,164.0,0.0,7.0,0.0,5.0,185.0,0.0,,115.0,1604.0,1276.0,328.0,783.0,821.0,8.0,15.0,9.0,13.0,1323.0,2.0,,234.0,0,0,0,0,0,1,0,1,0,0,1,1,0,0,0,0,0,0,0,0,0,0,0,0,1,0,0,0,0,0,0,0,0,0,0,0,0,1,0,,,,
2016,pajaro valley unified,"City, small",0.2,0.14,0.42,0.2,0.2,,0.58,0.33,0.33,0.14,,,0.45,324.0,188.0,152.0,178.0,164.0,0.0,7.0,4.0,6.0,194.0,0.0,0.0,120.0,1709.0,1346.0,363.0,847.0,862.0,3.0,12.0,12.0,18.0,1385.0,5.0,6.0,267.0,0,0,0,0,0,1,0,0,0,0,1,1,0,0,0,0,0,0,0,0,0,0,0,0,0,0,0,0,0,0,0,0,0,0,0,0,0,0,0,0.2,,,
2017,pajaro valley unified,"City, small",0.2209,0.1376,0.3095,0.192,0.2482,,0.5882,,0.5,0.1595,,,0.5694,364.0,117.0,247.0,154.0,210.0,,10.0,0.0,6.0,222.0,,,123.0,1648.0,850.0,798.0,802.0,846.0,,17.0,0.0,12.0,1392.0,,,216.0,0,0,0,0,0,1,0,1,0,0,1,1,0,0,0,0,0,0,1,0,0,0,0,1,1,0,0,0,0,0,0,1,0,0,0,0,1,1,0,0.2,0.2,,
2018,pajaro valley unified,"City, small",0.2549,0.1926,0.4939,0.2351,0.2747,,,0.2727,,0.2099,,,0.489,403.0,242.0,161.0,185.0,217.0,0.0,0.0,3.0,0.0,276.0,0.0,0.0,111.0,1581.0,1255.0,326.0,789.0,792.0,0.0,0.0,11.0,0.0,1313.0,0.0,0.0,227.0,0,0,0,0,0,1,1,0,1,0,1,1,0,0,0,0,0,0,0,0,0,0,0,0,0,0,0,0,0,0,0,0,0,0,0,0,0,0,0,0.2209,0.2,0.2,
2019,pajaro valley unified,"City, small",0.2941,0.237,0.5329,0.2693,0.3184,,,,0.5833,0.2454,,,0.5561,440.0,286.0,154.0,199.0,241.0,0.0,0.0,0.0,7.0,308.0,0.0,0.0,114.0,1497.0,1208.0,289.0,740.0,757.0,0.0,10.0,4.0,12.0,1256.0,0.0,8.0,205.0,0,0,0,0,0,1,1,1,0,0,1,1,0,0,0,0,0,0,0,0,0,0,0,0,0,0,0,0,0,0,0,0,0,0,0,0,0,0,0,0.2549,0.2209,0.2,0.2
2015,palermo union elementary,"Rural, fringe",0.22,0.19,0.38,0.24,0.2,,,,,0.12,,0.25,0.3,29.0,20.0,10.0,17.0,13.0,0.0,0.0,0.0,,6.0,,5.0,16.0,134.0,108.0,26.0,70.0,64.0,6.0,1.0,1.0,,52.0,,20.0,54.0,0,0,0,0,0,1,1,1,1,0,1,0,0,0,0,0,0,0,0,0,0,1,0,1,0,0,0,0,0,0,0,0,0,0,1,0,1,0,0,,,,
2016,palermo union elementary,"Rural, fringe",0.24,0.22,0.38,0.17,0.3,0.45,,,,0.17,,0.31,0.25,35.0,26.0,8.0,12.0,23.0,5.0,0.0,,,10.0,,5.0,13.0,145.0,124.0,21.0,69.0,76.0,11.0,7.0,,,58.0,,16.0,52.0,0,0,0,0,0,0,1,1,1,0,1,0,0,0,0,0,0,0,0,0,1,1,0,1,0,0,0,0,0,0,0,0,0,1,1,0,1,0,0,0.22,,,
2017,palermo union elementary,"Rural, fringe",0.2628,0.1935,0.32,0.2254,0.303,,,,,0.2245,,,0.3182,36.0,12.0,24.0,16.0,20.0,0.0,0.0,0.0,,11.0,,0.0,21.0,137.0,62.0,75.0,71.0,66.0,0.0,0.0,0.0,,49.0,,0.0,66.0,0,0,0,0,0,1,1,1,1,0,1,1,0,0,0,0,0,0,0,0,0,1,0,1,0,0,0,0,0,0,0,0,0,0,1,0,1,0,0,0.24,0.22,,
2018,palermo union elementary,"Rural, fringe",0.2857,0.2658,0.3088,0.2785,0.2941,,,,,0.234,,,0.2917,42.0,21.0,21.0,22.0,20.0,0.0,0.0,,0.0,11.0,,0.0,21.0,147.0,79.0,68.0,79.0,68.0,0.0,0.0,,0.0,47.0,,0.0,72.0,0,0,0,0,0,1,1,1,1,0,1,1,0,0,0,0,0,0,0,0,1,0,0,1,0,0,0,0,0,0,0,0,0,1,0,0,1,0,0,0.2628,0.24,0.22,
2019,palermo union elementary,"Rural, fringe",0.2971,0.1857,0.4118,0.3284,0.2676,,,,,0.3061,,0.2143,0.322,41.0,13.0,28.0,22.0,19.0,0.0,0.0,0.0,,15.0,,3.0,19.0,138.0,70.0,68.0,67.0,71.0,7.0,5.0,0.0,,49.0,,14.0,59.0,0,0,0,0,0,1,1,1,1,0,1,0,0,0,0,0,0,0,0,0,0,1,0,1,0,0,0,0,0,0,0,0,0,0,1,0,1,0,0,0.2857,0.2628,0.24,0.22
2015,palm springs unified,"Suburb, large",0.22,0.19,0.48,0.22,0.23,,0.57,0.19,0.38,0.2,,0.3,0.33,391.0,317.0,92.0,194.0,207.0,0.0,8.0,18.0,14.0,275.0,0.0,9.0,72.0,1778.0,1589.0,189.0,879.0,899.0,8.0,14.0,96.0,37.0,1374.0,1.0,30.0,218.0,0,0,0,0,0,1,0,0,0,0,1,0,0,0,0,0,0,0,0,0,0,0,0,0,0,0,0,0,0,0,0,0,0,0,0,0,0,0,0,,,,
2016,palm springs unified,"Suburb, large",0.27,0.23,0.55,0.25,0.29,,,0.21,0.62,0.23,,0.36,0.45,488.0,401.0,114.0,226.0,283.0,0.0,0.0,15.0,21.0,340.0,0.0,16.0,105.0,1879.0,1673.0,206.0,905.0,974.0,6.0,10.0,71.0,34.0,1478.0,1.0,44.0,235.0,0,0,0,0,0,1,1,0,0,0,1,0,0,0,0,0,0,0,0,0,0,0,0,0,0,0,0,0,0,0,0,0,0,0,0,0,0,0,0,0.22,,,
2017,palm springs unified,"Suburb, large",0.3238,0.2926,0.5097,0.3136,0.3337,0.3636,0.8667,0.156,0.7647,0.29,,0.3889,0.507,579.0,448.0,131.0,275.0,304.0,4.0,13.0,17.0,26.0,397.0,0.0,14.0,108.0,1788.0,1531.0,257.0,877.0,911.0,11.0,15.0,109.0,34.0,1369.0,0.0,36.0,213.0,0,0,0,0,0,0,0,0,0,0,1,0,0,0,0,0,0,0,0,0,0,0,0,0,0,0,0,0,0,0,0,0,0,0,0,0,0,0,0,0.27,0.22,,
2018,palm springs unified,"Suburb, large",0.2958,0.2679,0.546,0.2887,0.302,0.2727,0.3333,0.1882,0.5,0.2693,,0.3617,0.4873,513.0,418.0,95.0,233.0,280.0,3.0,4.0,16.0,11.0,366.0,,17.0,96.0,1734.0,1560.0,174.0,807.0,927.0,11.0,12.0,85.0,22.0,1359.0,,47.0,197.0,0,0,0,0,0,0,0,0,0,0,1,0,0,0,0,0,0,0,0,0,0,0,0,1,0,0,0,0,0,0,0,0,0,0,0,0,1,0,0,0.3238,0.27,0.22,
2019,palm springs unified,"Suburb, large",0.337,0.313,0.5049,0.3214,0.3524,,0.75,0.3188,0.5652,0.3127,,0.431,0.4372,550.0,447.0,103.0,261.0,289.0,0.0,9.0,22.0,13.0,400.0,,25.0,80.0,1632.0,1428.0,204.0,812.0,820.0,8.0,12.0,69.0,23.0,1279.0,,58.0,183.0,0,0,0,0,0,1,0,0,0,0,1,0,0,0,0,0,0,0,0,0,0,0,0,1,0,0,0,0,0,0,0,0,0,0,0,0,1,0,0,0.2958,0.3238,0.27,0.22
2015,palmdale elementary,"Suburb, large",0.17,0.15,0.28,0.16,0.18,0.14,0.19,0.09,0.47,0.17,,,0.36,374.0,280.0,91.0,175.0,199.0,3.0,3.0,35.0,8.0,278.0,0.0,0.0,41.0,2203.0,1868.0,335.0,1096.0,1107.0,21.0,16.0,383.0,17.0,1639.0,1.0,7.0,117.0,0,0,0,0,0,0,0,0,0,0,1,1,0,0,0,0,0,0,0,0,0,0,0,0,0,0,0,0,0,0,0,0,0,0,0,0,0,0,0,,,,
2016,palmdale elementary,"Suburb, large",0.21,0.18,0.43,0.22,0.21,0.25,0.53,0.11,0.57,0.22,,,0.32,478.0,380.0,118.0,241.0,247.0,6.0,8.0,37.0,8.0,382.0,0.0,0.0,44.0,2272.0,1998.0,274.0,1148.0,1124.0,24.0,15.0,332.0,14.0,1733.0,7.0,10.0,137.0,0,0,0,0,0,0,0,0,0,0,1,1,0,0,0,0,0,0,0,0,0,0,0,0,0,0,0,0,0,0,0,0,0,0,0,0,0,0,0,0.17,,,
2017,palmdale elementary,"Suburb, large",0.198,0.1741,0.3478,0.1757,0.2199,0.1875,,0.1012,0.4286,0.2019,,0.2308,0.3667,430.0,326.0,104.0,189.0,241.0,3.0,0.0,33.0,6.0,337.0,0.0,3.0,44.0,2172.0,1873.0,299.0,1076.0,1096.0,16.0,0.0,326.0,14.0,1669.0,0.0,13.0,120.0,0,0,0,0,0,0,1,0,0,0,1,0,0,0,0,0,0,0,0,0,0,0,0,0,0,0,0,0,0,0,0,0,0,0,0,0,0,0,0,0.21,0.17,,
2018,palmdale elementary,"Suburb, large",0.2297,0.2041,0.4067,0.2131,0.2452,0.0909,0.7273,0.1162,0.5,0.2355,,0.3529,0.3636,487.0,378.0,109.0,218.0,269.0,1.0,8.0,38.0,12.0,381.0,0.0,6.0,40.0,2120.0,1852.0,268.0,1023.0,1097.0,11.0,11.0,327.0,24.0,1618.0,0.0,17.0,110.0,0,0,0,0,0,0,0,0,0,0,1,0,0,0,0,0,0,0,0,0,0,0,0,0,0,0,0,0,0,0,0,0,0,0,0,0,0,0,0,0.198,0.21,0.17,
2019,palmdale elementary,"Suburb, large",0.2372,0.2135,0.4361,0.197,0.2764,0.3333,0.4737,0.1203,0.5556,0.2457,,0.2414,0.3778,505.0,406.0,99.0,207.0,298.0,4.0,9.0,38.0,10.0,403.0,0.0,7.0,34.0,2129.0,1902.0,227.0,1051.0,1078.0,12.0,19.0,316.0,18.0,1640.0,0.0,29.0,90.0,0,0,0,0,0,0,0,0,0,0,1,0,0,0,0,0,0,0,0,0,0,0,0,0,0,0,0,0,0,0,0,0,0,0,0,0,0,0,0,0.2297,0.198,0.21,0.17
2015,palo alto unified,"City, small",0.86,0.46,0.91,0.85,0.87,,0.96,0.56,,0.6,,0.94,0.88,878.0,47.0,836.0,413.0,465.0,0.0,385.0,10.0,0.0,82.0,0.0,51.0,338.0,1021.0,102.0,919.0,486.0,535.0,4.0,405.0,18.0,9.0,137.0,6.0,54.0,388.0,0,0,0,0,0,1,0,0,1,0,1,0,0,0,0,0,0,0,0,0,0,0,0,0,0,0,0,0,0,0,0,0,0,0,0,0,0,0,0,,,,
2016,palo alto unified,"City, small",0.84,0.4,0.89,0.83,0.85,,0.95,0.25,,0.54,,0.92,0.85,795.0,34.0,766.0,398.0,402.0,0.0,309.0,4.0,0.0,61.0,0.0,95.0,319.0,946.0,85.0,861.0,474.0,472.0,6.0,326.0,16.0,5.0,114.0,4.0,103.0,372.0,0,0,0,0,0,1,0,0,1,0,1,0,0,0,0,0,0,0,0,0,0,0,0,0,0,0,0,0,0,0,0,0,0,0,0,0,0,0,0,0.86,,,
2017,palo alto unified,"City, small",0.8004,0.3367,0.8556,0.7819,0.8167,,0.9265,0.5333,,0.4505,,0.8643,0.8102,738.0,33.0,705.0,337.0,401.0,,252.0,8.0,0.0,50.0,0.0,121.0,303.0,922.0,98.0,824.0,431.0,491.0,,272.0,15.0,0.0,111.0,0.0,140.0,374.0,0,0,0,0,0,1,0,0,1,0,1,0,0,0,0,0,0,0,1,0,0,0,0,0,0,0,0,0,0,0,0,1,0,0,0,0,0,0,0,0.84,0.86,,
2018,palo alto unified,"City, small",0.822,0.4261,0.8827,0.8333,0.8112,,0.9518,,,0.4672,,0.8495,0.8384,711.0,49.0,662.0,350.0,361.0,,316.0,0.0,0.0,57.0,0.0,79.0,249.0,865.0,115.0,750.0,420.0,445.0,,332.0,0.0,0.0,122.0,0.0,93.0,297.0,0,0,0,0,0,1,0,1,1,0,1,0,0,0,0,0,0,0,1,0,0,0,0,0,0,0,0,0,0,0,0,1,0,0,0,0,0,0,0,0.8004,0.84,0.86,
2019,palo alto unified,"City, small",0.8417,0.49,0.8884,0.8469,0.8373,,0.9454,0.3125,,0.5882,0.3636,0.957,0.853,718.0,49.0,669.0,332.0,386.0,,277.0,5.0,0.0,70.0,4.0,89.0,267.0,853.0,100.0,753.0,392.0,461.0,,293.0,16.0,8.0,119.0,11.0,93.0,313.0,0,0,0,0,0,1,0,0,1,0,0,0,0,0,0,0,0,0,1,0,0,0,0,0,0,0,0,0,0,0,0,1,0,0,0,0,0,0,0,0.822,0.8004,0.84,0.86
2015,palo verde unified,"Town, remote",0.18,0.13,0.29,0.19,0.16,,,0.08,,0.18,,,0.16,42.0,22.0,20.0,22.0,20.0,0.0,0.0,1.0,,30.0,0.0,0.0,7.0,235.0,165.0,70.0,109.0,126.0,1.0,2.0,13.0,,171.0,1.0,1.0,44.0,0,0,0,0,0,1,1,0,1,0,1,1,0,0,0,0,0,0,0,0,0,1,0,0,0,0,0,0,0,0,0,0,0,0,1,0,0,0,0,,,,
2016,palo verde unified,"Town, remote",0.17,0.12,0.36,0.15,0.18,,,0.05,,0.14,,,0.39,39.0,23.0,18.0,16.0,24.0,0.0,,1.0,0.0,24.0,0.0,0.0,14.0,243.0,192.0,51.0,108.0,135.0,1.0,,19.0,1.0,173.0,2.0,7.0,36.0,0,0,0,0,0,1,1,0,1,0,1,1,0,0,0,0,0,0,0,1,0,0,0,0,0,0,0,0,0,0,0,0,1,0,0,0,0,0,0,0.18,,,
2017,palo verde unified,"Town, remote",0.2162,0.1648,0.413,0.1782,0.2479,,,0.1818,,0.1948,,,0.2826,48.0,29.0,19.0,18.0,30.0,,0.0,2.0,,30.0,,0.0,13.0,222.0,176.0,46.0,101.0,121.0,,0.0,11.0,,154.0,,0.0,46.0,0,0,0,0,0,1,1,0,1,0,1,1,0,0,0,0,0,0,1,0,0,1,0,1,0,0,0,0,0,0,0,1,0,0,1,0,1,0,0,0.17,0.18,,
2018,palo verde unified,"Town, remote",0.2036,0.1808,0.2955,0.1983,0.2095,,,0.2778,,0.1788,,,0.2766,45.0,32.0,13.0,23.0,22.0,,,5.0,,27.0,,0.0,13.0,221.0,177.0,44.0,116.0,105.0,,,18.0,,151.0,,0.0,47.0,0,0,0,0,0,1,1,0,1,0,1,1,0,0,0,0,0,0,1,1,0,1,0,1,0,0,0,0,0,0,0,1,1,0,1,0,1,0,0,0.2162,0.17,0.18,
2019,palo verde unified,"Town, remote",0.185,0.1401,0.3488,0.1494,0.2124,,,0.1667,,0.1611,,,0.2813,37.0,22.0,15.0,13.0,24.0,0.0,0.0,2.0,0.0,24.0,0.0,0.0,9.0,200.0,157.0,43.0,87.0,113.0,0.0,0.0,12.0,0.0,149.0,0.0,0.0,32.0,0,0,0,0,0,1,1,0,1,0,1,1,0,0,0,0,0,0,0,0,0,0,0,0,0,0,0,0,0,0,0,0,0,0,0,0,0,0,0,0.2036,0.2162,0.17,0.18
2015,palo verde union elementary,"Rural, fringe",0.19,0.18,,0.21,0.17,,,,,0.16,,,,12.0,11.0,0.0,7.0,5.0,,,,,9.0,,,0.0,63.0,61.0,2.0,33.0,30.0,,,,,58.0,,,5.0,0,0,1,0,0,1,1,1,1,0,1,1,1,0,0,0,0,0,1,1,1,1,0,1,1,0,0,0,0,0,0,1,1,1,1,0,1,1,0,,,,
2016,palo verde union elementary,"Rural, fringe",0.48,0.47,,0.56,0.42,,,,,0.47,,,,28.0,27.0,0.0,15.0,13.0,,0.0,,,25.0,,,0.0,58.0,57.0,1.0,27.0,31.0,,1.0,,,53.0,,,4.0,0,0,1,0,0,1,1,1,1,0,1,1,1,0,0,0,0,0,1,0,1,1,0,1,1,0,0,0,0,0,0,1,0,1,1,0,1,1,0,0.19,,,
2017,palo verde union elementary,"Rural, fringe",0.3621,0.3571,,0.3667,0.3571,,,,,0.381,,,0.2308,21.0,20.0,0.0,11.0,10.0,0.0,,,,16.0,,,3.0,58.0,56.0,0.0,30.0,28.0,0.0,,,,42.0,,,13.0,0,0,1,0,0,1,1,1,1,0,1,1,0,0,0,0,0,0,0,1,1,1,0,1,1,0,0,0,0,0,0,0,1,1,1,0,1,1,0,0.48,0.19,,
2018,palo verde union elementary,"Rural, fringe",0.2885,0.2979,,0.2917,0.2857,,,,,0.2826,,,,15.0,14.0,0.0,7.0,8.0,,,,,13.0,,,0.0,52.0,47.0,0.0,24.0,28.0,,,,,46.0,,,0.0,0,0,1,0,0,1,1,1,1,0,1,1,1,0,0,0,0,0,1,1,1,1,0,1,1,0,0,0,0,0,0,1,1,1,1,0,1,1,0,0.3621,0.48,0.19,
2019,palo verde union elementary,"Rural, fringe",0.3673,0.3636,,0.3684,0.3667,,,,,0.3333,,,,18.0,16.0,0.0,7.0,11.0,,,,,15.0,,,0.0,49.0,44.0,5.0,19.0,30.0,,,,,45.0,,,4.0,0,0,1,0,0,1,1,1,1,0,1,1,1,0,0,0,0,0,1,1,1,1,0,1,1,0,0,0,0,0,0,1,1,1,1,0,1,1,0,0.2885,0.3621,0.48,0.19
2015,panama-buena vista union,"City, large",0.3,0.21,0.44,0.29,0.3,,0.52,0.15,0.56,0.25,0.23,0.5,0.38,560.0,247.0,304.0,266.0,285.0,0.0,83.0,29.0,10.0,252.0,3.0,7.0,165.0,1868.0,1177.0,691.0,918.0,950.0,5.0,163.0,207.0,18.0,1008.0,13.0,14.0,434.0,0,0,0,0,0,1,0,0,0,0,0,0,0,0,0,0,0,0,0,0,0,0,0,0,0,0,0,0,0,0,0,0,0,0,0,0,0,0,0,,,,
2016,panama-buena vista union,"City, large",0.3,0.21,0.48,0.29,0.32,,0.61,0.2,0.69,0.23,0.31,0.42,0.41,585.0,256.0,320.0,265.0,310.0,0.0,87.0,33.0,9.0,263.0,5.0,8.0,172.0,1885.0,1217.0,668.0,915.0,970.0,2.0,142.0,169.0,13.0,1095.0,16.0,19.0,419.0,0,0,0,0,0,1,0,0,0,0,0,0,0,0,0,0,0,0,0,0,0,0,0,0,0,0,0,0,0,0,0,0,0,0,0,0,0,0,0,0.3,,,
2017,panama-buena vista union,"City, large",0.375,0.2907,0.5506,0.3751,0.3749,,0.6312,0.1761,0.6154,0.319,0.5455,0.5806,0.4698,651.0,341.0,310.0,317.0,334.0,0.0,89.0,25.0,8.0,319.0,6.0,18.0,179.0,1736.0,1173.0,563.0,845.0,891.0,0.0,141.0,142.0,13.0,1000.0,11.0,31.0,381.0,0,0,0,0,0,1,0,0,0,0,0,0,0,0,0,0,0,0,0,0,0,0,0,0,0,0,0,0,0,0,0,0,0,0,0,0,0,0,0,0.3,0.3,,
2018,panama-buena vista union,"City, large",0.4108,0.3287,0.5816,0.4063,0.4147,,0.6296,0.2373,0.7857,0.3658,0.6667,0.4286,0.5099,838.0,453.0,385.0,386.0,452.0,0.0,102.0,42.0,11.0,440.0,8.0,15.0,207.0,2040.0,1378.0,662.0,950.0,1090.0,0.0,162.0,177.0,14.0,1203.0,12.0,35.0,406.0,0,0,0,0,0,1,0,0,0,0,0,0,0,0,0,0,0,0,0,0,0,0,0,0,0,0,0,0,0,0,0,0,0,0,0,0,0,0,0,0.375,0.3,0.3,
2019,panama-buena vista union,"City, large",0.4557,0.3903,0.6168,0.4565,0.4549,0.6364,0.6545,0.2557,0.6429,0.4011,0.3846,0.4318,0.6047,885.0,539.0,346.0,456.0,429.0,7.0,108.0,45.0,9.0,448.0,5.0,19.0,231.0,1943.0,1382.0,561.0,1000.0,943.0,11.0,165.0,176.0,14.0,1118.0,13.0,44.0,382.0,0,0,0,0,0,0,0,0,0,0,0,0,0,0,0,0,0,0,0,0,0,0,0,0,0,0,0,0,0,0,0,0,0,0,0,0,0,0,0,0.4108,0.375,0.3,0.3
2015,paradise elementary,"Rural, fringe",0.21,0.13,,0.25,0.17,,,,,,,,,5.0,2.0,0.0,3.0,2.0,,,,,0.0,,,,24.0,16.0,8.0,12.0,12.0,,,,,6.0,,,,0,0,1,0,0,1,1,1,1,1,1,1,1,0,0,0,0,0,1,1,1,1,0,1,1,1,0,0,0,0,0,1,1,1,1,0,1,1,1,,,,
2016,paradise elementary,"Rural, fringe",0.46,,0.47,0.5,0.42,,,,,,,,,11.0,0.0,7.0,6.0,5.0,,,,,0.0,,,0.0,24.0,9.0,15.0,12.0,12.0,,,,,7.0,,,2.0,0,1,0,0,0,1,1,1,1,1,1,1,1,0,0,0,0,0,1,1,1,1,0,1,1,0,0,0,0,0,0,1,1,1,1,0,1,1,0,0.21,,,
2017,paradise elementary,"Rural, fringe",0.55,,0.5385,,,,,,,,,,,11.0,0.0,7.0,0.0,0.0,,,,,0.0,,,,20.0,0.0,13.0,0.0,0.0,,,,,0.0,,,,0,1,0,1,1,1,1,1,1,1,1,1,1,0,0,0,0,0,1,1,1,1,0,1,1,1,0,0,0,0,0,1,1,1,1,0,1,1,1,0.46,0.21,,
2018,paradise elementary,"Rural, fringe",0.7917,0.6667,,,0.7857,,,,,0.75,,,,19.0,10.0,0.0,0.0,11.0,,,,,12.0,,,,24.0,15.0,0.0,0.0,14.0,,,,,16.0,,,,0,0,1,1,0,1,1,1,1,0,1,1,1,0,0,0,0,0,1,1,1,1,0,1,1,1,0,0,0,0,0,1,1,1,1,0,1,1,1,0.55,0.46,0.21,
2019,paradise elementary,"Rural, fringe",0.8235,0.7273,,0.7273,,,,,,,,,,14.0,8.0,0.0,8.0,0.0,,,0.0,,0.0,,,0.0,17.0,11.0,6.0,11.0,6.0,,,0.0,,10.0,,,6.0,0,0,1,0,1,1,1,1,1,1,1,1,1,0,0,0,0,0,1,1,0,1,0,1,1,0,0,0,0,0,0,1,1,0,1,0,1,1,0,0.7917,0.55,0.46,0.21
2015,paramount unified,"Suburb, large",0.26,0.2,0.31,0.23,0.28,,,0.19,,0.26,,0.17,,307.0,113.0,185.0,137.0,164.0,,0.0,19.0,0.0,270.0,0.0,2.0,0.0,1180.0,563.0,617.0,595.0,585.0,,6.0,102.0,6.0,1041.0,9.0,12.0,4.0,0,0,0,0,0,1,1,0,1,0,1,0,1,0,0,0,0,0,1,0,0,0,0,0,0,0,0,0,0,0,0,1,0,0,0,0,0,0,0,,,,
2016,paramount unified,"Suburb, large",0.31,0.31,0.32,0.33,0.3,,0.53,0.25,,0.31,,,0.36,393.0,375.0,18.0,205.0,181.0,0.0,8.0,25.0,0.0,359.0,0.0,0.0,4.0,1266.0,1209.0,57.0,641.0,625.0,1.0,15.0,100.0,4.0,1122.0,7.0,5.0,11.0,0,0,0,0,0,1,0,0,1,0,1,1,0,0,0,0,0,0,0,0,0,0,0,0,0,0,0,0,0,0,0,0,0,0,0,0,0,0,0,0.26,,,
2017,paramount unified,"Suburb, large",0.3618,0.3516,0.5714,0.3269,0.3959,,,0.1972,,0.3678,,,0.4286,381.0,353.0,28.0,170.0,211.0,0.0,0.0,14.0,0.0,345.0,0.0,0.0,6.0,1053.0,1004.0,49.0,520.0,533.0,0.0,0.0,71.0,0.0,938.0,0.0,0.0,14.0,0,0,0,0,0,1,1,0,1,0,1,1,0,0,0,0,0,0,0,0,0,0,0,0,0,0,0,0,0,0,0,0,0,0,0,0,0,0,0,0.31,0.26,,
2018,paramount unified,"Suburb, large",0.355,0.3433,0.5294,0.3427,0.3657,,,0.1358,,0.3734,,0.4167,,382.0,346.0,36.0,171.0,211.0,0.0,0.0,11.0,0.0,357.0,0.0,5.0,0.0,1076.0,1008.0,68.0,499.0,577.0,0.0,0.0,81.0,0.0,956.0,0.0,12.0,0.0,0,0,0,0,0,1,1,0,1,0,1,0,1,0,0,0,0,0,0,0,0,0,0,0,0,0,0,0,0,0,0,0,0,0,0,0,0,0,0,0.3618,0.31,0.26,
2019,paramount unified,"Suburb, large",0.4119,0.4101,0.4444,0.4306,0.3937,,,0.2,,0.4219,,0.6364,0.5714,414.0,390.0,24.0,214.0,200.0,,0.0,15.0,0.0,373.0,0.0,7.0,8.0,1005.0,951.0,54.0,497.0,508.0,,8.0,75.0,5.0,884.0,8.0,11.0,14.0,0,0,0,0,0,1,1,0,1,0,1,0,0,0,0,0,0,0,1,0,0,0,0,0,0,0,0,0,0,0,0,1,0,0,0,0,0,0,0,0.355,0.3618,0.31,0.26
2015,parlier unified,"Town, distant",0.09,0.09,,0.1,0.07,,,,,0.09,,,,26.0,26.0,0.0,14.0,11.0,,0.0,,0.0,26.0,,,0.0,291.0,287.0,4.0,139.0,152.0,,2.0,,2.0,285.0,,,2.0,0,0,1,0,0,1,1,1,1,0,1,1,1,0,0,0,0,0,1,0,1,0,0,1,1,0,0,0,0,0,0,1,0,1,0,0,1,1,0,,,,
2016,parlier unified,"Town, distant",0.17,0.17,,0.22,0.12,,,,,0.17,,,,52.0,52.0,0.0,34.0,19.0,,,,,52.0,,,0.0,306.0,305.0,1.0,156.0,150.0,,,,,305.0,,,1.0,0,0,1,0,0,1,1,1,1,0,1,1,1,0,0,0,0,0,1,1,1,1,0,1,1,0,0,0,0,0,0,1,1,1,1,0,1,1,0,0.09,,,
2017,parlier unified,"Town, distant",0.2103,0.2061,,0.2039,0.2154,,,,,0.2061,,,,49.0,47.0,0.0,21.0,28.0,0.0,0.0,,,47.0,,,0.0,233.0,228.0,0.0,103.0,130.0,0.0,0.0,,,228.0,,,0.0,0,0,1,0,0,1,1,1,1,0,1,1,1,0,0,0,0,0,0,0,1,1,0,1,1,0,0,0,0,0,0,0,0,1,1,0,1,1,0,0.17,0.09,,
2018,parlier unified,"Town, distant",0.2927,0.2893,,0.2768,0.306,,,,,0.2934,,,,72.0,70.0,0.0,31.0,41.0,,,,,71.0,,,0.0,246.0,242.0,0.0,112.0,134.0,,,,,242.0,,,0.0,0,0,1,0,0,1,1,1,1,0,1,1,1,0,0,0,0,0,1,1,1,1,0,1,1,0,0,0,0,0,0,1,1,1,1,0,1,1,0,0.2103,0.17,0.09,
2019,parlier unified,"Town, distant",0.2145,0.1942,0.2754,0.1799,0.25,,,,,0.2172,,,,59.0,40.0,19.0,25.0,34.0,0.0,0.0,0.0,,58.0,,,0.0,275.0,206.0,69.0,139.0,136.0,0.0,0.0,0.0,,267.0,,,4.0,0,0,0,0,0,1,1,1,1,0,1,1,1,0,0,0,0,0,0,0,0,1,0,1,1,0,0,0,0,0,0,0,0,0,1,0,1,1,0,0.2927,0.2103,0.17,0.09
2015,pasadena unified,"City, midsize",0.33,0.2,0.61,0.33,0.33,,0.74,0.25,0.52,0.22,,0.59,0.58,453.0,201.0,253.0,218.0,235.0,0.0,53.0,44.0,12.0,181.0,0.0,13.0,144.0,1372.0,956.0,416.0,660.0,712.0,4.0,72.0,171.0,23.0,821.0,1.0,22.0,253.0,0,0,0,0,0,1,0,0,0,0,1,0,0,0,0,0,0,0,0,0,0,0,0,0,0,0,0,0,0,0,0,0,0,0,0,0,0,0,0,,,,
2016,pasadena unified,"City, midsize",0.36,0.22,0.66,0.37,0.35,,0.76,0.19,0.68,0.26,,0.84,0.58,501.0,210.0,289.0,254.0,247.0,0.0,71.0,31.0,15.0,206.0,0.0,27.0,143.0,1391.0,954.0,437.0,686.0,705.0,5.0,94.0,161.0,22.0,822.0,1.0,32.0,250.0,0,0,0,0,0,1,0,0,0,0,1,0,0,0,0,0,0,0,0,0,0,0,0,0,0,0,0,0,0,0,0,0,0,0,0,0,0,0,0,0.33,,,
2017,pasadena unified,"City, midsize",0.387,0.2107,0.4917,0.3623,0.4112,,0.8871,0.2349,0.5769,0.2966,,0.6,0.5869,522.0,106.0,416.0,242.0,280.0,0.0,55.0,39.0,15.0,234.0,0.0,21.0,152.0,1349.0,503.0,846.0,668.0,681.0,0.0,62.0,166.0,26.0,789.0,0.0,35.0,259.0,0,0,0,0,0,1,0,0,0,0,1,0,0,0,0,0,0,0,0,0,0,0,0,0,0,0,0,0,0,0,0,0,0,0,0,0,0,0,0,0.36,0.33,,
2018,pasadena unified,"City, midsize",0.4528,0.3402,0.6631,0.4263,0.4757,,0.8533,0.3019,0.6774,0.3457,,0.8205,0.6855,609.0,298.0,311.0,266.0,343.0,0.0,64.0,48.0,21.0,271.0,0.0,32.0,170.0,1345.0,876.0,469.0,624.0,721.0,0.0,75.0,159.0,31.0,784.0,0.0,39.0,248.0,0,0,0,0,0,1,0,0,0,0,1,0,0,0,0,0,0,0,0,0,0,0,0,0,0,0,0,0,0,0,0,0,0,0,0,0,0,0,0,0.387,0.36,0.33,
2019,pasadena unified,"City, midsize",0.4542,0.317,0.6876,0.4434,0.4636,,0.8861,0.2913,0.6364,0.3389,,0.75,0.7327,546.0,240.0,306.0,247.0,299.0,0.0,70.0,37.0,14.0,244.0,0.0,30.0,148.0,1202.0,757.0,445.0,557.0,645.0,0.0,79.0,127.0,22.0,720.0,7.0,40.0,202.0,0,0,0,0,0,1,0,0,0,0,1,0,0,0,0,0,0,0,0,0,0,0,0,0,0,0,0,0,0,0,0,0,0,0,0,0,0,0,0,0.4528,0.387,0.36,0.33
2015,paso robles joint unified,"City, small",0.3,0.18,0.45,0.27,0.33,,,,,0.22,,,0.43,136.0,46.0,90.0,71.0,68.0,0.0,0.0,0.0,0.0,55.0,0.0,0.0,76.0,453.0,252.0,201.0,253.0,200.0,1.0,2.0,8.0,1.0,250.0,1.0,7.0,176.0,0,0,0,0,0,1,1,1,1,0,1,1,0,0,0,0,0,0,0,0,0,0,0,0,0,0,0,0,0,0,0,0,0,0,0,0,0,0,0,,,,
2016,paso robles joint unified,"City, small",0.33,0.25,0.44,0.33,0.33,,,,,0.23,,,0.49,168.0,72.0,91.0,88.0,79.0,0.0,0.0,0.0,0.0,62.0,,0.0,95.0,494.0,287.0,207.0,260.0,234.0,2.0,2.0,4.0,3.0,280.0,,9.0,192.0,0,0,0,0,0,1,1,1,1,0,1,1,0,0,0,0,0,0,0,0,0,0,0,1,0,0,0,0,0,0,0,0,0,0,0,0,1,0,0,0.3,,,
2017,paso robles joint unified,"City, small",0.3522,0.2302,0.5226,0.2991,0.3954,,,,,0.226,,0.6364,0.5506,168.0,64.0,104.0,64.0,104.0,0.0,0.0,0.0,,66.0,0.0,7.0,87.0,477.0,278.0,199.0,214.0,263.0,0.0,0.0,0.0,,292.0,0.0,11.0,158.0,0,0,0,0,0,1,1,1,1,0,1,0,0,0,0,0,0,0,0,0,0,1,0,0,0,0,0,0,0,0,0,0,0,0,1,0,0,0,0,0.33,0.3,,
2018,paso robles joint unified,"City, small",0.3457,0.245,0.5053,0.3333,0.358,,,,,0.2065,,0.4706,0.564,168.0,73.0,95.0,81.0,87.0,,0.0,0.0,0.0,57.0,0.0,8.0,97.0,486.0,298.0,188.0,243.0,243.0,,0.0,0.0,0.0,276.0,0.0,17.0,172.0,0,0,0,0,0,1,1,1,1,0,1,0,0,0,0,0,0,0,1,0,0,0,0,0,0,0,0,0,0,0,0,1,0,0,0,0,0,0,0,0.3522,0.33,0.3,
2019,paso robles joint unified,"City, small",0.3587,0.2451,0.5132,0.3085,0.4,,,,,0.2381,,0.1667,0.5741,160.0,63.0,97.0,62.0,98.0,,0.0,0.0,,60.0,0.0,2.0,93.0,446.0,257.0,189.0,201.0,245.0,,0.0,8.0,,252.0,0.0,12.0,162.0,0,0,0,0,0,1,1,1,1,0,1,0,0,0,0,0,0,0,1,0,0,1,0,0,0,0,0,0,0,0,0,1,0,0,1,0,0,0,0,0.3457,0.3522,0.33,0.3
2015,patterson joint unified,"Town, fringe",0.2,0.17,0.29,0.21,0.19,,0.37,0.11,,0.17,,0.43,0.27,91.0,54.0,36.0,51.0,41.0,0.0,7.0,2.0,0.0,57.0,0.0,6.0,14.0,458.0,337.0,121.0,243.0,215.0,1.0,19.0,19.0,9.0,336.0,9.0,14.0,51.0,0,0,0,0,0,1,0,0,1,0,1,0,0,0,0,0,0,0,0,0,0,0,0,0,0,0,0,0,0,0,0,0,0,0,0,0,0,0,0,,,,
2016,patterson joint unified,"Town, fringe",0.19,0.14,0.36,0.17,0.2,,,0.22,,0.15,,,0.33,88.0,50.0,40.0,38.0,50.0,,0.0,5.0,0.0,53.0,0.0,0.0,18.0,461.0,353.0,108.0,212.0,249.0,,8.0,24.0,3.0,354.0,7.0,10.0,55.0,0,0,0,0,0,1,1,0,1,0,1,1,0,0,0,0,0,0,1,0,0,0,0,0,0,0,0,0,0,0,0,1,0,0,0,0,0,0,0,0.2,,,
2017,patterson joint unified,"Town, fringe",0.2757,0.2388,0.377,0.2574,0.2955,,0.4615,0.2273,,0.2378,,0.3333,0.4308,126.0,80.0,46.0,61.0,65.0,0.0,6.0,5.0,0.0,78.0,0.0,5.0,28.0,457.0,335.0,122.0,237.0,220.0,0.0,13.0,22.0,0.0,328.0,0.0,15.0,65.0,0,0,0,0,0,1,0,0,1,0,1,0,0,0,0,0,0,0,0,0,0,0,0,0,0,0,0,0,0,0,0,0,0,0,0,0,0,0,0,0.19,0.2,,
2018,patterson joint unified,"Town, fringe",0.3158,0.2759,0.5063,0.2933,0.3347,,0.6364,0.4643,,0.2609,,,0.4583,144.0,104.0,40.0,61.0,83.0,0.0,7.0,13.0,0.0,90.0,0.0,0.0,22.0,456.0,377.0,79.0,208.0,248.0,0.0,11.0,28.0,0.0,345.0,0.0,0.0,48.0,0,0,0,0,0,1,0,0,1,0,1,1,0,0,0,0,0,0,0,0,0,0,0,0,0,0,0,0,0,0,0,0,0,0,0,0,0,0,0,0.2757,0.19,0.2,
2019,patterson joint unified,"Town, fringe",0.3901,0.3404,0.5714,0.3472,0.4348,,0.6429,0.2143,,0.3459,0.5714,,0.617,166.0,113.0,52.0,75.0,90.0,0.0,9.0,3.0,0.0,110.0,8.0,0.0,29.0,425.0,333.0,92.0,217.0,208.0,0.0,14.0,14.0,8.0,320.0,14.0,5.0,47.0,0,0,0,0,0,1,0,0,1,0,0,1,0,0,0,0,0,0,0,0,0,0,0,0,0,0,0,0,0,0,0,0,0,0,0,0,0,0,0,0.3158,0.2757,0.19,0.2
2015,perris elementary,"Suburb, large",0.21,0.2,0.27,0.2,0.21,,,0.11,,0.22,,,0.19,169.0,145.0,22.0,82.0,87.0,0.0,0.0,7.0,0.0,154.0,0.0,0.0,4.0,805.0,724.0,81.0,409.0,396.0,2.0,2.0,65.0,1.0,700.0,6.0,6.0,21.0,0,0,0,0,0,1,1,0,1,0,1,1,0,0,0,0,0,0,0,0,0,0,0,0,0,0,0,0,0,0,0,0,0,0,0,0,0,0,0,,,,
2016,perris elementary,"Suburb, large",0.22,0.21,0.32,0.24,0.21,,,0.17,,0.22,,,0.34,194.0,166.0,30.0,96.0,101.0,0.0,0.0,9.0,0.0,171.0,0.0,0.0,11.0,884.0,791.0,93.0,401.0,483.0,3.0,7.0,53.0,2.0,778.0,1.0,8.0,32.0,0,0,0,0,0,1,1,0,1,0,1,1,0,0,0,0,0,0,0,0,0,0,0,0,0,0,0,0,0,0,0,0,0,0,0,0,0,0,0,0.21,,,
2017,perris elementary,"Suburb, large",0.2347,0.22,0.3766,0.1995,0.2703,,,0.1091,,0.238,,,0.3462,192.0,163.0,29.0,82.0,110.0,,0.0,6.0,0.0,173.0,0.0,,9.0,818.0,741.0,77.0,411.0,407.0,,0.0,55.0,0.0,727.0,0.0,,26.0,0,0,0,0,0,1,1,0,1,0,1,1,0,0,0,0,0,0,1,0,0,0,0,0,1,0,0,0,0,0,0,1,0,0,0,0,0,1,0,0.22,0.21,,
2018,perris elementary,"Suburb, large",0.2468,0.248,0.2414,0.2371,0.2548,,,0.1525,,0.2463,,,0.4545,190.0,155.0,35.0,83.0,107.0,0.0,0.0,9.0,0.0,168.0,0.0,0.0,10.0,770.0,625.0,145.0,350.0,420.0,0.0,0.0,59.0,0.0,682.0,0.0,0.0,22.0,0,0,0,0,0,1,1,0,1,0,1,1,0,0,0,0,0,0,0,0,0,0,0,0,0,0,0,0,0,0,0,0,0,0,0,0,0,0,0,0.2347,0.22,0.21,
2019,perris elementary,"Suburb, large",0.2795,0.2719,0.3197,0.2556,0.3005,,,0.22,,0.2811,,,0.1818,213.0,174.0,39.0,91.0,122.0,0.0,0.0,11.0,0.0,190.0,0.0,,4.0,762.0,640.0,122.0,356.0,406.0,0.0,6.0,50.0,4.0,676.0,0.0,,22.0,0,0,0,0,0,1,1,0,1,0,1,1,0,0,0,0,0,0,0,0,0,0,0,0,1,0,0,0,0,0,0,0,0,0,0,0,0,1,0,0.2468,0.2347,0.22,0.21
2015,petaluma city elementary,"Suburb, small",0.43,0.28,0.52,0.37,0.49,,,,,0.27,,,0.53,128.0,29.0,100.0,46.0,82.0,0.0,0.0,0.0,0.0,27.0,0.0,0.0,92.0,297.0,105.0,192.0,126.0,171.0,4.0,10.0,2.0,1.0,99.0,1.0,6.0,174.0,0,0,0,0,0,1,1,1,1,0,1,1,0,0,0,0,0,0,0,0,0,0,0,0,0,0,0,0,0,0,0,0,0,0,0,0,0,0,0,,,,
2016,petaluma city elementary,"Suburb, small",0.44,0.2,0.61,0.35,0.53,,,,,0.2,,,0.58,132.0,27.0,106.0,50.0,81.0,0.0,0.0,0.0,0.0,21.0,0.0,0.0,99.0,301.0,127.0,174.0,145.0,156.0,5.0,4.0,7.0,3.0,104.0,1.0,7.0,170.0,0,0,0,0,0,1,1,1,1,0,1,1,0,0,0,0,0,0,0,0,0,0,0,0,0,0,0,0,0,0,0,0,0,0,0,0,0,0,0,0.43,,,
2017,petaluma city elementary,"Suburb, small",0.4579,0.2411,0.5892,0.4857,0.4331,,,,,0.2407,,,0.5814,137.0,27.0,111.0,69.0,68.0,0.0,0.0,0.0,0.0,26.0,,0.0,100.0,299.0,112.0,187.0,142.0,157.0,0.0,0.0,0.0,0.0,109.0,,0.0,173.0,0,0,0,0,0,1,1,1,1,0,1,1,0,0,0,0,0,0,0,0,0,0,0,1,0,0,0,0,0,0,0,0,0,0,0,0,1,0,0,0.44,0.43,,
2018,petaluma city elementary,"Suburb, small",0.5252,0.3186,0.6667,0.5385,0.5135,,,,,0.3627,,0.5789,0.6333,146.0,36.0,110.0,70.0,76.0,0.0,0.0,0.0,,37.0,,11.0,95.0,278.0,113.0,165.0,130.0,148.0,0.0,0.0,0.0,,102.0,,19.0,150.0,0,0,0,0,0,1,1,1,1,0,1,0,0,0,0,0,0,0,0,0,0,1,0,1,0,0,0,0,0,0,0,0,0,0,1,0,1,0,0,0.4579,0.44,0.43,
2019,petaluma city elementary,"Suburb, small",0.566,0.3363,0.7143,0.597,0.539,,,,,0.2981,,0.7778,0.7197,163.0,38.0,125.0,80.0,83.0,,0.0,0.0,,31.0,0.0,14.0,113.0,288.0,113.0,175.0,134.0,154.0,,5.0,0.0,,104.0,0.0,18.0,157.0,0,0,0,0,0,1,1,1,1,0,1,0,0,0,0,0,0,0,1,0,0,1,0,0,0,0,0,0,0,0,0,1,0,0,1,0,0,0,0,0.5252,0.4579,0.44,0.43
2015,piedmont city unified,"Suburb, large",0.8,,0.8,0.82,0.77,,0.83,,,0.8,,0.86,0.78,162.0,0.0,158.0,81.0,82.0,,19.0,0.0,,12.0,,18.0,112.0,205.0,4.0,201.0,99.0,106.0,,23.0,2.0,,15.0,,21.0,144.0,0,1,0,0,0,1,0,1,1,0,1,0,0,0,0,0,0,0,1,0,0,1,0,1,0,0,0,0,0,0,0,1,0,0,1,0,1,0,0,,,,
2016,piedmont city unified,"Suburb, large",0.86,,0.86,0.8,0.91,,0.79,,,0.78,,0.84,0.89,169.0,0.0,168.0,71.0,98.0,,15.0,0.0,0.0,14.0,,21.0,117.0,197.0,2.0,195.0,89.0,108.0,,19.0,2.0,1.0,18.0,,25.0,132.0,0,1,0,0,0,1,0,1,1,0,1,0,0,0,0,0,0,0,1,0,0,0,0,1,0,0,0,0,0,0,0,1,0,0,0,0,1,0,0,0.8,,,
2017,piedmont city unified,"Suburb, large",0.9009,,0.9009,0.8974,0.9048,,1.0,,,0.6957,,0.9,0.9242,200.0,0.0,200.0,105.0,95.0,,25.0,0.0,,16.0,,36.0,122.0,222.0,0.0,222.0,117.0,105.0,,25.0,0.0,,23.0,,40.0,132.0,0,1,0,0,0,1,0,1,1,0,1,0,0,0,0,0,0,0,1,0,0,1,0,1,0,0,0,0,0,0,0,1,0,0,1,0,1,0,0,0.86,0.8,,
2018,piedmont city unified,"Suburb, large",0.8913,,0.8907,0.8444,0.9362,,0.9583,,,0.7368,,0.9756,0.8687,164.0,0.0,163.0,76.0,88.0,,23.0,0.0,,14.0,,40.0,86.0,184.0,0.0,183.0,90.0,94.0,,24.0,0.0,,19.0,,41.0,99.0,0,1,0,0,0,1,0,1,1,0,1,0,0,0,0,0,0,0,1,0,0,1,0,1,0,0,0,0,0,0,0,1,0,0,1,0,1,0,0,0.9009,0.86,0.8,
2019,piedmont city unified,"Suburb, large",0.9141,,0.9193,0.9265,0.9053,,0.9167,,,0.8667,,0.9394,0.9101,149.0,0.0,148.0,63.0,86.0,,22.0,0.0,,13.0,,31.0,81.0,163.0,0.0,161.0,68.0,95.0,,24.0,0.0,,15.0,,33.0,89.0,0,1,0,0,0,1,0,1,1,0,1,0,0,0,0,0,0,0,1,0,0,1,0,1,0,0,0,0,0,0,0,1,0,0,1,0,1,0,0,0.8913,0.9009,0.86,0.8
2015,pierce joint unified,"Town, distant",0.25,0.2,0.38,0.28,0.24,,,,,0.18,,,0.46,30.0,16.0,13.0,12.0,17.0,,0.0,0.0,0.0,14.0,,0.0,13.0,114.0,80.0,34.0,43.0,71.0,,2.0,2.0,1.0,79.0,,1.0,28.0,0,0,0,0,0,1,1,1,1,0,1,1,0,0,0,0,0,0,1,0,0,0,0,1,0,0,0,0,0,0,0,1,0,0,0,0,1,0,0,,,,
2016,pierce joint unified,"Town, distant",0.4,0.31,0.66,0.38,0.41,,,,,0.35,,,0.62,52.0,31.0,21.0,23.0,29.0,,0.0,0.0,,34.0,,0.0,16.0,131.0,99.0,32.0,60.0,71.0,,3.0,4.0,,97.0,,1.0,26.0,0,0,0,0,0,1,1,1,1,0,1,1,0,0,0,0,0,0,1,0,0,1,0,1,0,0,0,0,0,0,0,1,0,0,1,0,1,0,0,0.25,,,
2017,pierce joint unified,"Town, distant",0.265,0.2198,0.4231,0.2419,0.2909,,,,,0.2292,,,0.4706,31.0,20.0,11.0,15.0,16.0,,0.0,0.0,,22.0,0.0,0.0,8.0,117.0,91.0,26.0,62.0,55.0,,0.0,0.0,,96.0,0.0,0.0,17.0,0,0,0,0,0,1,1,1,1,0,1,1,0,0,0,0,0,0,1,0,0,1,0,0,0,0,0,0,0,0,0,1,0,0,1,0,0,0,0,0.4,0.25,,
2018,pierce joint unified,"Town, distant",0.3361,0.3011,0.4483,0.3433,0.3273,,,,,0.3222,,,0.3846,41.0,28.0,13.0,23.0,18.0,,0.0,0.0,,29.0,,0.0,10.0,122.0,93.0,29.0,67.0,55.0,,0.0,0.0,,90.0,,0.0,26.0,0,0,0,0,0,1,1,1,1,0,1,1,0,0,0,0,0,0,1,0,0,1,0,1,0,0,0,0,0,0,0,1,0,0,1,0,1,0,0,0.265,0.4,0.25,
2019,pierce joint unified,"Town, distant",0.6,0.5915,0.6316,0.5918,0.6098,,,,,0.5616,,,0.6923,54.0,42.0,12.0,29.0,25.0,,0.0,,,41.0,,0.0,9.0,90.0,71.0,19.0,49.0,41.0,,0.0,,,73.0,,0.0,13.0,0,0,0,0,0,1,1,1,1,0,1,1,0,0,0,0,0,0,1,0,1,1,0,1,0,0,0,0,0,0,0,1,0,1,1,0,1,0,0,0.3361,0.265,0.4,0.25
2015,pioneer union elementary,"Rural, distant",0.59,0.43,0.77,,0.58,,,,,,,,0.7,16.0,6.0,10.0,0.0,11.0,,,,,0.0,,0.0,14.0,33.0,20.0,13.0,12.0,21.0,,,,,7.0,,1.0,25.0,0,0,0,1,0,1,1,1,1,1,1,1,0,0,0,0,0,0,1,1,1,1,0,1,0,0,0,0,0,0,0,1,1,1,1,0,1,0,0,,,,
2015,pioneer union elementary,"Rural, fringe",0.41,0.22,0.53,0.43,0.39,,,0.27,,0.31,,,0.51,66.0,14.0,52.0,35.0,31.0,0.0,0.0,3.0,0.0,22.0,0.0,0.0,29.0,161.0,63.0,98.0,81.0,80.0,1.0,7.0,11.0,4.0,71.0,2.0,8.0,57.0,0,0,0,0,0,1,1,0,1,0,1,1,0,0,0,0,0,0,0,0,0,0,0,0,0,0,0,0,0,0,0,0,0,0,0,0,0,0,0,0.59,,,
2016,pioneer union elementary,"Rural, distant",0.35,0.1,0.77,0.29,0.4,,,,,,,,0.42,12.0,2.0,10.0,4.0,8.0,,,,,0.0,,0.0,11.0,34.0,21.0,13.0,14.0,20.0,,,,,5.0,,3.0,26.0,0,0,0,0,0,1,1,1,1,1,1,1,0,0,0,0,0,0,1,1,1,1,0,1,0,0,0,0,0,0,0,1,1,1,1,0,1,0,0,0.41,0.59,,
2016,pioneer union elementary,"Rural, fringe",0.59,0.56,0.62,0.61,0.57,,,,,0.51,,,0.66,102.0,45.0,56.0,43.0,58.0,0.0,0.0,0.0,0.0,36.0,0.0,0.0,47.0,172.0,81.0,91.0,71.0,101.0,5.0,7.0,8.0,7.0,71.0,2.0,1.0,71.0,0,0,0,0,0,1,1,1,1,0,1,1,0,0,0,0,0,0,0,0,0,0,0,0,0,0,0,0,0,0,0,0,0,0,0,0,0,0,0,0.35,0.41,0.59,
2017,pioneer union elementary,"Rural, distant",0.4286,0.3158,,0.3077,0.5333,,,,,,,,0.4375,12.0,6.0,0.0,4.0,8.0,0.0,,,,0.0,,0.0,7.0,28.0,19.0,0.0,13.0,15.0,0.0,,,,0.0,,0.0,16.0,0,0,1,0,0,1,1,1,1,1,1,1,0,0,0,0,0,0,0,1,1,1,0,1,0,0,0,0,0,0,0,0,1,1,1,0,1,0,0,0.59,0.35,0.41,0.59
2017,pioneer union elementary,"Rural, fringe",0.5344,0.3625,0.6606,0.4792,0.5914,,,,,0.4659,,,0.5915,101.0,29.0,72.0,46.0,55.0,0.0,0.0,0.0,0.0,41.0,0.0,,42.0,189.0,80.0,109.0,96.0,93.0,0.0,0.0,0.0,0.0,88.0,0.0,,71.0,0,0,0,0,0,1,1,1,1,0,1,1,0,0,0,0,0,0,0,0,0,0,0,0,1,0,0,0,0,0,0,0,0,0,0,0,0,1,0,0.4286,0.59,0.35,0.41
2018,pioneer union elementary,"Rural, distant",0.2727,0.3182,0.1818,0.2632,0.2857,,,,,,,,0.1905,9.0,7.0,2.0,5.0,4.0,,,,,0.0,,0.0,4.0,33.0,22.0,11.0,19.0,14.0,,,,,0.0,,0.0,21.0,0,0,0,0,0,1,1,1,1,1,1,1,0,0,0,0,0,0,1,1,1,1,0,1,0,0,0,0,0,0,0,1,1,1,1,0,1,0,0,0.5344,0.4286,0.59,0.35
2018,pioneer union elementary,"Rural, fringe",0.6037,0.5128,0.686,0.5422,0.6667,,,,,0.5432,,,0.6774,99.0,40.0,59.0,45.0,54.0,0.0,0.0,0.0,0.0,44.0,0.0,0.0,42.0,164.0,78.0,86.0,83.0,81.0,0.0,0.0,0.0,0.0,81.0,0.0,0.0,62.0,0,0,0,0,0,1,1,1,1,0,1,1,0,0,0,0,0,0,0,0,0,0,0,0,0,0,0,0,0,0,0,0,0,0,0,0,0,0,0,0.2727,0.5344,0.4286,0.59
2019,pioneer union elementary,"Rural, distant",0.303,0.2727,0.3636,0.2632,0.3571,,,,,,,,0.3333,10.0,6.0,4.0,5.0,5.0,0.0,,,0.0,0.0,,0.0,7.0,37.0,26.0,11.0,19.0,14.0,0.0,,,0.0,4.0,,6.0,21.0,0,0,0,0,0,1,1,1,1,1,1,1,0,0,0,0,0,0,0,1,1,0,0,1,0,0,0,0,0,0,0,0,1,1,0,0,1,0,0,0.6037,0.2727,0.5344,0.4286
2019,pioneer union elementary,"Rural, fringe",0.6303,0.5733,0.6778,0.6237,0.6389,,,,,0.5955,,,0.6604,104.0,43.0,61.0,58.0,46.0,0.0,0.0,0.0,0.0,53.0,0.0,0.0,35.0,165.0,75.0,90.0,93.0,72.0,0.0,7.0,6.0,5.0,89.0,0.0,0.0,53.0,0,0,0,0,0,1,1,1,1,0,1,1,0,0,0,0,0,0,0,0,0,0,0,0,0,0,0,0,0,0,0,0,0,0,0,0,0,0,0,0.303,0.6037,0.2727,0.5344
2015,pittsburg unified,"Suburb, large",0.3,0.27,0.47,0.27,0.34,,0.58,0.18,0.58,0.3,,0.43,0.29,252.0,188.0,57.0,109.0,135.0,0.0,15.0,26.0,26.0,158.0,0.0,10.0,10.0,815.0,695.0,120.0,419.0,396.0,5.0,26.0,145.0,45.0,527.0,9.0,24.0,34.0,0,0,0,0,0,1,0,0,0,0,1,0,0,0,0,0,0,0,0,0,0,0,0,0,0,0,0,0,0,0,0,0,0,0,0,0,0,0,0,,,,
2016,pittsburg unified,"Suburb, large",0.29,0.27,0.38,0.27,0.3,,0.37,0.27,0.56,0.25,0.53,0.29,0.34,255.0,208.0,53.0,113.0,148.0,0.0,10.0,41.0,25.0,148.0,9.0,10.0,13.0,911.0,769.0,142.0,435.0,476.0,2.0,27.0,150.0,46.0,593.0,17.0,35.0,38.0,0,0,0,0,0,1,0,0,0,0,0,0,0,0,0,0,0,0,0,0,0,0,0,0,0,0,0,0,0,0,0,0,0,0,0,0,0,0,0,0.3,,,
2017,pittsburg unified,"Suburb, large",0.2846,0.2654,0.3833,0.2775,0.2921,,0.2778,0.2403,0.56,0.2676,,0.4,0.3415,210.0,164.0,46.0,106.0,104.0,,5.0,31.0,14.0,129.0,0.0,14.0,14.0,739.0,619.0,120.0,382.0,357.0,,18.0,130.0,25.0,482.0,0.0,35.0,41.0,0,0,0,0,0,1,0,0,0,0,1,0,0,0,0,0,0,0,1,0,0,0,0,0,0,0,0,0,0,0,0,1,0,0,0,0,0,0,0,0.29,0.3,,
2018,pittsburg unified,"Suburb, large",0.2527,0.2352,0.3333,0.245,0.2615,,0.4138,0.112,0.475,0.2536,0.4167,0.2069,0.3182,213.0,163.0,50.0,111.0,102.0,0.0,12.0,14.0,19.0,142.0,5.0,6.0,14.0,845.0,695.0,150.0,454.0,391.0,0.0,29.0,127.0,40.0,560.0,12.0,29.0,44.0,0,0,0,0,0,1,0,0,0,0,0,0,0,0,0,0,0,0,0,0,0,0,0,0,0,0,0,0,0,0,0,0,0,0,0,0,0,0,0,0.2846,0.29,0.3,
2019,pittsburg unified,"Suburb, large",0.2577,0.2222,0.4025,0.2585,0.2571,,0.5517,0.1654,0.4688,0.2214,,0.4063,0.4231,208.0,144.0,64.0,99.0,109.0,0.0,16.0,21.0,15.0,116.0,0.0,13.0,22.0,807.0,648.0,159.0,383.0,424.0,0.0,29.0,127.0,32.0,524.0,8.0,32.0,52.0,0,0,0,0,0,1,0,0,0,0,1,0,0,0,0,0,0,0,0,0,0,0,0,0,0,0,0,0,0,0,0,0,0,0,0,0,0,0,0,0.2527,0.2846,0.29,0.3
2015,pixley union elementary,"Rural, fringe",0.08,0.09,,0.1,0.07,,,,,0.09,,,,10.0,9.0,0.0,5.0,4.0,,,0.0,,9.0,,,0.0,108.0,104.0,4.0,54.0,54.0,,,3.0,,103.0,,,2.0,0,0,1,0,0,1,1,1,1,0,1,1,1,0,0,0,0,0,1,1,0,1,0,1,1,0,0,0,0,0,0,1,1,0,1,0,1,1,0,,,,
2016,pixley union elementary,"Rural, fringe",0.09,0.07,,0.06,0.11,,,,,0.08,,,,14.0,10.0,0.0,4.0,9.0,,0.0,0.0,,11.0,,,0.0,151.0,142.0,9.0,70.0,81.0,,1.0,4.0,,136.0,,,10.0,0,0,1,0,0,1,1,1,1,0,1,1,1,0,0,0,0,0,1,0,0,1,0,1,1,0,0,0,0,0,0,1,0,0,1,0,1,1,0,0.08,,,
2017,pixley union elementary,"Rural, fringe",0.0917,0.0849,,0.1064,0.0806,,,,,0.0935,,,,10.0,9.0,0.0,5.0,5.0,,,,,10.0,,,0.0,109.0,106.0,0.0,47.0,62.0,,,,,107.0,,,0.0,0,0,1,0,0,1,1,1,1,0,1,1,1,0,0,0,0,0,1,1,1,1,0,1,1,0,0,0,0,0,0,1,1,1,1,0,1,1,0,0.09,0.08,,
2018,pixley union elementary,"Rural, fringe",0.2075,0.1961,,0.1897,0.2292,,,,,0.1881,,,,22.0,20.0,0.0,11.0,11.0,,,0.0,,19.0,,,0.0,106.0,102.0,0.0,58.0,48.0,,,0.0,,101.0,,,0.0,0,0,1,0,0,1,1,1,1,0,1,1,1,0,0,0,0,0,1,1,0,1,0,1,1,0,0,0,0,0,0,1,1,0,1,0,1,1,0,0.0917,0.09,0.08,
2019,pixley union elementary,"Rural, fringe",0.1636,0.1509,,0.2258,0.0833,,,,,0.1604,,,,18.0,16.0,0.0,14.0,4.0,,0.0,0.0,,17.0,,,0.0,110.0,106.0,4.0,62.0,48.0,,0.0,0.0,,106.0,,,0.0,0,0,1,0,0,1,1,1,1,0,1,1,1,0,0,0,0,0,1,0,0,1,0,1,1,0,0,0,0,0,0,1,0,0,1,0,1,1,0,0.2075,0.0917,0.09,0.08
2015,placentia-yorba linda unified,"Suburb, large",0.55,0.33,0.68,0.53,0.58,,0.83,0.42,0.84,0.38,,0.67,0.63,1003.0,222.0,795.0,463.0,553.0,0.0,217.0,10.0,26.0,294.0,0.0,31.0,429.0,1824.0,672.0,1152.0,872.0,952.0,3.0,259.0,25.0,31.0,774.0,4.0,46.0,681.0,0,0,0,0,0,1,0,0,0,0,1,0,0,0,0,0,0,0,0,0,0,0,0,0,0,0,0,0,0,0,0,0,0,0,0,0,0,0,0,,,,
2016,placentia-yorba linda unified,"Suburb, large",0.62,0.39,0.75,0.58,0.65,,0.89,0.5,0.83,0.42,,0.78,0.71,1084.0,271.0,825.0,488.0,608.0,0.0,261.0,9.0,39.0,312.0,0.0,39.0,426.0,1777.0,677.0,1100.0,843.0,934.0,5.0,293.0,18.0,47.0,760.0,2.0,50.0,601.0,0,0,0,0,0,1,0,0,0,0,1,0,0,0,0,0,0,0,0,0,0,0,0,0,0,0,0,0,0,0,0,0,0,0,0,0,0,0,0,0.55,,,
2017,placentia-yorba linda unified,"Suburb, large",0.5818,0.3534,0.7318,0.5724,0.5904,,0.8672,0.2,0.8065,0.4096,,0.7551,0.6846,1021.0,246.0,775.0,482.0,539.0,0.0,235.0,5.0,25.0,333.0,0.0,37.0,382.0,1755.0,696.0,1059.0,842.0,913.0,0.0,271.0,25.0,31.0,813.0,0.0,49.0,558.0,0,0,0,0,0,1,0,0,0,0,1,0,0,0,0,0,0,0,0,0,0,0,0,0,0,0,0,0,0,0,0,0,0,0,0,0,0,0,0,0.62,0.55,,
2018,placentia-yorba linda unified,"Suburb, large",0.6239,0.3861,0.7883,0.6078,0.6384,,0.914,0.375,0.871,0.4218,,0.7419,0.7492,1186.0,300.0,886.0,547.0,639.0,0.0,287.0,9.0,27.0,367.0,0.0,46.0,445.0,1901.0,777.0,1124.0,900.0,1001.0,0.0,314.0,24.0,31.0,870.0,0.0,62.0,594.0,0,0,0,0,0,1,0,0,0,0,1,0,0,0,0,0,0,0,0,0,0,0,0,0,0,0,0,0,0,0,0,0,0,0,0,0,0,0,0,0.5818,0.62,0.55,
2019,placentia-yorba linda unified,"Suburb, large",0.6212,0.4076,0.7827,0.5898,0.6488,,0.9225,0.4091,0.7674,0.4363,,0.75,0.7395,1069.0,302.0,767.0,476.0,593.0,0.0,250.0,9.0,33.0,353.0,0.0,36.0,386.0,1722.0,742.0,980.0,808.0,914.0,4.0,271.0,22.0,43.0,810.0,0.0,48.0,522.0,0,0,0,0,0,1,0,0,0,0,1,0,0,0,0,0,0,0,0,0,0,0,0,0,0,0,0,0,0,0,0,0,0,0,0,0,0,0,0,0.6239,0.5818,0.62,0.55
2015,placer hills union elementary,"Rural, fringe",0.55,0.38,0.62,0.45,0.63,,,,,,,,0.54,51.0,9.0,42.0,18.0,33.0,,0.0,,0.0,0.0,,0.0,42.0,92.0,24.0,68.0,40.0,52.0,,1.0,,1.0,8.0,,3.0,78.0,0,0,0,0,0,1,1,1,1,1,1,1,0,0,0,0,0,0,1,0,1,0,0,1,0,0,0,0,0,0,0,1,0,1,0,0,1,0,0,,,,
2016,placer hills union elementary,"Rural, fringe",0.45,0.36,0.5,0.39,0.49,,,,,,,,0.44,30.0,9.0,21.0,11.0,19.0,0.0,,,,0.0,,0.0,25.0,67.0,25.0,42.0,28.0,39.0,2.0,,,,5.0,,3.0,57.0,0,0,0,0,0,1,1,1,1,1,1,1,0,0,0,0,0,0,0,1,1,1,0,1,0,0,0,0,0,0,0,0,1,1,1,0,1,0,0,0.55,,,
2017,placer hills union elementary,"Rural, fringe",0.4419,0.2581,0.5455,0.4419,0.4419,,,,,,,,0.4795,38.0,8.0,30.0,19.0,19.0,0.0,,0.0,,0.0,,0.0,35.0,86.0,31.0,55.0,43.0,43.0,0.0,,0.0,,0.0,,0.0,73.0,0,0,0,0,0,1,1,1,1,1,1,1,0,0,0,0,0,0,0,1,0,1,0,1,0,0,0,0,0,0,0,0,1,0,1,0,1,0,0,0.45,0.55,,
2018,placer hills union elementary,"Rural, fringe",0.5441,0.25,0.7045,0.5758,0.5143,,,,,,,,0.5345,37.0,6.0,31.0,19.0,18.0,0.0,0.0,,,0.0,,0.0,31.0,68.0,24.0,44.0,33.0,35.0,0.0,0.0,,,0.0,,0.0,58.0,0,0,0,0,0,1,1,1,1,1,1,1,0,0,0,0,0,0,0,0,1,1,0,1,0,0,0,0,0,0,0,0,0,1,1,0,1,0,0,0.4419,0.45,0.55,
2019,placer hills union elementary,"Rural, fringe",0.4568,0.3077,0.5273,0.5,0.4054,,,,,,,,0.4328,37.0,8.0,29.0,22.0,15.0,,0.0,,,0.0,,0.0,29.0,81.0,26.0,55.0,44.0,37.0,,0.0,,,7.0,,6.0,67.0,0,0,0,0,0,1,1,1,1,1,1,1,0,0,0,0,0,0,1,0,1,1,0,1,0,0,0,0,0,0,0,1,0,1,1,0,1,0,0,0.5441,0.4419,0.45,0.55
2015,planada elementary,"Town, fringe",0.14,0.15,,0.14,0.14,,,,,0.14,,,,11.0,11.0,0.0,5.0,6.0,,,,,11.0,,,0.0,79.0,72.0,7.0,37.0,42.0,,,,,77.0,,,2.0,0,0,1,0,0,1,1,1,1,0,1,1,1,0,0,0,0,0,1,1,1,1,0,1,1,0,0,0,0,0,0,1,1,1,1,0,1,1,0,,,,
2016,planada elementary,"Town, fringe",0.12,0.09,,0.06,0.16,,,,,0.11,,,,10.0,7.0,0.0,2.0,8.0,,,,,9.0,,,0.0,86.0,76.0,10.0,35.0,51.0,,,,,83.0,,,3.0,0,0,1,0,0,1,1,1,1,0,1,1,1,0,0,0,0,0,1,1,1,1,0,1,1,0,0,0,0,0,0,1,1,1,1,0,1,1,0,0.14,,,
2017,planada elementary,"Town, fringe",0.181,0.1667,,0.1698,0.1923,,,,,0.1782,,,,19.0,17.0,0.0,9.0,10.0,0.0,,0.0,,18.0,,,0.0,105.0,102.0,0.0,53.0,52.0,0.0,,0.0,,101.0,,,0.0,0,0,1,0,0,1,1,1,1,0,1,1,1,0,0,0,0,0,0,1,0,1,0,1,1,0,0,0,0,0,0,0,1,0,1,0,1,1,0,0.12,0.14,,
2018,planada elementary,"Town, fringe",0.0857,0.0952,,0.1081,0.0606,,,,,0.0758,,,,6.0,6.0,0.0,4.0,2.0,,0.0,0.0,,5.0,,,0.0,70.0,63.0,0.0,37.0,33.0,,0.0,0.0,,66.0,,,0.0,0,0,1,0,0,1,1,1,1,0,1,1,1,0,0,0,0,0,1,0,0,1,0,1,1,0,0,0,0,0,0,1,0,0,1,0,1,1,0,0.181,0.12,0.14,
2019,planada elementary,"Town, fringe",0.3537,0.3537,,0.2308,0.4651,,,,,0.3537,,,,29.0,29.0,,9.0,20.0,,,,,29.0,,,,82.0,82.0,,39.0,43.0,,,,,82.0,,,,0,0,1,0,0,1,1,1,1,0,1,1,1,0,0,1,0,0,1,1,1,1,0,1,1,1,0,0,1,0,0,1,1,1,1,0,1,1,1,0.0857,0.181,0.12,0.14
2015,plaza elementary,"Rural, distant",0.29,,0.36,0.09,,,,,,,,,0.31,6.0,0.0,5.0,1.0,0.0,,,,,0.0,,,4.0,21.0,7.0,14.0,11.0,10.0,,,,,8.0,,,13.0,0,1,0,0,1,1,1,1,1,1,1,1,0,0,0,0,0,0,1,1,1,1,0,1,1,0,0,0,0,0,0,1,1,1,1,0,1,1,0,,,,
2016,plaza elementary,"Rural, distant",0.43,,0.62,,0.43,,,,,,,,0.47,10.0,0.0,8.0,0.0,6.0,,,,,0.0,,0.0,7.0,23.0,10.0,13.0,9.0,14.0,,,,,6.0,,2.0,15.0,0,1,0,1,0,1,1,1,1,1,1,1,0,0,0,0,0,0,1,1,1,1,0,1,0,0,0,0,0,0,0,1,1,1,1,0,1,0,0,0.29,,,
2017,plaza elementary,"Rural, distant",0.6,,0.5833,0.6429,,,,,,,,,0.6429,12.0,0.0,7.0,9.0,0.0,0.0,,,,0.0,,0.0,9.0,20.0,0.0,12.0,14.0,0.0,0.0,,,,0.0,,0.0,14.0,0,1,0,0,1,1,1,1,1,1,1,1,0,0,0,0,0,0,0,1,1,1,0,1,0,0,0,0,0,0,0,0,1,1,1,0,1,0,0,0.43,0.29,,
2018,plaza elementary,"Rural, distant",0.44,0.2857,0.6364,0.3333,0.5385,,,,,,,,0.4667,11.0,4.0,7.0,4.0,7.0,,0.0,,,0.0,,0.0,7.0,25.0,14.0,11.0,12.0,13.0,,0.0,,,0.0,,0.0,15.0,0,0,0,0,0,1,1,1,1,1,1,1,0,0,0,0,0,0,1,0,1,1,0,1,0,0,0,0,0,0,0,1,0,1,1,0,1,0,0,0.6,0.43,0.29,
2019,plaza elementary,"Rural, distant",0.3478,0.2667,,0.4167,0.2727,,,,,,,,0.3636,8.0,4.0,0.0,5.0,3.0,,,,,0.0,,0.0,4.0,23.0,15.0,8.0,12.0,11.0,,,,,10.0,,0.0,11.0,0,0,1,0,0,1,1,1,1,1,1,1,0,0,0,0,0,0,1,1,1,1,0,1,0,0,0,0,0,0,0,1,1,1,1,0,1,0,0,0.44,0.6,0.43,0.29
2015,pleasant grove joint union,"Rural, distant",0.41,,0.54,,0.38,,,,,,,,0.4,9.0,0.0,7.0,0.0,5.0,,,0.0,,0.0,,,8.0,22.0,9.0,13.0,9.0,13.0,,,1.0,,1.0,,,20.0,0,1,0,1,0,1,1,1,1,1,1,1,0,0,0,0,0,0,1,1,0,1,0,1,1,0,0,0,0,0,0,1,1,0,1,0,1,1,0,,,,
2016,pleasant grove joint union,"Rural, distant",0.57,,0.57,0.73,0.42,,,,,,,,0.46,13.0,0.0,8.0,8.0,5.0,,,,,0.0,,0.0,6.0,23.0,9.0,14.0,11.0,12.0,,,,,7.0,,1.0,13.0,0,1,0,0,0,1,1,1,1,1,1,1,0,0,0,0,0,0,1,1,1,1,0,1,0,0,0,0,0,0,0,1,1,1,1,0,1,0,0,0.41,,,
2017,pleasant grove joint union,"Rural, distant",0.7857,,,,,,,,,,,,0.75,11.0,0.0,0.0,0.0,0.0,,,,,,0.0,,9.0,14.0,0.0,0.0,0.0,0.0,,,,,,0.0,,12.0,0,1,1,1,1,1,1,1,1,1,1,1,0,0,0,0,0,0,1,1,1,1,1,0,1,0,0,0,0,0,0,1,1,1,1,1,0,1,0,0.57,0.41,,
2018,pleasant grove joint union,"Rural, distant",0.5,,0.6316,0.7692,0.1818,,,,,,,,0.5263,12.0,0.0,12.0,10.0,2.0,,,,,0.0,,,10.0,24.0,0.0,19.0,13.0,11.0,,,,,0.0,,,19.0,0,1,0,0,0,1,1,1,1,1,1,1,0,0,0,0,0,0,1,1,1,1,0,1,1,0,0,0,0,0,0,1,1,1,1,0,1,1,0,0.7857,0.57,0.41,
2019,pleasant grove joint union,"Rural, distant",0.6667,,0.7273,,,,,,,,,,0.5385,12.0,0.0,8.0,0.0,0.0,,,,,0.0,0.0,0.0,7.0,18.0,7.0,11.0,9.0,9.0,,,,,0.0,0.0,0.0,13.0,0,1,0,1,1,1,1,1,1,1,1,1,0,0,0,0,0,0,1,1,1,1,0,0,0,0,0,0,0,0,0,1,1,1,1,0,0,0,0,0.5,0.7857,0.57,0.41
2015,pleasant valley,"City, small",0.46,0.25,0.54,0.44,0.47,,0.76,0.2,0.45,0.31,,0.42,0.53,331.0,51.0,281.0,158.0,177.0,0.0,37.0,3.0,19.0,71.0,0.0,20.0,180.0,736.0,205.0,531.0,359.0,377.0,3.0,49.0,15.0,43.0,228.0,2.0,48.0,347.0,0,0,0,0,0,1,0,0,0,0,1,0,0,0,0,0,0,0,0,0,0,0,0,0,0,0,0,0,0,0,0,0,0,0,0,0,0,0,0,,,,
2016,pleasant valley,"City, small",0.48,0.33,0.56,0.45,0.51,,0.7,0.44,0.64,0.31,,0.59,0.55,361.0,88.0,280.0,163.0,199.0,0.0,39.0,12.0,23.0,77.0,0.0,20.0,189.0,752.0,260.0,492.0,361.0,391.0,4.0,56.0,27.0,36.0,247.0,3.0,34.0,345.0,0,0,0,0,0,1,0,0,0,0,1,0,0,0,0,0,0,0,0,0,0,0,0,0,0,0,0,0,0,0,0,0,0,0,0,0,0,0,0,0.46,,,
2017,pleasant valley,"City, small",0.5396,0.3384,0.6242,0.5092,0.5685,,0.907,0.2778,0.6957,0.3277,,0.5536,0.6565,361.0,67.0,294.0,166.0,195.0,,39.0,5.0,16.0,77.0,,31.0,193.0,669.0,198.0,471.0,326.0,343.0,,43.0,18.0,23.0,235.0,,56.0,294.0,0,0,0,0,0,1,0,0,0,0,1,0,0,0,0,0,0,0,1,0,0,0,0,1,0,0,0,0,0,0,0,1,0,0,0,0,1,0,0,0.48,0.46,,
2018,pleasant valley,"City, small",0.5687,0.3827,0.6456,0.5192,0.6117,,0.8421,0.5385,0.5172,0.4531,,0.6538,0.6167,381.0,75.0,306.0,162.0,219.0,0.0,32.0,7.0,15.0,111.0,0.0,34.0,177.0,670.0,196.0,474.0,312.0,358.0,0.0,38.0,13.0,29.0,245.0,0.0,52.0,287.0,0,0,0,0,0,1,0,0,0,0,1,0,0,0,0,0,0,0,0,0,0,0,0,0,0,0,0,0,0,0,0,0,0,0,0,0,0,0,0,0.5396,0.48,0.46,
2019,pleasant valley,"City, small",0.6254,0.4579,0.7054,0.6137,0.6364,,0.9583,0.4286,0.7059,0.4882,,0.8627,0.6837,416.0,99.0,316.0,197.0,219.0,0.0,23.0,6.0,12.0,124.0,0.0,45.0,203.0,665.0,216.0,449.0,321.0,344.0,4.0,24.0,14.0,17.0,254.0,4.0,52.0,296.0,0,0,0,0,0,1,0,0,0,0,1,0,0,0,0,0,0,0,0,0,0,0,0,0,0,0,0,0,0,0,0,0,0,0,0,0,0,0,0,0.5687,0.5396,0.48,0.46
2015,pleasant view elementary,"Rural, fringe",0.05,0.05,,0.08,0.03,,,,,0.04,,,,3.0,3.0,,2.0,1.0,,,,0.0,2.0,0.0,,,59.0,59.0,,26.0,33.0,,,,4.0,51.0,1.0,,,0,0,1,0,0,1,1,1,1,0,1,1,1,0,0,1,0,0,1,1,1,0,0,0,1,1,0,0,1,0,0,1,1,1,0,0,0,1,1,,,,
2016,pleasant view elementary,"Rural, fringe",0.12,0.12,,0.0,0.22,,,,,0.11,,,,7.0,7.0,,0.0,7.0,0.0,,,0.0,6.0,,,,60.0,60.0,,28.0,32.0,1.0,,,3.0,54.0,,,,0,0,1,0,0,1,1,1,1,0,1,1,1,0,0,1,0,0,0,1,1,0,0,1,1,1,0,0,1,0,0,0,1,1,0,0,1,1,1,0.05,,,
2017,pleasant view elementary,"Rural, fringe",0.1042,0.0889,,0.1429,0.0741,,,,,0.1026,,,,5.0,4.0,0.0,3.0,2.0,,,,0.0,4.0,,,0.0,48.0,45.0,0.0,21.0,27.0,,,,0.0,39.0,,,0.0,0,0,1,0,0,1,1,1,1,0,1,1,1,0,0,0,0,0,1,1,1,0,0,1,1,0,0,0,0,0,0,1,1,1,0,0,1,1,0,0.12,0.05,,
2018,pleasant view elementary,"Rural, fringe",0.0508,0.0351,,0.0313,0.0741,,,,,0.0377,,,,3.0,2.0,0.0,1.0,2.0,,,,,2.0,,,0.0,59.0,57.0,0.0,32.0,27.0,,,,,53.0,,,0.0,0,0,1,0,0,1,1,1,1,0,1,1,1,0,0,0,0,0,1,1,1,1,0,1,1,0,0,0,0,0,0,1,1,1,1,0,1,1,0,0.1042,0.12,0.05,
2019,pleasant view elementary,"Rural, fringe",0.2889,0.2683,,0.2333,0.4,,,,,0.2857,,,,13.0,11.0,0.0,7.0,6.0,,,,0.0,12.0,,,,45.0,41.0,4.0,30.0,15.0,,,,0.0,42.0,,,,0,0,1,0,0,1,1,1,1,0,1,1,1,0,0,0,0,0,1,1,1,0,0,1,1,1,0,0,0,0,0,1,1,1,0,0,1,1,1,0.0508,0.1042,0.12,0.05
2015,pleasanton unified,"City, small",0.71,0.36,0.74,0.69,0.72,,0.87,0.45,0.82,0.44,,0.68,0.64,800.0,31.0,768.0,359.0,442.0,0.0,365.0,10.0,14.0,48.0,0.0,41.0,313.0,1126.0,88.0,1038.0,520.0,606.0,4.0,420.0,22.0,17.0,109.0,3.0,61.0,490.0,0,0,0,0,0,1,0,0,0,0,1,0,0,0,0,0,0,0,0,0,0,0,0,0,0,0,0,0,0,0,0,0,0,0,0,0,0,0,0,,,,
2016,pleasanton unified,"City, small",0.76,0.43,0.79,0.73,0.78,,0.87,0.79,0.79,0.49,,0.65,0.73,804.0,40.0,763.0,383.0,417.0,0.0,366.0,11.0,15.0,52.0,,44.0,311.0,1059.0,93.0,966.0,524.0,535.0,1.0,420.0,14.0,19.0,106.0,,68.0,431.0,0,0,0,0,0,1,0,0,0,0,1,0,0,0,0,0,0,0,0,0,0,0,0,1,0,0,0,0,0,0,0,0,0,0,0,0,1,0,0,0.71,,,
2017,pleasanton unified,"City, small",0.7713,0.4146,0.8014,0.752,0.7888,,0.9023,,0.75,0.5,,0.8154,0.7228,813.0,34.0,779.0,376.0,437.0,0.0,388.0,0.0,12.0,66.0,0.0,53.0,292.0,1055.0,83.0,972.0,500.0,555.0,0.0,430.0,0.0,16.0,132.0,0.0,65.0,405.0,0,0,0,0,0,1,0,1,0,0,1,0,0,0,0,0,0,0,0,0,0,0,0,0,0,0,0,0,0,0,0,0,0,0,0,0,0,0,0,0.76,0.71,,
2018,pleasanton unified,"City, small",0.79,0.4023,0.8234,0.7543,0.8233,,0.9274,0.4615,0.5625,0.5,,0.7121,0.74,865.0,35.0,830.0,399.0,466.0,,434.0,6.0,9.0,53.0,0.0,47.0,313.0,1095.0,87.0,1008.0,529.0,566.0,,468.0,13.0,16.0,106.0,0.0,66.0,423.0,0,0,0,0,0,1,0,0,0,0,1,0,0,0,0,0,0,0,1,0,0,0,0,0,0,0,0,0,0,0,0,1,0,0,0,0,0,0,0,0.7713,0.76,0.71,
2019,pleasanton unified,"City, small",0.766,0.386,0.813,0.7449,0.7852,,0.9004,0.4615,0.7857,0.4327,,0.629,0.7127,792.0,44.0,748.0,368.0,424.0,0.0,434.0,6.0,11.0,45.0,0.0,39.0,253.0,1034.0,114.0,920.0,494.0,540.0,0.0,482.0,13.0,14.0,104.0,0.0,62.0,355.0,0,0,0,0,0,1,0,0,0,0,1,0,0,0,0,0,0,0,0,0,0,0,0,0,0,0,0,0,0,0,0,0,0,0,0,0,0,0,0,0.79,0.7713,0.76,0.71
2015,plumas lake elementary,"Town, fringe",0.46,0.38,0.53,0.35,0.53,,,,,0.33,,0.46,0.5,59.0,22.0,38.0,18.0,42.0,0.0,0.0,0.0,0.0,9.0,0.0,6.0,37.0,130.0,58.0,72.0,51.0,79.0,2.0,9.0,3.0,1.0,27.0,1.0,13.0,74.0,0,0,0,0,0,1,1,1,1,0,1,0,0,0,0,0,0,0,0,0,0,0,0,0,0,0,0,0,0,0,0,0,0,0,0,0,0,0,0,,,,
2016,plumas lake elementary,"Town, fringe",0.51,0.42,0.56,0.45,0.55,,,,,0.41,,0.5,0.56,78.0,22.0,56.0,29.0,49.0,0.0,0.0,0.0,0.0,13.0,0.0,10.0,48.0,153.0,53.0,100.0,64.0,89.0,2.0,6.0,5.0,2.0,32.0,1.0,20.0,85.0,0,0,0,0,0,1,1,1,1,0,1,0,0,0,0,0,0,0,0,0,0,0,0,0,0,0,0,0,0,0,0,0,0,0,0,0,0,0,0,0.46,,,
2017,plumas lake elementary,"Town, fringe",0.4737,0.3833,0.5479,0.4,0.5342,,,,,0.439,,0.4444,0.5161,63.0,23.0,40.0,24.0,39.0,0.0,0.0,0.0,0.0,18.0,0.0,8.0,32.0,133.0,60.0,73.0,60.0,73.0,0.0,0.0,0.0,0.0,41.0,0.0,18.0,62.0,0,0,0,0,0,1,1,1,1,0,1,0,0,0,0,0,0,0,0,0,0,0,0,0,0,0,0,0,0,0,0,0,0,0,0,0,0,0,0,0.51,0.46,,
2018,plumas lake elementary,"Town, fringe",0.562,0.3818,0.6829,0.4727,0.622,,,,,0.5,,0.7333,0.5556,77.0,21.0,56.0,26.0,51.0,0.0,0.0,0.0,0.0,15.0,,11.0,40.0,137.0,55.0,82.0,55.0,82.0,0.0,0.0,0.0,0.0,30.0,,15.0,72.0,0,0,0,0,0,1,1,1,1,0,1,0,0,0,0,0,0,0,0,0,0,0,0,1,0,0,0,0,0,0,0,0,0,0,0,0,1,0,0,0.4737,0.51,0.46,
2019,plumas lake elementary,"Town, fringe",0.4922,0.4074,0.5541,0.4615,0.5238,,,,,0.3611,,0.6429,0.5238,63.0,22.0,41.0,30.0,33.0,,0.0,0.0,0.0,13.0,0.0,9.0,33.0,128.0,54.0,74.0,65.0,63.0,,9.0,0.0,0.0,36.0,0.0,14.0,63.0,0,0,0,0,0,1,1,1,1,0,1,0,0,0,0,0,0,0,1,0,0,0,0,0,0,0,0,0,0,0,0,1,0,0,0,0,0,0,0,0.562,0.4737,0.51,0.46
2015,plumas unified,"Rural, fringe",0.38,0.32,0.45,0.38,0.38,,,,,0.27,,,0.4,47.0,21.0,26.0,24.0,23.0,0.0,0.0,0.0,,3.0,,0.0,40.0,125.0,67.0,58.0,64.0,61.0,3.0,1.0,3.0,,11.0,,6.0,101.0,0,0,0,0,0,1,1,1,1,0,1,1,0,0,0,0,0,0,0,0,0,1,0,1,0,0,0,0,0,0,0,0,0,0,1,0,1,0,0,,,,
2016,plumas unified,"Rural, fringe",0.3,0.22,0.44,0.29,0.3,,,,,0.13,,,0.36,37.0,17.0,19.0,20.0,16.0,0.0,0.0,,0.0,3.0,,0.0,32.0,123.0,80.0,43.0,69.0,54.0,1.0,2.0,,1.0,23.0,,5.0,91.0,0,0,0,0,0,1,1,1,1,0,1,1,0,0,0,0,0,0,0,0,1,0,0,1,0,0,0,0,0,0,0,0,0,1,0,0,1,0,0,0.38,,,
2017,plumas unified,"Rural, fringe",0.2552,0.1098,0.4444,0.2564,0.2537,,,,,0.1333,,,0.2925,37.0,9.0,28.0,20.0,17.0,0.0,,0.0,0.0,4.0,,0.0,31.0,145.0,82.0,63.0,78.0,67.0,0.0,,0.0,0.0,30.0,,0.0,106.0,0,0,0,0,0,1,1,1,1,0,1,1,0,0,0,0,0,0,0,1,0,0,0,1,0,0,0,0,0,0,0,0,1,0,0,0,1,0,0,0.3,0.38,,
2018,plumas unified,"Rural, fringe",0.2645,0.1505,0.4355,0.2609,0.2698,,,,,0.0909,,,0.3333,41.0,14.0,27.0,24.0,17.0,0.0,0.0,0.0,0.0,3.0,,0.0,34.0,155.0,93.0,62.0,92.0,63.0,0.0,0.0,0.0,0.0,33.0,,0.0,102.0,0,0,0,0,0,1,1,1,1,0,1,1,0,0,0,0,0,0,0,0,0,0,0,1,0,0,0,0,0,0,0,0,0,0,0,0,1,0,0,0.2552,0.3,0.38,
2019,plumas unified,"Rural, fringe",0.3681,0.2267,0.5217,0.32,0.4203,,,,,0.1,,0.2308,0.4434,53.0,17.0,36.0,24.0,29.0,0.0,0.0,,,2.0,,3.0,47.0,144.0,75.0,69.0,75.0,69.0,4.0,0.0,,,20.0,,13.0,106.0,0,0,0,0,0,1,1,1,1,0,1,0,0,0,0,0,0,0,0,0,1,1,0,1,0,0,0,0,0,0,0,0,0,1,1,0,1,0,0,0.2645,0.2552,0.3,0.38
2015,pollock pines elementary,"Town, fringe",0.22,0.11,0.33,0.22,0.21,,,,,0.15,,,0.23,19.0,5.0,14.0,9.0,10.0,,0.0,,,2.0,0.0,0.0,16.0,88.0,45.0,43.0,41.0,47.0,,2.0,,,13.0,1.0,2.0,70.0,0,0,0,0,0,1,1,1,1,0,1,1,0,0,0,0,0,0,1,0,1,1,0,0,0,0,0,0,0,0,0,1,0,1,1,0,0,0,0,,,,
2016,pollock pines elementary,"Town, fringe",0.24,0.18,0.29,0.28,0.21,,,,,0.31,,,0.2,18.0,6.0,11.0,8.0,9.0,0.0,0.0,,0.0,4.0,,0.0,10.0,72.0,34.0,38.0,29.0,43.0,1.0,1.0,,1.0,13.0,,5.0,51.0,0,0,0,0,0,1,1,1,1,0,1,1,0,0,0,0,0,0,0,0,1,0,0,1,0,0,0,0,0,0,0,0,0,1,0,0,1,0,0,0.22,,,
2017,pollock pines elementary,"Town, fringe",0.338,0.2857,0.3889,0.2813,0.3846,,,,,,,,0.3774,24.0,10.0,14.0,9.0,15.0,0.0,0.0,,0.0,0.0,,0.0,20.0,71.0,35.0,36.0,32.0,39.0,0.0,0.0,,0.0,0.0,,0.0,53.0,0,0,0,0,0,1,1,1,1,1,1,1,0,0,0,0,0,0,0,0,1,0,0,1,0,0,0,0,0,0,0,0,0,1,0,0,1,0,0,0.24,0.22,,
2018,pollock pines elementary,"Town, fringe",0.1739,0.0588,0.2857,0.0606,0.2778,,,,,0.0667,,,0.2157,12.0,2.0,10.0,2.0,10.0,0.0,,0.0,,1.0,,0.0,11.0,69.0,34.0,35.0,33.0,36.0,0.0,,0.0,,15.0,,0.0,51.0,0,0,0,0,0,1,1,1,1,0,1,1,0,0,0,0,0,0,0,1,0,1,0,1,0,0,0,0,0,0,0,0,1,0,1,0,1,0,0,0.338,0.24,0.22,
2019,pollock pines elementary,"Town, fringe",0.2576,0.1875,0.3235,0.1944,0.3333,,,,,0.125,,,0.3043,17.0,6.0,11.0,7.0,10.0,0.0,,,0.0,2.0,0.0,0.0,14.0,66.0,32.0,34.0,36.0,30.0,0.0,,,0.0,16.0,0.0,0.0,46.0,0,0,0,0,0,1,1,1,1,0,1,1,0,0,0,0,0,0,0,1,1,0,0,0,0,0,0,0,0,0,0,0,1,1,0,0,0,0,0,0.1739,0.338,0.24,0.22
2015,pomona unified,"Suburb, large",0.24,0.21,0.41,0.22,0.25,,0.59,0.17,0.57,0.21,,0.37,0.49,479.0,356.0,123.0,202.0,268.0,0.0,46.0,17.0,17.0,339.0,,10.0,31.0,1993.0,1692.0,301.0,963.0,1030.0,6.0,75.0,98.0,30.0,1692.0,,27.0,63.0,0,0,0,0,0,1,0,0,0,0,1,0,0,0,0,0,0,0,0,0,0,0,0,1,0,0,0,0,0,0,0,0,0,0,0,0,1,0,0,,,,
2016,pomona unified,"Suburb, large",0.28,0.24,0.55,0.27,0.29,,0.74,0.13,0.54,0.26,,0.5,0.45,547.0,413.0,127.0,257.0,289.0,0.0,49.0,10.0,15.0,424.0,0.0,9.0,24.0,1950.0,1719.0,231.0,953.0,997.0,7.0,66.0,77.0,28.0,1696.0,3.0,18.0,53.0,0,0,0,0,0,1,0,0,0,0,1,0,0,0,0,0,0,0,0,0,0,0,0,0,0,0,0,0,0,0,0,0,0,0,0,0,0,0,0,0.24,,,
2017,pomona unified,"Suburb, large",0.2815,0.2488,0.5217,0.2559,0.3057,,0.6769,0.1944,0.4737,0.2565,,0.5,0.4925,540.0,420.0,120.0,238.0,302.0,0.0,44.0,14.0,9.0,425.0,0.0,13.0,33.0,1918.0,1688.0,230.0,930.0,988.0,0.0,65.0,72.0,19.0,1657.0,0.0,26.0,67.0,0,0,0,0,0,1,0,0,0,0,1,0,0,0,0,0,0,0,0,0,0,0,0,0,0,0,0,0,0,0,0,0,0,0,0,0,0,0,0,0.28,0.24,,
2018,pomona unified,"Suburb, large",0.3094,0.2742,0.5502,0.2945,0.3233,,0.6721,0.2051,0.75,0.2898,,0.6111,0.4107,556.0,430.0,126.0,255.0,301.0,0.0,41.0,16.0,12.0,450.0,0.0,11.0,23.0,1798.0,1568.0,230.0,866.0,932.0,0.0,61.0,78.0,16.0,1554.0,0.0,18.0,56.0,0,0,0,0,0,1,0,0,0,0,1,0,0,0,0,0,0,0,0,0,0,0,0,0,0,0,0,0,0,0,0,0,0,0,0,0,0,0,0,0.2815,0.28,0.24,
2019,pomona unified,"Suburb, large",0.3273,0.308,0.5278,0.3002,0.3532,,0.6977,0.1636,0.7857,0.3119,,0.6154,0.3913,538.0,462.0,76.0,242.0,296.0,0.0,30.0,9.0,11.0,452.0,0.0,16.0,18.0,1644.0,1500.0,144.0,806.0,838.0,0.0,43.0,55.0,14.0,1449.0,4.0,26.0,46.0,0,0,0,0,0,1,0,0,0,0,1,0,0,0,0,0,0,0,0,0,0,0,0,0,0,0,0,0,0,0,0,0,0,0,0,0,0,0,0,0.3094,0.2815,0.28,0.24
2015,pond union elementary,"Rural, fringe",0.13,0.14,,0.0,0.27,,,,,0.14,,,,3.0,3.0,0.0,0.0,3.0,,,,,3.0,,,0.0,23.0,22.0,1.0,12.0,11.0,,,,,22.0,,,1.0,0,0,1,0,0,1,1,1,1,0,1,1,1,0,0,0,0,0,1,1,1,1,0,1,1,0,0,0,0,0,0,1,1,1,1,0,1,1,0,,,,
2016,pond union elementary,"Rural, fringe",0.29,0.26,,0.42,0.17,,,,,0.24,,,,7.0,6.0,0.0,5.0,2.0,,0.0,,,5.0,,,0.0,24.0,23.0,1.0,12.0,12.0,,1.0,,,21.0,,,2.0,0,0,1,0,0,1,1,1,1,0,1,1,1,0,0,0,0,0,1,0,1,1,0,1,1,0,0,0,0,0,0,1,0,1,1,0,1,1,0,0.13,,,
2017,pond union elementary,"Rural, fringe",0.25,0.2273,,0.2857,,,,,,0.2609,,,,6.0,5.0,0.0,4.0,0.0,,,,,6.0,,,,24.0,22.0,0.0,14.0,0.0,,,,,23.0,,,,0,0,1,0,1,1,1,1,1,0,1,1,1,0,0,0,0,0,1,1,1,1,0,1,1,1,0,0,0,0,0,1,1,1,1,0,1,1,1,0.29,0.13,,
2018,pond union elementary,"Rural, fringe",0.1905,0.2105,,0.2727,,,,,,0.15,,,,4.0,4.0,0.0,3.0,0.0,,0.0,,,3.0,,,,21.0,19.0,0.0,11.0,0.0,,0.0,,,20.0,,,,0,0,1,0,1,1,1,1,1,0,1,1,1,0,0,0,0,0,1,0,1,1,0,1,1,1,0,0,0,0,0,1,0,1,1,0,1,1,1,0.25,0.29,0.13,
2019,pond union elementary,"Rural, fringe",0.3182,0.3333,,0.3636,0.2727,,,,,0.3,,,,7.0,7.0,0.0,4.0,3.0,,0.0,,,6.0,,,,22.0,21.0,0.0,11.0,11.0,,0.0,,,20.0,,,,0,0,1,0,0,1,1,1,1,0,1,1,1,0,0,0,0,0,1,0,1,1,0,1,1,1,0,0,0,0,0,1,0,1,1,0,1,1,1,0.1905,0.25,0.29,0.13
2015,porterville unified,"City, small",0.22,0.19,0.53,0.23,0.21,0.31,0.31,,,0.2,,,0.29,174.0,145.0,34.0,88.0,93.0,4.0,5.0,0.0,0.0,138.0,0.0,0.0,26.0,827.0,762.0,65.0,384.0,443.0,13.0,16.0,2.0,3.0,690.0,3.0,8.0,90.0,0,0,0,0,0,0,0,1,1,0,1,1,0,0,0,0,0,0,0,0,0,0,0,0,0,0,0,0,0,0,0,0,0,0,0,0,0,0,0,,,,
2016,porterville unified,"City, small",0.22,0.19,0.42,0.23,0.2,0.13,0.19,,,0.21,,,0.25,197.0,152.0,38.0,99.0,92.0,2.0,3.0,0.0,0.0,156.0,0.0,0.0,23.0,894.0,803.0,91.0,434.0,460.0,17.0,16.0,7.0,3.0,743.0,5.0,8.0,92.0,0,0,0,0,0,0,0,1,1,0,1,1,0,0,0,0,0,0,0,0,0,0,0,0,0,0,0,0,0,0,0,0,0,0,0,0,0,0,0,0.22,,,
2017,porterville unified,"City, small",0.284,0.2652,0.5072,0.2787,0.2888,0.2273,0.5625,,,0.2715,,,0.3143,253.0,218.0,35.0,119.0,134.0,5.0,9.0,0.0,0.0,205.0,0.0,0.0,22.0,891.0,822.0,69.0,427.0,464.0,22.0,16.0,0.0,0.0,755.0,0.0,0.0,70.0,0,0,0,0,0,0,0,1,1,0,1,1,0,0,0,0,0,0,0,0,0,0,0,0,0,0,0,0,0,0,0,0,0,0,0,0,0,0,0,0.22,0.22,,
2018,porterville unified,"City, small",0.3413,0.3096,0.5978,0.3056,0.3756,0.4375,0.7857,,,0.3249,,0.3333,0.4091,285.0,230.0,55.0,125.0,160.0,7.0,11.0,0.0,0.0,230.0,0.0,4.0,27.0,835.0,743.0,92.0,409.0,426.0,16.0,14.0,0.0,0.0,708.0,0.0,12.0,66.0,0,0,0,0,0,0,0,1,1,0,1,0,0,0,0,0,0,0,0,0,0,0,0,0,0,0,0,0,0,0,0,0,0,0,0,0,0,0,0,0.284,0.22,0.22,
2019,porterville unified,"City, small",0.3904,0.3733,0.5169,0.3589,0.4204,0.1111,,,,0.4012,,,0.3279,292.0,246.0,46.0,131.0,161.0,2.0,0.0,0.0,0.0,258.0,0.0,0.0,20.0,748.0,659.0,89.0,365.0,383.0,18.0,8.0,0.0,4.0,643.0,4.0,7.0,61.0,0,0,0,0,0,0,1,1,1,0,1,1,0,0,0,0,0,0,0,0,0,0,0,0,0,0,0,0,0,0,0,0,0,0,0,0,0,0,0,0.3413,0.284,0.22,0.22
2015,portola valley elementary,"Rural, fringe",0.87,,0.95,0.92,0.83,,,,,,,,0.96,59.0,0.0,56.0,24.0,35.0,,0.0,0.0,,0.0,0.0,0.0,44.0,68.0,9.0,59.0,26.0,42.0,,6.0,1.0,,9.0,2.0,4.0,46.0,0,1,0,0,0,1,1,1,1,1,1,1,0,0,0,0,0,0,1,0,0,1,0,0,0,0,0,0,0,0,0,1,0,0,1,0,0,0,0,,,,
2016,portola valley elementary,"Rural, fringe",0.84,,0.88,0.81,0.86,,,,,0.57,,,0.88,62.0,0.0,59.0,26.0,36.0,,0.0,0.0,,8.0,,0.0,44.0,74.0,7.0,67.0,32.0,42.0,,2.0,1.0,,14.0,,6.0,50.0,0,1,0,0,0,1,1,1,1,0,1,1,0,0,0,0,0,0,1,0,0,1,0,1,0,0,0,0,0,0,0,1,0,0,1,0,1,0,0,0.87,,,
2017,portola valley elementary,"Rural, fringe",0.8382,,0.8871,0.8718,0.7931,,,,,,,0.9091,0.881,57.0,0.0,55.0,34.0,23.0,,0.0,,,0.0,,10.0,37.0,68.0,0.0,62.0,39.0,29.0,,0.0,,,0.0,,11.0,42.0,0,1,0,0,0,1,1,1,1,1,1,0,0,0,0,0,0,0,1,0,1,1,0,1,0,0,0,0,0,0,0,1,0,1,1,0,1,0,0,0.84,0.87,,
2018,portola valley elementary,"Rural, fringe",0.8451,,0.8594,0.7813,0.8974,,,,,0.6364,,,0.8868,60.0,0.0,55.0,25.0,35.0,,0.0,0.0,,7.0,,0.0,47.0,71.0,0.0,64.0,32.0,39.0,,0.0,0.0,,11.0,,0.0,53.0,0,1,0,0,0,1,1,1,1,0,1,1,0,0,0,0,0,0,1,0,0,1,0,1,0,0,0,0,0,0,0,1,0,0,1,0,1,0,0,0.8382,0.84,0.87,
2019,portola valley elementary,"Rural, fringe",0.8438,,0.8525,0.88,0.8205,,,,,,,,0.8684,54.0,0.0,52.0,22.0,32.0,,0.0,,,0.0,,0.0,33.0,64.0,0.0,61.0,25.0,39.0,,8.0,,,8.0,,9.0,38.0,0,1,0,0,0,1,1,1,1,1,1,1,0,0,0,0,0,0,1,0,1,1,0,1,0,0,0,0,0,0,0,1,0,1,1,0,1,0,0,0.8451,0.8382,0.84,0.87
2015,poway unified,"City, large",0.71,0.4,0.77,0.68,0.74,,0.87,0.46,0.7,0.47,,0.66,0.74,1970.0,172.0,1797.0,920.0,1036.0,0.0,509.0,25.0,138.0,178.0,0.0,107.0,978.0,2735.0,431.0,2304.0,1353.0,1382.0,7.0,585.0,54.0,197.0,380.0,8.0,162.0,1322.0,0,0,0,0,0,1,0,0,0,0,1,0,0,0,0,0,0,0,0,0,0,0,0,0,0,0,0,0,0,0,0,0,0,0,0,0,0,0,0,,,,
2016,poway unified,"City, large",0.73,0.4,0.79,0.71,0.75,,0.87,0.53,0.8,0.5,0.53,0.72,0.75,1980.0,177.0,1791.0,888.0,1081.0,0.0,472.0,29.0,152.0,211.0,9.0,140.0,940.0,2711.0,444.0,2267.0,1250.0,1461.0,1.0,543.0,55.0,188.0,422.0,17.0,192.0,1253.0,0,0,0,0,0,1,0,0,0,0,0,0,0,0,0,0,0,0,0,0,0,0,0,0,0,0,0,0,0,0,0,0,0,0,0,0,0,0,0,0.71,,,
2017,poway unified,"City, large",0.719,0.4404,0.7738,0.7014,0.7361,,0.8733,0.4667,0.7073,0.4964,,0.7573,0.7289,1906.0,192.0,1714.0,916.0,990.0,0.0,524.0,28.0,87.0,208.0,0.0,181.0,839.0,2651.0,436.0,2215.0,1306.0,1345.0,0.0,600.0,60.0,123.0,419.0,0.0,239.0,1151.0,0,0,0,0,0,1,0,0,0,0,1,0,0,0,0,0,0,0,0,0,0,0,0,0,0,0,0,0,0,0,0,0,0,0,0,0,0,0,0,0.73,0.71,,
2018,poway unified,"City, large",0.7413,0.5385,0.7817,0.7213,0.7613,,0.9115,0.5098,0.6569,0.5267,,0.7587,0.7539,1971.0,238.0,1733.0,963.0,1008.0,0.0,525.0,26.0,90.0,217.0,0.0,217.0,864.0,2659.0,442.0,2217.0,1335.0,1324.0,0.0,576.0,51.0,137.0,412.0,0.0,286.0,1146.0,0,0,0,0,0,1,0,0,0,0,1,0,0,0,0,0,0,0,0,0,0,0,0,0,0,0,0,0,0,0,0,0,0,0,0,0,0,0,0,0.719,0.73,0.71,
2019,poway unified,"City, large",0.768,0.5106,0.8203,0.7588,0.776,,0.9115,0.5556,0.7661,0.5411,,0.7906,0.7794,1933.0,217.0,1716.0,887.0,1046.0,0.0,515.0,20.0,95.0,217.0,0.0,219.0,823.0,2517.0,425.0,2092.0,1169.0,1348.0,0.0,565.0,36.0,124.0,401.0,0.0,277.0,1056.0,0,0,0,0,0,1,0,0,0,0,1,0,0,0,0,0,0,0,0,0,0,0,0,0,0,0,0,0,0,0,0,0,0,0,0,0,0,0,0,0.7413,0.719,0.73,0.71
2015,raisin city elementary,"City, large",0.06,0.06,,0.06,0.06,,,,,0.06,,,,2.0,2.0,,1.0,1.0,,,,,2.0,,,0.0,35.0,35.0,,18.0,17.0,,,,,33.0,,,2.0,0,0,1,0,0,1,1,1,1,0,1,1,1,0,0,1,0,0,1,1,1,1,0,1,1,0,0,0,1,0,0,1,1,1,1,0,1,1,0,,,,
2016,raisin city elementary,"City, large",0.03,0.03,,0.05,0.0,,,,,0.03,,,,1.0,1.0,0.0,1.0,0.0,,0.0,,,1.0,,,,36.0,34.0,2.0,20.0,16.0,,1.0,,,35.0,,,,0,0,1,0,0,1,1,1,1,0,1,1,1,0,0,0,0,0,1,0,1,1,0,1,1,1,0,0,0,0,0,1,0,1,1,0,1,1,1,0.06,,,
2017,raisin city elementary,"City, large",0.1379,0.1111,,0.0769,0.1875,,,,,0.1071,,,,4.0,3.0,0.0,1.0,3.0,,,,,3.0,,,0.0,29.0,27.0,0.0,13.0,16.0,,,,,28.0,,,0.0,0,0,1,0,0,1,1,1,1,0,1,1,1,0,0,0,0,0,1,1,1,1,0,1,1,0,0,0,0,0,0,1,1,1,1,0,1,1,0,0.03,0.06,,
2018,raisin city elementary,"Rural, distant",0.0882,0.0909,,0.0625,0.1111,,,,,0.0667,,,,3.0,3.0,0.0,1.0,2.0,,,,,2.0,,,0.0,34.0,33.0,0.0,16.0,18.0,,,,,30.0,,,0.0,0,0,1,0,0,1,1,1,1,0,1,1,1,0,0,0,0,0,1,1,1,1,0,1,1,0,0,0,0,0,0,1,1,1,1,0,1,1,0,0.1379,0.03,0.06,
2019,raisin city elementary,"Rural, distant",0.0938,0.0938,,0.1053,0.0769,,,,,0.087,,,,3.0,3.0,,2.0,1.0,,,,,2.0,,,,32.0,32.0,,19.0,13.0,,,,,23.0,,,,0,0,1,0,0,1,1,1,1,0,1,1,1,0,0,1,0,0,1,1,1,1,0,1,1,1,0,0,1,0,0,1,1,1,1,0,1,1,1,0.0882,0.1379,0.03,0.06
2015,ramona city unified,"Town, fringe",0.4,0.22,0.54,0.38,0.42,,,,,0.26,,0.31,0.51,164.0,40.0,123.0,76.0,88.0,0.0,0.0,0.0,0.0,39.0,,4.0,120.0,410.0,186.0,224.0,201.0,209.0,6.0,3.0,1.0,6.0,145.0,,13.0,236.0,0,0,0,0,0,1,1,1,1,0,1,0,0,0,0,0,0,0,0,0,0,0,0,1,0,0,0,0,0,0,0,0,0,0,0,0,1,0,0,,,,
2016,ramona city unified,"Town, fringe",0.37,0.24,0.5,0.35,0.39,,,,,0.19,,0.16,0.53,159.0,50.0,108.0,68.0,92.0,0.0,0.0,0.0,0.0,33.0,0.0,3.0,116.0,429.0,208.0,221.0,194.0,235.0,5.0,2.0,1.0,4.0,175.0,1.0,19.0,222.0,0,0,0,0,0,1,1,1,1,0,1,0,0,0,0,0,0,0,0,0,0,0,0,0,0,0,0,0,0,0,0,0,0,0,0,0,0,0,0,0.4,,,
2017,ramona city unified,"Town, fringe",0.3688,0.2623,0.4653,0.3196,0.4188,,,,,0.2324,,0.5238,0.4491,142.0,48.0,94.0,62.0,80.0,0.0,,0.0,,33.0,,11.0,97.0,385.0,183.0,202.0,194.0,191.0,0.0,,0.0,,142.0,,21.0,216.0,0,0,0,0,0,1,1,1,1,0,1,0,0,0,0,0,0,0,0,1,0,1,0,1,0,0,0,0,0,0,0,0,1,0,1,0,1,0,0,0.37,0.4,,
2018,ramona city unified,"Town, fringe",0.4164,0.2571,0.5545,0.3559,0.47,,,,,0.2941,,0.3929,0.5097,157.0,45.0,112.0,63.0,94.0,0.0,0.0,0.0,,40.0,0.0,11.0,105.0,377.0,175.0,202.0,177.0,200.0,0.0,0.0,0.0,,136.0,0.0,28.0,206.0,0,0,0,0,0,1,1,1,1,0,1,0,0,0,0,0,0,0,0,0,0,1,0,0,0,0,0,0,0,0,0,0,0,0,1,0,0,0,0,0.3688,0.37,0.4,
2019,ramona city unified,"Town, fringe",0.4025,0.2972,0.5246,0.4186,0.3901,,,,,0.2485,,0.5625,0.5121,159.0,63.0,96.0,72.0,87.0,,,0.0,0.0,42.0,,9.0,106.0,395.0,212.0,183.0,172.0,223.0,,,0.0,0.0,169.0,,16.0,207.0,0,0,0,0,0,1,1,1,1,0,1,0,0,0,0,0,0,0,1,1,0,0,0,1,0,0,0,0,0,0,0,1,1,0,0,0,1,0,0,0.4164,0.3688,0.37,0.4
2015,rancho santa fe elementary,"Suburb, large",0.78,,0.78,0.7,0.88,,,,,,,,0.79,51.0,,51.0,23.0,28.0,,0.0,,,0.0,,0.0,42.0,65.0,,65.0,33.0,32.0,,4.0,,,5.0,,3.0,53.0,0,1,0,0,0,1,1,1,1,1,1,1,0,0,1,0,0,0,1,0,1,1,0,1,0,0,0,1,0,0,0,1,0,1,1,0,1,0,0,,,,
2016,rancho santa fe elementary,"Suburb, large",0.83,,0.84,0.78,0.87,,,,,,,,0.82,68.0,0.0,66.0,29.0,39.0,0.0,0.0,0.0,,0.0,,0.0,45.0,82.0,3.0,79.0,37.0,45.0,1.0,6.0,2.0,,8.0,,10.0,55.0,0,1,0,0,0,1,1,1,1,1,1,1,0,0,0,0,0,0,0,0,0,1,0,1,0,0,0,0,0,0,0,0,0,0,1,0,1,0,0,0.78,,,
2017,rancho santa fe elementary,"Suburb, large",0.8649,,0.875,0.8485,0.878,,,,,,,,0.8966,64.0,0.0,63.0,28.0,36.0,0.0,0.0,,0.0,0.0,,0.0,52.0,74.0,0.0,72.0,33.0,41.0,0.0,0.0,,0.0,0.0,,0.0,58.0,0,1,0,0,0,1,1,1,1,1,1,1,0,0,0,0,0,0,0,0,1,0,0,1,0,0,0,0,0,0,0,0,0,1,0,0,1,0,0,0.83,0.78,,
2018,rancho santa fe elementary,"Suburb, large",0.7595,,0.7662,0.7667,0.7551,,,,,0.5455,,,0.7679,60.0,0.0,59.0,23.0,37.0,,0.0,,,6.0,,0.0,43.0,79.0,0.0,77.0,30.0,49.0,,0.0,,,11.0,,0.0,56.0,0,1,0,0,0,1,1,1,1,0,1,1,0,0,0,0,0,0,1,0,1,1,0,1,0,0,0,0,0,0,0,1,0,1,1,0,1,0,0,0.8649,0.83,0.78,
2019,rancho santa fe elementary,"Suburb, large",0.88,,0.88,0.8529,0.9024,,,,,0.9091,,,0.8462,66.0,,66.0,29.0,37.0,,0.0,,,10.0,,0.0,44.0,75.0,,75.0,34.0,41.0,,6.0,,,11.0,,6.0,52.0,0,1,0,0,0,1,1,1,1,0,1,1,0,0,1,0,0,0,1,0,1,1,0,1,0,0,0,1,0,0,0,1,0,1,1,0,1,0,0,0.7595,0.8649,0.83,0.78
2015,ravenswood city elementary,"Suburb, large",0.11,0.1,0.38,0.13,0.09,,,0.14,,0.1,0.07,,,37.0,32.0,6.0,24.0,16.0,0.0,0.0,3.0,0.0,28.0,2.0,0.0,0.0,342.0,326.0,16.0,183.0,159.0,1.0,2.0,22.0,2.0,280.0,27.0,6.0,2.0,0,0,0,0,0,1,1,0,1,0,0,1,1,0,0,0,0,0,0,0,0,0,0,0,0,0,0,0,0,0,0,0,0,0,0,0,0,0,0,,,,
2016,ravenswood city elementary,"Suburb, large",0.09,0.09,0.25,0.06,0.13,,,0.04,,0.1,0.03,,,35.0,34.0,4.0,12.0,26.0,,0.0,1.0,0.0,31.0,1.0,0.0,0.0,391.0,375.0,16.0,193.0,198.0,,2.0,28.0,1.0,316.0,35.0,6.0,2.0,0,0,0,0,0,1,1,0,1,0,0,1,1,0,0,0,0,0,1,0,0,0,0,0,0,0,0,0,0,0,0,1,0,0,0,0,0,0,0,0.11,,,
2017,ravenswood city elementary,"Suburb, large",0.1134,0.1101,0.1765,0.095,0.1333,,,0.1429,,0.1107,0.1333,,,39.0,36.0,3.0,17.0,22.0,,0.0,3.0,,32.0,4.0,0.0,,344.0,327.0,17.0,179.0,165.0,,0.0,21.0,,289.0,30.0,0.0,,0,0,0,0,0,1,1,0,1,0,0,1,1,0,0,0,0,0,1,0,0,1,0,0,0,1,0,0,0,0,0,1,0,0,1,0,0,0,1,0.09,0.11,,
2018,ravenswood city elementary,"Suburb, large",0.2006,0.2047,0.1429,0.1818,0.2159,,,0.1111,,0.1962,0.2581,,,64.0,61.0,3.0,26.0,38.0,0.0,,2.0,,51.0,8.0,0.0,0.0,319.0,298.0,21.0,143.0,176.0,0.0,,18.0,,260.0,31.0,0.0,0.0,0,0,0,0,0,1,1,0,1,0,0,1,1,0,0,0,0,0,0,1,0,1,0,0,0,0,0,0,0,0,0,0,1,0,1,0,0,0,0,0.1134,0.09,0.11,
2019,ravenswood city elementary,"Suburb, large",0.1908,0.1756,0.381,0.1783,0.2013,,,0.3125,,0.1652,0.1563,,,54.0,46.0,8.0,23.0,31.0,,0.0,5.0,0.0,37.0,5.0,0.0,0.0,283.0,262.0,21.0,129.0,154.0,,0.0,16.0,0.0,224.0,32.0,0.0,6.0,0,0,0,0,0,1,1,0,1,0,0,1,1,0,0,0,0,0,1,0,0,0,0,0,0,0,0,0,0,0,0,1,0,0,0,0,0,0,0,0.2006,0.1134,0.09,0.11
2015,red bluff union elementary,"Town, distant",0.34,0.28,0.61,0.32,0.37,,,,,0.27,,0.24,0.4,92.0,61.0,31.0,43.0,50.0,0.0,0.0,0.0,0.0,26.0,0.0,4.0,57.0,270.0,219.0,51.0,135.0,135.0,7.0,1.0,2.0,1.0,99.0,1.0,17.0,142.0,0,0,0,0,0,1,1,1,1,0,1,0,0,0,0,0,0,0,0,0,0,0,0,0,0,0,0,0,0,0,0,0,0,0,0,0,0,0,0,,,,
2016,red bluff union elementary,"Town, distant",0.4,0.36,0.65,0.41,0.4,,,,,0.29,,,0.46,96.0,72.0,26.0,47.0,51.0,0.0,,0.0,,24.0,0.0,0.0,64.0,240.0,200.0,40.0,116.0,124.0,10.0,,1.0,,82.0,1.0,8.0,138.0,0,0,0,0,0,1,1,1,1,0,1,1,0,0,0,0,0,0,0,1,0,1,0,0,0,0,0,0,0,0,0,0,1,0,1,0,0,0,0,0.34,,,
2017,red bluff union elementary,"Town, distant",0.3971,0.3399,0.5536,0.367,0.43,,,,,0.25,,,0.4783,83.0,52.0,31.0,40.0,43.0,0.0,0.0,0.0,,17.0,0.0,0.0,55.0,209.0,153.0,56.0,109.0,100.0,0.0,0.0,0.0,,68.0,0.0,0.0,115.0,0,0,0,0,0,1,1,1,1,0,1,1,0,0,0,0,0,0,0,0,0,1,0,0,0,0,0,0,0,0,0,0,0,0,1,0,0,0,0,0.4,0.34,,
2018,red bluff union elementary,"Town, distant",0.3485,0.3266,0.4524,0.3119,0.3788,,,,,0.2439,,,0.4143,84.0,65.0,19.0,34.0,50.0,0.0,0.0,0.0,,20.0,0.0,0.0,58.0,241.0,199.0,42.0,109.0,132.0,0.0,0.0,0.0,,82.0,0.0,0.0,140.0,0,0,0,0,0,1,1,1,1,0,1,1,0,0,0,0,0,0,0,0,0,1,0,0,0,0,0,0,0,0,0,0,0,0,1,0,0,0,0,0.3971,0.4,0.34,
2019,red bluff union elementary,"Town, distant",0.4045,0.3616,0.5814,0.3838,0.4215,,,,,0.2692,,,0.48,89.0,64.0,25.0,38.0,51.0,0.0,0.0,0.0,0.0,21.0,,0.0,60.0,220.0,177.0,43.0,99.0,121.0,5.0,4.0,0.0,0.0,78.0,,4.0,125.0,0,0,0,0,0,1,1,1,1,0,1,1,0,0,0,0,0,0,0,0,0,0,0,1,0,0,0,0,0,0,0,0,0,0,0,0,1,0,0,0.3485,0.3971,0.4,0.34
2015,redding elementary,"City, small",0.35,0.23,0.54,0.29,0.4,0.21,,,,0.23,,0.24,0.39,115.0,45.0,68.0,45.0,69.0,3.0,0.0,0.0,,10.0,,5.0,94.0,329.0,203.0,126.0,161.0,168.0,14.0,7.0,5.0,,43.0,,21.0,239.0,0,0,0,0,0,0,1,1,1,0,1,0,0,0,0,0,0,0,0,0,0,1,0,1,0,0,0,0,0,0,0,0,0,0,1,0,1,0,0,,,,
2016,redding elementary,"City, small",0.41,0.28,0.61,0.41,0.4,,,,,0.26,,0.3,0.45,150.0,61.0,90.0,80.0,69.0,0.0,0.0,0.0,,15.0,0.0,6.0,121.0,367.0,219.0,148.0,194.0,173.0,10.0,7.0,7.0,,58.0,2.0,20.0,262.0,0,0,0,0,0,1,1,1,1,0,1,0,0,0,0,0,0,0,0,0,0,1,0,0,0,0,0,0,0,0,0,0,0,0,1,0,0,0,0,0.35,,,
2017,redding elementary,"City, small",0.4759,0.375,0.6452,0.4171,0.5414,0.3636,0.2727,,,0.5102,,0.3,0.5152,158.0,78.0,80.0,73.0,85.0,4.0,3.0,0.0,,25.0,0.0,6.0,119.0,332.0,208.0,124.0,175.0,157.0,11.0,11.0,0.0,,49.0,0.0,20.0,231.0,0,0,0,0,0,0,0,1,1,0,1,0,0,0,0,0,0,0,0,0,0,1,0,0,0,0,0,0,0,0,0,0,0,0,1,0,0,0,0,0.41,0.35,,
2018,redding elementary,"City, small",0.4096,0.3511,0.5116,0.3631,0.4571,0.1818,0.6667,,,0.3898,,0.3,0.4239,145.0,79.0,66.0,65.0,80.0,2.0,8.0,0.0,,23.0,0.0,6.0,103.0,355.0,226.0,129.0,179.0,176.0,11.0,12.0,0.0,,60.0,0.0,20.0,243.0,0,0,0,0,0,0,0,1,1,0,1,0,0,0,0,0,0,0,0,0,0,1,0,0,0,0,0,0,0,0,0,0,0,0,1,0,0,0,0,0.4759,0.41,0.35,
2019,redding elementary,"City, small",0.4333,0.3777,0.5268,0.4218,0.4444,,0.5385,,,0.3621,,0.44,0.456,130.0,71.0,59.0,62.0,68.0,0.0,7.0,0.0,0.0,21.0,,11.0,83.0,300.0,188.0,112.0,147.0,153.0,9.0,13.0,9.0,0.0,58.0,,25.0,182.0,0,0,0,0,0,1,0,1,1,0,1,0,0,0,0,0,0,0,0,0,0,0,0,1,0,0,0,0,0,0,0,0,0,0,0,0,1,0,0,0.4096,0.4759,0.41,0.35
2015,redlands unified,"City, small",0.42,0.33,0.6,0.42,0.42,,0.71,0.22,0.63,0.3,,0.51,0.54,617.0,313.0,314.0,303.0,321.0,0.0,105.0,20.0,32.0,211.0,0.0,32.0,218.0,1469.0,946.0,523.0,722.0,747.0,6.0,146.0,91.0,52.0,703.0,4.0,62.0,404.0,0,0,0,0,0,1,0,0,0,0,1,0,0,0,0,0,0,0,0,0,0,0,0,0,0,0,0,0,0,0,0,0,0,0,0,0,0,0,0,,,,
2016,redlands unified,"City, small",0.51,0.4,0.68,0.51,0.52,,0.76,0.33,0.78,0.39,,0.68,0.62,794.0,379.0,414.0,411.0,398.0,0.0,91.0,30.0,40.0,298.0,0.0,51.0,288.0,1556.0,947.0,609.0,806.0,750.0,5.0,118.0,92.0,52.0,744.0,3.0,76.0,466.0,0,0,0,0,0,1,0,0,0,0,1,0,0,0,0,0,0,0,0,0,0,0,0,0,0,0,0,0,0,0,0,0,0,0,0,0,0,0,0,0.42,,,
2017,redlands unified,"City, small",0.5286,0.3982,0.7096,0.5064,0.5522,,0.7557,0.3168,0.7857,0.4226,,0.6915,0.6398,804.0,352.0,452.0,397.0,407.0,0.0,99.0,32.0,22.0,311.0,0.0,65.0,270.0,1521.0,884.0,637.0,784.0,737.0,0.0,131.0,101.0,28.0,736.0,0.0,94.0,422.0,0,0,0,0,0,1,0,0,0,0,1,0,0,0,0,0,0,0,0,0,0,0,0,0,0,0,0,0,0,0,0,0,0,0,0,0,0,0,0,0.51,0.42,,
2018,redlands unified,"City, small",0.4997,0.386,0.7051,0.4945,0.5043,,0.8018,0.275,0.8378,0.389,,0.5532,0.6399,766.0,381.0,385.0,358.0,408.0,0.0,89.0,22.0,31.0,317.0,0.0,52.0,247.0,1533.0,987.0,546.0,724.0,809.0,0.0,111.0,80.0,37.0,815.0,0.0,94.0,386.0,0,0,0,0,0,1,0,0,0,0,1,0,0,0,0,0,0,0,0,0,0,0,0,0,0,0,0,0,0,0,0,0,0,0,0,0,0,0,0,0.5286,0.51,0.42,
2019,redlands unified,"City, small",0.5161,0.4028,0.7214,0.4842,0.5477,,0.6721,0.4118,0.7097,0.4111,,0.6118,0.6683,789.0,397.0,391.0,368.0,419.0,0.0,82.0,35.0,22.0,319.0,0.0,52.0,274.0,1527.0,985.0,542.0,761.0,766.0,5.0,122.0,85.0,31.0,777.0,7.0,85.0,411.0,0,0,0,0,0,1,0,0,0,0,1,0,0,0,0,0,0,0,0,0,0,0,0,0,0,0,0,0,0,0,0,0,0,0,0,0,0,0,0,0.4997,0.5286,0.51,0.42
2015,redondo beach unified,"Suburb, large",0.6,0.28,0.67,0.57,0.62,,0.82,0.24,0.86,0.41,,0.62,0.65,431.0,37.0,392.0,190.0,243.0,0.0,53.0,6.0,19.0,64.0,0.0,37.0,252.0,719.0,134.0,585.0,333.0,386.0,3.0,65.0,25.0,22.0,152.0,4.0,60.0,388.0,0,0,0,0,0,1,0,0,0,0,1,0,0,0,0,0,0,0,0,0,0,0,0,0,0,0,0,0,0,0,0,0,0,0,0,0,0,0,0,,,,
2016,redondo beach unified,"Suburb, large",0.76,0.46,0.81,0.74,0.78,,0.91,0.5,0.88,0.59,,0.74,0.83,571.0,57.0,507.0,274.0,297.0,0.0,58.0,11.0,15.0,104.0,0.0,69.0,307.0,750.0,124.0,626.0,370.0,380.0,3.0,64.0,23.0,17.0,175.0,5.0,93.0,370.0,0,0,0,0,0,1,0,0,0,0,1,0,0,0,0,0,0,0,0,0,0,0,0,0,0,0,0,0,0,0,0,0,0,0,0,0,0,0,0,0.6,,,
2017,redondo beach unified,"Suburb, large",0.7829,0.569,0.8201,0.7519,0.8138,,0.859,0.4,0.9167,0.6402,,0.8934,0.8311,613.0,66.0,547.0,294.0,319.0,0.0,67.0,14.0,11.0,105.0,0.0,109.0,305.0,783.0,116.0,667.0,391.0,392.0,0.0,78.0,35.0,12.0,164.0,0.0,122.0,367.0,0,0,0,0,0,1,0,0,0,0,1,0,0,0,0,0,0,0,0,0,0,0,0,0,0,0,0,0,0,0,0,0,0,0,0,0,0,0,0,0.76,0.6,,
2018,redondo beach unified,"Suburb, large",0.773,0.6154,0.8048,0.7458,0.8012,,0.875,0.4211,,0.6461,,0.8488,0.8152,540.0,72.0,467.0,266.0,274.0,,63.0,8.0,0.0,115.0,0.0,74.0,270.0,698.0,118.0,580.0,356.0,342.0,,72.0,19.0,0.0,178.0,0.0,87.0,331.0,0,0,0,0,0,1,0,0,1,0,1,0,0,0,0,0,0,0,1,0,0,0,0,0,0,0,0,0,0,0,0,1,0,0,0,0,0,0,0,0.7829,0.76,0.6,
2019,redondo beach unified,"Suburb, large",0.7687,0.5474,0.8173,0.7289,0.8084,,0.963,0.2941,0.9167,0.5947,,0.8211,0.8185,585.0,75.0,510.0,277.0,308.0,0.0,78.0,5.0,11.0,113.0,,101.0,275.0,761.0,137.0,624.0,380.0,381.0,0.0,81.0,17.0,12.0,190.0,,123.0,336.0,0,0,0,0,0,1,0,0,0,0,1,0,0,0,0,0,0,0,0,0,0,0,0,1,0,0,0,0,0,0,0,0,0,0,0,0,1,0,0,0.773,0.7829,0.76,0.6
2015,redwood city elementary,"City, small",0.31,0.17,0.53,0.31,0.31,,0.7,,0.45,0.21,0.36,0.71,0.57,322.0,103.0,213.0,160.0,158.0,,21.0,0.0,5.0,161.0,4.0,24.0,99.0,1006.0,604.0,402.0,498.0,508.0,,30.0,10.0,11.0,730.0,11.0,34.0,177.0,0,0,0,0,0,1,0,1,0,0,0,0,0,0,0,0,0,0,1,0,0,0,0,0,0,0,0,0,0,0,0,1,0,0,0,0,0,0,0,,,,
2016,redwood city elementary,"City, small",0.41,0.25,0.67,0.42,0.41,,0.78,,0.64,0.29,,0.85,0.72,380.0,132.0,239.0,190.0,185.0,,18.0,0.0,7.0,192.0,0.0,22.0,134.0,904.0,548.0,356.0,452.0,452.0,,23.0,6.0,11.0,643.0,9.0,26.0,186.0,0,0,0,0,0,1,0,1,0,0,1,0,0,0,0,0,0,0,1,0,0,0,0,0,0,0,0,0,0,0,0,1,0,0,0,0,0,0,0,0.31,,,
2017,redwood city elementary,"City, small",0.3915,0.2146,0.6405,0.3933,0.3897,,0.8529,,,0.2418,,0.7857,0.7143,312.0,100.0,212.0,153.0,159.0,0.0,29.0,0.0,0.0,132.0,0.0,22.0,120.0,797.0,466.0,331.0,389.0,408.0,0.0,34.0,0.0,0.0,546.0,0.0,28.0,168.0,0,0,0,0,0,1,0,1,1,0,1,0,0,0,0,0,0,0,0,0,0,0,0,0,0,0,0,0,0,0,0,0,0,0,0,0,0,0,0,0.41,0.31,,
2018,redwood city elementary,"City, small",0.4732,0.3197,0.6195,0.4215,0.516,,0.9565,,,0.3523,0.3077,0.6667,0.764,379.0,125.0,254.0,153.0,226.0,,22.0,0.0,0.0,192.0,4.0,18.0,136.0,801.0,391.0,410.0,363.0,438.0,,23.0,0.0,0.0,545.0,13.0,27.0,178.0,0,0,0,0,0,1,0,1,1,0,0,0,0,0,0,0,0,0,1,0,0,0,0,0,0,0,0,0,0,0,0,1,0,0,0,0,0,0,0,0.3915,0.41,0.31,
2019,redwood city elementary,"City, small",0.5528,0.4013,0.7457,0.5473,0.558,,0.925,,,0.4216,,0.8919,0.8077,440.0,179.0,261.0,214.0,226.0,0.0,37.0,0.0,0.0,215.0,0.0,33.0,147.0,796.0,446.0,350.0,391.0,405.0,0.0,40.0,10.0,4.0,510.0,8.0,37.0,182.0,0,0,0,0,0,1,0,1,1,0,1,0,0,0,0,0,0,0,0,0,0,0,0,0,0,0,0,0,0,0,0,0,0,0,0,0,0,0,0,0.4732,0.3915,0.41,0.31
2015,reed union elementary,"Suburb, large",0.82,,0.82,0.78,0.85,,0.91,,,,,,0.83,144.0,0.0,142.0,64.0,80.0,0.0,10.0,0.0,0.0,0.0,,0.0,113.0,176.0,2.0,174.0,82.0,94.0,1.0,11.0,1.0,2.0,4.0,,4.0,137.0,0,1,0,0,0,1,0,1,1,1,1,1,0,0,0,0,0,0,0,0,0,0,0,1,0,0,0,0,0,0,0,0,0,0,0,0,1,0,0,,,,
2016,reed union elementary,"Suburb, large",0.83,,0.83,0.84,0.82,,0.89,,,,,,0.83,166.0,0.0,158.0,81.0,84.0,,17.0,0.0,,0.0,0.0,0.0,146.0,199.0,9.0,190.0,97.0,102.0,,19.0,1.0,,3.0,1.0,1.0,174.0,0,1,0,0,0,1,0,1,1,1,1,1,0,0,0,0,0,0,1,0,0,1,0,0,0,0,0,0,0,0,0,1,0,0,1,0,0,0,0,0.82,,,
2017,reed union elementary,"Suburb, large",0.8701,,0.8765,0.8621,0.8778,,0.8333,,,,,,0.8828,154.0,0.0,149.0,75.0,79.0,,15.0,,0.0,0.0,,0.0,128.0,177.0,0.0,170.0,87.0,90.0,,18.0,,0.0,0.0,,0.0,145.0,0,1,0,0,0,1,0,1,1,1,1,1,0,0,0,0,0,0,1,0,1,0,0,1,0,0,0,0,0,0,0,1,0,1,0,0,1,0,0,0.83,0.82,,
2018,reed union elementary,"Suburb, large",0.7751,,0.7844,0.7532,0.7935,,0.7692,,,0.7333,,,0.7754,131.0,0.0,131.0,58.0,73.0,,10.0,,,11.0,,0.0,107.0,169.0,0.0,167.0,77.0,92.0,,13.0,,,15.0,,0.0,138.0,0,1,0,0,0,1,0,1,1,0,1,1,0,0,0,0,0,0,1,0,1,1,0,1,0,0,0,0,0,0,0,1,0,1,1,0,1,0,0,0.8701,0.83,0.82,
2019,reed union elementary,"Suburb, large",0.8026,,0.8133,0.7397,0.8608,,0.75,,,,,,0.7969,122.0,0.0,122.0,54.0,68.0,0.0,9.0,0.0,,0.0,,0.0,102.0,152.0,0.0,150.0,73.0,79.0,0.0,12.0,0.0,,5.0,,5.0,128.0,0,1,0,0,0,1,0,1,1,1,1,1,0,0,0,0,0,0,0,0,0,1,0,1,0,0,0,0,0,0,0,0,0,0,1,0,1,0,0,0.7751,0.8701,0.83,0.82
2015,reef-sunset unified,"Town, distant",0.23,0.22,0.29,0.24,0.21,,,,,0.22,,,,45.0,42.0,4.0,25.0,21.0,,0.0,,,46.0,,,,205.0,191.0,14.0,104.0,101.0,,5.0,,,200.0,,,,0,0,0,0,0,1,1,1,1,0,1,1,1,0,0,0,0,0,1,0,1,1,0,1,1,1,0,0,0,0,0,1,0,1,1,0,1,1,1,,,,
2016,reef-sunset unified,"Town, distant",0.17,0.18,0.08,0.14,0.19,,,,,0.17,,,,38.0,36.0,2.0,17.0,21.0,,,,,36.0,,0.0,0.0,222.0,198.0,24.0,113.0,109.0,,,,,213.0,,1.0,8.0,0,0,0,0,0,1,1,1,1,0,1,1,1,0,0,0,0,0,1,1,1,1,0,1,0,0,0,0,0,0,0,1,1,1,1,0,1,0,0,0.23,,,
2017,reef-sunset unified,"Town, distant",0.1399,0.1341,0.2143,0.1461,0.1346,,,,,0.1344,,,,27.0,24.0,3.0,13.0,14.0,,,,,25.0,,,0.0,193.0,179.0,14.0,89.0,104.0,,,,,186.0,,,0.0,0,0,0,0,0,1,1,1,1,0,1,1,1,0,0,0,0,0,1,1,1,1,0,1,1,0,0,0,0,0,0,1,1,1,1,0,1,1,0,0.17,0.23,,
2018,reef-sunset unified,"Town, distant",0.133,0.1357,0.0833,0.1121,0.1508,,,,,0.1289,,,,31.0,30.0,1.0,12.0,19.0,0.0,,,,29.0,,,0.0,233.0,221.0,12.0,107.0,126.0,0.0,,,,225.0,,,0.0,0,0,0,0,0,1,1,1,1,0,1,1,1,0,0,0,0,0,0,1,1,1,0,1,1,0,0,0,0,0,0,0,1,1,1,0,1,1,0,0.1399,0.17,0.23,
2019,reef-sunset unified,"Town, distant",0.1333,0.1179,0.3846,0.1304,0.1364,,,,,0.1273,,,,30.0,25.0,5.0,15.0,15.0,,0.0,0.0,,28.0,,,0.0,225.0,212.0,13.0,115.0,110.0,,0.0,0.0,,220.0,,,0.0,0,0,0,0,0,1,1,1,1,0,1,1,1,0,0,0,0,0,1,0,0,1,0,1,1,0,0,0,0,0,0,1,0,0,1,0,1,1,0,0.133,0.1399,0.17,0.23
2015,rescue union elementary,"Suburb, large",0.6,0.31,0.64,0.57,0.63,,0.88,,,0.39,,0.72,0.61,216.0,13.0,203.0,99.0,116.0,0.0,21.0,0.0,0.0,21.0,,13.0,153.0,359.0,42.0,317.0,174.0,185.0,1.0,24.0,1.0,5.0,54.0,,18.0,256.0,0,0,0,0,0,1,0,1,1,0,1,0,0,0,0,0,0,0,0,0,0,0,0,1,0,0,0,0,0,0,0,0,0,0,0,0,1,0,0,,,,
2016,rescue union elementary,"Suburb, large",0.66,0.48,0.7,0.66,0.67,,0.79,,,0.44,,0.94,0.69,282.0,36.0,243.0,142.0,138.0,0.0,23.0,0.0,0.0,25.0,0.0,15.0,214.0,422.0,75.0,347.0,212.0,210.0,2.0,29.0,1.0,6.0,57.0,1.0,16.0,310.0,0,0,0,0,0,1,0,1,1,0,1,0,0,0,0,0,0,0,0,0,0,0,0,0,0,0,0,0,0,0,0,0,0,0,0,0,0,0,0,0.6,,,
2017,rescue union elementary,"Suburb, large",0.6755,0.3836,0.7382,0.6286,0.7241,,0.7931,,,0.4762,,0.9286,0.697,279.0,28.0,251.0,132.0,147.0,,23.0,0.0,0.0,30.0,0.0,13.0,207.0,413.0,73.0,340.0,210.0,203.0,,29.0,0.0,0.0,63.0,0.0,14.0,297.0,0,0,0,0,0,1,0,1,1,0,1,0,0,0,0,0,0,0,1,0,0,0,0,0,0,0,0,0,0,0,0,1,0,0,0,0,0,0,0,0.66,0.6,,
2018,rescue union elementary,"Suburb, large",0.7261,0.5,0.7724,0.6789,0.7742,,0.7222,,,0.5806,,0.75,0.7509,273.0,32.0,241.0,129.0,144.0,0.0,13.0,0.0,0.0,36.0,0.0,12.0,202.0,376.0,64.0,312.0,190.0,186.0,0.0,18.0,0.0,0.0,62.0,0.0,16.0,269.0,0,0,0,0,0,1,0,1,1,0,1,0,0,0,0,0,0,0,0,0,0,0,0,0,0,0,0,0,0,0,0,0,0,0,0,0,0,0,0,0.6755,0.66,0.6,
2019,rescue union elementary,"Suburb, large",0.65,0.5147,0.6795,0.6163,0.6779,,0.6667,,,0.4706,,0.6667,0.6903,247.0,35.0,212.0,106.0,141.0,0.0,12.0,0.0,0.0,32.0,0.0,12.0,185.0,380.0,68.0,312.0,172.0,208.0,0.0,18.0,0.0,0.0,68.0,0.0,18.0,268.0,0,0,0,0,0,1,0,1,1,0,1,0,0,0,0,0,0,0,0,0,0,0,0,0,0,0,0,0,0,0,0,0,0,0,0,0,0,0,0,0.7261,0.6755,0.66,0.6
2015,rialto unified,"Suburb, large",0.2,0.18,0.33,0.19,0.21,,0.64,0.15,0.58,0.19,,0.35,0.35,420.0,351.0,84.0,196.0,215.0,0.0,14.0,31.0,7.0,333.0,0.0,6.0,28.0,2103.0,1849.0,254.0,1033.0,1070.0,6.0,22.0,204.0,12.0,1756.0,7.0,17.0,79.0,0,0,0,0,0,1,0,0,0,0,1,0,0,0,0,0,0,0,0,0,0,0,0,0,0,0,0,0,0,0,0,0,0,0,0,0,0,0,0,,,,
2016,rialto unified,"Suburb, large",0.19,0.18,0.38,0.19,0.2,,0.61,0.12,0.57,0.19,,0.31,0.26,408.0,334.0,72.0,189.0,209.0,0.0,14.0,25.0,8.0,324.0,0.0,5.0,15.0,2042.0,1854.0,188.0,994.0,1048.0,7.0,23.0,207.0,14.0,1708.0,8.0,17.0,58.0,0,0,0,0,0,1,0,0,0,0,1,0,0,0,0,0,0,0,0,0,0,0,0,0,0,0,0,0,0,0,0,0,0,0,0,0,0,0,0,0.2,,,
2017,rialto unified,"Suburb, large",0.2348,0.2185,0.3423,0.2166,0.2525,,0.45,0.2063,,0.2221,,0.4783,0.4091,463.0,374.0,89.0,211.0,252.0,0.0,9.0,33.0,0.0,374.0,0.0,11.0,27.0,1972.0,1712.0,260.0,974.0,998.0,0.0,20.0,160.0,0.0,1684.0,0.0,23.0,66.0,0,0,0,0,0,1,0,0,1,0,1,0,0,0,0,0,0,0,0,0,0,0,0,0,0,0,0,0,0,0,0,0,0,0,0,0,0,0,0,0.19,0.2,,
2018,rialto unified,"Suburb, large",0.2508,0.2306,0.4009,0.2516,0.25,,0.5,0.1384,,0.2534,,0.4286,0.3429,492.0,399.0,93.0,238.0,254.0,0.0,6.0,22.0,0.0,428.0,0.0,6.0,24.0,1962.0,1730.0,232.0,945.0,1017.0,0.0,12.0,160.0,0.0,1688.0,0.0,14.0,70.0,0,0,0,0,0,1,0,0,1,0,1,0,0,0,0,0,0,0,0,0,0,0,0,0,0,0,0,0,0,0,0,0,0,0,0,0,0,0,0,0.2348,0.19,0.2,
2019,rialto unified,"Suburb, large",0.2827,0.2707,0.3854,0.252,0.3104,,0.3333,0.2363,,0.2787,0.3333,0.4615,0.4429,516.0,442.0,74.0,218.0,298.0,0.0,4.0,43.0,0.0,425.0,4.0,6.0,31.0,1825.0,1633.0,192.0,865.0,960.0,6.0,12.0,182.0,5.0,1525.0,12.0,13.0,70.0,0,0,0,0,0,1,0,0,1,0,0,0,0,0,0,0,0,0,0,0,0,0,0,0,0,0,0,0,0,0,0,0,0,0,0,0,0,0,0,0.2508,0.2348,0.19,0.2
2015,richfield elementary,"Rural, fringe",0.5,,0.73,0.42,,,,,,,,,0.73,10.0,0.0,8.0,5.0,0.0,,0.0,,,0.0,,0.0,8.0,20.0,9.0,11.0,12.0,8.0,,1.0,,,7.0,,1.0,11.0,0,1,0,0,1,1,1,1,1,1,1,1,0,0,0,0,0,0,1,0,1,1,0,1,0,0,0,0,0,0,0,1,0,1,1,0,1,0,0,,,,
2016,richfield elementary,"Rural, fringe",0.48,0.43,0.55,0.27,0.64,,,,,0.64,,,0.38,12.0,6.0,6.0,3.0,9.0,0.0,,,,7.0,,,5.0,25.0,14.0,11.0,11.0,14.0,1.0,,,,11.0,,,13.0,0,0,0,0,0,1,1,1,1,0,1,1,0,0,0,0,0,0,0,1,1,1,0,1,1,0,0,0,0,0,0,0,1,1,1,0,1,1,0,0.5,,,
2017,richfield elementary,"Rural, fringe",0.3704,0.3333,0.4167,0.3333,0.4,,,,,,,,0.4667,10.0,5.0,5.0,4.0,6.0,,,,,0.0,,0.0,7.0,27.0,15.0,12.0,12.0,15.0,,,,,0.0,,0.0,15.0,0,0,0,0,0,1,1,1,1,1,1,1,0,0,0,0,0,0,1,1,1,1,0,1,0,0,0,0,0,0,0,1,1,1,1,0,1,0,0,0.48,0.5,,
2018,richfield elementary,"Rural, fringe",0.3103,0.3,,0.3333,0.2727,,,,,0.2353,,,0.4545,9.0,6.0,0.0,6.0,3.0,,,,,4.0,,0.0,5.0,29.0,20.0,0.0,18.0,11.0,,,,,17.0,,0.0,11.0,0,0,1,0,0,1,1,1,1,0,1,1,0,0,0,0,0,0,1,1,1,1,0,1,0,0,0,0,0,0,0,1,1,1,1,0,1,0,0,0.3704,0.48,0.5,
2019,richfield elementary,"Rural, fringe",0.5,0.4,0.6364,,0.4444,,,,,,,,0.5294,13.0,6.0,7.0,0.0,8.0,0.0,0.0,,,0.0,,0.0,9.0,26.0,15.0,11.0,8.0,18.0,0.0,0.0,,,7.0,,0.0,17.0,0,0,0,1,0,1,1,1,1,1,1,1,0,0,0,0,0,0,0,0,1,1,0,1,0,0,0,0,0,0,0,0,0,1,1,0,1,0,0,0.3103,0.3704,0.48,0.5
2015,richgrove elementary,"Town, fringe",0.07,0.07,,0.06,0.09,,,,,0.08,,,,6.0,6.0,,2.0,4.0,0.0,0.0,,,6.0,,,,81.0,81.0,,35.0,46.0,2.0,1.0,,,78.0,,,,0,0,1,0,0,1,1,1,1,0,1,1,1,0,0,1,0,0,0,0,1,1,0,1,1,1,0,0,1,0,0,0,0,1,1,0,1,1,1,,,,
2016,richgrove elementary,"Town, fringe",0.07,0.06,,0.04,0.09,,,,,0.06,,,,5.0,4.0,0.0,1.0,4.0,,,,0.0,4.0,,,,73.0,68.0,5.0,27.0,46.0,,,,1.0,72.0,,,,0,0,1,0,0,1,1,1,1,0,1,1,1,0,0,0,0,0,1,1,1,0,0,1,1,1,0,0,0,0,0,1,1,1,0,0,1,1,1,0.07,,,
2017,richgrove elementary,"Town, fringe",0.1493,0.1176,0.25,0.1,0.2222,,,,,0.1493,,,,10.0,6.0,4.0,4.0,6.0,,,,,10.0,,,,67.0,51.0,16.0,40.0,27.0,,,,,67.0,,,,0,0,0,0,0,1,1,1,1,0,1,1,1,0,0,0,0,0,1,1,1,1,0,1,1,1,0,0,0,0,0,1,1,1,1,0,1,1,1,0.07,0.07,,
2018,richgrove elementary,"Town, fringe",0.1452,0.1452,,0.1212,0.1724,,,,,0.15,,,,9.0,9.0,,4.0,5.0,,0.0,,0.0,9.0,,,,62.0,62.0,,33.0,29.0,,0.0,,0.0,60.0,,,,0,0,1,0,0,1,1,1,1,0,1,1,1,0,0,1,0,0,1,0,1,0,0,1,1,1,0,0,1,0,0,1,0,1,0,0,1,1,1,0.1493,0.07,0.07,
2019,richgrove elementary,"Town, fringe",0.15,0.141,,0.1842,0.119,,,,,0.1538,,,,12.0,11.0,0.0,7.0,5.0,,,,0.0,12.0,,,,80.0,78.0,0.0,38.0,42.0,,,,0.0,78.0,,,,0,0,1,0,0,1,1,1,1,0,1,1,1,0,0,0,0,0,1,1,1,0,0,1,1,1,0,0,0,0,0,1,1,1,0,0,1,1,1,0.1452,0.1493,0.07,0.07
2015,richmond elementary,"Rural, fringe",0.46,,0.46,0.43,,,,,,,,,0.48,11.0,,11.0,6.0,0.0,,,,,0.0,,0.0,10.0,24.0,,24.0,14.0,10.0,,,,,2.0,,1.0,21.0,0,1,0,0,1,1,1,1,1,1,1,1,0,0,1,0,0,0,1,1,1,1,0,1,0,0,0,1,0,0,0,1,1,1,1,0,1,0,0,,,,
2016,richmond elementary,"Rural, fringe",0.48,,0.5,0.55,,,,,,,,,0.5,10.0,0.0,10.0,6.0,0.0,,,,,0.0,,0.0,8.0,21.0,1.0,20.0,11.0,10.0,,,,,3.0,,2.0,16.0,0,1,0,0,1,1,1,1,1,1,1,1,0,0,0,0,0,0,1,1,1,1,0,1,0,0,0,0,0,0,0,1,1,1,1,0,1,0,0,0.46,,,
2017,richmond elementary,"Rural, fringe",0.48,,0.5217,0.5455,0.4286,,,,,,,,0.45,12.0,0.0,12.0,6.0,6.0,,,,,0.0,,0.0,9.0,25.0,0.0,23.0,11.0,14.0,,,,,0.0,,0.0,20.0,0,1,0,0,0,1,1,1,1,1,1,1,0,0,0,0,0,0,1,1,1,1,0,1,0,0,0,0,0,0,0,1,1,1,1,0,1,0,0,0.48,0.46,,
2018,richmond elementary,"Rural, fringe",0.5714,,0.5556,0.4167,,,,,,,,,0.5882,12.0,0.0,10.0,5.0,0.0,,,,,0.0,0.0,0.0,10.0,21.0,0.0,18.0,12.0,0.0,,,,,0.0,0.0,0.0,17.0,0,1,0,0,1,1,1,1,1,1,1,1,0,0,0,0,0,0,1,1,1,1,0,0,0,0,0,0,0,0,0,1,1,1,1,0,0,0,0,0.48,0.48,0.46,
2019,richmond elementary,"Rural, fringe",0.4091,,0.4,,0.5833,,,,,,,,0.4211,9.0,0.0,8.0,0.0,7.0,0.0,,,,0.0,,,8.0,22.0,0.0,20.0,10.0,12.0,0.0,,,,0.0,,,19.0,0,1,0,1,0,1,1,1,1,1,1,1,0,0,0,0,0,0,0,1,1,1,0,1,1,0,0,0,0,0,0,0,1,1,1,0,1,1,0,0.5714,0.48,0.48,0.46
2015,rim of the world unified,"Town, fringe",0.17,0.1,0.25,0.18,0.17,,,,,0.11,,0.07,0.22,49.0,15.0,34.0,24.0,27.0,,,0.0,,13.0,,1.0,34.0,288.0,155.0,133.0,130.0,158.0,,,1.0,,114.0,,15.0,158.0,0,0,0,0,0,1,1,1,1,0,1,0,0,0,0,0,0,0,1,1,0,1,0,1,0,0,0,0,0,0,0,1,1,0,1,0,1,0,0,,,,
2016,rim of the world unified,"Town, fringe",0.28,0.23,0.38,0.29,0.27,,,,,0.24,,0.23,0.31,75.0,41.0,35.0,35.0,39.0,0.0,0.0,,,24.0,0.0,3.0,47.0,266.0,175.0,91.0,122.0,144.0,1.0,1.0,,,98.0,1.0,14.0,151.0,0,0,0,0,0,1,1,1,1,0,1,0,0,0,0,0,0,0,0,0,1,1,0,0,0,0,0,0,0,0,0,0,0,1,1,0,0,0,0,0.17,,,
2017,rim of the world unified,"Town, fringe",0.2491,0.1761,0.3509,0.2643,0.2331,,,,,0.1616,,0.2,0.3097,68.0,28.0,40.0,37.0,31.0,0.0,0.0,0.0,,16.0,,3.0,48.0,273.0,159.0,114.0,140.0,133.0,0.0,0.0,0.0,,99.0,,15.0,155.0,0,0,0,0,0,1,1,1,1,0,1,0,0,0,0,0,0,0,0,0,0,1,0,1,0,0,0,0,0,0,0,0,0,0,1,0,1,0,0,0.28,0.17,,
2018,rim of the world unified,"Town, fringe",0.3023,0.2345,0.3894,0.296,0.3083,,,,,0.2286,,,0.3504,78.0,34.0,44.0,37.0,41.0,,0.0,0.0,,24.0,0.0,0.0,48.0,258.0,145.0,113.0,125.0,133.0,,0.0,0.0,,105.0,0.0,0.0,137.0,0,0,0,0,0,1,1,1,1,0,1,1,0,0,0,0,0,0,1,0,0,1,0,0,0,0,0,0,0,0,0,1,0,0,1,0,0,0,0,0.2491,0.28,0.17,
2019,rim of the world unified,"Town, fringe",0.2407,0.1776,0.3483,0.2114,0.2712,,,,,0.2188,,0.1818,0.2556,58.0,27.0,31.0,26.0,32.0,,0.0,,,21.0,,2.0,34.0,241.0,152.0,89.0,123.0,118.0,,0.0,,,96.0,,11.0,133.0,0,0,0,0,0,1,1,1,1,0,1,0,0,0,0,0,0,0,1,0,1,1,0,1,0,0,0,0,0,0,0,1,0,1,1,0,1,0,0,0.3023,0.2491,0.28,0.17
2015,rincon valley union elementary,"City, midsize",0.5,0.26,0.63,0.46,0.55,,0.67,0.42,,,,0.7,0.54,220.0,40.0,181.0,97.0,126.0,0.0,20.0,5.0,0.0,0.0,0.0,14.0,159.0,440.0,148.0,292.0,212.0,228.0,10.0,30.0,13.0,7.0,1.0,5.0,20.0,294.0,0,0,0,0,0,1,0,0,1,1,1,0,0,0,0,0,0,0,0,0,0,0,0,0,0,0,0,0,0,0,0,0,0,0,0,0,0,0,0,,,,
2016,rincon valley union elementary,"City, midsize",0.42,0.25,0.54,0.38,0.48,,0.76,0.5,,0.25,,,0.49,210.0,48.0,162.0,102.0,113.0,0.0,19.0,6.0,0.0,39.0,0.0,0.0,135.0,500.0,201.0,299.0,269.0,231.0,9.0,25.0,12.0,6.0,153.0,8.0,7.0,276.0,0,0,0,0,0,1,0,0,1,0,1,1,0,0,0,0,0,0,0,0,0,0,0,0,0,0,0,0,0,0,0,0,0,0,0,0,0,0,0,0.5,,,
2017,rincon valley union elementary,"City, midsize",0.4487,0.2642,0.5536,0.4476,0.4498,,0.6111,,,0.2992,,0.4286,0.5367,197.0,42.0,155.0,94.0,103.0,0.0,11.0,0.0,0.0,38.0,0.0,6.0,139.0,439.0,159.0,280.0,210.0,229.0,0.0,18.0,0.0,0.0,127.0,0.0,14.0,259.0,0,0,0,0,0,1,0,1,1,0,1,0,0,0,0,0,0,0,0,0,0,0,0,0,0,0,0,0,0,0,0,0,0,0,0,0,0,0,0,0.42,0.5,,
2018,rincon valley union elementary,"City, midsize",0.5677,0.4378,0.6864,0.5464,0.5859,,0.7143,0.25,,0.3619,0.4286,0.6,0.6695,239.0,88.0,151.0,106.0,133.0,0.0,20.0,3.0,0.0,38.0,6.0,12.0,158.0,422.0,202.0,220.0,194.0,228.0,0.0,28.0,12.0,0.0,105.0,14.0,20.0,237.0,0,0,0,0,0,1,0,0,1,0,0,0,0,0,0,0,0,0,0,0,0,0,0,0,0,0,0,0,0,0,0,0,0,0,0,0,0,0,0,0.4487,0.42,0.5,
2019,rincon valley union elementary,"City, midsize",0.5874,0.3975,0.7092,0.5894,0.5854,,0.88,,,0.3937,,0.5333,0.6869,242.0,64.0,178.0,122.0,120.0,0.0,22.0,0.0,0.0,50.0,0.0,8.0,147.0,412.0,161.0,251.0,207.0,205.0,6.0,25.0,9.0,7.0,127.0,6.0,15.0,214.0,0,0,0,0,0,1,0,1,1,0,1,0,0,0,0,0,0,0,0,0,0,0,0,0,0,0,0,0,0,0,0,0,0,0,0,0,0,0,0,0.5677,0.4487,0.42,0.5
2015,rio bravo-greeley union elementary,"Rural, fringe",0.35,0.14,0.41,0.33,0.37,,,,,0.25,,,0.39,36.0,3.0,33.0,16.0,20.0,0.0,0.0,0.0,,9.0,,0.0,22.0,102.0,21.0,81.0,48.0,54.0,1.0,2.0,2.0,,36.0,,5.0,56.0,0,0,0,0,0,1,1,1,1,0,1,1,0,0,0,0,0,0,0,0,0,1,0,1,0,0,0,0,0,0,0,0,0,0,1,0,1,0,0,,,,
2016,rio bravo-greeley union elementary,"Rural, fringe",0.4,0.24,0.6,0.23,0.55,,,,,0.24,,,0.53,49.0,16.0,33.0,13.0,36.0,,,0.0,,12.0,0.0,0.0,32.0,121.0,66.0,55.0,56.0,65.0,,,1.0,,51.0,1.0,5.0,60.0,0,0,0,0,0,1,1,1,1,0,1,1,0,0,0,0,0,0,1,1,0,1,0,0,0,0,0,0,0,0,0,1,1,0,1,0,0,0,0,0.35,,,
2017,rio bravo-greeley union elementary,"Rural, fringe",0.3898,0.2542,0.5254,0.4,0.381,,,,,0.283,,,0.5085,46.0,15.0,31.0,22.0,24.0,0.0,,0.0,,15.0,,,30.0,118.0,59.0,59.0,55.0,63.0,0.0,,0.0,,53.0,,,59.0,0,0,0,0,0,1,1,1,1,0,1,1,0,0,0,0,0,0,0,1,0,1,0,1,1,0,0,0,0,0,0,0,1,0,1,0,1,1,0,0.4,0.35,,
2018,rio bravo-greeley union elementary,"Rural, fringe",0.4874,0.3167,0.661,0.4444,0.5357,,,,,0.4048,,,0.5303,58.0,19.0,39.0,28.0,30.0,0.0,0.0,0.0,0.0,17.0,0.0,0.0,35.0,119.0,60.0,59.0,63.0,56.0,0.0,0.0,0.0,0.0,42.0,0.0,0.0,66.0,0,0,0,0,0,1,1,1,1,0,1,1,0,0,0,0,0,0,0,0,0,0,0,0,0,0,0,0,0,0,0,0,0,0,0,0,0,0,0,0.3898,0.4,0.35,
2019,rio bravo-greeley union elementary,"Rural, fringe",0.3846,0.2273,0.5882,0.4107,0.3607,,,,,0.2407,,,0.5,45.0,15.0,30.0,23.0,22.0,0.0,,,0.0,13.0,0.0,0.0,28.0,117.0,66.0,51.0,56.0,61.0,0.0,,,0.0,54.0,0.0,0.0,56.0,0,0,0,0,0,1,1,1,1,0,1,1,0,0,0,0,0,0,0,1,1,0,0,0,0,0,0,0,0,0,0,0,1,1,0,0,0,0,0,0.4874,0.3898,0.4,0.35
2015,rio dell elementary,"Town, remote",0.18,0.11,,0.19,0.18,,,,,,,,0.14,6.0,3.0,0.0,3.0,3.0,0.0,,,,0.0,,0.0,3.0,34.0,28.0,6.0,16.0,18.0,3.0,,,,6.0,,2.0,23.0,0,0,1,0,0,1,1,1,1,1,1,1,0,0,0,0,0,0,0,1,1,1,0,1,0,0,0,0,0,0,0,0,1,1,1,0,1,0,0,,,,
2016,rio dell elementary,"Town, remote",0.18,0.04,,0.29,0.11,,,,,,,,0.21,6.0,1.0,0.0,4.0,2.0,0.0,,,,0.0,,0.0,4.0,33.0,24.0,9.0,14.0,19.0,1.0,,,,8.0,,5.0,19.0,0,0,1,0,0,1,1,1,1,1,1,1,0,0,0,0,0,0,0,1,1,1,0,1,0,0,0,0,0,0,0,0,1,1,1,0,1,0,0,0.18,,,
2017,rio dell elementary,"Town, remote",0.0789,0.0,,0.0625,0.0909,,,,,,,,0.08,3.0,0.0,0.0,1.0,2.0,0.0,,0.0,,0.0,,0.0,2.0,38.0,29.0,0.0,16.0,22.0,0.0,,0.0,,0.0,,0.0,25.0,0,0,1,0,0,1,1,1,1,1,1,1,0,0,0,0,0,0,0,1,0,1,0,1,0,0,0,0,0,0,0,0,1,0,1,0,1,0,0,0.18,0.18,,
2018,rio dell elementary,"Town, remote",0.3125,0.2308,,0.2778,0.3571,,,,,,,,0.3913,10.0,6.0,0.0,5.0,5.0,,,,,0.0,,0.0,9.0,33.0,27.0,0.0,18.0,15.0,,,,,0.0,,0.0,24.0,0,0,1,0,0,1,1,1,1,1,1,1,0,0,0,0,0,0,1,1,1,1,0,1,0,0,0,0,0,0,0,1,1,1,1,0,1,0,0,0.0789,0.18,0.18,
2019,rio dell elementary,"Town, remote",0.25,0.1071,,0.2941,0.2105,,,,,0.0909,,,0.35,9.0,3.0,0.0,5.0,4.0,0.0,,,,1.0,,0.0,7.0,36.0,28.0,8.0,17.0,19.0,0.0,,,,11.0,,0.0,20.0,0,0,1,0,0,1,1,1,1,0,1,1,0,0,0,0,0,0,0,1,1,1,0,1,0,0,0,0,0,0,0,0,1,1,1,0,1,0,0,0.3125,0.0789,0.18,0.18
2015,rio elementary,"City, midsize",0.18,0.15,0.29,0.17,0.18,,,,0.4,0.15,,,0.35,95.0,64.0,31.0,44.0,50.0,0.0,0.0,0.0,8.0,70.0,,0.0,8.0,531.0,425.0,106.0,254.0,277.0,2.0,7.0,3.0,20.0,467.0,,9.0,23.0,0,0,0,0,0,1,1,1,0,0,1,1,0,0,0,0,0,0,0,0,0,0,0,1,0,0,0,0,0,0,0,0,0,0,0,0,1,0,0,,,,
2016,rio elementary,"City, midsize",0.21,0.21,,0.19,0.23,,,,0.55,0.17,,,0.5,126.0,126.0,0.0,57.0,66.0,0.0,0.0,0.0,12.0,89.0,0.0,0.0,14.0,600.0,598.0,2.0,299.0,301.0,4.0,5.0,4.0,22.0,524.0,3.0,7.0,28.0,0,0,1,0,0,1,1,1,0,0,1,1,0,0,0,0,0,0,0,0,0,0,0,0,0,0,0,0,0,0,0,0,0,0,0,0,0,0,0,0.18,,,
2017,rio elementary,"City, midsize",0.2651,0.2345,0.4194,0.2637,0.2667,,,,0.6154,0.2347,,0.4545,0.55,149.0,110.0,39.0,77.0,72.0,,0.0,0.0,8.0,119.0,0.0,5.0,11.0,562.0,469.0,93.0,292.0,270.0,,0.0,0.0,13.0,507.0,0.0,11.0,20.0,0,0,0,0,0,1,1,1,0,0,1,0,0,0,0,0,0,0,1,0,0,0,0,0,0,0,0,0,0,0,0,1,0,0,0,0,0,0,0,0.21,0.18,,
2018,rio elementary,"City, midsize",0.2967,0.1891,0.396,0.2686,0.3241,,,,0.75,0.2641,,,0.4211,170.0,52.0,118.0,76.0,94.0,,0.0,0.0,15.0,136.0,,0.0,8.0,573.0,275.0,298.0,283.0,290.0,,0.0,0.0,20.0,515.0,,0.0,19.0,0,0,0,0,0,1,1,1,0,0,1,1,0,0,0,0,0,0,1,0,0,0,0,1,0,0,0,0,0,0,0,1,0,0,0,0,1,0,0,0.2651,0.21,0.18,
2019,rio elementary,"City, midsize",0.3376,0.3073,0.4375,0.3456,0.3297,,,,0.5455,0.3142,,,0.3061,186.0,130.0,56.0,94.0,92.0,0.0,0.0,0.0,12.0,142.0,0.0,0.0,15.0,551.0,423.0,128.0,272.0,279.0,0.0,10.0,8.0,22.0,452.0,4.0,5.0,49.0,0,0,0,0,0,1,1,1,0,0,1,1,0,0,0,0,0,0,0,0,0,0,0,0,0,0,0,0,0,0,0,0,0,0,0,0,0,0,0,0.2967,0.2651,0.21,0.18
2015,ripon unified,"Suburb, small",0.44,0.35,0.46,0.45,0.43,,,,,0.26,,0.45,0.54,97.0,11.0,85.0,50.0,45.0,,0.0,,0.0,20.0,,5.0,61.0,215.0,31.0,184.0,110.0,105.0,,9.0,,4.0,77.0,,11.0,114.0,0,0,0,0,0,1,1,1,1,0,1,0,0,0,0,0,0,0,1,0,1,0,0,1,0,0,0,0,0,0,0,1,0,1,0,0,1,0,0,,,,
2016,ripon unified,"Suburb, small",0.42,0.28,0.51,0.41,0.42,,,,,0.4,,,0.43,104.0,27.0,76.0,44.0,59.0,0.0,0.0,0.0,0.0,36.0,,0.0,60.0,247.0,98.0,149.0,107.0,140.0,1.0,8.0,1.0,2.0,91.0,,6.0,138.0,0,0,0,0,0,1,1,1,1,0,1,1,0,0,0,0,0,0,0,0,0,0,0,1,0,0,0,0,0,0,0,0,0,0,0,0,1,0,0,0.44,,,
2017,ripon unified,"Suburb, small",0.4575,0.3011,0.5519,0.4118,0.5,,,,,0.4167,,,0.4559,113.0,28.0,85.0,49.0,64.0,,0.0,0.0,0.0,40.0,0.0,0.0,62.0,247.0,93.0,154.0,119.0,128.0,,0.0,0.0,0.0,96.0,0.0,0.0,136.0,0,0,0,0,0,1,1,1,1,0,1,1,0,0,0,0,0,0,1,0,0,0,0,0,0,0,0,0,0,0,0,1,0,0,0,0,0,0,0,0.42,0.44,,
2018,ripon unified,"Suburb, small",0.4486,0.2366,0.58,0.48,0.4153,,,,,0.3404,,,0.5455,109.0,22.0,87.0,60.0,49.0,0.0,0.0,0.0,0.0,32.0,0.0,0.0,72.0,243.0,93.0,150.0,125.0,118.0,0.0,0.0,0.0,0.0,94.0,0.0,0.0,132.0,0,0,0,0,0,1,1,1,1,0,1,1,0,0,0,0,0,0,0,0,0,0,0,0,0,0,0,0,0,0,0,0,0,0,0,0,0,0,0,0.4575,0.42,0.44,
2019,ripon unified,"Suburb, small",0.4726,0.3462,0.5346,0.4151,0.5191,,0.6667,,,0.3256,,0.7273,0.5214,112.0,27.0,85.0,44.0,68.0,0.0,10.0,0.0,0.0,28.0,0.0,8.0,61.0,237.0,78.0,159.0,106.0,131.0,0.0,15.0,0.0,0.0,86.0,0.0,11.0,117.0,0,0,0,0,0,1,0,1,1,0,1,0,0,0,0,0,0,0,0,0,0,0,0,0,0,0,0,0,0,0,0,0,0,0,0,0,0,0,0,0.4486,0.4575,0.42,0.44
2015,river delta joint unified,"Rural, fringe",0.3,0.26,0.41,0.35,0.26,,,,,0.19,,,0.49,42.0,26.0,15.0,21.0,20.0,0.0,,,0.0,17.0,0.0,0.0,21.0,138.0,101.0,37.0,60.0,78.0,1.0,,,2.0,90.0,1.0,1.0,43.0,0,0,0,0,0,1,1,1,1,0,1,1,0,0,0,0,0,0,0,1,1,0,0,0,0,0,0,0,0,0,0,0,1,1,0,0,0,0,0,,,,
2016,river delta joint unified,"Rural, fringe",0.34,0.3,0.47,0.34,0.34,,,,,0.31,,,0.42,42.0,27.0,15.0,22.0,20.0,,0.0,0.0,0.0,20.0,0.0,0.0,19.0,123.0,91.0,32.0,64.0,59.0,,2.0,3.0,4.0,64.0,1.0,4.0,45.0,0,0,0,0,0,1,1,1,1,0,1,1,0,0,0,0,0,0,1,0,0,0,0,0,0,0,0,0,0,0,0,1,0,0,0,0,0,0,0,0.3,,,
2017,river delta joint unified,"Rural, fringe",0.2868,0.2529,0.3571,0.2424,0.3333,,,,,0.274,,,0.3265,37.0,22.0,15.0,16.0,21.0,,,0.0,,20.0,,0.0,16.0,129.0,87.0,42.0,66.0,63.0,,,0.0,,73.0,,0.0,49.0,0,0,0,0,0,1,1,1,1,0,1,1,0,0,0,0,0,0,1,1,0,1,0,1,0,0,0,0,0,0,0,1,1,0,1,0,1,0,0,0.34,0.3,,
2018,river delta joint unified,"Rural, fringe",0.3243,0.2778,0.4103,0.2593,0.386,,,,,0.2836,,,0.4,36.0,20.0,16.0,14.0,22.0,0.0,,0.0,0.0,19.0,0.0,0.0,12.0,111.0,72.0,39.0,54.0,57.0,0.0,,0.0,0.0,67.0,0.0,0.0,30.0,0,0,0,0,0,1,1,1,1,0,1,1,0,0,0,0,0,0,0,1,0,0,0,0,0,0,0,0,0,0,0,0,1,0,0,0,0,0,0,0.2868,0.34,0.3,
2019,river delta joint unified,"Town, fringe",0.4444,0.3737,0.6389,0.3833,0.4933,,,,,0.4634,,,0.4146,60.0,37.0,23.0,23.0,37.0,0.0,0.0,0.0,0.0,38.0,,0.0,17.0,135.0,99.0,36.0,60.0,75.0,0.0,0.0,4.0,0.0,82.0,,4.0,41.0,0,0,0,0,0,1,1,1,1,0,1,1,0,0,0,0,0,0,0,0,0,0,0,1,0,0,0,0,0,0,0,0,0,0,0,0,1,0,0,0.3243,0.2868,0.34,0.3
2015,riverbank unified,"Suburb, large",0.11,0.08,0.27,0.12,0.1,,,,,0.12,,,0.0,22.0,14.0,9.0,11.0,11.0,,,0.0,,21.0,,0.0,0.0,203.0,170.0,33.0,94.0,109.0,,,2.0,,173.0,,1.0,26.0,0,0,0,0,0,1,1,1,1,0,1,1,0,0,0,0,0,0,1,1,0,1,0,1,0,0,0,0,0,0,0,1,1,0,1,0,1,0,0,,,,
2016,riverbank unified,"Suburb, large",0.19,0.17,0.31,0.15,0.22,,,,,0.18,,,0.17,45.0,36.0,11.0,18.0,29.0,,0.0,0.0,0.0,37.0,0.0,,6.0,249.0,214.0,35.0,119.0,130.0,,1.0,1.0,1.0,207.0,2.0,,37.0,0,0,0,0,0,1,1,1,1,0,1,1,0,0,0,0,0,0,1,0,0,0,0,0,1,0,0,0,0,0,0,1,0,0,0,0,0,1,0,0.11,,,
2017,riverbank unified,"Suburb, large",0.1981,0.1697,0.3095,0.215,0.18,,,,,0.1987,,,0.1579,41.0,28.0,13.0,23.0,18.0,0.0,0.0,0.0,0.0,31.0,0.0,0.0,6.0,207.0,165.0,42.0,107.0,100.0,0.0,0.0,0.0,0.0,156.0,0.0,0.0,38.0,0,0,0,0,0,1,1,1,1,0,1,1,0,0,0,0,0,0,0,0,0,0,0,0,0,0,0,0,0,0,0,0,0,0,0,0,0,0,0,0.19,0.11,,
2018,riverbank unified,"Suburb, large",0.2341,0.2115,0.3409,0.2302,0.2389,,,,,0.2067,,,0.4,59.0,44.0,15.0,32.0,27.0,0.0,0.0,0.0,,43.0,0.0,0.0,12.0,252.0,208.0,44.0,139.0,113.0,0.0,0.0,0.0,,208.0,0.0,0.0,30.0,0,0,0,0,0,1,1,1,1,0,1,1,0,0,0,0,0,0,0,0,0,1,0,0,0,0,0,0,0,0,0,0,0,0,1,0,0,0,0,0.1981,0.19,0.11,
2019,riverbank unified,"Suburb, large",0.3661,0.3443,0.4634,0.3056,0.4224,,,,,0.3176,,,0.5238,82.0,63.0,19.0,33.0,49.0,0.0,0.0,0.0,,54.0,,0.0,22.0,224.0,183.0,41.0,108.0,116.0,0.0,0.0,4.0,,170.0,,0.0,42.0,0,0,0,0,0,1,1,1,1,0,1,1,0,0,0,0,0,0,0,0,0,1,0,1,0,0,0,0,0,0,0,0,0,0,1,0,1,0,0,0.2341,0.1981,0.19,0.11
2015,riverdale joint unified,"Town, fringe",0.18,0.17,0.29,0.16,0.21,,,,,0.16,,,0.32,22.0,19.0,4.0,9.0,14.0,,,,,16.0,,0.0,7.0,126.0,112.0,14.0,58.0,68.0,,,,,103.0,,1.0,22.0,0,0,0,0,0,1,1,1,1,0,1,1,0,0,0,0,0,0,1,1,1,1,0,1,0,0,0,0,0,0,0,1,1,1,1,0,1,0,0,,,,
2016,riverdale joint unified,"Town, fringe",0.21,0.19,0.33,0.21,0.21,,,,,0.2,,,0.23,26.0,22.0,5.0,13.0,14.0,,0.0,0.0,,23.0,,0.0,3.0,128.0,113.0,15.0,61.0,67.0,,1.0,2.0,,111.0,,1.0,13.0,0,0,0,0,0,1,1,1,1,0,1,1,0,0,0,0,0,0,1,0,0,1,0,1,0,0,0,0,0,0,0,1,0,0,1,0,1,0,0,0.18,,,
2017,riverdale joint unified,"Town, fringe",0.2762,0.2111,0.6667,0.2045,0.3279,,,,,0.2022,,,0.6875,29.0,19.0,10.0,9.0,20.0,,,,,18.0,,,11.0,105.0,90.0,15.0,44.0,61.0,,,,,89.0,,,16.0,0,0,0,0,0,1,1,1,1,0,1,1,0,0,0,0,0,0,1,1,1,1,0,1,1,0,0,0,0,0,0,1,1,1,1,0,1,1,0,0.21,0.18,,
2018,riverdale joint unified,"Town, fringe",0.2692,0.1954,0.6471,0.2321,0.3125,,,,,0.2198,,,0.5833,28.0,17.0,11.0,13.0,15.0,0.0,,,,20.0,,,7.0,104.0,87.0,17.0,56.0,48.0,0.0,,,,91.0,,,12.0,0,0,0,0,0,1,1,1,1,0,1,1,0,0,0,0,0,0,0,1,1,1,0,1,1,0,0,0,0,0,0,0,1,1,1,0,1,1,0,0.2762,0.21,0.18,
2019,riverdale joint unified,"Town, fringe",0.3717,0.3444,0.4783,0.3279,0.4231,,,,,0.3191,,,0.6111,42.0,31.0,11.0,20.0,22.0,,,,,30.0,0.0,,11.0,113.0,90.0,23.0,61.0,52.0,,,,,94.0,0.0,,18.0,0,0,0,0,0,1,1,1,1,0,1,1,0,0,0,0,0,0,1,1,1,1,0,0,1,0,0,0,0,0,0,1,1,1,1,0,0,1,0,0.2692,0.2762,0.21,0.18
2015,riverside unified,"City, large",0.34,0.24,0.57,0.3,0.39,0.5,0.72,0.31,0.7,0.25,0.5,0.5,0.51,1062.0,492.0,561.0,448.0,601.0,10.0,60.0,48.0,35.0,467.0,8.0,27.0,367.0,3035.0,2052.0,983.0,1494.0,1541.0,20.0,83.0,156.0,49.0,1866.0,16.0,54.0,720.0,0,0,0,0,0,0,0,0,0,0,0,0,0,0,0,0,0,0,0,0,0,0,0,0,0,0,0,0,0,0,0,0,0,0,0,0,0,0,0,,,,
2016,riverside unified,"City, large",0.34,0.25,0.57,0.33,0.36,,0.75,0.28,0.63,0.28,,0.38,0.48,1104.0,575.0,542.0,524.0,598.0,0.0,76.0,57.0,19.0,588.0,0.0,18.0,339.0,3249.0,2298.0,951.0,1587.0,1662.0,9.0,102.0,195.0,30.0,2098.0,9.0,48.0,706.0,0,0,0,0,0,1,0,0,0,0,1,0,0,0,0,0,0,0,0,0,0,0,0,0,0,0,0,0,0,0,0,0,0,0,0,0,0,0,0,0.34,,,
2017,riverside unified,"City, large",0.364,0.2622,0.5644,0.3443,0.383,0.3571,0.7308,0.3,0.6429,0.2909,0.2308,0.525,0.5304,1124.0,537.0,587.0,523.0,601.0,5.0,76.0,57.0,18.0,583.0,3.0,42.0,332.0,3088.0,2048.0,1040.0,1519.0,1569.0,14.0,104.0,190.0,28.0,2004.0,13.0,80.0,626.0,0,0,0,0,0,0,0,0,0,0,0,0,0,0,0,0,0,0,0,0,0,0,0,0,0,0,0,0,0,0,0,0,0,0,0,0,0,0,0,0.34,0.34,,
2018,riverside unified,"City, large",0.378,0.2894,0.5826,0.3482,0.4052,,0.6941,0.3316,0.8519,0.309,0.3571,0.5238,0.5477,1166.0,623.0,543.0,514.0,652.0,0.0,59.0,62.0,23.0,634.0,5.0,33.0,339.0,3086.0,2154.0,932.0,1476.0,1610.0,0.0,85.0,187.0,27.0,2053.0,14.0,63.0,619.0,0,0,0,0,0,1,0,0,0,0,0,0,0,0,0,0,0,0,0,0,0,0,0,0,0,0,0,0,0,0,0,0,0,0,0,0,0,0,0,0.364,0.34,0.34,
2019,riverside unified,"City, large",0.4101,0.3103,0.6298,0.3847,0.4341,,0.7097,0.2907,0.6923,0.3414,,0.6212,0.5905,1184.0,615.0,570.0,540.0,646.0,0.0,66.0,50.0,18.0,655.0,0.0,41.0,340.0,2888.0,1982.0,906.0,1401.0,1487.0,7.0,93.0,173.0,26.0,1917.0,10.0,66.0,575.0,0,0,0,0,0,1,0,0,0,0,1,0,0,0,0,0,0,0,0,0,0,0,0,0,0,0,0,0,0,0,0,0,0,0,0,0,0,0,0,0.378,0.364,0.34,0.34
2015,robla elementary,"City, large",0.23,0.21,0.38,0.21,0.25,,0.31,0.21,,0.21,,0.0,0.31,74.0,59.0,15.0,35.0,39.0,0.0,13.0,9.0,0.0,31.0,0.0,0.0,17.0,322.0,282.0,40.0,166.0,156.0,4.0,42.0,43.0,2.0,159.0,5.0,12.0,54.0,0,0,0,0,0,1,0,0,1,0,1,0,0,0,0,0,0,0,0,0,0,0,0,0,0,0,0,0,0,0,0,0,0,0,0,0,0,0,0,,,,
2016,robla elementary,"City, large",0.25,0.22,0.57,0.21,0.28,,0.29,0.2,,0.19,,0.45,0.41,80.0,65.0,16.0,31.0,51.0,0.0,18.0,10.0,0.0,26.0,0.0,5.0,16.0,322.0,294.0,28.0,140.0,182.0,4.0,63.0,52.0,4.0,140.0,9.0,11.0,39.0,0,0,0,0,0,1,0,0,1,0,1,0,0,0,0,0,0,0,0,0,0,0,0,0,0,0,0,0,0,0,0,0,0,0,0,0,0,0,0,0.23,,,
2017,robla elementary,"City, large",0.2117,0.2049,0.2917,0.2129,0.2105,,0.3509,0.0638,,0.2041,,,0.2727,65.0,58.0,7.0,33.0,32.0,0.0,20.0,3.0,0.0,30.0,0.0,0.0,9.0,307.0,283.0,24.0,155.0,152.0,0.0,57.0,47.0,0.0,147.0,0.0,0.0,33.0,0,0,0,0,0,1,0,0,1,0,1,1,0,0,0,0,0,0,0,0,0,0,0,0,0,0,0,0,0,0,0,0,0,0,0,0,0,0,0,0.25,0.23,,
2018,robla elementary,"City, large",0.2768,0.2741,0.3,0.2815,0.2727,,0.2917,0.1628,,0.2667,,,0.425,80.0,71.0,9.0,38.0,42.0,0.0,14.0,7.0,0.0,36.0,0.0,0.0,17.0,289.0,259.0,30.0,135.0,154.0,0.0,48.0,43.0,0.0,135.0,0.0,0.0,40.0,0,0,0,0,0,1,0,0,1,0,1,1,0,0,0,0,0,0,0,0,0,0,0,0,0,0,0,0,0,0,0,0,0,0,0,0,0,0,0,0.2117,0.25,0.23,
2019,robla elementary,"City, large",0.3136,0.3,0.4054,0.25,0.3709,,0.4717,0.225,,0.3145,0.1538,,0.3333,90.0,75.0,15.0,34.0,56.0,0.0,25.0,9.0,0.0,39.0,2.0,0.0,13.0,287.0,250.0,37.0,136.0,151.0,5.0,53.0,40.0,6.0,124.0,13.0,7.0,39.0,0,0,0,0,0,1,0,0,1,0,0,1,0,0,0,0,0,0,0,0,0,0,0,0,0,0,0,0,0,0,0,0,0,0,0,0,0,0,0,0.2768,0.2117,0.25,0.23
2015,rockford elementary,"Rural, fringe",0.3,0.1,0.46,0.4,0.21,,,,,0.22,,,0.38,13.0,2.0,11.0,8.0,5.0,,0.0,,,4.0,,0.0,9.0,44.0,20.0,24.0,20.0,24.0,,1.0,,,18.0,,1.0,24.0,0,0,0,0,0,1,1,1,1,0,1,1,0,0,0,0,0,0,1,0,1,1,0,1,0,0,0,0,0,0,0,1,0,1,1,0,1,0,0,,,,
2016,rockford elementary,"Rural, fringe",0.43,0.33,0.5,0.4,0.45,,,,,0.32,,,0.52,20.0,7.0,13.0,10.0,10.0,0.0,,,,6.0,,,14.0,47.0,21.0,26.0,25.0,22.0,1.0,,,,19.0,,,27.0,0,0,0,0,0,1,1,1,1,0,1,1,0,0,0,0,0,0,0,1,1,1,0,1,1,0,0,0,0,0,0,0,1,1,1,0,1,1,0,0.3,,,
2017,rockford elementary,"Rural, fringe",0.3429,0.3077,0.3636,0.3529,0.3333,,,,,0.4,,,0.3125,12.0,4.0,8.0,6.0,6.0,,,,0.0,6.0,,0.0,5.0,35.0,13.0,22.0,17.0,18.0,,,,0.0,15.0,,0.0,16.0,0,0,0,0,0,1,1,1,1,0,1,1,0,0,0,0,0,0,1,1,1,0,0,1,0,0,0,0,0,0,0,1,1,1,0,0,1,0,0,0.43,0.3,,
2018,rockford elementary,"Rural, fringe",0.3421,0.1923,0.6667,0.2381,0.4706,,,,,0.1739,,,0.5385,13.0,5.0,8.0,5.0,8.0,,,,0.0,4.0,,0.0,7.0,38.0,26.0,12.0,21.0,17.0,,,,0.0,23.0,,0.0,13.0,0,0,0,0,0,1,1,1,1,0,1,1,0,0,0,0,0,0,1,1,1,0,0,1,0,0,0,0,0,0,0,1,1,1,0,0,1,0,0,0.3429,0.43,0.3,
2019,rockford elementary,"Rural, fringe",0.4615,0.2632,0.65,0.3913,0.5625,,,,,0.4762,,,0.4286,18.0,5.0,13.0,9.0,9.0,,,0.0,0.0,10.0,,0.0,6.0,39.0,19.0,20.0,23.0,16.0,,,0.0,0.0,21.0,,0.0,14.0,0,0,0,0,0,1,1,1,1,0,1,1,0,0,0,0,0,0,1,1,0,0,0,1,0,0,0,0,0,0,0,1,1,0,0,0,1,0,0,0.3421,0.3429,0.43,0.3
2015,rocklin unified,"Suburb, large",0.55,0.37,0.6,0.53,0.57,,0.72,0.5,0.72,0.46,,0.47,0.55,459.0,64.0,388.0,207.0,248.0,0.0,42.0,8.0,13.0,48.0,0.0,14.0,317.0,819.0,172.0,647.0,384.0,435.0,2.0,58.0,16.0,18.0,104.0,2.0,30.0,577.0,0,0,0,0,0,1,0,0,0,0,1,0,0,0,0,0,0,0,0,0,0,0,0,0,0,0,0,0,0,0,0,0,0,0,0,0,0,0,0,,,,
2016,rocklin unified,"Suburb, large",0.62,0.41,0.67,0.59,0.65,,0.92,0.69,0.65,0.44,,0.73,0.62,509.0,70.0,435.0,247.0,262.0,0.0,47.0,9.0,17.0,53.0,0.0,35.0,334.0,820.0,170.0,650.0,418.0,402.0,3.0,51.0,13.0,26.0,120.0,5.0,48.0,547.0,0,0,0,0,0,1,0,0,0,0,1,0,0,0,0,0,0,0,0,0,0,0,0,0,0,0,0,0,0,0,0,0,0,0,0,0,0,0,0,0.55,,,
2017,rocklin unified,"Suburb, large",0.6439,0.4034,0.7054,0.6259,0.6601,,0.8909,0.4545,0.6429,0.45,,0.8085,0.6609,557.0,71.0,486.0,256.0,301.0,0.0,49.0,10.0,18.0,54.0,0.0,38.0,380.0,865.0,176.0,689.0,409.0,456.0,0.0,55.0,22.0,28.0,120.0,0.0,47.0,575.0,0,0,0,0,0,1,0,0,0,0,1,0,0,0,0,0,0,0,0,0,0,0,0,0,0,0,0,0,0,0,0,0,0,0,0,0,0,0,0,0.62,0.55,,
2018,rocklin unified,"Suburb, large",0.6874,0.4706,0.7532,0.6634,0.7118,,0.8382,0.4286,0.7778,0.5625,,0.74,0.7055,552.0,88.0,464.0,268.0,284.0,0.0,57.0,6.0,14.0,72.0,0.0,37.0,357.0,803.0,187.0,616.0,404.0,399.0,0.0,68.0,14.0,18.0,128.0,0.0,50.0,506.0,0,0,0,0,0,1,0,0,0,0,1,0,0,0,0,0,0,0,0,0,0,0,0,0,0,0,0,0,0,0,0,0,0,0,0,0,0,0,0,0.6439,0.62,0.55,
2019,rocklin unified,"Suburb, large",0.6865,0.4941,0.7395,0.6542,0.7157,,0.7969,0.45,0.92,0.5891,,0.7778,0.6814,541.0,84.0,457.0,244.0,297.0,0.0,51.0,9.0,23.0,76.0,0.0,49.0,323.0,788.0,170.0,618.0,373.0,415.0,0.0,64.0,20.0,25.0,129.0,0.0,63.0,474.0,0,0,0,0,0,1,0,0,0,0,1,0,0,0,0,0,0,0,0,0,0,0,0,0,0,0,0,0,0,0,0,0,0,0,0,0,0,0,0,0.6874,0.6439,0.62,0.55
2015,romoland elementary,"Suburb, large",0.21,0.15,0.38,0.19,0.23,,,0.26,,0.19,,,0.26,77.0,40.0,37.0,37.0,43.0,,0.0,5.0,0.0,51.0,0.0,0.0,16.0,368.0,270.0,98.0,182.0,186.0,,5.0,19.0,5.0,267.0,2.0,4.0,62.0,0,0,0,0,0,1,1,0,1,0,1,1,0,0,0,0,0,0,1,0,0,0,0,0,0,0,0,0,0,0,0,1,0,0,0,0,0,0,0,,,,
2016,romoland elementary,"Suburb, large",0.26,0.21,0.4,0.26,0.25,,,0.35,,0.19,,,0.36,112.0,67.0,46.0,59.0,51.0,,0.0,6.0,0.0,54.0,0.0,0.0,40.0,432.0,317.0,115.0,226.0,206.0,,5.0,17.0,9.0,286.0,2.0,3.0,110.0,0,0,0,0,0,1,1,0,1,0,1,1,0,0,0,0,0,0,1,0,0,0,0,0,0,0,0,0,0,0,0,1,0,0,0,0,0,0,0,0.21,,,
2017,romoland elementary,"Suburb, large",0.397,0.3324,0.576,0.3505,0.4358,,0.6923,0.2593,,0.3414,,,0.5952,187.0,115.0,72.0,75.0,112.0,0.0,9.0,7.0,0.0,113.0,0.0,0.0,50.0,471.0,346.0,125.0,214.0,257.0,0.0,13.0,27.0,0.0,331.0,0.0,0.0,84.0,0,0,0,0,0,1,0,0,1,0,1,1,0,0,0,0,0,0,0,0,0,0,0,0,0,0,0,0,0,0,0,0,0,0,0,0,0,0,0,0.26,0.21,,
2018,romoland elementary,"Suburb, large",0.4406,0.3868,0.5946,0.4641,0.4182,,,0.4286,,0.4124,,,0.4674,189.0,123.0,66.0,97.0,92.0,0.0,0.0,9.0,0.0,120.0,0.0,0.0,43.0,429.0,318.0,111.0,209.0,220.0,0.0,0.0,21.0,0.0,291.0,0.0,0.0,92.0,0,0,0,0,0,1,1,0,1,0,1,1,0,0,0,0,0,0,0,0,0,0,0,0,0,0,0,0,0,0,0,0,0,0,0,0,0,0,0,0.397,0.26,0.21,
2019,romoland elementary,"Suburb, large",0.4918,0.4404,0.66,0.4818,0.5024,,,0.6667,,0.4437,,,0.6092,210.0,144.0,66.0,106.0,104.0,0.0,0.0,14.0,0.0,134.0,0.0,0.0,53.0,427.0,327.0,100.0,220.0,207.0,0.0,5.0,21.0,4.0,302.0,0.0,4.0,87.0,0,0,0,0,0,1,1,0,1,0,1,1,0,0,0,0,0,0,0,0,0,0,0,0,0,0,0,0,0,0,0,0,0,0,0,0,0,0,0,0.4406,0.397,0.26,0.21
2015,roseland,"Suburb, large",0.2,0.21,0.11,0.18,0.23,,,,,0.21,,,,51.0,49.0,2.0,27.0,25.0,0.0,0.0,0.0,0.0,47.0,,0.0,0.0,254.0,235.0,19.0,147.0,107.0,2.0,6.0,1.0,1.0,234.0,,2.0,7.0,0,0,0,0,0,1,1,1,1,0,1,1,1,0,0,0,0,0,0,0,0,0,0,1,0,0,0,0,0,0,0,0,0,0,0,0,1,0,0,,,,
2016,roseland,"Suburb, large",0.29,0.29,0.23,0.28,0.29,,,,,0.28,,,,49.0,47.0,3.0,25.0,25.0,0.0,0.0,,,45.0,,0.0,0.0,175.0,162.0,13.0,89.0,86.0,4.0,2.0,,,162.0,,4.0,3.0,0,0,0,0,0,1,1,1,1,0,1,1,1,0,0,0,0,0,0,0,1,1,0,1,0,0,0,0,0,0,0,0,0,1,1,0,1,0,0,0.2,,,
2017,roseland,"Suburb, large",0.3279,0.3216,0.4167,0.2874,0.3646,,,,,0.3313,,,,60.0,55.0,5.0,25.0,35.0,0.0,0.0,0.0,0.0,53.0,,0.0,0.0,183.0,171.0,12.0,87.0,96.0,0.0,0.0,0.0,0.0,160.0,,0.0,0.0,0,0,0,0,0,1,1,1,1,0,1,1,1,0,0,0,0,0,0,0,0,0,0,1,0,0,0,0,0,0,0,0,0,0,0,0,1,0,0,0.29,0.2,,
2018,roseland,"Suburb, large",0.3407,0.3413,0.3333,0.2581,0.427,,,,,0.3491,,,,62.0,57.0,5.0,24.0,38.0,0.0,0.0,0.0,,59.0,,0.0,0.0,182.0,167.0,15.0,93.0,89.0,0.0,0.0,0.0,,169.0,,0.0,0.0,0,0,0,0,0,1,1,1,1,0,1,1,1,0,0,0,0,0,0,0,0,1,0,1,0,0,0,0,0,0,0,0,0,0,1,0,1,0,0,0.3279,0.29,0.2,
2019,roseland,"City, midsize",0.3115,0.3254,0.1429,0.2317,0.3762,,,,,0.3068,,,,57.0,55.0,2.0,19.0,38.0,0.0,0.0,0.0,0.0,54.0,,0.0,0.0,183.0,169.0,14.0,82.0,101.0,0.0,0.0,0.0,0.0,176.0,,0.0,0.0,0,0,0,0,0,1,1,1,1,0,1,1,1,0,0,0,0,0,0,0,0,0,0,1,0,0,0,0,0,0,0,0,0,0,0,0,1,0,0,0.3407,0.3279,0.29,0.2
2015,rosemead elementary,"Suburb, large",0.45,0.43,0.58,0.45,0.44,,0.68,,,0.21,,,,124.0,99.0,23.0,65.0,58.0,0.0,92.0,0.0,0.0,25.0,,,0.0,275.0,235.0,40.0,144.0,131.0,2.0,136.0,3.0,4.0,118.0,,,9.0,0,0,0,0,0,1,0,1,1,0,1,1,1,0,0,0,0,0,0,0,0,0,0,1,1,0,0,0,0,0,0,0,0,0,0,0,1,1,0,,,,
2016,rosemead elementary,"Suburb, large",0.47,0.41,0.74,0.47,0.48,,0.76,,,0.2,,,,130.0,91.0,39.0,61.0,69.0,,101.0,,0.0,27.0,,0.0,0.0,276.0,223.0,53.0,129.0,147.0,,131.0,,2.0,133.0,,1.0,5.0,0,0,0,0,0,1,0,1,1,0,1,1,1,0,0,0,0,0,1,0,1,0,0,1,0,0,0,0,0,0,0,1,0,1,0,0,1,0,0,0.45,,,
2017,rosemead elementary,"Suburb, large",0.573,0.5455,0.7209,0.5442,0.6063,,0.7584,,,0.3486,,,,157.0,126.0,31.0,80.0,77.0,,113.0,0.0,0.0,38.0,,,0.0,274.0,231.0,43.0,147.0,127.0,,149.0,0.0,0.0,109.0,,,0.0,0,0,0,0,0,1,0,1,1,0,1,1,1,0,0,0,0,0,1,0,0,0,0,1,1,0,0,0,0,0,0,1,0,0,0,0,1,1,0,0.47,0.45,,
2018,rosemead elementary,"Suburb, large",0.6145,0.5845,0.7273,0.6,0.6325,,0.7703,,,0.3656,,,,161.0,121.0,40.0,87.0,74.0,,114.0,0.0,0.0,34.0,,0.0,0.0,262.0,207.0,55.0,145.0,117.0,,148.0,0.0,0.0,93.0,,0.0,0.0,0,0,0,0,0,1,0,1,1,0,1,1,1,0,0,0,0,0,1,0,0,0,0,1,0,0,0,0,0,0,0,1,0,0,0,0,1,0,0,0.573,0.47,0.45,
2019,rosemead elementary,"Suburb, large",0.5521,0.5093,0.7674,0.5366,0.5662,,0.7926,,,0.2871,,,,143.0,110.0,33.0,66.0,77.0,,107.0,0.0,0.0,29.0,,0.0,0.0,259.0,216.0,43.0,123.0,136.0,,135.0,0.0,0.0,101.0,,0.0,5.0,0,0,0,0,0,1,0,1,1,0,1,1,1,0,0,0,0,0,1,0,0,0,0,1,0,0,0,0,0,0,0,1,0,0,0,0,1,0,0,0.6145,0.573,0.47,0.45
2015,roseville city elementary,"City, midsize",0.51,0.26,0.61,0.5,0.52,,0.75,0.61,0.73,0.28,,0.55,0.55,563.0,91.0,480.0,269.0,299.0,0.0,60.0,14.0,38.0,75.0,0.0,32.0,349.0,1125.0,339.0,786.0,549.0,576.0,5.0,80.0,23.0,52.0,268.0,5.0,58.0,634.0,0,0,0,0,0,1,0,0,0,0,1,0,0,0,0,0,0,0,0,0,0,0,0,0,0,0,0,0,0,0,0,0,0,0,0,0,0,0,0,,,,
2016,roseville city elementary,"City, midsize",0.57,0.36,0.68,0.54,0.6,,0.75,0.38,0.83,0.4,,0.59,0.6,635.0,137.0,499.0,300.0,335.0,0.0,59.0,10.0,35.0,103.0,0.0,40.0,379.0,1114.0,380.0,734.0,555.0,559.0,7.0,78.0,26.0,42.0,259.0,3.0,68.0,631.0,0,0,0,0,0,1,0,0,0,0,1,0,0,0,0,0,0,0,0,0,0,0,0,0,0,0,0,0,0,0,0,0,0,0,0,0,0,0,0,0.51,,,
2017,roseville city elementary,"City, midsize",0.5621,0.3353,0.6614,0.5621,0.5621,,0.75,0.5,0.6591,0.3948,,0.6818,0.6,611.0,111.0,500.0,285.0,326.0,0.0,60.0,12.0,29.0,107.0,0.0,45.0,324.0,1087.0,331.0,756.0,507.0,580.0,0.0,80.0,24.0,44.0,271.0,0.0,66.0,540.0,0,0,0,0,0,1,0,0,0,0,1,0,0,0,0,0,0,0,0,0,0,0,0,0,0,0,0,0,0,0,0,0,0,0,0,0,0,0,0,0.57,0.51,,
2018,roseville city elementary,"City, midsize",0.5836,0.4199,0.6456,0.5808,0.5861,,0.7763,0.4545,0.8113,0.4008,,0.6494,0.6246,663.0,131.0,532.0,309.0,354.0,0.0,59.0,10.0,43.0,101.0,0.0,50.0,361.0,1136.0,312.0,824.0,532.0,604.0,0.0,76.0,22.0,53.0,252.0,0.0,77.0,578.0,0,0,0,0,0,1,0,0,0,0,1,0,0,0,0,0,0,0,0,0,0,0,0,0,0,0,0,0,0,0,0,0,0,0,0,0,0,0,0,0.5621,0.57,0.51,
2019,roseville city elementary,"City, midsize",0.5607,0.3198,0.6622,0.5298,0.5905,,0.7667,0.4,0.7143,0.3547,,0.625,0.6237,651.0,110.0,541.0,302.0,349.0,0.0,69.0,8.0,40.0,105.0,0.0,55.0,363.0,1161.0,344.0,817.0,570.0,591.0,5.0,90.0,20.0,56.0,296.0,8.0,88.0,582.0,0,0,0,0,0,1,0,0,0,0,1,0,0,0,0,0,0,0,0,0,0,0,0,0,0,0,0,0,0,0,0,0,0,0,0,0,0,0,0,0.5836,0.5621,0.57,0.51
2015,ross elementary,"Suburb, large",0.53,,0.53,0.48,0.6,,,,,,,,0.56,29.0,,29.0,15.0,13.0,,0.0,,,0.0,,,27.0,54.0,,54.0,32.0,22.0,,2.0,,,4.0,,,48.0,0,1,0,0,0,1,1,1,1,1,1,1,0,0,1,0,0,0,1,0,1,1,0,1,1,0,0,1,0,0,0,1,0,1,1,0,1,1,0,,,,
2016,ross elementary,"Suburb, large",0.81,,0.81,0.74,0.87,,,,,,,,0.79,34.0,,34.0,14.0,20.0,,0.0,,,0.0,,0.0,31.0,42.0,,42.0,19.0,23.0,,1.0,,,1.0,,1.0,39.0,0,1,0,0,0,1,1,1,1,1,1,1,0,0,1,0,0,0,1,0,1,1,0,1,0,0,0,1,0,0,0,1,0,1,1,0,1,0,0,0.53,,,
2017,ross elementary,"Suburb, large",0.7391,,0.7333,0.5769,0.95,,,,,,,,0.8,34.0,0.0,33.0,15.0,19.0,0.0,0.0,,,0.0,,,32.0,46.0,0.0,45.0,26.0,20.0,0.0,0.0,,,0.0,,,40.0,0,1,0,0,0,1,1,1,1,1,1,1,0,0,0,0,0,0,0,0,1,1,0,1,1,0,0,0,0,0,0,0,0,1,1,0,1,1,0,0.81,0.53,,
2018,ross elementary,"Suburb, large",0.8214,,0.8214,0.7931,0.8519,,,,,,,,0.8269,46.0,,46.0,23.0,23.0,,,,,0.0,,0.0,43.0,56.0,,56.0,29.0,27.0,,,,,0.0,,0.0,52.0,0,1,0,0,0,1,1,1,1,1,1,1,0,0,1,0,0,0,1,1,1,1,0,1,0,0,0,1,0,0,0,1,1,1,1,0,1,0,0,0.7391,0.81,0.53,
2019,ross elementary,"Suburb, large",0.7436,,0.7632,0.7143,0.76,,,,,,,,0.7143,29.0,0.0,29.0,10.0,19.0,,,,,0.0,,,25.0,39.0,0.0,38.0,14.0,25.0,,,,,4.0,,,35.0,0,1,0,0,0,1,1,1,1,1,1,1,0,0,0,0,0,0,1,1,1,1,0,1,1,0,0,0,0,0,0,1,1,1,1,0,1,1,0,0.8214,0.7391,0.81,0.53
2015,ross valley elementary,"Suburb, large",0.71,0.37,0.76,0.65,0.77,,,,,0.6,,0.79,0.73,181.0,11.0,171.0,82.0,98.0,0.0,0.0,0.0,,12.0,,19.0,144.0,255.0,30.0,225.0,127.0,128.0,1.0,6.0,4.0,,20.0,,24.0,198.0,0,0,0,0,0,1,1,1,1,0,1,0,0,0,0,0,0,0,0,0,0,1,0,1,0,0,0,0,0,0,0,0,0,0,1,0,1,0,0,,,,
2016,ross valley elementary,"Suburb, large",0.76,0.54,0.78,0.78,0.74,,0.92,,,0.55,,,0.77,214.0,13.0,201.0,117.0,99.0,0.0,11.0,0.0,,12.0,0.0,0.0,179.0,282.0,24.0,258.0,148.0,134.0,1.0,12.0,4.0,,22.0,1.0,7.0,233.0,0,0,0,0,0,1,0,1,1,0,1,1,0,0,0,0,0,0,0,0,0,1,0,0,0,0,0,0,0,0,0,0,0,0,1,0,0,0,0,0.71,,,
2017,ross valley elementary,"Suburb, large",0.75,0.3684,0.7876,0.7188,0.7759,,,,,0.6667,,,0.7963,159.0,7.0,152.0,69.0,90.0,0.0,0.0,0.0,0.0,16.0,,0.0,129.0,212.0,19.0,193.0,96.0,116.0,0.0,0.0,0.0,0.0,24.0,,0.0,162.0,0,0,0,0,0,1,1,1,1,0,1,1,0,0,0,0,0,0,0,0,0,0,0,1,0,0,0,0,0,0,0,0,0,0,0,0,1,0,0,0.76,0.71,,
2018,ross valley elementary,"Suburb, large",0.765,0.4762,0.7934,0.7699,0.7603,,,,,0.55,,0.5,0.8083,179.0,10.0,169.0,87.0,92.0,0.0,0.0,0.0,,11.0,0.0,6.0,156.0,234.0,21.0,213.0,113.0,121.0,0.0,0.0,0.0,,20.0,0.0,12.0,193.0,0,0,0,0,0,1,1,1,1,0,1,0,0,0,0,0,0,0,0,0,0,1,0,0,0,0,0,0,0,0,0,0,0,0,1,0,0,0,0,0.75,0.76,0.71,
2019,ross valley elementary,"Suburb, large",0.8082,0.55,0.8342,0.7818,0.8349,,,,,0.8824,,,0.8111,177.0,11.0,166.0,86.0,91.0,0.0,0.0,0.0,0.0,15.0,,0.0,146.0,219.0,20.0,199.0,110.0,109.0,0.0,7.0,0.0,0.0,17.0,,8.0,180.0,0,0,0,0,0,1,1,1,1,0,1,1,0,0,0,0,0,0,0,0,0,0,0,1,0,0,0,0,0,0,0,0,0,0,0,0,1,0,0,0.765,0.75,0.76,0.71
2015,round valley joint elementary,"Rural, distant",0.31,,0.42,,,,,,,,,,,5.0,0.0,5.0,0.0,0.0,0.0,,0.0,,0.0,,0.0,0.0,16.0,4.0,12.0,6.0,10.0,1.0,,1.0,,3.0,,2.0,9.0,0,1,0,1,1,1,1,1,1,1,1,1,1,0,0,0,0,0,0,1,0,1,0,1,0,0,0,0,0,0,0,0,1,0,1,0,1,0,0,,,,
2016,round valley joint elementary,"Rural, distant",0.47,,0.55,,,,,,,,,,0.62,8.0,0.0,6.0,0.0,0.0,0.0,,,,0.0,,,8.0,17.0,6.0,11.0,10.0,7.0,1.0,,,,3.0,,,13.0,0,1,0,1,1,1,1,1,1,1,1,1,0,0,0,0,0,0,0,1,1,1,0,1,1,0,0,0,0,0,0,0,1,1,1,0,1,1,0,0.31,,,
2017,round valley joint elementary,"Rural, distant",0.7895,,1.0,,0.7273,,,,,,,,0.9231,15.0,0.0,13.0,0.0,8.0,0.0,,,,0.0,,0.0,12.0,19.0,0.0,13.0,0.0,11.0,0.0,,,,0.0,,0.0,13.0,0,1,0,1,0,1,1,1,1,1,1,1,0,0,0,0,0,0,0,1,1,1,0,1,0,0,0,0,0,0,0,0,1,1,1,0,1,0,0,0.47,0.31,,
2018,round valley joint elementary,"Rural, distant",0.7692,,,,,,,,,,,,,10.0,0.0,0.0,0.0,0.0,0.0,,,,0.0,,0.0,0.0,13.0,0.0,0.0,0.0,0.0,0.0,,,,0.0,,0.0,0.0,0,1,1,1,1,1,1,1,1,1,1,1,1,0,0,0,0,0,0,1,1,1,0,1,0,0,0,0,0,0,0,0,1,1,1,0,1,0,0,0.7895,0.47,0.31,
2019,round valley joint elementary,"Rural, distant",0.4375,,,,,,,,,,,,0.5385,7.0,0.0,0.0,0.0,0.0,0.0,,,,0.0,,,7.0,16.0,6.0,10.0,8.0,8.0,0.0,,,,0.0,,,13.0,0,1,1,1,1,1,1,1,1,1,1,1,0,0,0,0,0,0,0,1,1,1,0,1,1,0,0,0,0,0,0,0,1,1,1,0,1,1,0,0.7692,0.7895,0.47,0.31
2015,round valley unified,"Rural, remote",0.06,0.06,,,,,,,,,,,,1.0,1.0,0.0,0.0,0.0,0.0,,,,0.0,,,0.0,19.0,17.0,2.0,9.0,10.0,10.0,,,,7.0,,,1.0,0,0,1,1,1,1,1,1,1,1,1,1,1,0,0,0,0,0,0,1,1,1,0,1,1,0,0,0,0,0,0,0,1,1,1,0,1,1,0,,,,
2016,round valley unified,"Rural, remote",0.04,0.05,,,0.05,0.06,,,,,,,,1.0,1.0,0.0,0.0,1.0,1.0,,,,0.0,,,0.0,24.0,22.0,2.0,5.0,19.0,17.0,,,,6.0,,,1.0,0,0,1,1,0,0,1,1,1,1,1,1,1,0,0,0,0,0,0,1,1,1,0,1,1,0,0,0,0,0,0,0,1,1,1,0,1,1,0,0.06,,,
2017,round valley unified,"Rural, remote",0.1,0.0714,,0.0588,0.1538,0.1304,,,,,,,,3.0,2.0,0.0,1.0,2.0,3.0,,,,0.0,,0.0,0.0,30.0,28.0,0.0,17.0,13.0,23.0,,,,0.0,,0.0,0.0,0,0,1,0,0,0,1,1,1,1,1,1,1,0,0,0,0,0,0,1,1,1,0,1,0,0,0,0,0,0,0,0,1,1,1,0,1,0,0,0.04,0.06,,
2018,round valley unified,"Rural, remote",0.2692,0.28,,,0.2222,0.3529,,,,,,,,7.0,7.0,0.0,0.0,4.0,6.0,,,,0.0,,,0.0,26.0,25.0,0.0,0.0,18.0,17.0,,,,0.0,,,0.0,0,0,1,1,0,0,1,1,1,1,1,1,1,0,0,0,0,0,0,1,1,1,0,1,1,0,0,0,0,0,0,0,1,1,1,0,1,1,0,0.1,0.04,0.06,
2019,round valley unified,"Rural, remote",0.0526,0.0556,,0.0,,0.0769,,,,,,,,1.0,1.0,0.0,0.0,0.0,1.0,,,,0.0,,,0.0,19.0,18.0,0.0,11.0,8.0,13.0,,,,0.0,,,0.0,0,0,1,0,1,0,1,1,1,1,1,1,1,0,0,0,0,0,0,1,1,1,0,1,1,0,0,0,0,0,0,0,1,1,1,0,1,1,0,0.2692,0.1,0.04,0.06
2015,rowland unified,"Suburb, large",0.36,0.27,0.6,0.34,0.38,,0.73,0.21,0.58,0.22,,0.33,0.38,382.0,213.0,180.0,180.0,207.0,0.0,165.0,4.0,42.0,149.0,0.0,4.0,16.0,1091.0,792.0,299.0,531.0,560.0,1.0,226.0,19.0,73.0,711.0,2.0,12.0,42.0,0,0,0,0,0,1,0,0,0,0,1,0,0,0,0,0,0,0,0,0,0,0,0,0,0,0,0,0,0,0,0,0,0,0,0,0,0,0,0,,,,
2016,rowland unified,"Suburb, large",0.44,0.34,0.66,0.42,0.45,,0.77,0.32,0.74,0.28,,,0.76,454.0,250.0,212.0,213.0,248.0,,177.0,8.0,58.0,199.0,0.0,0.0,16.0,1057.0,735.0,322.0,506.0,551.0,,229.0,25.0,78.0,685.0,3.0,9.0,21.0,0,0,0,0,0,1,0,0,0,0,1,1,0,0,0,0,0,0,1,0,0,0,0,0,0,0,0,0,0,0,0,1,0,0,0,0,0,0,0,0.36,,,
2017,rowland unified,"Suburb, large",0.4392,0.3619,0.6872,0.4065,0.4696,,0.7606,0.5,0.6471,0.3012,,0.6923,0.5862,390.0,245.0,145.0,174.0,216.0,,143.0,8.0,33.0,175.0,0.0,9.0,17.0,888.0,677.0,211.0,428.0,460.0,,188.0,16.0,51.0,581.0,0.0,13.0,29.0,0,0,0,0,0,1,0,0,0,0,1,0,0,0,0,0,0,0,1,0,0,0,0,0,0,0,0,0,0,0,0,1,0,0,0,0,0,0,0,0.44,0.36,,
2018,rowland unified,"Suburb, large",0.4404,0.3696,0.6992,0.4273,0.4539,,0.808,0.2917,0.5588,0.3166,,0.8,0.3125,484.0,319.0,165.0,238.0,246.0,0.0,181.0,7.0,38.0,233.0,0.0,12.0,5.0,1099.0,863.0,236.0,557.0,542.0,0.0,224.0,24.0,68.0,736.0,0.0,15.0,16.0,0,0,0,0,0,1,0,0,0,0,1,0,0,0,0,0,0,0,0,0,0,0,0,0,0,0,0,0,0,0,0,0,0,0,0,0,0,0,0,0.4392,0.44,0.36,
2019,rowland unified,"Suburb, large",0.4296,0.369,0.6667,0.4198,0.4389,,0.7688,0.25,0.54,0.3173,,0.6667,0.4,418.0,286.0,132.0,199.0,219.0,,153.0,6.0,27.0,205.0,0.0,12.0,8.0,973.0,775.0,198.0,474.0,499.0,,199.0,24.0,50.0,646.0,0.0,18.0,20.0,0,0,0,0,0,1,0,0,0,0,1,0,0,0,0,0,0,0,1,0,0,0,0,0,0,0,0,0,0,0,0,1,0,0,0,0,0,0,0,0.4404,0.4392,0.44,0.36
2015,sacramento city unified,"City, large",0.25,0.17,0.44,0.25,0.25,0.07,0.32,0.1,0.34,0.18,0.12,0.34,0.45,884.0,422.0,452.0,440.0,444.0,1.0,179.0,51.0,13.0,252.0,9.0,65.0,310.0,3536.0,2483.0,1053.0,1761.0,1775.0,16.0,560.0,559.0,38.0,1398.0,76.0,192.0,689.0,0,0,0,0,0,0,0,0,0,0,0,0,0,0,0,0,0,0,0,0,0,0,0,0,0,0,0,0,0,0,0,0,0,0,0,0,0,0,0,,,,
2016,sacramento city unified,"City, large",0.29,0.22,0.52,0.27,0.31,0.43,0.36,0.13,0.42,0.22,0.15,0.35,0.5,1036.0,560.0,470.0,466.0,591.0,6.0,219.0,64.0,24.0,327.0,10.0,75.0,325.0,3572.0,2667.0,905.0,1726.0,1846.0,14.0,591.0,490.0,58.0,1486.0,68.0,214.0,651.0,0,0,0,0,0,0,0,0,0,0,0,0,0,0,0,0,0,0,0,0,0,0,0,0,0,0,0,0,0,0,0,0,0,0,0,0,0,0,0,0.25,,,
2017,sacramento city unified,"City, large",0.309,0.217,0.5581,0.3029,0.3148,0.2353,0.3849,0.1587,0.5217,0.223,0.16,0.3529,0.5414,1047.0,537.0,509.0,498.0,548.0,4.0,189.0,73.0,12.0,318.0,12.0,84.0,353.0,3386.0,2474.0,912.0,1644.0,1742.0,17.0,492.0,462.0,23.0,1427.0,75.0,238.0,652.0,0,0,0,0,0,0,0,0,0,0,0,0,0,0,0,0,0,0,0,0,0,0,0,0,0,0,0,0,0,0,0,0,0,0,0,0,0,0,0,0.29,0.25,,
2018,sacramento city unified,"City, large",0.3477,0.251,0.5943,0.3501,0.3456,0.1579,0.4401,0.1642,0.4722,0.2534,0.1525,0.4722,0.5709,1119.0,580.0,539.0,537.0,582.0,3.0,239.0,67.0,17.0,335.0,9.0,119.0,330.0,3219.0,2312.0,907.0,1535.0,1684.0,19.0,543.0,409.0,36.0,1322.0,59.0,252.0,578.0,0,0,0,0,0,0,0,0,0,0,0,0,0,0,0,0,0,0,0,0,0,0,0,0,0,0,0,0,0,0,0,0,0,0,0,0,0,0,0,0.309,0.29,0.25,
2019,sacramento city unified,"City, large",0.3422,0.2419,0.604,0.3242,0.3593,0.1818,0.4612,0.12,0.7059,0.246,0.1707,0.4493,0.5842,1104.0,564.0,540.0,510.0,594.0,4.0,238.0,51.0,24.0,321.0,14.0,133.0,319.0,3227.0,2332.0,895.0,1573.0,1654.0,22.0,516.0,426.0,34.0,1305.0,82.0,296.0,546.0,0,0,0,0,0,0,0,0,0,0,0,0,0,0,0,0,0,0,0,0,0,0,0,0,0,0,0,0,0,0,0,0,0,0,0,0,0,0,0,0.3477,0.309,0.29,0.25
2015,saint helena unified,"Town, fringe",0.41,0.24,0.72,0.37,0.46,,,,,0.24,,,0.87,33.0,12.0,21.0,16.0,17.0,,,,,13.0,,0.0,20.0,80.0,51.0,29.0,43.0,37.0,,,,,55.0,,2.0,23.0,0,0,0,0,0,1,1,1,1,0,1,1,0,0,0,0,0,0,1,1,1,1,0,1,0,0,0,0,0,0,0,1,1,1,1,0,1,0,0,,,,
2016,saint helena unified,"Town, fringe",0.63,0.39,0.82,0.53,0.7,,,,,0.5,,,0.83,45.0,13.0,32.0,17.0,28.0,,0.0,,,21.0,,,24.0,72.0,33.0,39.0,32.0,40.0,,1.0,,,42.0,,,29.0,0,0,0,0,0,1,1,1,1,0,1,1,0,0,0,0,0,0,1,0,1,1,0,1,1,0,0,0,0,0,0,1,0,1,1,0,1,1,0,0.41,,,
2017,saint helena unified,"Town, fringe",0.4861,0.1765,0.5818,0.4783,0.5,,,,,0.2857,,,0.6667,35.0,3.0,32.0,22.0,13.0,,,,,10.0,,0.0,24.0,72.0,17.0,55.0,46.0,26.0,,,,,35.0,,0.0,36.0,0,0,0,0,0,1,1,1,1,0,1,1,0,0,0,0,0,0,1,1,1,1,0,1,0,0,0,0,0,0,0,1,1,1,1,0,1,0,0,0.63,0.41,,
2018,saint helena unified,"Town, fringe",0.5067,0.3947,0.6216,0.5429,0.475,,,,,0.4318,,,0.5862,38.0,15.0,23.0,19.0,19.0,,0.0,,,19.0,,0.0,17.0,75.0,38.0,37.0,35.0,40.0,,0.0,,,44.0,,0.0,29.0,0,0,0,0,0,1,1,1,1,0,1,1,0,0,0,0,0,0,1,0,1,1,0,1,0,0,0,0,0,0,0,1,0,1,1,0,1,0,0,0.4861,0.63,0.41,
2019,saint helena unified,"Town, fringe",0.5802,0.4571,0.6739,0.56,0.6129,,,,,0.4762,,,0.7576,47.0,16.0,31.0,28.0,19.0,,0.0,,,20.0,,0.0,25.0,81.0,35.0,46.0,50.0,31.0,,0.0,,,42.0,,0.0,33.0,0,0,0,0,0,1,1,1,1,0,1,1,0,0,0,0,0,0,1,0,1,1,0,1,0,0,0,0,0,0,0,1,0,1,1,0,1,0,0,0.5067,0.4861,0.63,0.41
2015,salida union elementary,"Suburb, large",0.25,0.23,0.3,0.27,0.23,,0.31,0.13,,0.19,,,0.38,62.0,38.0,21.0,29.0,30.0,0.0,4.0,2.0,0.0,25.0,,0.0,21.0,237.0,167.0,70.0,106.0,131.0,1.0,13.0,15.0,4.0,136.0,,4.0,55.0,0,0,0,0,0,1,0,0,1,0,1,1,0,0,0,0,0,0,0,0,0,0,0,1,0,0,0,0,0,0,0,0,0,0,0,0,1,0,0,,,,
2016,salida union elementary,"Suburb, large",0.26,0.22,0.34,0.22,0.29,,0.45,,,0.23,,,0.3,73.0,45.0,29.0,28.0,48.0,,5.0,0.0,0.0,45.0,,0.0,20.0,292.0,207.0,85.0,129.0,163.0,,11.0,5.0,5.0,194.0,,6.0,66.0,0,0,0,0,0,1,0,1,1,0,1,1,0,0,0,0,0,0,1,0,0,0,0,1,0,0,0,0,0,0,0,1,0,0,0,0,1,0,0,0.25,,,
2017,salida union elementary,"Suburb, large",0.2577,0.2266,0.3684,0.2482,0.2689,,,,,0.2033,,,0.3409,67.0,46.0,21.0,35.0,32.0,,0.0,0.0,0.0,37.0,,0.0,15.0,260.0,203.0,57.0,141.0,119.0,,0.0,0.0,0.0,182.0,,0.0,44.0,0,0,0,0,0,1,1,1,1,0,1,1,0,0,0,0,0,0,1,0,0,0,0,1,0,0,0,0,0,0,0,1,0,0,0,0,1,0,0,0.26,0.25,,
2018,salida union elementary,"Suburb, large",0.3858,0.3564,0.4697,0.3609,0.4132,,,,,0.3254,,,0.587,98.0,67.0,31.0,48.0,50.0,,0.0,0.0,0.0,55.0,0.0,0.0,27.0,254.0,188.0,66.0,133.0,121.0,,0.0,0.0,0.0,169.0,0.0,0.0,46.0,0,0,0,0,0,1,1,1,1,0,1,1,0,0,0,0,0,0,1,0,0,0,0,0,0,0,0,0,0,0,0,1,0,0,0,0,0,0,0,0.2577,0.26,0.25,
2019,salida union elementary,"Suburb, large",0.3863,0.3722,0.434,0.4094,0.3585,,,,,0.3267,,,0.5294,90.0,67.0,23.0,52.0,38.0,,0.0,0.0,0.0,49.0,0.0,0.0,27.0,233.0,180.0,53.0,127.0,106.0,,7.0,8.0,0.0,150.0,0.0,6.0,51.0,0,0,0,0,0,1,1,1,1,0,1,1,0,0,0,0,0,0,1,0,0,0,0,0,0,0,0,0,0,0,0,1,0,0,0,0,0,0,0,0.3858,0.2577,0.26,0.25
2015,salinas city elementary,"City, midsize",0.12,0.1,0.28,0.13,0.11,,,0.08,0.31,0.11,,0.04,0.29,161.0,116.0,55.0,93.0,75.0,0.0,0.0,1.0,5.0,132.0,0.0,1.0,22.0,1346.0,1150.0,196.0,670.0,676.0,4.0,9.0,12.0,16.0,1202.0,3.0,23.0,77.0,0,0,0,0,0,1,1,0,0,0,1,0,0,0,0,0,0,0,0,0,0,0,0,0,0,0,0,0,0,0,0,0,0,0,0,0,0,0,0,,,,
2016,salinas city elementary,"City, midsize",0.15,0.13,0.29,0.15,0.16,,0.55,,0.43,0.14,,0.46,0.23,194.0,143.0,56.0,91.0,109.0,0.0,6.0,0.0,9.0,163.0,,6.0,16.0,1290.0,1097.0,193.0,609.0,681.0,1.0,11.0,7.0,21.0,1166.0,,13.0,71.0,0,0,0,0,0,1,0,1,0,0,1,0,0,0,0,0,0,0,0,0,0,0,0,1,0,0,0,0,0,0,0,0,0,0,0,0,1,0,0,0.12,,,
2017,salinas city elementary,"City, midsize",0.1543,0.1156,0.347,0.1426,0.1664,,,0.0667,0.25,0.1293,,0.3636,0.4459,202.0,126.0,76.0,95.0,107.0,,0.0,1.0,3.0,152.0,0.0,8.0,33.0,1309.0,1090.0,219.0,666.0,643.0,,0.0,15.0,12.0,1176.0,0.0,22.0,74.0,0,0,0,0,0,1,1,0,0,0,1,0,0,0,0,0,0,0,1,0,0,0,0,0,0,0,0,0,0,0,0,1,0,0,0,0,0,0,0,0.15,0.12,,
2018,salinas city elementary,"City, midsize",0.2242,0.1916,0.3675,0.2121,0.2357,,,,0.3571,0.2089,,0.4545,0.3788,283.0,197.0,86.0,130.0,153.0,,0.0,0.0,5.0,239.0,,10.0,25.0,1262.0,1028.0,234.0,613.0,649.0,,0.0,0.0,14.0,1144.0,,22.0,66.0,0,0,0,0,0,1,1,1,0,0,1,0,0,0,0,0,0,0,1,0,0,0,0,1,0,0,0,0,0,0,0,1,0,0,0,0,1,0,0,0.1543,0.15,0.12,
2019,salinas city elementary,"City, midsize",0.2852,0.2485,0.4745,0.2747,0.2956,,,,,0.2621,,0.5789,0.4921,344.0,251.0,93.0,164.0,180.0,0.0,0.0,0.0,0.0,287.0,0.0,11.0,31.0,1206.0,1010.0,196.0,597.0,609.0,5.0,7.0,7.0,7.0,1095.0,0.0,19.0,63.0,0,0,0,0,0,1,1,1,1,0,1,0,0,0,0,0,0,0,0,0,0,0,0,0,0,0,0,0,0,0,0,0,0,0,0,0,0,0,0,0.2242,0.1543,0.15,0.12
2015,san bernardino city unified,"City, midsize",0.16,0.15,0.36,0.16,0.16,0.14,0.45,0.08,0.38,0.16,0.06,0.19,0.3,649.0,566.0,100.0,327.0,321.0,4.0,22.0,39.0,6.0,497.0,1.0,8.0,74.0,4056.0,3777.0,279.0,2044.0,2012.0,29.0,49.0,491.0,16.0,3110.0,18.0,43.0,246.0,0,0,0,0,0,0,0,0,0,0,0,0,0,0,0,0,0,0,0,0,0,0,0,0,0,0,0,0,0,0,0,0,0,0,0,0,0,0,0,,,,
2016,san bernardino city unified,"City, midsize",0.2,0.19,0.41,0.2,0.21,0.22,0.41,0.1,0.14,0.21,0.0,0.18,0.3,903.0,773.0,96.0,420.0,462.0,5.0,24.0,49.0,2.0,697.0,0.0,14.0,68.0,4303.0,4064.0,239.0,2103.0,2200.0,23.0,59.0,486.0,14.0,3321.0,11.0,78.0,226.0,0,0,0,0,0,0,0,0,0,0,0,0,0,0,0,0,0,0,0,0,0,0,0,0,0,0,0,0,0,0,0,0,0,0,0,0,0,0,0,0.16,,,
2017,san bernardino city unified,"City, midsize",0.2319,0.2172,0.3717,0.225,0.2386,0.25,0.4127,0.1414,0.7143,0.231,0.2105,0.3521,0.3142,933.0,791.0,142.0,446.0,487.0,6.0,26.0,57.0,10.0,713.0,4.0,25.0,71.0,4024.0,3642.0,382.0,1982.0,2042.0,24.0,63.0,403.0,14.0,3088.0,19.0,71.0,226.0,0,0,0,0,0,0,0,0,0,0,0,0,0,0,0,0,0,0,0,0,0,0,0,0,0,0,0,0,0,0,0,0,0,0,0,0,0,0,0,0.2,0.16,,
2018,san bernardino city unified,"City, midsize",0.2863,0.2477,0.5188,0.2774,0.2943,0.2308,0.5769,0.1679,0.7143,0.2846,0.5,0.2459,0.445,1124.0,834.0,290.0,514.0,610.0,3.0,30.0,70.0,10.0,840.0,8.0,15.0,97.0,3926.0,3367.0,559.0,1853.0,2073.0,13.0,52.0,417.0,14.0,2952.0,16.0,61.0,218.0,0,0,0,0,0,0,0,0,0,0,0,0,0,0,0,0,0,0,0,0,0,0,0,0,0,0,0,0,0,0,0,0,0,0,0,0,0,0,0,0.2319,0.2,0.16,
2019,san bernardino city unified,"City, midsize",0.315,0.2947,0.5193,0.3014,0.3282,0.5,0.5472,0.2042,0.6667,0.3149,,0.3676,0.4031,1175.0,1000.0,175.0,554.0,621.0,6.0,29.0,77.0,14.0,917.0,0.0,25.0,79.0,3730.0,3393.0,337.0,1838.0,1892.0,12.0,53.0,377.0,21.0,2912.0,5.0,68.0,196.0,0,0,0,0,0,0,0,0,0,0,1,0,0,0,0,0,0,0,0,0,0,0,0,0,0,0,0,0,0,0,0,0,0,0,0,0,0,0,0,0.2863,0.2319,0.2,0.16
2015,san bruno park elementary,"Suburb, large",0.32,0.13,0.46,0.28,0.36,,0.7,,0.67,0.14,0.06,0.56,0.44,92.0,15.0,77.0,43.0,50.0,0.0,14.0,0.0,20.0,17.0,1.0,11.0,28.0,288.0,122.0,166.0,154.0,134.0,1.0,21.0,9.0,30.0,125.0,17.0,18.0,65.0,0,0,0,0,0,1,0,1,0,0,0,0,0,0,0,0,0,0,0,0,0,0,0,0,0,0,0,0,0,0,0,0,0,0,0,0,0,0,0,,,,
2016,san bruno park elementary,"Suburb, large",0.45,0.27,0.59,0.45,0.45,,0.68,,0.66,0.28,0.16,0.43,0.61,145.0,36.0,104.0,67.0,74.0,,23.0,0.0,27.0,33.0,3.0,10.0,40.0,314.0,134.0,180.0,149.0,165.0,,34.0,2.0,41.0,117.0,19.0,23.0,67.0,0,0,0,0,0,1,0,1,0,0,0,0,0,0,0,0,0,0,1,0,0,0,0,0,0,0,0,0,0,0,0,1,0,0,0,0,0,0,0,0.32,,,
2017,san bruno park elementary,"Suburb, large",0.5018,0.2574,0.6389,0.5079,0.4968,,0.8182,,0.625,0.3173,0.4,0.8182,0.6061,141.0,26.0,115.0,64.0,77.0,0.0,27.0,0.0,20.0,33.0,6.0,9.0,40.0,281.0,101.0,180.0,126.0,155.0,0.0,33.0,0.0,32.0,104.0,15.0,11.0,66.0,0,0,0,0,0,1,0,1,0,0,0,0,0,0,0,0,0,0,0,0,0,0,0,0,0,0,0,0,0,0,0,0,0,0,0,0,0,0,0,0.45,0.32,,
2018,san bruno park elementary,"Suburb, large",0.4706,0.2903,0.6216,0.4836,0.46,,0.6364,,0.7333,0.3043,0.3333,0.5455,0.6538,128.0,36.0,92.0,59.0,69.0,,21.0,0.0,22.0,35.0,5.0,6.0,34.0,272.0,124.0,148.0,122.0,150.0,,33.0,0.0,30.0,115.0,15.0,11.0,52.0,0,0,0,0,0,1,0,1,0,0,0,0,0,0,0,0,0,0,1,0,0,0,0,0,0,0,0,0,0,0,0,1,0,0,0,0,0,0,0,0.5018,0.45,0.32,
2019,san bruno park elementary,"Suburb, large",0.4982,0.2842,0.6111,0.4519,0.5429,,0.75,,0.7059,0.3153,0.45,,0.65,137.0,27.0,110.0,61.0,76.0,,27.0,0.0,24.0,35.0,9.0,,39.0,275.0,95.0,180.0,135.0,140.0,,36.0,6.0,34.0,111.0,20.0,,60.0,0,0,0,0,0,1,0,1,0,0,0,1,0,0,0,0,0,0,1,0,0,0,0,0,1,0,0,0,0,0,0,1,0,0,0,0,0,1,0,0.4706,0.5018,0.45,0.32
2015,san carlos elementary,"Suburb, large",0.71,0.31,0.74,0.68,0.74,,0.86,,,0.51,,0.81,0.74,251.0,9.0,248.0,120.0,136.0,0.0,32.0,0.0,0.0,27.0,,29.0,159.0,359.0,29.0,330.0,176.0,183.0,1.0,37.0,8.0,8.0,53.0,,36.0,215.0,0,0,0,0,0,1,0,1,1,0,1,0,0,0,0,0,0,0,0,0,0,0,0,1,0,0,0,0,0,0,0,0,0,0,0,0,1,0,0,,,,
2016,san carlos elementary,"Suburb, large",0.71,0.2,0.75,0.7,0.73,,0.94,,,0.49,,0.74,0.74,248.0,5.0,239.0,126.0,120.0,,33.0,0.0,0.0,29.0,,31.0,145.0,344.0,25.0,319.0,180.0,164.0,,35.0,4.0,8.0,59.0,,42.0,196.0,0,0,0,0,0,1,0,1,1,0,1,0,0,0,0,0,0,0,1,0,0,0,0,1,0,0,0,0,0,0,0,1,0,0,0,0,1,0,0,0.71,,,
2017,san carlos elementary,"Suburb, large",0.742,0.3913,0.7671,0.716,0.765,,0.8913,,,0.5614,,0.7826,0.7433,256.0,9.0,247.0,116.0,140.0,0.0,41.0,0.0,0.0,32.0,,36.0,139.0,345.0,23.0,322.0,162.0,183.0,0.0,46.0,0.0,0.0,57.0,,46.0,187.0,0,0,0,0,0,1,0,1,1,0,1,0,0,0,0,0,0,0,0,0,0,0,0,1,0,0,0,0,0,0,0,0,0,0,0,0,1,0,0,0.71,0.71,,
2018,san carlos elementary,"Suburb, large",0.7976,0.5185,0.8224,0.75,0.8466,,0.8649,,,0.6,,0.8636,0.8441,264.0,14.0,250.0,126.0,138.0,,32.0,0.0,0.0,33.0,0.0,38.0,157.0,331.0,27.0,304.0,168.0,163.0,,37.0,0.0,0.0,55.0,0.0,44.0,186.0,0,0,0,0,0,1,0,1,1,0,1,0,0,0,0,0,0,0,1,0,0,0,0,0,0,0,0,0,0,0,0,1,0,0,0,0,0,0,0,0.742,0.71,0.71,
2019,san carlos elementary,"Suburb, large",0.8,0.2609,0.8482,0.7955,0.8041,,0.9024,,,0.4878,,0.8919,0.8462,224.0,6.0,218.0,105.0,119.0,,37.0,0.0,,20.0,0.0,33.0,132.0,280.0,23.0,257.0,132.0,148.0,,41.0,4.0,,41.0,0.0,37.0,156.0,0,0,0,0,0,1,0,1,1,0,1,0,0,0,0,0,0,0,1,0,0,1,0,0,0,0,0,0,0,0,0,1,0,0,1,0,0,0,0,0.7976,0.742,0.71,0.71
2015,san diego unified,"City, large",0.42,0.28,0.65,0.4,0.44,0.58,0.64,0.22,0.51,0.26,0.43,0.56,0.67,3703.0,1529.0,2183.0,1698.0,2012.0,7.0,510.0,164.0,237.0,1026.0,22.0,337.0,1353.0,8817.0,5459.0,3358.0,4245.0,4572.0,12.0,797.0,745.0,465.0,4104.0,51.0,592.0,2020.0,0,0,0,0,0,0,0,0,0,0,0,0,0,0,0,0,0,0,0,0,0,0,0,0,0,0,0,0,0,0,0,0,0,0,0,0,0,0,0,,,,
2016,san diego unified,"City, large",0.47,0.33,0.72,0.45,0.48,0.36,0.67,0.27,0.65,0.3,0.43,0.6,0.73,3910.0,1821.0,2148.0,1872.0,2083.0,8.0,517.0,195.0,302.0,1179.0,20.0,371.0,1371.0,8501.0,5517.0,2984.0,4160.0,4341.0,22.0,772.0,722.0,465.0,3928.0,47.0,630.0,1878.0,0,0,0,0,0,0,0,0,0,0,0,0,0,0,0,0,0,0,0,0,0,0,0,0,0,0,0,0,0,0,0,0,0,0,0,0,0,0,0,0.42,,,
2017,san diego unified,"City, large",0.5087,0.3594,0.7461,0.4896,0.5265,0.6364,0.7456,0.317,0.6584,0.3507,0.45,0.6361,0.7392,4218.0,1831.0,2386.0,1960.0,2258.0,7.0,545.0,227.0,212.0,1347.0,18.0,437.0,1409.0,8292.0,5094.0,3198.0,4003.0,4289.0,11.0,731.0,716.0,322.0,3841.0,40.0,687.0,1907.0,0,0,0,0,0,0,0,0,0,0,0,0,0,0,0,0,0,0,0,0,0,0,0,0,0,0,0,0,0,0,0,0,0,0,0,0,0,0,0,0.47,0.42,,
2018,san diego unified,"City, large",0.5391,0.3975,0.7712,0.5273,0.5501,0.6154,0.7618,0.3648,0.6754,0.3847,0.5,0.6696,0.7618,4346.0,1990.0,2356.0,2044.0,2302.0,16.0,595.0,224.0,233.0,1454.0,13.0,452.0,1343.0,8061.0,5006.0,3055.0,3876.0,4185.0,26.0,781.0,614.0,345.0,3780.0,26.0,675.0,1763.0,0,0,0,0,0,0,0,0,0,0,0,0,0,0,0,0,0,0,0,0,0,0,0,0,0,0,0,0,0,0,0,0,0,0,0,0,0,0,0,0.5087,0.47,0.42,
2019,san diego unified,"City, large",0.55,0.4089,0.7765,0.5355,0.564,0.3846,0.7836,0.3631,0.6977,0.3926,0.5161,0.6853,0.7674,4153.0,1902.0,2252.0,1985.0,2169.0,5.0,525.0,203.0,217.0,1387.0,16.0,453.0,1326.0,7553.0,4653.0,2900.0,3707.0,3846.0,13.0,670.0,559.0,311.0,3534.0,31.0,662.0,1728.0,0,0,0,0,0,0,0,0,0,0,0,0,0,0,0,0,0,0,0,0,0,0,0,0,0,0,0,0,0,0,0,0,0,0,0,0,0,0,0,0.5391,0.5087,0.47,0.42
2015,san francisco unified,"City, large",0.48,0.37,0.69,0.47,0.49,0.35,0.7,0.11,0.44,0.19,0.1,0.6,0.69,2079.0,1075.0,982.0,1014.0,1065.0,7.0,1087.0,39.0,106.0,220.0,5.0,108.0,454.0,4330.0,2906.0,1424.0,2156.0,2174.0,21.0,1552.0,361.0,235.0,1160.0,48.0,180.0,659.0,0,0,0,0,0,0,0,0,0,0,0,0,0,0,0,0,0,0,0,0,0,0,0,0,0,0,0,0,0,0,0,0,0,0,0,0,0,0,0,,,,
2016,san francisco unified,"City, large",0.49,0.36,0.68,0.48,0.5,0.25,0.68,0.14,0.42,0.24,0.27,0.59,0.71,2092.0,911.0,1184.0,1005.0,1088.0,3.0,1020.0,51.0,66.0,297.0,10.0,106.0,495.0,4270.0,2529.0,1741.0,2094.0,2176.0,12.0,1499.0,368.0,161.0,1237.0,37.0,179.0,698.0,0,0,0,0,0,0,0,0,0,0,0,0,0,0,0,0,0,0,0,0,0,0,0,0,0,0,0,0,0,0,0,0,0,0,0,0,0,0,0,0.48,,,
2017,san francisco unified,"City, large",0.5006,0.3678,0.6507,0.5005,0.5007,,0.7243,0.1525,0.4711,0.2429,0.3061,0.6221,0.6982,2090.0,815.0,1274.0,1015.0,1075.0,0.0,993.0,52.0,57.0,299.0,15.0,107.0,472.0,4175.0,2216.0,1959.0,2029.0,2146.0,0.0,1371.0,341.0,121.0,1231.0,49.0,172.0,676.0,0,0,0,0,0,1,0,0,0,0,0,0,0,0,0,0,0,0,0,0,0,0,0,0,0,0,0,0,0,0,0,0,0,0,0,0,0,0,0,0.49,0.48,,
2018,san francisco unified,"City, large",0.5214,0.3874,0.6706,0.4915,0.5484,0.4545,0.7511,0.1516,0.4558,0.2377,0.3889,0.6606,0.727,2133.0,833.0,1303.0,954.0,1179.0,5.0,991.0,42.0,67.0,271.0,14.0,146.0,501.0,4091.0,2149.0,1942.0,1942.0,2149.0,11.0,1320.0,278.0,148.0,1141.0,36.0,221.0,689.0,0,0,0,0,0,0,0,0,0,0,0,0,0,0,0,0,0,0,0,0,0,0,0,0,0,0,0,0,0,0,0,0,0,0,0,0,0,0,0,0.5006,0.49,0.48,
2019,san francisco unified,"City, large",0.5082,0.3734,0.6593,0.4939,0.5221,0.3077,0.7286,0.1259,0.3529,0.2516,0.2647,0.6518,0.6811,2040.0,792.0,1248.0,976.0,1064.0,4.0,886.0,37.0,42.0,277.0,9.0,249.0,455.0,4015.0,2122.0,1893.0,1976.0,2039.0,13.0,1216.0,295.0,119.0,1101.0,34.0,382.0,668.0,0,0,0,0,0,0,0,0,0,0,0,0,0,0,0,0,0,0,0,0,0,0,0,0,0,0,0,0,0,0,0,0,0,0,0,0,0,0,0,0.5214,0.5006,0.49,0.48
2015,san gabriel unified,"Suburb, large",0.37,0.31,0.46,0.41,0.34,,0.54,,,0.16,,,0.5,139.0,71.0,71.0,73.0,65.0,,96.0,0.0,0.0,24.0,,0.0,12.0,375.0,220.0,155.0,182.0,193.0,,179.0,8.0,10.0,147.0,,3.0,24.0,0,0,0,0,0,1,0,1,1,0,1,1,0,0,0,0,0,0,1,0,0,0,0,1,0,0,0,0,0,0,0,1,0,0,0,0,1,0,0,,,,
2016,san gabriel unified,"Suburb, large",0.51,0.4,0.65,0.46,0.55,,0.72,,0.67,0.21,,,0.67,195.0,85.0,113.0,85.0,112.0,,136.0,0.0,8.0,29.0,0.0,0.0,14.0,383.0,212.0,171.0,181.0,202.0,,192.0,8.0,12.0,141.0,1.0,5.0,21.0,0,0,0,0,0,1,0,1,0,0,1,1,0,0,0,0,0,0,1,0,0,0,0,0,0,0,0,0,0,0,0,1,0,0,0,0,0,0,0,0.37,,,
2017,san gabriel unified,"Suburb, large",0.5194,0.3971,0.6887,0.52,0.5189,,0.7239,,,0.3182,,,0.5455,187.0,83.0,104.0,91.0,96.0,,118.0,0.0,0.0,49.0,0.0,0.0,6.0,360.0,209.0,151.0,175.0,185.0,,163.0,0.0,0.0,154.0,0.0,0.0,11.0,0,0,0,0,0,1,0,1,1,0,1,1,0,0,0,0,0,0,1,0,0,0,0,0,0,0,0,0,0,0,0,1,0,0,0,0,0,0,0,0.51,0.37,,
2018,san gabriel unified,"Suburb, large",0.5919,0.5058,0.7536,0.6,0.5845,,0.7536,,,0.3649,,0.75,,235.0,131.0,104.0,114.0,121.0,0.0,156.0,0.0,0.0,54.0,0.0,9.0,0.0,397.0,259.0,138.0,190.0,207.0,0.0,207.0,0.0,0.0,148.0,0.0,12.0,0.0,0,0,0,0,0,1,0,1,1,0,1,0,1,0,0,0,0,0,0,0,0,0,0,0,0,0,0,0,0,0,0,0,0,0,0,0,0,0,0,0.5194,0.51,0.37,
2019,san gabriel unified,"Suburb, large",0.5601,0.43,0.7845,0.513,0.6049,,0.7391,,,0.331,,0.8571,0.9167,177.0,86.0,91.0,79.0,98.0,,102.0,0.0,0.0,47.0,0.0,12.0,11.0,316.0,200.0,116.0,154.0,162.0,,138.0,0.0,0.0,142.0,0.0,14.0,12.0,0,0,0,0,0,1,0,1,1,0,1,0,0,0,0,0,0,0,1,0,0,0,0,0,0,0,0,0,0,0,0,1,0,0,0,0,0,0,0,0.5919,0.5194,0.51,0.37
2015,san jacinto unified,"Suburb, midsize",0.23,0.23,0.24,0.21,0.25,0.11,,0.14,,0.22,,0.06,0.3,169.0,150.0,27.0,80.0,96.0,2.0,0.0,8.0,0.0,115.0,0.0,1.0,42.0,768.0,655.0,113.0,382.0,386.0,19.0,10.0,57.0,6.0,521.0,6.0,16.0,133.0,0,0,0,0,0,0,1,0,1,0,1,0,0,0,0,0,0,0,0,0,0,0,0,0,0,0,0,0,0,0,0,0,0,0,0,0,0,0,0,,,,
2016,san jacinto unified,"Suburb, midsize",0.23,0.19,0.43,0.21,0.24,0.29,,0.1,,0.22,,0.15,0.3,166.0,123.0,44.0,79.0,91.0,5.0,0.0,7.0,0.0,115.0,0.0,4.0,29.0,752.0,649.0,103.0,376.0,376.0,17.0,5.0,72.0,6.0,524.0,5.0,28.0,95.0,0,0,0,0,0,0,1,0,1,0,1,0,0,0,0,0,0,0,0,0,0,0,0,0,0,0,0,0,0,0,0,0,0,0,0,0,0,0,0,0.23,,,
2017,san jacinto unified,"Suburb, midsize",0.2185,0.2038,0.2901,0.2251,0.2116,0.2917,,0.2593,,0.1838,,0.3333,0.31,168.0,130.0,38.0,88.0,80.0,7.0,0.0,14.0,0.0,102.0,0.0,8.0,31.0,770.0,639.0,131.0,392.0,378.0,24.0,0.0,54.0,0.0,555.0,0.0,24.0,101.0,0,0,0,0,0,0,1,0,1,0,1,0,0,0,0,0,0,0,0,0,0,0,0,0,0,0,0,0,0,0,0,0,0,0,0,0,0,0,0,0.23,0.23,,
2018,san jacinto unified,"Suburb, midsize",0.2977,0.2803,0.3966,0.2886,0.3071,0.25,,0.1633,,0.2869,,0.3125,0.4026,231.0,185.0,46.0,114.0,117.0,8.0,0.0,8.0,0.0,167.0,0.0,5.0,31.0,777.0,661.0,116.0,396.0,381.0,32.0,0.0,49.0,0.0,582.0,0.0,16.0,78.0,0,0,0,0,0,0,1,0,1,0,1,0,0,0,0,0,0,0,0,0,0,0,0,0,0,0,0,0,0,0,0,0,0,0,0,0,0,0,0,0.2185,0.23,0.23,
2019,san jacinto unified,"Suburb, midsize",0.2597,0.2465,0.3233,0.2211,0.2974,0.1923,,0.1512,,0.2579,,0.36,0.3333,200.0,157.0,43.0,84.0,116.0,5.0,0.0,13.0,0.0,139.0,0.0,9.0,27.0,770.0,637.0,133.0,380.0,390.0,26.0,7.0,86.0,0.0,539.0,4.0,25.0,81.0,0,0,0,0,0,0,1,0,1,0,1,0,0,0,0,0,0,0,0,0,0,0,0,0,0,0,0,0,0,0,0,0,0,0,0,0,0,0,0,0.2977,0.2185,0.23,0.23
2015,san jose unified,"City, large",0.43,0.19,0.65,0.42,0.44,,0.81,0.23,0.5,0.22,,0.61,0.66,1055.0,223.0,819.0,497.0,558.0,0.0,237.0,12.0,24.0,280.0,0.0,132.0,372.0,2453.0,1173.0,1280.0,1185.0,1268.0,6.0,289.0,52.0,48.0,1271.0,4.0,217.0,564.0,0,0,0,0,0,1,0,0,0,0,1,0,0,0,0,0,0,0,0,0,0,0,0,0,0,0,0,0,0,0,0,0,0,0,0,0,0,0,0,,,,
2016,san jose unified,"City, large",0.45,0.23,0.7,0.42,0.48,,0.84,0.41,0.6,0.24,,0.66,0.7,1127.0,299.0,842.0,516.0,612.0,0.0,263.0,21.0,26.0,314.0,0.0,85.0,412.0,2504.0,1301.0,1203.0,1229.0,1275.0,5.0,314.0,51.0,43.0,1365.0,9.0,128.0,588.0,0,0,0,0,0,1,0,0,0,0,1,0,0,0,0,0,0,0,0,0,0,0,0,0,0,0,0,0,0,0,0,0,0,0,0,0,0,0,0,0.43,,,
2017,san jose unified,"City, large",0.4858,0.2507,0.6969,0.4567,0.5131,,0.81,0.2807,0.4231,0.2884,,0.7206,0.7124,1077.0,263.0,814.0,491.0,586.0,0.0,226.0,16.0,11.0,338.0,0.0,98.0,379.0,2217.0,1049.0,1168.0,1075.0,1142.0,0.0,279.0,57.0,26.0,1172.0,0.0,136.0,532.0,0,0,0,0,0,1,0,0,0,0,1,0,0,0,0,0,0,0,0,0,0,0,0,0,0,0,0,0,0,0,0,0,0,0,0,0,0,0,0,0.45,0.43,,
2018,san jose unified,"City, large",0.4836,0.2543,0.6931,0.476,0.491,,0.8731,0.2745,0.5429,0.2785,,0.6779,0.6986,1107.0,278.0,829.0,536.0,571.0,0.0,282.0,14.0,19.0,342.0,0.0,101.0,343.0,2290.0,1094.0,1196.0,1126.0,1164.0,0.0,323.0,51.0,35.0,1229.0,0.0,149.0,491.0,0,0,0,0,0,1,0,0,0,0,1,0,0,0,0,0,0,0,0,0,0,0,0,0,0,0,0,0,0,0,0,0,0,0,0,0,0,0,0,0.4858,0.45,0.43,
2019,san jose unified,"City, large",0.4707,0.2289,0.6489,0.4518,0.4894,,0.8076,0.5106,0.5122,0.2491,,0.6849,0.7155,1013.0,209.0,804.0,483.0,530.0,0.0,235.0,24.0,21.0,282.0,0.0,100.0,347.0,2152.0,913.0,1239.0,1069.0,1083.0,4.0,291.0,47.0,41.0,1132.0,6.0,146.0,485.0,0,0,0,0,0,1,0,0,0,0,1,0,0,0,0,0,0,0,0,0,0,0,0,0,0,0,0,0,0,0,0,0,0,0,0,0,0,0,0,0.4836,0.4858,0.45,0.43
2015,san juan unified,"Suburb, large",0.31,0.16,0.48,0.3,0.32,0.27,0.54,0.08,0.41,0.16,0.2,0.38,0.39,1008.0,273.0,741.0,484.0,540.0,7.0,92.0,22.0,20.0,117.0,7.0,10.0,736.0,3250.0,1706.0,1544.0,1614.0,1636.0,26.0,170.0,275.0,49.0,780.0,35.0,26.0,1887.0,0,0,0,0,0,0,0,0,0,0,0,0,0,0,0,0,0,0,0,0,0,0,0,0,0,0,0,0,0,0,0,0,0,0,0,0,0,0,0,,,,
2016,san juan unified,"Suburb, large",0.37,0.23,0.53,0.36,0.38,0.25,0.49,0.15,0.43,0.23,0.28,0.37,0.45,1244.0,397.0,826.0,573.0,656.0,4.0,90.0,44.0,15.0,185.0,11.0,10.0,881.0,3363.0,1804.0,1559.0,1636.0,1727.0,16.0,184.0,295.0,35.0,804.0,39.0,28.0,1959.0,0,0,0,0,0,0,0,0,0,0,0,0,0,0,0,0,0,0,0,0,0,0,0,0,0,0,0,0,0,0,0,0,0,0,0,0,0,0,0,0.31,,,
2017,san juan unified,"Suburb, large",0.3455,0.2155,0.4861,0.3356,0.3547,0.0417,0.4699,0.1473,0.5,0.2101,0.3043,0.2827,0.4344,1138.0,369.0,770.0,536.0,602.0,1.0,86.0,38.0,18.0,174.0,7.0,54.0,758.0,3296.0,1712.0,1584.0,1598.0,1698.0,24.0,183.0,258.0,36.0,829.0,23.0,191.0,1746.0,0,0,0,0,0,0,0,0,0,0,0,0,0,0,0,0,0,0,0,0,0,0,0,0,0,0,0,0,0,0,0,0,0,0,0,0,0,0,0,0.37,0.31,,
2018,san juan unified,"Suburb, large",0.3778,0.2453,0.523,0.3596,0.3946,0.2143,0.4229,0.1304,0.4375,0.2395,0.1739,0.3651,0.4641,1220.0,414.0,806.0,557.0,663.0,3.0,85.0,27.0,14.0,183.0,4.0,69.0,834.0,3230.0,1688.0,1542.0,1549.0,1681.0,14.0,201.0,207.0,32.0,765.0,23.0,189.0,1797.0,0,0,0,0,0,0,0,0,0,0,0,0,0,0,0,0,0,0,0,0,0,0,0,0,0,0,0,0,0,0,0,0,0,0,0,0,0,0,0,0.3455,0.37,0.31,
2019,san juan unified,"Suburb, large",0.413,0.2818,0.5771,0.4121,0.4138,0.2222,0.4271,0.1931,0.5882,0.3041,0.1538,0.4293,0.4897,1141.0,432.0,709.0,539.0,602.0,4.0,82.0,39.0,10.0,199.0,2.0,85.0,715.0,2763.0,1535.0,1228.0,1308.0,1455.0,18.0,192.0,202.0,17.0,654.0,13.0,199.0,1461.0,0,0,0,0,0,0,0,0,0,0,0,0,0,0,0,0,0,0,0,0,0,0,0,0,0,0,0,0,0,0,0,0,0,0,0,0,0,0,0,0.3778,0.3455,0.37,0.31
2015,san leandro unified,"City, small",0.26,0.2,0.44,0.26,0.26,,0.48,0.14,0.33,0.21,,0.26,0.35,168.0,93.0,78.0,79.0,88.0,0.0,45.0,11.0,14.0,72.0,0.0,7.0,19.0,646.0,468.0,178.0,307.0,339.0,3.0,93.0,78.0,43.0,341.0,7.0,27.0,54.0,0,0,0,0,0,1,0,0,0,0,1,0,0,0,0,0,0,0,0,0,0,0,0,0,0,0,0,0,0,0,0,0,0,0,0,0,0,0,0,,,,
2016,san leandro unified,"City, small",0.25,0.19,0.36,0.2,0.29,,0.6,0.16,0.37,0.15,,0.33,0.3,159.0,79.0,80.0,61.0,95.0,0.0,55.0,13.0,16.0,45.0,0.0,9.0,17.0,637.0,414.0,223.0,308.0,329.0,5.0,92.0,82.0,44.0,320.0,10.0,27.0,57.0,0,0,0,0,0,1,0,0,0,0,1,0,0,0,0,0,0,0,0,0,0,0,0,0,0,0,0,0,0,0,0,0,0,0,0,0,0,0,0,0.26,,,
2017,san leandro unified,"City, small",0.304,0.2165,0.4494,0.3019,0.3057,,0.4828,0.1806,0.5,0.2208,,0.3056,0.4545,200.0,89.0,111.0,93.0,107.0,0.0,56.0,13.0,19.0,70.0,0.0,11.0,30.0,658.0,411.0,247.0,308.0,350.0,0.0,116.0,72.0,38.0,317.0,0.0,36.0,66.0,0,0,0,0,0,1,0,0,0,0,1,0,0,0,0,0,0,0,0,0,0,0,0,0,0,0,0,0,0,0,0,0,0,0,0,0,0,0,0,0.25,0.26,,
2018,san leandro unified,"City, small",0.281,0.2163,0.42,0.273,0.2883,,0.5,0.1429,0.25,0.2122,,0.3333,0.4375,177.0,93.0,84.0,83.0,94.0,0.0,53.0,11.0,9.0,66.0,0.0,14.0,21.0,631.0,430.0,201.0,304.0,327.0,0.0,106.0,77.0,36.0,311.0,0.0,42.0,49.0,0,0,0,0,0,1,0,0,0,0,1,0,0,0,0,0,0,0,0,0,0,0,0,0,0,0,0,0,0,0,0,0,0,0,0,0,0,0,0,0.304,0.25,0.26,
2019,san leandro unified,"City, small",0.3729,0.303,0.5048,0.3569,0.3898,,0.5673,0.1639,0.5476,0.2776,,0.5625,0.5273,226.0,120.0,106.0,111.0,115.0,0.0,59.0,10.0,23.0,83.0,0.0,18.0,29.0,606.0,396.0,210.0,311.0,295.0,0.0,104.0,61.0,42.0,299.0,8.0,32.0,55.0,0,0,0,0,0,1,0,0,0,0,1,0,0,0,0,0,0,0,0,0,0,0,0,0,0,0,0,0,0,0,0,0,0,0,0,0,0,0,0,0.281,0.304,0.25,0.26
2015,san lorenzo unified,"Suburb, large",0.22,0.18,0.31,0.19,0.25,,0.56,0.07,0.29,0.16,,0.11,0.29,185.0,113.0,80.0,87.0,107.0,0.0,58.0,6.0,20.0,82.0,0.0,2.0,20.0,884.0,627.0,257.0,458.0,426.0,6.0,105.0,86.0,71.0,513.0,10.0,18.0,69.0,0,0,0,0,0,1,0,0,0,0,1,0,0,0,0,0,0,0,0,0,0,0,0,0,0,0,0,0,0,0,0,0,0,0,0,0,0,0,0,,,,
2016,san lorenzo unified,"Suburb, large",0.24,0.2,0.39,0.24,0.24,,0.62,0.09,0.49,0.15,0.17,0.48,0.34,205.0,130.0,77.0,101.0,107.0,0.0,66.0,7.0,20.0,78.0,3.0,11.0,21.0,851.0,649.0,202.0,406.0,445.0,2.0,106.0,80.0,41.0,517.0,18.0,23.0,61.0,0,0,0,0,0,1,0,0,0,0,0,0,0,0,0,0,0,0,0,0,0,0,0,0,0,0,0,0,0,0,0,0,0,0,0,0,0,0,0,0.22,,,
2017,san lorenzo unified,"Suburb, large",0.211,0.1888,0.2714,0.1942,0.2269,,0.5398,0.0833,0.3478,0.1239,0.0909,0.3333,0.2857,165.0,108.0,57.0,74.0,91.0,0.0,61.0,7.0,16.0,55.0,1.0,6.0,18.0,782.0,572.0,210.0,381.0,401.0,0.0,113.0,84.0,46.0,444.0,11.0,18.0,63.0,0,0,0,0,0,1,0,0,0,0,0,0,0,0,0,0,0,0,0,0,0,0,0,0,0,0,0,0,0,0,0,0,0,0,0,0,0,0,0,0.24,0.22,,
2018,san lorenzo unified,"Suburb, large",0.2565,0.2028,0.4059,0.2196,0.2927,,0.5138,0.0328,0.4565,0.197,0.2308,0.3684,0.3265,196.0,114.0,82.0,83.0,113.0,0.0,56.0,2.0,21.0,91.0,3.0,7.0,16.0,764.0,562.0,202.0,378.0,386.0,0.0,109.0,61.0,46.0,462.0,13.0,19.0,49.0,0,0,0,0,0,1,0,0,0,0,0,0,0,0,0,0,0,0,0,0,0,0,0,0,0,0,0,0,0,0,0,0,0,0,0,0,0,0,0,0.211,0.24,0.22,
2019,san lorenzo unified,"Suburb, large",0.264,0.2183,0.3656,0.2204,0.3071,,0.5179,0.0702,0.2558,0.2019,0.0,0.2353,0.4375,193.0,110.0,83.0,80.0,113.0,0.0,58.0,4.0,11.0,84.0,0.0,4.0,28.0,732.0,504.0,228.0,363.0,369.0,0.0,112.0,57.0,43.0,417.0,14.0,17.0,64.0,0,0,0,0,0,1,0,0,0,0,0,0,0,0,0,0,0,0,0,0,0,0,0,0,0,0,0,0,0,0,0,0,0,0,0,0,0,0,0,0.2565,0.211,0.24,0.22
2015,san luis coastal unified,"City, small",0.56,0.33,0.7,0.53,0.58,,0.71,,,0.33,,0.67,0.67,327.0,77.0,253.0,157.0,174.0,0.0,17.0,0.0,0.0,59.0,,22.0,229.0,595.0,234.0,361.0,296.0,299.0,1.0,24.0,3.0,8.0,178.0,,33.0,347.0,0,0,0,0,0,1,0,1,1,0,1,0,0,0,0,0,0,0,0,0,0,0,0,1,0,0,0,0,0,0,0,0,0,0,0,0,1,0,0,,,,
2016,san luis coastal unified,"City, small",0.62,0.46,0.75,0.61,0.63,,0.84,,0.75,0.4,,0.63,0.74,343.0,113.0,232.0,160.0,183.0,0.0,16.0,0.0,12.0,71.0,0.0,15.0,222.0,554.0,245.0,309.0,263.0,291.0,1.0,19.0,7.0,16.0,183.0,3.0,24.0,301.0,0,0,0,0,0,1,0,1,0,0,1,0,0,0,0,0,0,0,0,0,0,0,0,0,0,0,0,0,0,0,0,0,0,0,0,0,0,0,0,0.56,,,
2017,san luis coastal unified,"City, small",0.7031,0.4952,0.8299,0.7107,0.6952,,0.9231,,,0.4819,,0.8276,0.7909,386.0,103.0,283.0,199.0,187.0,0.0,12.0,0.0,0.0,80.0,,24.0,261.0,549.0,208.0,341.0,280.0,269.0,0.0,13.0,0.0,0.0,166.0,,29.0,330.0,0,0,0,0,0,1,0,1,1,0,1,0,0,0,0,0,0,0,0,0,0,0,0,1,0,0,0,0,0,0,0,0,0,0,0,0,1,0,0,0.62,0.56,,
2018,san luis coastal unified,"City, small",0.6503,0.4837,0.7855,0.6493,0.6512,,0.9286,,0.8,0.4712,,0.8214,0.7304,357.0,119.0,238.0,174.0,183.0,0.0,13.0,0.0,12.0,90.0,0.0,23.0,214.0,549.0,246.0,303.0,268.0,281.0,0.0,14.0,0.0,15.0,191.0,0.0,28.0,293.0,0,0,0,0,0,1,0,1,0,0,1,0,0,0,0,0,0,0,0,0,0,0,0,0,0,0,0,0,0,0,0,0,0,0,0,0,0,0,0,0.7031,0.62,0.56,
2019,san luis coastal unified,"City, small",0.7233,0.5333,0.8397,0.707,0.7374,,0.9048,,,0.5465,,0.7436,0.8066,400.0,112.0,288.0,181.0,219.0,0.0,19.0,0.0,0.0,94.0,0.0,29.0,246.0,553.0,210.0,343.0,256.0,297.0,0.0,21.0,5.0,7.0,172.0,0.0,39.0,305.0,0,0,0,0,0,1,0,1,1,0,1,0,0,0,0,0,0,0,0,0,0,0,0,0,0,0,0,0,0,0,0,0,0,0,0,0,0,0,0,0.6503,0.7031,0.62,0.56
2015,san marcos unified,"Suburb, large",0.52,0.31,0.69,0.51,0.53,,0.85,0.42,0.74,0.29,,0.66,0.68,864.0,244.0,621.0,435.0,419.0,0.0,80.0,14.0,32.0,206.0,0.0,25.0,501.0,1661.0,760.0,901.0,870.0,791.0,7.0,94.0,33.0,43.0,711.0,6.0,38.0,725.0,0,0,0,0,0,1,0,0,0,0,1,0,0,0,0,0,0,0,0,0,0,0,0,0,0,0,0,0,0,0,0,0,0,0,0,0,0,0,0,,,,
2016,san marcos unified,"Suburb, large",0.58,0.35,0.75,0.55,0.61,,0.87,0.52,0.87,0.37,,0.75,0.74,1024.0,267.0,752.0,488.0,536.0,0.0,75.0,11.0,34.0,302.0,0.0,40.0,534.0,1766.0,764.0,1002.0,887.0,879.0,3.0,86.0,21.0,39.0,816.0,6.0,53.0,722.0,0,0,0,0,0,1,0,0,0,0,1,0,0,0,0,0,0,0,0,0,0,0,0,0,0,0,0,0,0,0,0,0,0,0,0,0,0,0,0,0.52,,,
2017,san marcos unified,"Suburb, large",0.5588,0.3645,0.6921,0.5292,0.5889,,0.869,0.3846,0.7692,0.3711,,,0.7078,918.0,243.0,674.0,437.0,481.0,0.0,76.0,10.0,22.0,276.0,0.0,0.0,530.0,1642.0,668.0,974.0,825.0,817.0,0.0,87.0,27.0,28.0,743.0,0.0,0.0,748.0,0,0,0,0,0,1,0,0,0,0,1,1,0,0,0,0,0,0,0,0,0,0,0,0,0,0,0,0,0,0,0,0,0,0,0,0,0,0,0,0.58,0.52,,
2018,san marcos unified,"Suburb, large",0.5827,0.4018,0.7061,0.5706,0.595,,0.8876,0.6667,0.65,0.4148,,,0.7172,948.0,265.0,683.0,467.0,481.0,0.0,79.0,12.0,13.0,310.0,0.0,0.0,527.0,1627.0,660.0,967.0,820.0,807.0,0.0,89.0,19.0,20.0,748.0,0.0,0.0,734.0,0,0,0,0,0,1,0,0,0,0,1,1,0,0,0,0,0,0,0,0,0,0,0,0,0,0,0,0,0,0,0,0,0,0,0,0,0,0,0,0.5588,0.58,0.52,
2019,san marcos unified,"Suburb, large",0.6367,0.408,0.7615,0.6077,0.6649,,0.9219,0.5882,0.7436,0.4704,,,0.7598,941.0,213.0,728.0,443.0,498.0,0.0,118.0,20.0,29.0,318.0,0.0,0.0,446.0,1478.0,522.0,956.0,729.0,749.0,4.0,128.0,34.0,39.0,676.0,8.0,0.0,587.0,0,0,0,0,0,1,0,0,0,0,1,1,0,0,0,0,0,0,0,0,0,0,0,0,0,0,0,0,0,0,0,0,0,0,0,0,0,0,0,0.5827,0.5588,0.58,0.52
2015,san marino unified,"Suburb, large",0.8,,0.81,0.82,0.79,,0.87,,,0.52,,0.69,0.85,151.0,0.0,152.0,73.0,79.0,,83.0,,0.0,14.0,,11.0,40.0,189.0,2.0,187.0,89.0,100.0,,95.0,,4.0,27.0,,16.0,47.0,0,1,0,0,0,1,0,1,1,0,1,0,0,0,0,0,0,0,1,0,1,0,0,1,0,0,0,0,0,0,0,1,0,1,0,0,1,0,0,,,,
2016,san marino unified,"Suburb, large",0.93,,0.93,0.93,0.93,,0.95,,,0.81,,0.9,0.97,167.0,0.0,163.0,83.0,85.0,,100.0,,0.0,17.0,,18.0,28.0,180.0,4.0,176.0,89.0,91.0,,104.0,,5.0,21.0,,20.0,29.0,0,1,0,0,0,1,0,1,1,0,1,0,0,0,0,0,0,0,1,0,1,0,0,1,0,0,0,0,0,0,0,1,0,1,0,0,1,0,0,0.8,,,
2017,san marino unified,"Suburb, large",0.9269,,0.9263,0.8762,0.9737,,0.9421,,,0.9524,,1.0,0.8596,203.0,0.0,201.0,92.0,111.0,,114.0,,0.0,20.0,,17.0,49.0,219.0,0.0,217.0,105.0,114.0,,121.0,,0.0,21.0,,17.0,57.0,0,1,0,0,0,1,0,1,1,0,1,0,0,0,0,0,0,0,1,0,1,0,0,1,0,0,0,0,0,0,0,1,0,1,0,0,1,0,0,0.93,0.8,,
2018,san marino unified,"Suburb, large",0.9171,0.8667,0.9211,0.9074,0.9278,,0.95,,,0.8667,,0.9259,0.8333,188.0,13.0,175.0,98.0,90.0,,114.0,0.0,0.0,13.0,0.0,25.0,30.0,205.0,15.0,190.0,108.0,97.0,,120.0,0.0,0.0,15.0,0.0,27.0,36.0,0,0,0,0,0,1,0,1,1,0,1,0,0,0,0,0,0,0,1,0,0,0,0,0,0,0,0,0,0,0,0,1,0,0,0,0,0,0,0,0.9269,0.93,0.8,
2019,san marino unified,"Suburb, large",0.8985,0.8947,0.8989,0.8736,0.9182,,0.9369,,,,,0.8667,0.8571,177.0,17.0,160.0,76.0,101.0,,104.0,0.0,0.0,0.0,,26.0,36.0,197.0,19.0,178.0,87.0,110.0,,111.0,0.0,0.0,8.0,,30.0,42.0,0,0,0,0,0,1,0,1,1,1,1,0,0,0,0,0,0,0,1,0,0,0,0,1,0,0,0,0,0,0,0,1,0,0,0,0,1,0,0,0.9171,0.9269,0.93,0.8
2015,san mateo-foster city,"Suburb, large",0.61,0.28,0.76,0.6,0.62,,0.93,0.23,0.62,0.32,0.29,0.76,0.71,805.0,117.0,686.0,408.0,397.0,0.0,276.0,5.0,36.0,141.0,10.0,78.0,258.0,1320.0,418.0,902.0,680.0,640.0,2.0,297.0,22.0,58.0,440.0,35.0,103.0,363.0,0,0,0,0,0,1,0,0,0,0,0,0,0,0,0,0,0,0,0,0,0,0,0,0,0,0,0,0,0,0,0,0,0,0,0,0,0,0,0,,,,
2016,san mateo-foster city,"Suburb, large",0.59,0.24,0.75,0.56,0.62,,0.9,0.46,0.66,0.27,0.36,0.89,0.69,761.0,96.0,667.0,346.0,424.0,0.0,290.0,6.0,35.0,123.0,10.0,93.0,199.0,1290.0,401.0,889.0,606.0,684.0,3.0,322.0,13.0,53.0,472.0,28.0,106.0,289.0,0,0,0,0,0,1,0,0,0,0,0,0,0,0,0,0,0,0,0,0,0,0,0,0,0,0,0,0,0,0,0,0,0,0,0,0,0,0,0,0.61,,,
2017,san mateo-foster city,"Suburb, large",0.555,0.1842,0.7305,0.5204,0.5835,,0.8349,0.3571,0.5556,0.2237,0.3462,0.6827,0.6957,722.0,77.0,645.0,306.0,416.0,0.0,273.0,5.0,25.0,98.0,9.0,71.0,240.0,1301.0,418.0,883.0,588.0,713.0,0.0,327.0,14.0,45.0,438.0,26.0,104.0,345.0,0,0,0,0,0,1,0,0,0,0,0,0,0,0,0,0,0,0,0,0,0,0,0,0,0,0,0,0,0,0,0,0,0,0,0,0,0,0,0,0.59,0.61,,
2018,san mateo-foster city,"Suburb, large",0.5691,0.2174,0.7491,0.5801,0.5581,,0.8605,,0.7097,0.2576,0.1143,0.8,0.7314,696.0,90.0,606.0,355.0,341.0,,253.0,0.0,22.0,118.0,4.0,68.0,226.0,1223.0,414.0,809.0,612.0,611.0,,294.0,0.0,31.0,458.0,35.0,85.0,309.0,0,0,0,0,0,1,0,1,0,0,0,0,0,0,0,0,0,0,1,0,0,0,0,0,0,0,0,0,0,0,0,1,0,0,0,0,0,0,0,0.555,0.59,0.61,
2019,san mateo-foster city,"Suburb, large",0.5995,0.2566,0.757,0.5803,0.6174,,0.914,0.25,0.7778,0.2679,0.5833,0.7606,0.723,720.0,97.0,623.0,336.0,384.0,0.0,255.0,3.0,21.0,116.0,14.0,108.0,201.0,1201.0,378.0,823.0,579.0,622.0,0.0,279.0,12.0,27.0,433.0,24.0,142.0,278.0,0,0,0,0,0,1,0,0,0,0,0,0,0,0,0,0,0,0,0,0,0,0,0,0,0,0,0,0,0,0,0,0,0,0,0,0,0,0,0,0.5691,0.555,0.59,0.61
2015,san miguel joint union,"Rural, distant",0.22,0.12,0.41,0.22,0.23,,,,,0.26,,,0.2,14.0,5.0,9.0,7.0,7.0,,,0.0,,10.0,0.0,0.0,4.0,63.0,41.0,22.0,32.0,31.0,,,1.0,,39.0,1.0,2.0,20.0,0,0,0,0,0,1,1,1,1,0,1,1,0,0,0,0,0,0,1,1,0,1,0,0,0,0,0,0,0,0,0,1,1,0,1,0,0,0,0,,,,
2016,san miguel joint union,"Rural, distant",0.35,0.36,0.33,0.42,0.28,,,,,0.31,,,0.41,27.0,19.0,8.0,16.0,11.0,,,,0.0,15.0,,0.0,11.0,77.0,53.0,24.0,38.0,39.0,,,,1.0,48.0,,1.0,27.0,0,0,0,0,0,1,1,1,1,0,1,1,0,0,0,0,0,0,1,1,1,0,0,1,0,0,0,0,0,0,0,1,1,1,0,0,1,0,0,0.22,,,
2017,san miguel joint union,"Rural, distant",0.3768,0.3404,0.4545,0.4063,0.3514,,,,,0.3171,,,0.4444,26.0,16.0,10.0,13.0,13.0,,,,,13.0,0.0,,12.0,69.0,47.0,22.0,32.0,37.0,,,,,41.0,0.0,,27.0,0,0,0,0,0,1,1,1,1,0,1,1,0,0,0,0,0,0,1,1,1,1,0,0,1,0,0,0,0,0,0,1,1,1,1,0,0,1,0,0.35,0.22,,
2018,san miguel joint union,"Rural, distant",0.4677,0.4737,0.4583,0.4375,0.5,,,,,0.3636,,,0.7333,29.0,18.0,11.0,14.0,15.0,0.0,,,,16.0,,0.0,11.0,62.0,38.0,24.0,32.0,30.0,0.0,,,,44.0,,0.0,15.0,0,0,0,0,0,1,1,1,1,0,1,1,0,0,0,0,0,0,0,1,1,1,0,1,0,0,0,0,0,0,0,0,1,1,1,0,1,0,0,0.3768,0.35,0.22,
2019,san miguel joint union,"Rural, distant",0.4259,0.4595,0.3529,0.3182,0.5,,,,,0.4722,,,0.3529,23.0,17.0,6.0,7.0,16.0,0.0,,,,17.0,,,6.0,54.0,37.0,17.0,22.0,32.0,0.0,,,,36.0,,,17.0,0,0,0,0,0,1,1,1,1,0,1,1,0,0,0,0,0,0,0,1,1,1,0,1,1,0,0,0,0,0,0,0,1,1,1,0,1,1,0,0.4677,0.3768,0.35,0.22
2015,san pasqual union elementary,"Rural, fringe",0.48,0.27,0.55,0.44,0.53,,,,,0.27,,,0.6,31.0,4.0,27.0,14.0,17.0,0.0,,0.0,0.0,4.0,,0.0,25.0,64.0,15.0,49.0,32.0,32.0,1.0,,2.0,1.0,15.0,,3.0,42.0,0,0,0,0,0,1,1,1,1,0,1,1,0,0,0,0,0,0,0,1,0,0,0,1,0,0,0,0,0,0,0,0,1,0,0,0,1,0,0,,,,
2016,san pasqual union elementary,"Rural, fringe",0.53,0.27,0.58,0.44,0.62,,,,,0.36,,,0.55,35.0,3.0,32.0,14.0,21.0,,0.0,0.0,0.0,5.0,,0.0,23.0,66.0,11.0,55.0,32.0,34.0,,1.0,3.0,2.0,14.0,,4.0,42.0,0,0,0,0,0,1,1,1,1,0,1,1,0,0,0,0,0,0,1,0,0,0,0,1,0,0,0,0,0,0,0,1,0,0,0,0,1,0,0,0.48,,,
2017,san pasqual union elementary,"Rural, fringe",0.4643,,0.5102,0.3939,0.5652,,,,,0.25,,,0.4857,26.0,0.0,25.0,13.0,13.0,,,,,4.0,,0.0,17.0,56.0,0.0,49.0,33.0,23.0,,,,,16.0,,0.0,35.0,0,1,0,0,0,1,1,1,1,0,1,1,0,0,0,0,0,0,1,1,1,1,0,1,0,0,0,0,0,0,0,1,1,1,1,0,1,0,0,0.53,0.48,,
2018,san pasqual union elementary,"Rural, fringe",0.5556,,0.5818,0.5484,0.5625,,,,,0.4118,,,0.575,35.0,0.0,32.0,17.0,18.0,0.0,,,0.0,7.0,,0.0,23.0,63.0,0.0,55.0,31.0,32.0,0.0,,,0.0,17.0,,0.0,40.0,0,1,0,0,0,1,1,1,1,0,1,1,0,0,0,0,0,0,0,1,1,0,0,1,0,0,0,0,0,0,0,0,1,1,0,0,1,0,0,0.4643,0.53,0.48,
2019,san pasqual union elementary,"Rural, fringe",0.5614,0.3846,0.6136,0.6364,0.4583,,,,,0.4167,,,0.6216,32.0,5.0,27.0,21.0,11.0,0.0,,,0.0,5.0,,0.0,23.0,57.0,13.0,44.0,33.0,24.0,0.0,,,0.0,12.0,,5.0,37.0,0,0,0,0,0,1,1,1,1,0,1,1,0,0,0,0,0,0,0,1,1,0,0,1,0,0,0,0,0,0,0,0,1,1,0,0,1,0,0,0.5556,0.4643,0.53,0.48
2015,san rafael city elementary,"City, small",0.42,0.26,0.74,0.37,0.46,,0.85,,,0.22,,,0.79,221.0,96.0,122.0,95.0,123.0,0.0,22.0,0.0,0.0,76.0,0.0,,118.0,524.0,356.0,168.0,255.0,269.0,2.0,26.0,7.0,9.0,330.0,1.0,,149.0,0,0,0,0,0,1,0,1,1,0,1,1,0,0,0,0,0,0,0,0,0,0,0,0,1,0,0,0,0,0,0,0,0,0,0,0,0,1,0,,,,
2016,san rafael city elementary,"City, small",0.49,0.29,0.85,0.46,0.51,,0.93,,,0.3,,,0.88,263.0,101.0,161.0,109.0,153.0,0.0,14.0,0.0,0.0,109.0,,0.0,136.0,537.0,348.0,189.0,237.0,300.0,1.0,15.0,6.0,1.0,352.0,,3.0,152.0,0,0,0,0,0,1,0,1,1,0,1,1,0,0,0,0,0,0,0,0,0,0,0,1,0,0,0,0,0,0,0,0,0,0,0,0,1,0,0,0.42,,,
2017,san rafael city elementary,"City, small",0.4273,0.2568,0.7663,0.3971,0.4568,,0.8,,,0.2603,,,0.8085,235.0,94.0,141.0,108.0,127.0,0.0,20.0,0.0,0.0,95.0,0.0,0.0,114.0,550.0,366.0,184.0,272.0,278.0,0.0,25.0,0.0,0.0,365.0,0.0,0.0,141.0,0,0,0,0,0,1,0,1,1,0,1,1,0,0,0,0,0,0,0,0,0,0,0,0,0,0,0,0,0,0,0,0,0,0,0,0,0,0,0,0.49,0.42,,
2018,san rafael city elementary,"City, small",0.4844,0.3556,0.7895,0.4303,0.5336,,0.8333,,,0.3549,,,0.8099,248.0,128.0,120.0,105.0,143.0,0.0,20.0,0.0,0.0,126.0,,0.0,98.0,512.0,360.0,152.0,244.0,268.0,0.0,24.0,0.0,0.0,355.0,,0.0,121.0,0,0,0,0,0,1,0,1,1,0,1,1,0,0,0,0,0,0,0,0,0,0,0,1,0,0,0,0,0,0,0,0,0,0,0,0,1,0,0,0.4273,0.49,0.42,
2019,san rafael city elementary,"City, small",0.4311,0.2584,0.7366,0.4167,0.4449,,0.7368,,,0.2661,,,0.8231,222.0,85.0,137.0,105.0,117.0,0.0,14.0,0.0,0.0,95.0,0.0,0.0,107.0,516.0,330.0,186.0,252.0,264.0,0.0,19.0,0.0,0.0,358.0,0.0,0.0,130.0,0,0,0,0,0,1,0,1,1,0,1,1,0,0,0,0,0,0,0,0,0,0,0,0,0,0,0,0,0,0,0,0,0,0,0,0,0,0,0,0.4844,0.4273,0.49,0.42
2015,san ramon valley unified,"City, small",0.75,0.41,0.76,0.73,0.76,,0.87,0.46,0.73,0.54,,0.69,0.7,1828.0,39.0,1807.0,852.0,989.0,0.0,750.0,16.0,67.0,101.0,0.0,134.0,763.0,2471.0,94.0,2377.0,1152.0,1319.0,3.0,862.0,35.0,92.0,188.0,6.0,195.0,1090.0,0,0,0,0,0,1,0,0,0,0,1,0,0,0,0,0,0,0,0,0,0,0,0,0,0,0,0,0,0,0,0,0,0,0,0,0,0,0,0,,,,
2016,san ramon valley unified,"City, small",0.77,0.49,0.78,0.75,0.79,,0.88,0.5,0.79,0.67,,0.76,0.7,1948.0,58.0,1880.0,942.0,1005.0,0.0,828.0,23.0,80.0,125.0,0.0,162.0,711.0,2529.0,119.0,2410.0,1256.0,1273.0,2.0,941.0,46.0,101.0,187.0,8.0,213.0,1031.0,0,0,0,0,0,1,0,0,0,0,1,0,0,0,0,0,0,0,0,0,0,0,0,0,0,0,0,0,0,0,0,0,0,0,0,0,0,0,0,0.75,,,
2017,san ramon valley unified,"City, small",0.7888,0.4747,0.8025,0.7685,0.807,,0.8888,0.4667,0.7778,0.5784,,0.7876,0.7469,1875.0,47.0,1828.0,863.0,1012.0,0.0,839.0,21.0,49.0,118.0,0.0,178.0,664.0,2377.0,99.0,2278.0,1123.0,1254.0,0.0,944.0,45.0,63.0,204.0,0.0,226.0,889.0,0,0,0,0,0,1,0,0,0,0,1,0,0,0,0,0,0,0,0,0,0,0,0,0,0,0,0,0,0,0,0,0,0,0,0,0,0,0,0,0.77,0.75,,
2018,san ramon valley unified,"City, small",0.8093,0.5935,0.8246,0.7875,0.8298,,0.8964,0.5357,0.7692,0.6398,,0.8148,0.7667,1897.0,92.0,1805.0,893.0,1004.0,0.0,839.0,15.0,50.0,135.0,0.0,198.0,654.0,2344.0,155.0,2189.0,1134.0,1210.0,0.0,936.0,28.0,65.0,211.0,0.0,243.0,853.0,0,0,0,0,0,1,0,0,0,0,1,0,0,0,0,0,0,0,0,0,0,0,0,0,0,0,0,0,0,0,0,0,0,0,0,0,0,0,0,0.7888,0.77,0.75,
2019,san ramon valley unified,"City, small",0.8074,0.5147,0.8264,0.7875,0.8267,,0.901,0.5789,0.6935,0.5938,,0.8413,0.7661,1807.0,70.0,1737.0,867.0,940.0,0.0,828.0,22.0,43.0,114.0,0.0,175.0,619.0,2238.0,136.0,2102.0,1101.0,1137.0,4.0,919.0,38.0,62.0,192.0,7.0,208.0,808.0,0,0,0,0,0,1,0,0,0,0,1,0,0,0,0,0,0,0,0,0,0,0,0,0,0,0,0,0,0,0,0,0,0,0,0,0,0,0,0,0.8093,0.7888,0.77,0.75
2015,san ysidro elementary,"City, large",0.21,0.16,0.38,0.2,0.21,,,0.1,0.44,0.18,,,0.83,118.0,72.0,42.0,51.0,64.0,0.0,0.0,1.0,11.0,91.0,,0.0,10.0,563.0,451.0,112.0,254.0,309.0,1.0,8.0,11.0,25.0,504.0,,2.0,12.0,0,0,0,0,0,1,1,0,0,0,1,1,0,0,0,0,0,0,0,0,0,0,0,1,0,0,0,0,0,0,0,0,0,0,0,0,1,0,0,,,,
2016,san ysidro elementary,"City, large",0.19,0.19,,0.2,0.18,,,0.23,0.59,0.17,,,,108.0,106.0,0.0,56.0,51.0,,0.0,3.0,13.0,89.0,,0.0,0.0,567.0,558.0,9.0,283.0,284.0,,3.0,13.0,22.0,518.0,,3.0,7.0,0,0,1,0,0,1,1,0,0,0,1,1,1,0,0,0,0,0,1,0,0,0,0,1,0,0,0,0,0,0,0,1,0,0,0,0,1,0,0,0.21,,,
2017,san ysidro elementary,"City, large",0.2152,0.1765,0.2961,0.1903,0.2424,,,0.1053,0.75,0.1992,,,,119.0,66.0,53.0,55.0,64.0,,0.0,2.0,12.0,100.0,0.0,0.0,0.0,553.0,374.0,179.0,289.0,264.0,,0.0,19.0,16.0,502.0,0.0,0.0,0.0,0,0,0,0,0,1,1,0,0,0,1,1,1,0,0,0,0,0,1,0,0,0,0,0,0,0,0,0,0,0,0,1,0,0,0,0,0,0,0,0.19,0.21,,
2018,san ysidro elementary,"City, large",0.2524,0.2129,0.378,0.251,0.2537,,,0.3333,0.7083,0.2201,,0.4286,,134.0,86.0,48.0,65.0,69.0,,0.0,4.0,17.0,103.0,0.0,6.0,0.0,531.0,404.0,127.0,259.0,272.0,,0.0,12.0,24.0,468.0,0.0,14.0,0.0,0,0,0,0,0,1,1,0,0,0,1,0,1,0,0,0,0,0,1,0,0,0,0,0,0,0,0,0,0,0,0,1,0,0,0,0,0,0,0,0.2152,0.19,0.21,
2019,san ysidro elementary,"City, large",0.3465,0.313,0.4737,0.2903,0.3975,,,0.3636,0.75,0.3252,,,,158.0,113.0,45.0,63.0,95.0,0.0,0.0,4.0,12.0,134.0,,0.0,0.0,456.0,361.0,95.0,217.0,239.0,0.0,0.0,11.0,16.0,412.0,,8.0,5.0,0,0,0,0,0,1,1,0,0,0,1,1,1,0,0,0,0,0,0,0,0,0,0,1,0,0,0,0,0,0,0,0,0,0,0,0,1,0,0,0.2524,0.2152,0.19,0.21
2015,sanger unified,"Town, fringe",0.32,0.27,0.48,0.31,0.32,,0.42,0.23,,0.27,,0.47,0.46,288.0,186.0,102.0,133.0,151.0,0.0,37.0,3.0,0.0,171.0,,7.0,65.0,902.0,689.0,213.0,428.0,474.0,1.0,88.0,13.0,3.0,635.0,,15.0,143.0,0,0,0,0,0,1,0,0,1,0,1,0,0,0,0,0,0,0,0,0,0,0,0,1,0,0,0,0,0,0,0,0,0,0,0,0,1,0,0,,,,
2016,sanger unified,"Town, fringe",0.37,0.29,0.61,0.38,0.37,,0.44,0.08,,0.3,,0.7,0.69,346.0,201.0,147.0,165.0,185.0,0.0,42.0,1.0,0.0,198.0,,16.0,85.0,934.0,693.0,241.0,446.0,488.0,3.0,96.0,13.0,5.0,662.0,,23.0,121.0,0,0,0,0,0,1,0,0,1,0,1,0,0,0,0,0,0,0,0,0,0,0,0,1,0,0,0,0,0,0,0,0,0,0,0,0,1,0,0,0.32,,,
2017,sanger unified,"Town, fringe",0.4114,0.348,0.5698,0.4299,0.3956,,0.6267,,,0.3467,,0.5,0.5395,381.0,230.0,151.0,184.0,197.0,0.0,47.0,0.0,0.0,225.0,,15.0,82.0,927.0,661.0,266.0,429.0,498.0,0.0,76.0,0.0,0.0,649.0,,30.0,152.0,0,0,0,0,0,1,0,1,1,0,1,0,0,0,0,0,0,0,0,0,0,0,0,1,0,0,0,0,0,0,0,0,0,0,0,0,1,0,0,0.37,0.32,,
2018,sanger unified,"Town, fringe",0.4264,0.3673,0.5922,0.4378,0.4151,,0.4158,0.2727,,0.3698,,0.5366,0.6483,414.0,263.0,151.0,211.0,203.0,0.0,42.0,3.0,0.0,240.0,0.0,22.0,94.0,971.0,716.0,255.0,482.0,489.0,0.0,101.0,11.0,0.0,649.0,0.0,41.0,145.0,0,0,0,0,0,1,0,0,1,0,1,0,0,0,0,0,0,0,0,0,0,0,0,0,0,0,0,0,0,0,0,0,0,0,0,0,0,0,0,0.4114,0.37,0.32,
2019,sanger unified,"Town, fringe",0.4718,0.3981,0.6576,0.4203,0.5191,,0.5514,0.6154,,0.4051,,0.6,0.664,427.0,258.0,169.0,182.0,245.0,,59.0,8.0,0.0,239.0,0.0,21.0,83.0,905.0,648.0,257.0,433.0,472.0,,107.0,13.0,0.0,590.0,0.0,35.0,125.0,0,0,0,0,0,1,0,0,1,0,1,0,0,0,0,0,0,0,1,0,0,0,0,0,0,0,0,0,0,0,0,1,0,0,0,0,0,0,0,0.4264,0.4114,0.37,0.32
2015,santa ana unified,"City, large",0.24,0.24,0.38,0.23,0.26,,0.54,0.09,,0.23,,0.45,0.52,1003.0,909.0,86.0,483.0,540.0,0.0,44.0,1.0,0.0,921.0,0.0,5.0,27.0,4180.0,3952.0,228.0,2102.0,2078.0,5.0,81.0,11.0,5.0,4006.0,9.0,11.0,52.0,0,0,0,0,0,1,0,0,1,0,1,0,0,0,0,0,0,0,0,0,0,0,0,0,0,0,0,0,0,0,0,0,0,0,0,0,0,0,0,,,,
2016,santa ana unified,"City, large",0.28,0.27,0.45,0.25,0.31,,0.68,0.21,,0.27,,0.5,0.47,1172.0,1084.0,78.0,504.0,671.0,0.0,48.0,3.0,0.0,1085.0,0.0,9.0,21.0,4186.0,4014.0,172.0,2019.0,2167.0,4.0,71.0,14.0,9.0,4018.0,6.0,18.0,46.0,0,0,0,0,0,1,0,0,1,0,1,0,0,0,0,0,0,0,0,0,0,0,0,0,0,0,0,0,0,0,0,0,0,0,0,0,0,0,0,0.24,,,
2017,santa ana unified,"City, large",0.2701,0.2581,0.434,0.2533,0.2864,,0.7586,,,0.2551,,0.2857,0.6667,1053.0,938.0,115.0,487.0,566.0,0.0,66.0,0.0,0.0,955.0,0.0,4.0,16.0,3899.0,3634.0,265.0,1923.0,1976.0,0.0,87.0,0.0,0.0,3744.0,0.0,14.0,24.0,0,0,0,0,0,1,0,1,1,0,1,0,0,0,0,0,0,0,0,0,0,0,0,0,0,0,0,0,0,0,0,0,0,0,0,0,0,0,0,0.28,0.24,,
2018,santa ana unified,"City, large",0.3311,0.3081,0.4888,0.2995,0.3622,,0.7935,,,0.3168,,,0.5161,1276.0,1036.0,240.0,573.0,703.0,0.0,73.0,0.0,0.0,1170.0,0.0,0.0,16.0,3855.0,3364.0,491.0,1913.0,1942.0,0.0,92.0,0.0,0.0,3694.0,0.0,0.0,31.0,0,0,0,0,0,1,0,1,1,0,1,1,0,0,0,0,0,0,0,0,0,0,0,0,0,0,0,0,0,0,0,0,0,0,0,0,0,0,0,0.2701,0.28,0.24,
2019,santa ana unified,"City, large",0.3329,0.3187,0.437,0.2959,0.3679,0.3077,0.75,,,0.3235,,,0.4643,1123.0,946.0,177.0,485.0,638.0,4.0,42.0,0.0,0.0,1051.0,0.0,0.0,13.0,3373.0,2968.0,405.0,1639.0,1734.0,13.0,56.0,6.0,7.0,3249.0,6.0,8.0,28.0,0,0,0,0,0,0,0,1,1,0,1,1,0,0,0,0,0,0,0,0,0,0,0,0,0,0,0,0,0,0,0,0,0,0,0,0,0,0,0,0.3311,0.2701,0.28,0.24
2015,santa barbara unified,"City, small",0.31,0.2,0.54,0.31,0.31,,,,,0.18,,0.58,0.64,208.0,86.0,119.0,103.0,101.0,0.0,0.0,0.0,0.0,86.0,0.0,7.0,99.0,670.0,451.0,219.0,344.0,326.0,2.0,7.0,4.0,5.0,483.0,2.0,12.0,154.0,0,0,0,0,0,1,1,1,1,0,1,0,0,0,0,0,0,0,0,0,0,0,0,0,0,0,0,0,0,0,0,0,0,0,0,0,0,0,0,,,,
2016,santa barbara unified,"City, small",0.33,0.22,0.51,0.32,0.34,,,,,0.22,,,0.63,215.0,89.0,123.0,100.0,114.0,,0.0,0.0,0.0,104.0,,0.0,98.0,650.0,404.0,246.0,314.0,336.0,,8.0,8.0,1.0,472.0,,5.0,154.0,0,0,0,0,0,1,1,1,1,0,1,1,0,0,0,0,0,0,1,0,0,0,0,1,0,0,0,0,0,0,0,1,0,0,0,0,1,0,0,0.31,,,
2017,santa barbara unified,"City, small",0.379,0.256,0.6168,0.3548,0.4025,,,,,0.2512,,,0.6842,238.0,106.0,132.0,110.0,128.0,0.0,0.0,0.0,0.0,109.0,,0.0,117.0,628.0,414.0,214.0,310.0,318.0,0.0,0.0,0.0,0.0,434.0,,0.0,171.0,0,0,0,0,0,1,1,1,1,0,1,1,0,0,0,0,0,0,0,0,0,0,0,1,0,0,0,0,0,0,0,0,0,0,0,0,1,0,0,0.33,0.31,,
2018,santa barbara unified,"City, small",0.3417,0.2662,0.4821,0.3123,0.3704,,0.7692,,,0.2636,,,0.5852,219.0,111.0,108.0,99.0,120.0,0.0,10.0,0.0,0.0,126.0,,0.0,79.0,641.0,417.0,224.0,317.0,324.0,0.0,13.0,0.0,0.0,478.0,,0.0,135.0,0,0,0,0,0,1,0,1,1,0,1,1,0,0,0,0,0,0,0,0,0,0,0,1,0,0,0,0,0,0,0,0,0,0,0,0,1,0,0,0.379,0.33,0.31,
2019,santa barbara unified,"City, small",0.4125,0.2902,0.6118,0.382,0.4452,,,,,0.3044,,,0.6933,257.0,112.0,145.0,123.0,134.0,0.0,0.0,0.0,0.0,130.0,,0.0,113.0,623.0,386.0,237.0,322.0,301.0,4.0,6.0,0.0,0.0,427.0,,0.0,163.0,0,0,0,0,0,1,1,1,1,0,1,1,0,0,0,0,0,0,0,0,0,0,0,1,0,0,0,0,0,0,0,0,0,0,0,0,1,0,0,0.3417,0.379,0.33,0.31
2015,santa clara unified,"City, midsize",0.48,0.21,0.68,0.48,0.48,,0.77,0.32,0.49,0.2,0.14,0.72,0.57,610.0,110.0,508.0,310.0,307.0,0.0,249.0,10.0,46.0,89.0,2.0,43.0,162.0,1271.0,525.0,746.0,632.0,639.0,8.0,328.0,32.0,93.0,445.0,14.0,61.0,289.0,0,0,0,0,0,1,0,0,0,0,0,0,0,0,0,0,0,0,0,0,0,0,0,0,0,0,0,0,0,0,0,0,0,0,0,0,0,0,0,,,,
2016,santa clara unified,"City, midsize",0.53,0.26,0.73,0.52,0.54,,0.84,0.36,0.58,0.24,,0.66,0.62,650.0,133.0,508.0,297.0,342.0,0.0,282.0,14.0,56.0,105.0,0.0,42.0,135.0,1205.0,510.0,695.0,572.0,633.0,5.0,336.0,39.0,96.0,438.0,9.0,64.0,217.0,0,0,0,0,0,1,0,0,0,0,1,0,0,0,0,0,0,0,0,0,0,0,0,0,0,0,0,0,0,0,0,0,0,0,0,0,0,0,0,0.48,,,
2017,santa clara unified,"City, midsize",0.5804,0.3038,0.7457,0.5763,0.5843,,0.804,0.4483,0.5625,0.3318,0.25,0.5965,0.7214,700.0,137.0,563.0,336.0,364.0,0.0,283.0,13.0,36.0,141.0,3.0,34.0,189.0,1207.0,451.0,756.0,583.0,624.0,0.0,352.0,29.0,64.0,425.0,12.0,57.0,263.0,0,0,0,0,0,1,0,0,0,0,0,0,0,0,0,0,0,0,0,0,0,0,0,0,0,0,0,0,0,0,0,0,0,0,0,0,0,0,0,0.53,0.48,,
2018,santa clara unified,"City, midsize",0.6041,0.3657,0.762,0.5938,0.6146,,0.8159,0.4231,0.5652,0.3406,0.3636,0.7031,0.7319,734.0,177.0,557.0,364.0,370.0,0.0,320.0,11.0,39.0,140.0,4.0,45.0,172.0,1216.0,484.0,732.0,613.0,603.0,0.0,392.0,26.0,69.0,411.0,11.0,64.0,235.0,0,0,0,0,0,1,0,0,0,0,0,0,0,0,0,0,0,0,0,0,0,0,0,0,0,0,0,0,0,0,0,0,0,0,0,0,0,0,0,0.5804,0.53,0.48,
2019,santa clara unified,"City, midsize",0.6022,0.3741,0.7489,0.5742,0.6272,,0.8379,0.2609,0.5345,0.3655,,0.7302,0.6909,657.0,159.0,498.0,294.0,362.0,0.0,274.0,6.0,31.0,140.0,0.0,46.0,154.0,1091.0,426.0,665.0,513.0,578.0,7.0,327.0,23.0,58.0,383.0,0.0,63.0,223.0,0,0,0,0,0,1,0,0,0,0,1,0,0,0,0,0,0,0,0,0,0,0,0,0,0,0,0,0,0,0,0,0,0,0,0,0,0,0,0,0.6041,0.5804,0.53,0.48
2015,santa cruz city elementary,"City, small",0.42,0.16,0.62,0.43,0.42,,0.94,,,0.2,,0.71,0.54,149.0,24.0,122.0,72.0,75.0,0.0,17.0,0.0,0.0,28.0,,10.0,87.0,345.0,148.0,197.0,166.0,179.0,1.0,18.0,7.0,4.0,142.0,,14.0,158.0,0,0,0,0,0,1,0,1,1,0,1,0,0,0,0,0,0,0,0,0,0,0,0,1,0,0,0,0,0,0,0,0,0,0,0,0,1,0,0,,,,
2016,santa cruz city elementary,"City, small",0.46,0.26,0.63,0.47,0.45,,0.82,,,0.23,,,0.6,171.0,45.0,128.0,97.0,75.0,0.0,14.0,0.0,0.0,32.0,0.0,0.0,108.0,370.0,167.0,203.0,203.0,167.0,3.0,17.0,8.0,2.0,146.0,3.0,10.0,181.0,0,0,0,0,0,1,0,1,1,0,1,1,0,0,0,0,0,0,0,0,0,0,0,0,0,0,0,0,0,0,0,0,0,0,0,0,0,0,0,0.42,,,
2017,santa cruz city elementary,"City, small",0.3727,0.1508,0.5098,0.3586,0.3838,,0.5789,,,0.1587,,0.375,0.5217,123.0,19.0,104.0,52.0,71.0,0.0,11.0,0.0,0.0,20.0,0.0,6.0,84.0,330.0,126.0,204.0,145.0,185.0,0.0,19.0,0.0,0.0,126.0,0.0,16.0,161.0,0,0,0,0,0,1,0,1,1,0,1,0,0,0,0,0,0,0,0,0,0,0,0,0,0,0,0,0,0,0,0,0,0,0,0,0,0,0,0,0.46,0.42,,
2018,santa cruz city elementary,"City, small",0.3553,0.1102,0.5108,0.3333,0.3775,,,,,0.2031,,0.6667,0.4685,108.0,13.0,95.0,51.0,57.0,0.0,0.0,0.0,,26.0,,14.0,67.0,304.0,118.0,186.0,153.0,151.0,0.0,0.0,0.0,,128.0,,21.0,143.0,0,0,0,0,0,1,1,1,1,0,1,0,0,0,0,0,0,0,0,0,0,1,0,1,0,0,0,0,0,0,0,0,0,0,1,0,1,0,0,0.3727,0.46,0.42,
2019,santa cruz city elementary,"City, small",0.4176,0.1892,0.5284,0.3908,0.4458,,,,,0.1709,,0.4,0.5714,142.0,21.0,121.0,68.0,74.0,,0.0,0.0,0.0,20.0,0.0,6.0,108.0,340.0,111.0,229.0,174.0,166.0,,10.0,7.0,0.0,117.0,0.0,15.0,189.0,0,0,0,0,0,1,1,1,1,0,1,0,0,0,0,0,0,0,1,0,0,0,0,0,0,0,0,0,0,0,0,1,0,0,0,0,0,0,0,0.3553,0.3727,0.46,0.42
2015,santa maria-bonita,"City, small",0.14,0.13,0.22,0.14,0.13,,,0.27,0.23,0.13,,,0.29,255.0,215.0,35.0,126.0,129.0,0.0,0.0,3.0,7.0,221.0,0.0,0.0,18.0,1821.0,1659.0,162.0,897.0,924.0,1.0,9.0,11.0,30.0,1704.0,1.0,2.0,63.0,0,0,0,0,0,1,1,0,0,0,1,1,0,0,0,0,0,0,0,0,0,0,0,0,0,0,0,0,0,0,0,0,0,0,0,0,0,0,0,,,,
2016,santa maria-bonita,"City, midsize",0.2,0.19,0.34,0.19,0.22,,,0.0,0.54,0.19,,,0.4,373.0,322.0,59.0,167.0,207.0,0.0,0.0,0.0,15.0,333.0,,0.0,19.0,1865.0,1692.0,173.0,925.0,940.0,5.0,10.0,11.0,28.0,1754.0,,10.0,47.0,0,0,0,0,0,1,1,0,0,0,1,1,0,0,0,0,0,0,0,0,0,0,0,1,0,0,0,0,0,0,0,0,0,0,0,0,1,0,0,0.14,,,
2017,santa maria-bonita,"City, midsize",0.2328,0.2186,0.3721,0.2278,0.2377,,,0.1818,0.44,0.2279,,,0.3167,433.0,369.0,64.0,210.0,223.0,0.0,0.0,2.0,11.0,397.0,0.0,0.0,19.0,1860.0,1688.0,172.0,922.0,938.0,0.0,0.0,11.0,25.0,1742.0,0.0,0.0,60.0,0,0,0,0,0,1,1,0,0,0,1,1,0,0,0,0,0,0,0,0,0,0,0,0,0,0,0,0,0,0,0,0,0,0,0,0,0,0,0,0.2,0.14,,
2018,santa maria-bonita,"City, midsize",0.2637,0.2552,0.3643,0.2551,0.272,,,0.3333,0.5652,0.2571,,0.5833,0.2353,477.0,426.0,51.0,227.0,250.0,0.0,0.0,4.0,13.0,436.0,,7.0,12.0,1810.0,1670.0,140.0,890.0,920.0,0.0,0.0,12.0,23.0,1697.0,,12.0,51.0,0,0,0,0,0,1,1,0,0,0,1,0,0,0,0,0,0,0,0,0,0,0,0,1,0,0,0,0,0,0,0,0,0,0,0,0,1,0,0,0.2328,0.2,0.14,
2019,santa maria-bonita,"City, midsize",0.3218,0.3112,0.4504,0.2999,0.3438,,,,0.4167,0.31,,,0.6545,556.0,497.0,59.0,260.0,296.0,0.0,0.0,0.0,10.0,506.0,,0.0,36.0,1728.0,1597.0,131.0,867.0,861.0,0.0,0.0,0.0,24.0,1632.0,,10.0,55.0,0,0,0,0,0,1,1,1,0,0,1,1,0,0,0,0,0,0,0,0,0,0,0,1,0,0,0,0,0,0,0,0,0,0,0,0,1,0,0,0.2637,0.2328,0.2,0.14
2015,santa monica-malibu unified,"City, small",0.64,0.47,0.67,0.65,0.64,,0.78,0.44,,0.44,,0.7,0.75,497.0,48.0,443.0,253.0,240.0,0.0,31.0,21.0,0.0,93.0,0.0,33.0,304.0,765.0,103.0,662.0,390.0,375.0,3.0,40.0,48.0,9.0,212.0,1.0,47.0,405.0,0,0,0,0,0,1,0,0,1,0,1,0,0,0,0,0,0,0,0,0,0,0,0,0,0,0,0,0,0,0,0,0,0,0,0,0,0,0,0,,,,
2016,santa monica-malibu unified,"City, small",0.7,0.39,0.82,0.66,0.73,,0.82,0.5,,0.47,,0.79,0.84,566.0,88.0,473.0,255.0,309.0,0.0,31.0,24.0,0.0,115.0,,34.0,354.0,809.0,225.0,584.0,386.0,423.0,3.0,38.0,49.0,7.0,245.0,,43.0,422.0,0,0,0,0,0,1,0,0,1,0,1,0,0,0,0,0,0,0,0,0,0,0,0,1,0,0,0,0,0,0,0,0,0,0,0,0,1,0,0,0.64,,,
2017,santa monica-malibu unified,"City, small",0.7027,0.4279,0.7944,0.7106,0.6954,,0.9184,0.4615,,0.4397,,0.86,0.8282,565.0,86.0,479.0,275.0,290.0,0.0,45.0,18.0,0.0,102.0,0.0,43.0,352.0,804.0,201.0,603.0,387.0,417.0,0.0,49.0,39.0,0.0,232.0,0.0,50.0,425.0,0,0,0,0,0,1,0,0,1,0,1,0,0,0,0,0,0,0,0,0,0,0,0,0,0,0,0,0,0,0,0,0,0,0,0,0,0,0,0,0.7,0.64,,
2018,santa monica-malibu unified,"City, small",0.707,0.4638,0.7916,0.7089,0.7053,,0.8704,0.6182,,0.5,,0.8542,0.8064,567.0,96.0,471.0,263.0,304.0,0.0,47.0,34.0,0.0,115.0,0.0,41.0,329.0,802.0,207.0,595.0,371.0,431.0,0.0,54.0,55.0,0.0,230.0,0.0,48.0,408.0,0,0,0,0,0,1,0,0,1,0,1,0,0,0,0,0,0,0,0,0,0,0,0,0,0,0,0,0,0,0,0,0,0,0,0,0,0,0,0,0.7027,0.7,0.64,
2019,santa monica-malibu unified,"City, small",0.7045,0.5263,0.7669,0.6655,0.7351,,0.7872,0.5217,,0.5196,,0.7143,0.808,465.0,90.0,375.0,193.0,272.0,0.0,37.0,24.0,0.0,93.0,0.0,20.0,282.0,660.0,171.0,489.0,290.0,370.0,0.0,47.0,46.0,4.0,179.0,0.0,28.0,349.0,0,0,0,0,0,1,0,0,1,0,1,0,0,0,0,0,0,0,0,0,0,0,0,0,0,0,0,0,0,0,0,0,0,0,0,0,0,0,0,0.707,0.7027,0.7,0.64
2015,santa paula unified,"Town, fringe",0.19,0.18,0.33,0.17,0.21,,,,,0.19,,,0.25,79.0,69.0,12.0,33.0,49.0,,,0.0,,77.0,,0.0,3.0,420.0,384.0,36.0,184.0,236.0,,,1.0,,406.0,,1.0,12.0,0,0,0,0,0,1,1,1,1,0,1,1,0,0,0,0,0,0,1,1,0,1,0,1,0,0,0,0,0,0,0,1,1,0,1,0,1,0,0,,,,
2016,santa paula unified,"Town, fringe",0.24,0.22,0.49,0.22,0.25,,,,,0.22,,,0.57,115.0,97.0,19.0,52.0,63.0,0.0,0.0,,,102.0,,,8.0,481.0,442.0,39.0,226.0,255.0,1.0,2.0,,,464.0,,,14.0,0,0,0,0,0,1,1,1,1,0,1,1,0,0,0,0,0,0,0,0,1,1,0,1,1,0,0,0,0,0,0,0,0,1,1,0,1,1,0,0.19,,,
2017,santa paula unified,"Town, fringe",0.2966,0.2749,0.4528,0.3058,0.2882,,,,,0.293,,,0.4,129.0,105.0,24.0,63.0,66.0,,0.0,0.0,,121.0,0.0,0.0,6.0,435.0,382.0,53.0,206.0,229.0,,0.0,0.0,,413.0,0.0,0.0,15.0,0,0,0,0,0,1,1,1,1,0,1,1,0,0,0,0,0,0,1,0,0,1,0,0,0,0,0,0,0,0,0,1,0,0,1,0,0,0,0,0.24,0.19,,
2018,santa paula unified,"Town, fringe",0.2937,0.267,0.6538,0.2826,0.3041,,,,,0.2849,,,0.5,111.0,94.0,17.0,52.0,59.0,,,0.0,,104.0,,,6.0,378.0,352.0,26.0,184.0,194.0,,,0.0,,365.0,,,12.0,0,0,0,0,0,1,1,1,1,0,1,1,0,0,0,0,0,0,1,1,0,1,0,1,1,0,0,0,0,0,0,1,1,0,1,0,1,1,0,0.2966,0.24,0.19,
2019,santa paula unified,"Town, fringe",0.366,0.3496,0.5714,0.355,0.3785,,,,,0.3671,,,,138.0,122.0,16.0,71.0,67.0,0.0,,0.0,,134.0,,,0.0,377.0,349.0,28.0,200.0,177.0,0.0,,0.0,,365.0,,,9.0,0,0,0,0,0,1,1,1,1,0,1,1,1,0,0,0,0,0,0,1,0,1,0,1,1,0,0,0,0,0,0,0,1,0,1,0,1,1,0,0.2937,0.2966,0.24,0.19
2015,santee,"Suburb, large",0.43,0.31,0.52,0.39,0.46,,0.71,,0.85,0.35,,0.47,0.44,309.0,93.0,218.0,141.0,168.0,0.0,17.0,0.0,11.0,65.0,0.0,34.0,176.0,718.0,299.0,419.0,352.0,366.0,4.0,24.0,4.0,13.0,184.0,3.0,73.0,400.0,0,0,0,0,0,1,0,1,0,0,1,0,0,0,0,0,0,0,0,0,0,0,0,0,0,0,0,0,0,0,0,0,0,0,0,0,0,0,0,,,,
2016,santee,"Suburb, large",0.52,0.39,0.63,0.51,0.53,,0.67,0.55,0.73,0.42,,0.64,0.53,364.0,130.0,240.0,168.0,200.0,0.0,12.0,6.0,8.0,84.0,0.0,41.0,209.0,714.0,333.0,381.0,337.0,377.0,3.0,18.0,11.0,11.0,201.0,2.0,64.0,394.0,0,0,0,0,0,1,0,0,0,0,1,0,0,0,0,0,0,0,0,0,0,0,0,0,0,0,0,0,0,0,0,0,0,0,0,0,0,0,0,0.43,,,
2017,santee,"Suburb, large",0.4791,0.3772,0.5581,0.4873,0.4719,,0.6471,0.2143,,0.4083,,0.5714,0.5056,366.0,126.0,240.0,173.0,193.0,0.0,11.0,3.0,0.0,89.0,0.0,32.0,225.0,764.0,334.0,430.0,355.0,409.0,0.0,17.0,14.0,0.0,218.0,0.0,56.0,445.0,0,0,0,0,0,1,0,0,1,0,1,0,0,0,0,0,0,0,0,0,0,0,0,0,0,0,0,0,0,0,0,0,0,0,0,0,0,0,0,0.52,0.43,,
2018,santee,"Suburb, large",0.5448,0.4011,0.6709,0.4972,0.5873,,0.8421,,,0.3956,,0.5,0.6183,407.0,140.0,267.0,175.0,232.0,0.0,16.0,0.0,0.0,89.0,0.0,33.0,243.0,747.0,349.0,398.0,352.0,395.0,0.0,19.0,0.0,0.0,225.0,0.0,66.0,393.0,0,0,0,0,0,1,0,1,1,0,1,0,0,0,0,0,0,0,0,0,0,0,0,0,0,0,0,0,0,0,0,0,0,0,0,0,0,0,0,0.4791,0.52,0.43,
2019,santee,"Suburb, large",0.5532,0.4542,0.6275,0.5251,0.5787,,0.6,0.4,,0.4706,,0.5781,0.5908,395.0,139.0,256.0,178.0,217.0,0.0,12.0,6.0,0.0,96.0,0.0,37.0,231.0,714.0,306.0,408.0,339.0,375.0,5.0,20.0,15.0,10.0,204.0,4.0,64.0,391.0,0,0,0,0,0,1,0,0,1,0,1,0,0,0,0,0,0,0,0,0,0,0,0,0,0,0,0,0,0,0,0,0,0,0,0,0,0,0,0,0.5448,0.4791,0.52,0.43
2015,saratoga union elementary,"Suburb, large",0.9,,0.9,0.88,0.91,,0.95,,,0.73,,0.93,0.8,204.0,0.0,202.0,101.0,104.0,,122.0,,,8.0,0.0,26.0,49.0,229.0,2.0,227.0,115.0,114.0,,127.0,,,11.0,1.0,28.0,61.0,0,1,0,0,0,1,0,1,1,0,1,0,0,0,0,0,0,0,1,0,1,1,0,0,0,0,0,0,0,0,0,1,0,1,1,0,0,0,0,,,,
2016,saratoga union elementary,"Suburb, large",0.89,,0.89,0.87,0.91,,0.96,,,,,0.8,0.8,198.0,0.0,200.0,95.0,105.0,0.0,122.0,0.0,0.0,0.0,,12.0,56.0,225.0,1.0,224.0,109.0,116.0,1.0,127.0,1.0,1.0,6.0,,15.0,70.0,0,1,0,0,0,1,0,1,1,1,1,0,0,0,0,0,0,0,0,0,0,0,0,1,0,0,0,0,0,0,0,0,0,0,0,0,1,0,0,0.9,,,
2017,saratoga union elementary,"Suburb, large",0.9514,,0.9553,0.9326,0.9688,,0.9706,,,,,0.9375,0.9667,176.0,0.0,171.0,83.0,93.0,,99.0,,,0.0,,15.0,58.0,185.0,0.0,179.0,89.0,96.0,,102.0,,,0.0,,16.0,60.0,0,1,0,0,0,1,0,1,1,1,1,0,0,0,0,0,0,0,1,0,1,1,0,1,0,0,0,0,0,0,0,1,0,1,1,0,1,0,0,0.89,0.9,,
2018,saratoga union elementary,"Suburb, large",0.8698,,0.8811,0.8617,0.8776,,0.934,,,,,1.0,0.75,167.0,0.0,163.0,81.0,86.0,,99.0,,0.0,0.0,,15.0,42.0,192.0,0.0,185.0,94.0,98.0,,106.0,,0.0,0.0,,15.0,56.0,0,1,0,0,0,1,0,1,1,1,1,0,0,0,0,0,0,0,1,0,1,0,0,1,0,0,0,0,0,0,0,1,0,1,0,0,1,0,0,0.9514,0.89,0.9,
2019,saratoga union elementary,"Suburb, large",0.8857,,0.8937,0.8485,0.9189,,0.9262,,,0.5714,,1.0,0.8462,186.0,0.0,185.0,84.0,102.0,,113.0,,0.0,8.0,,16.0,44.0,210.0,0.0,207.0,99.0,111.0,,122.0,,0.0,14.0,,16.0,52.0,0,1,0,0,0,1,0,1,1,0,1,0,0,0,0,0,0,0,1,0,1,0,0,1,0,0,0,0,0,0,0,1,0,1,0,0,1,0,0,0.8698,0.9514,0.89,0.9
2015,saugus union,"Suburb, large",0.45,0.19,0.52,0.43,0.46,,0.76,0.29,0.53,0.3,,0.45,0.48,663.0,61.0,599.0,300.0,356.0,0.0,109.0,16.0,36.0,136.0,0.0,10.0,345.0,1472.0,321.0,1151.0,698.0,774.0,2.0,143.0,56.0,68.0,456.0,6.0,22.0,717.0,0,0,0,0,0,1,0,0,0,0,1,0,0,0,0,0,0,0,0,0,0,0,0,0,0,0,0,0,0,0,0,0,0,0,0,0,0,0,0,,,,
2016,saugus union,"Suburb, large",0.51,0.3,0.57,0.46,0.55,,0.85,0.43,0.68,0.36,,0.59,0.54,748.0,98.0,648.0,334.0,400.0,0.0,100.0,23.0,54.0,180.0,0.0,13.0,371.0,1466.0,329.0,1137.0,725.0,741.0,5.0,117.0,53.0,80.0,498.0,1.0,22.0,686.0,0,0,0,0,0,1,0,0,0,0,1,0,0,0,0,0,0,0,0,0,0,0,0,0,0,0,0,0,0,0,0,0,0,0,0,0,0,0,0,0.45,,,
2017,saugus union,"Suburb, large",0.5533,0.3372,0.604,0.5172,0.5884,,0.8,0.52,0.7101,0.4267,,0.6667,0.5827,752.0,87.0,665.0,346.0,406.0,0.0,96.0,26.0,49.0,195.0,0.0,18.0,363.0,1359.0,258.0,1101.0,669.0,690.0,0.0,120.0,50.0,69.0,457.0,0.0,27.0,623.0,0,0,0,0,0,1,0,0,0,0,1,0,0,0,0,0,0,0,0,0,0,0,0,0,0,0,0,0,0,0,0,0,0,0,0,0,0,0,0,0.51,0.45,,
2018,saugus union,"Suburb, large",0.5384,0.3395,0.6026,0.5159,0.5586,,0.8426,0.4375,0.7,0.3796,0.6667,0.6774,0.5793,715.0,110.0,605.0,324.0,391.0,0.0,91.0,21.0,42.0,164.0,14.0,21.0,358.0,1328.0,324.0,1004.0,628.0,700.0,0.0,108.0,48.0,60.0,432.0,21.0,31.0,618.0,0,0,0,0,0,1,0,0,0,0,0,0,0,0,0,0,0,0,0,0,0,0,0,0,0,0,0,0,0,0,0,0,0,0,0,0,0,0,0,0.5533,0.51,0.45,
2019,saugus union,"Suburb, large",0.5953,0.3879,0.6537,0.5763,0.613,,0.8512,0.2791,0.7595,0.4557,,0.66,0.6365,762.0,109.0,653.0,355.0,407.0,0.0,103.0,12.0,60.0,185.0,0.0,33.0,366.0,1280.0,281.0,999.0,616.0,664.0,0.0,121.0,43.0,79.0,406.0,0.0,50.0,575.0,0,0,0,0,0,1,0,0,0,0,1,0,0,0,0,0,0,0,0,0,0,0,0,0,0,0,0,0,0,0,0,0,0,0,0,0,0,0,0,0.5384,0.5533,0.51,0.45
2015,savanna elementary,"City, large",0.42,0.41,0.46,0.45,0.4,,0.76,0.25,0.4,0.35,,,0.41,137.0,100.0,37.0,69.0,69.0,,34.0,3.0,8.0,64.0,0.0,0.0,24.0,326.0,245.0,81.0,153.0,173.0,,45.0,12.0,20.0,179.0,2.0,10.0,58.0,0,0,0,0,0,1,0,0,0,0,1,1,0,0,0,0,0,0,1,0,0,0,0,0,0,0,0,0,0,0,0,1,0,0,0,0,0,0,0,,,,
2016,savanna elementary,"City, large",0.39,0.35,0.48,0.41,0.37,,0.69,,0.76,0.27,,,0.37,127.0,84.0,41.0,67.0,60.0,,33.0,0.0,16.0,55.0,0.0,0.0,14.0,325.0,238.0,87.0,163.0,162.0,,48.0,9.0,21.0,195.0,1.0,10.0,40.0,0,0,0,0,0,1,0,1,0,0,1,1,0,0,0,0,0,0,1,0,0,0,0,0,0,0,0,0,0,0,0,1,0,0,0,0,0,0,0,0.42,,,
2017,savanna elementary,"City, large",0.4483,0.3784,0.6082,0.3926,0.5064,,0.8182,,0.4375,0.3247,,0.5455,0.5758,143.0,84.0,59.0,64.0,79.0,,45.0,0.0,7.0,63.0,,6.0,19.0,319.0,222.0,97.0,163.0,156.0,,55.0,0.0,16.0,194.0,,11.0,33.0,0,0,0,0,0,1,0,1,0,0,1,0,0,0,0,0,0,0,1,0,0,0,0,1,0,0,0,0,0,0,0,1,0,0,0,0,1,0,0,0.39,0.42,,
2018,savanna elementary,"City, large",0.4347,0.3655,0.65,0.4088,0.4588,,0.7925,0.4167,0.5455,0.3474,,0.3571,0.4091,143.0,91.0,52.0,65.0,78.0,0.0,42.0,5.0,6.0,66.0,0.0,5.0,18.0,329.0,249.0,80.0,159.0,170.0,0.0,53.0,12.0,11.0,190.0,0.0,14.0,44.0,0,0,0,0,0,1,0,0,0,0,1,0,0,0,0,0,0,0,0,0,0,0,0,0,0,0,0,0,0,0,0,0,0,0,0,0,0,0,0,0.4483,0.39,0.42,
2019,savanna elementary,"City, large",0.4787,0.4279,0.6145,0.5278,0.4348,,0.5946,,0.8462,0.385,,0.8333,0.625,146.0,95.0,51.0,76.0,70.0,0.0,22.0,0.0,11.0,77.0,0.0,10.0,20.0,305.0,222.0,83.0,144.0,161.0,0.0,37.0,7.0,13.0,200.0,0.0,12.0,32.0,0,0,0,0,0,1,0,1,0,0,1,0,0,0,0,0,0,0,0,0,0,0,0,0,0,0,0,0,0,0,0,0,0,0,0,0,0,0,0,0.4347,0.4483,0.39,0.42
2015,scotia union elementary,"Town, remote",0.33,0.25,,,0.09,,,,,,,,0.38,6.0,3.0,0.0,0.0,1.0,,,,,0.0,,0.0,5.0,18.0,12.0,6.0,7.0,11.0,,,,,3.0,,2.0,13.0,0,0,1,1,0,1,1,1,1,1,1,1,0,0,0,0,0,0,1,1,1,1,0,1,0,0,0,0,0,0,0,1,1,1,1,0,1,0,0,,,,
2016,scotia union elementary,"Town, remote",0.0,0.0,,0.0,0.0,,,,,,,,0.0,0.0,0.0,0.0,0.0,0.0,0.0,,,,0.0,,0.0,0.0,30.0,22.0,8.0,13.0,17.0,4.0,,,,3.0,,3.0,20.0,0,0,1,0,0,1,1,1,1,1,1,1,0,0,0,0,0,0,0,1,1,1,0,1,0,0,0,0,0,0,0,0,1,1,1,0,1,0,0,0.33,,,
2017,scotia union elementary,"Town, remote",0.3462,,0.3529,,0.25,,,,,,,,0.2778,9.0,0.0,6.0,0.0,4.0,,,,,0.0,,0.0,5.0,26.0,0.0,17.0,0.0,16.0,,,,,0.0,,0.0,18.0,0,1,0,1,0,1,1,1,1,1,1,1,0,0,0,0,0,0,1,1,1,1,0,1,0,0,0,0,0,0,0,1,1,1,1,0,1,0,0,0.0,0.33,,
2018,scotia union elementary,"Town, remote",0.1667,0.1,,,0.1429,,,,,,,,0.1667,4.0,2.0,0.0,0.0,2.0,,,,,0.0,,0.0,3.0,24.0,20.0,0.0,0.0,14.0,,,,,0.0,,0.0,18.0,0,0,1,1,0,1,1,1,1,1,1,1,0,0,0,0,0,0,1,1,1,1,0,1,0,0,0,0,0,0,0,1,1,1,1,0,1,0,0,0.3462,0.0,0.33,
2019,scotia union elementary,"Town, remote",0.5,0.4667,,0.6364,,,,,,,,,0.5333,9.0,7.0,0.0,7.0,0.0,0.0,,,,0.0,,,8.0,18.0,15.0,0.0,11.0,7.0,0.0,,,,0.0,,,15.0,0,0,1,0,1,1,1,1,1,1,1,1,0,0,0,0,0,0,0,1,1,1,0,1,1,0,0,0,0,0,0,0,1,1,1,0,1,1,0,0.1667,0.3462,0.0,0.33
2015,scott valley unified,"Rural, remote",0.38,0.36,0.45,0.33,0.41,0.5,,,,,,,0.36,22.0,17.0,5.0,8.0,14.0,6.0,,0.0,,0.0,,0.0,10.0,58.0,47.0,11.0,24.0,34.0,12.0,,2.0,,10.0,,4.0,28.0,0,0,0,0,0,0,1,1,1,1,1,1,0,0,0,0,0,0,0,1,0,1,0,1,0,0,0,0,0,0,0,0,1,0,1,0,1,0,0,,,,
2016,scott valley unified,"Rural, remote",0.45,0.35,0.64,0.36,0.56,,,,,,,,0.54,18.0,9.0,9.0,8.0,10.0,0.0,0.0,,,0.0,,0.0,13.0,40.0,26.0,14.0,22.0,18.0,8.0,2.0,,,2.0,,4.0,24.0,0,0,0,0,0,1,1,1,1,1,1,1,0,0,0,0,0,0,0,0,1,1,0,1,0,0,0,0,0,0,0,0,0,1,1,0,1,0,0,0.38,,,
2017,scott valley unified,"Rural, remote",0.46,0.25,0.7273,0.5417,0.3846,,,,,,,,0.5,23.0,7.0,16.0,13.0,10.0,0.0,,,,0.0,,0.0,16.0,50.0,28.0,22.0,24.0,26.0,0.0,,,,0.0,,0.0,32.0,0,0,0,0,0,1,1,1,1,1,1,1,0,0,0,0,0,0,0,1,1,1,0,1,0,0,0,0,0,0,0,0,1,1,1,0,1,0,0,0.45,0.38,,
2018,scott valley unified,"Rural, remote",0.4792,0.3939,0.6667,0.5294,0.4516,,,,,,,,0.5,23.0,13.0,10.0,9.0,14.0,0.0,0.0,,,0.0,,0.0,13.0,48.0,33.0,15.0,17.0,31.0,0.0,0.0,,,0.0,,0.0,26.0,0,0,0,0,0,1,1,1,1,1,1,1,0,0,0,0,0,0,0,0,1,1,0,1,0,0,0,0,0,0,0,0,0,1,1,0,1,0,0,0.46,0.45,0.38,
2019,scott valley unified,"Rural, remote",0.5614,0.4545,0.7083,0.6875,0.5122,,,,,,,,0.6579,32.0,15.0,17.0,11.0,21.0,0.0,0.0,,,0.0,0.0,0.0,25.0,57.0,33.0,24.0,16.0,41.0,0.0,0.0,,,8.0,0.0,7.0,38.0,0,0,0,0,0,1,1,1,1,1,1,1,0,0,0,0,0,0,0,0,1,1,0,0,0,0,0,0,0,0,0,0,0,1,1,0,0,0,0,0.4792,0.46,0.45,0.38
2015,scotts valley unified,"Suburb, midsize",0.75,0.45,0.79,0.73,0.77,,,,,0.5,,0.81,0.77,127.0,10.0,117.0,72.0,54.0,0.0,0.0,,,10.0,,13.0,98.0,170.0,22.0,148.0,100.0,70.0,1.0,5.0,,,20.0,,16.0,128.0,0,0,0,0,0,1,1,1,1,0,1,0,0,0,0,0,0,0,0,0,1,1,0,1,0,0,0,0,0,0,0,0,0,1,1,0,1,0,0,,,,
2016,scotts valley unified,"Suburb, midsize",0.66,0.21,0.73,0.64,0.67,,,,,0.22,,0.62,0.72,129.0,6.0,124.0,61.0,67.0,0.0,0.0,,0.0,5.0,,8.0,105.0,196.0,29.0,167.0,95.0,101.0,1.0,10.0,,1.0,23.0,,13.0,146.0,0,0,0,0,0,1,1,1,1,0,1,0,0,0,0,0,0,0,0,0,1,0,0,1,0,0,0,0,0,0,0,0,0,1,0,0,1,0,0,0.75,,,
2017,scotts valley unified,"Suburb, midsize",0.7091,0.375,0.745,0.7312,0.6806,,0.9091,,,0.381,,0.8,0.7321,117.0,6.0,111.0,68.0,49.0,,10.0,,,8.0,,16.0,82.0,165.0,16.0,149.0,93.0,72.0,,11.0,,,21.0,,20.0,112.0,0,0,0,0,0,1,0,1,1,0,1,0,0,0,0,0,0,0,1,0,1,1,0,1,0,0,0,0,0,0,0,1,0,1,1,0,1,0,0,0.66,0.75,,
2018,scotts valley unified,"Suburb, midsize",0.7086,0.4286,0.7329,0.6163,0.7978,,0.6154,,,0.6957,,,0.72,124.0,6.0,118.0,53.0,71.0,0.0,8.0,0.0,0.0,16.0,,0.0,90.0,175.0,14.0,161.0,86.0,89.0,0.0,13.0,0.0,0.0,23.0,,0.0,125.0,0,0,0,0,0,1,0,1,1,0,1,1,0,0,0,0,0,0,0,0,0,0,0,1,0,0,0,0,0,0,0,0,0,0,0,0,1,0,0,0.7091,0.66,0.75,
2019,scotts valley unified,"Suburb, midsize",0.6723,0.3571,0.6994,0.6404,0.7045,,,,,0.5,,0.7692,0.7025,119.0,5.0,114.0,57.0,62.0,0.0,0.0,0.0,,14.0,,10.0,85.0,178.0,14.0,164.0,89.0,89.0,4.0,7.0,0.0,,29.0,,13.0,121.0,0,0,0,0,0,1,1,1,1,0,1,0,0,0,0,0,0,0,0,0,0,1,0,1,0,0,0,0,0,0,0,0,0,0,1,0,1,0,0,0.7086,0.7091,0.66,0.75
2015,seeley union elementary,"Rural, fringe",0.16,0.17,,0.11,0.23,,,,,0.14,,,,5.0,4.0,0.0,2.0,3.0,,,0.0,0.0,4.0,,,0.0,32.0,24.0,8.0,19.0,13.0,,,1.0,2.0,28.0,,,1.0,0,0,1,0,0,1,1,1,1,0,1,1,1,0,0,0,0,0,1,1,0,0,0,1,1,0,0,0,0,0,0,1,1,0,0,0,1,1,0,,,,
2016,seeley union elementary,"Rural, fringe",0.36,0.37,,0.42,0.3,,,,,0.29,,,,15.0,15.0,0.0,8.0,7.0,,,0.0,0.0,10.0,,,0.0,42.0,41.0,1.0,19.0,23.0,,,2.0,1.0,34.0,,,3.0,0,0,1,0,0,1,1,1,1,0,1,1,1,0,0,0,0,0,1,1,0,0,0,1,1,0,0,0,0,0,0,1,1,0,0,0,1,1,0,0.16,,,
2017,seeley union elementary,"Rural, fringe",0.3438,0.2778,0.4286,0.1579,0.6154,,,,,0.3333,,,,11.0,5.0,6.0,3.0,8.0,,,,,9.0,,0.0,0.0,32.0,18.0,14.0,19.0,13.0,,,,,27.0,,0.0,0.0,0,0,0,0,0,1,1,1,1,0,1,1,1,0,0,0,0,0,1,1,1,1,0,1,0,0,0,0,0,0,0,1,1,1,1,0,1,0,0,0.36,0.16,,
2018,seeley union elementary,"Rural, fringe",0.2444,0.1212,0.5833,0.25,0.2414,,,,,0.25,,,,11.0,4.0,7.0,4.0,7.0,0.0,,,,9.0,,0.0,0.0,45.0,33.0,12.0,16.0,29.0,0.0,,,,36.0,,0.0,0.0,0,0,0,0,0,1,1,1,1,0,1,1,1,0,0,0,0,0,0,1,1,1,0,1,0,0,0,0,0,0,0,0,1,1,1,0,1,0,0,0.3438,0.36,0.16,
2019,seeley union elementary,"Rural, fringe",0.2174,0.2093,,0.2353,0.2069,,,,,0.1951,,,,10.0,9.0,0.0,4.0,6.0,,,0.0,,8.0,,,0.0,46.0,43.0,0.0,17.0,29.0,,,0.0,,41.0,,,4.0,0,0,1,0,0,1,1,1,1,0,1,1,1,0,0,0,0,0,1,1,0,1,0,1,1,0,0,0,0,0,0,1,1,0,1,0,1,1,0,0.2444,0.3438,0.36,0.16
2015,selma unified,"Town, fringe",0.17,0.14,0.38,0.16,0.18,,0.32,,,0.16,,,0.25,83.0,59.0,24.0,37.0,44.0,,6.0,,0.0,71.0,,0.0,6.0,488.0,424.0,64.0,231.0,257.0,,19.0,,1.0,443.0,,1.0,24.0,0,0,0,0,0,1,0,1,1,0,1,1,0,0,0,0,0,0,1,0,1,0,0,1,0,0,0,0,0,0,0,1,0,1,0,0,1,0,0,,,,
2016,selma unified,"Town, fringe",0.2,0.16,0.43,0.2,0.2,,0.41,,,0.18,,,0.55,100.0,69.0,32.0,53.0,48.0,,7.0,0.0,0.0,79.0,,0.0,11.0,502.0,427.0,75.0,265.0,237.0,,17.0,2.0,1.0,461.0,,1.0,20.0,0,0,0,0,0,1,0,1,1,0,1,1,0,0,0,0,0,0,1,0,0,0,0,1,0,0,0,0,0,0,0,1,0,0,0,0,1,0,0,0.17,,,
2017,selma unified,"Town, fringe",0.2239,0.1925,0.3696,0.2451,0.2038,,0.3077,,,0.2152,,,0.3571,118.0,83.0,34.0,63.0,55.0,0.0,4.0,0.0,,104.0,0.0,,10.0,526.0,433.0,93.0,256.0,270.0,0.0,13.0,0.0,,482.0,0.0,,28.0,0,0,0,0,0,1,0,1,1,0,1,1,0,0,0,0,0,0,0,0,0,1,0,0,1,0,0,0,0,0,0,0,0,0,1,0,0,1,0,0.2,0.17,,
2018,selma unified,"Town, fringe",0.3256,0.3057,0.4815,0.3108,0.3386,,0.6364,,,0.3169,,,0.4118,155.0,129.0,26.0,69.0,86.0,0.0,7.0,0.0,,141.0,,0.0,7.0,476.0,422.0,54.0,222.0,254.0,0.0,11.0,0.0,,445.0,,0.0,17.0,0,0,0,0,0,1,0,1,1,0,1,1,0,0,0,0,0,0,0,0,0,1,0,1,0,0,0,0,0,0,0,0,0,0,1,0,1,0,0,0.2239,0.2,0.17,
2019,selma unified,"Town, fringe",0.27,0.2561,0.3774,0.2825,0.2583,,0.5385,,,0.2518,,,0.4643,125.0,105.0,20.0,63.0,62.0,0.0,7.0,0.0,,104.0,,0.0,13.0,463.0,410.0,53.0,223.0,240.0,0.0,13.0,0.0,,413.0,,0.0,28.0,0,0,0,0,0,1,0,1,1,0,1,1,0,0,0,0,0,0,0,0,0,1,0,1,0,0,0,0,0,0,0,0,0,0,1,0,1,0,0,0.3256,0.2239,0.2,0.17
2015,semitropic elementary,"Rural, distant",0.0,0.0,,0.0,,,,,,0.0,,,,0.0,0.0,0.0,0.0,0.0,,,,,0.0,,,0.0,23.0,22.0,1.0,15.0,8.0,,,,,22.0,,,1.0,0,0,1,0,1,1,1,1,1,0,1,1,1,0,0,0,0,0,1,1,1,1,0,1,1,0,0,0,0,0,0,1,1,1,1,0,1,1,0,,,,
2016,semitropic elementary,"Rural, distant",0.13,0.09,,0.09,0.17,,,,,0.14,,,,3.0,2.0,0.0,1.0,2.0,,,,,3.0,,,0.0,23.0,22.0,1.0,11.0,12.0,,,,,22.0,,,1.0,0,0,1,0,0,1,1,1,1,0,1,1,1,0,0,0,0,0,1,1,1,1,0,1,1,0,0,0,0,0,0,1,1,1,1,0,1,1,0,0.0,,,
2017,semitropic elementary,"Rural, distant",0.1379,0.1481,,0.1429,0.1333,,,,,0.1429,,,,4.0,4.0,0.0,2.0,2.0,,,0.0,,4.0,,,,29.0,27.0,0.0,14.0,15.0,,,0.0,,28.0,,,,0,0,1,0,0,1,1,1,1,0,1,1,1,0,0,0,0,0,1,1,0,1,0,1,1,1,0,0,0,0,0,1,1,0,1,0,1,1,1,0.13,0.0,,
2018,semitropic elementary,"Rural, distant",0.0435,0.0455,,0.0,0.0833,,,,,0.0455,,,,1.0,1.0,0.0,0.0,1.0,,,0.0,,1.0,,,,23.0,22.0,0.0,11.0,12.0,,,0.0,,22.0,,,,0,0,1,0,0,1,1,1,1,0,1,1,1,0,0,0,0,0,1,1,0,1,0,1,1,1,0,0,0,0,0,1,1,0,1,0,1,1,1,0.1379,0.13,0.0,
2019,semitropic elementary,"Rural, distant",0.0435,0.0556,,0.0833,0.0,,,,,0.05,,,,1.0,1.0,0.0,1.0,0.0,0.0,,0.0,,1.0,,,0.0,23.0,18.0,5.0,12.0,11.0,0.0,,0.0,,20.0,,,0.0,0,0,1,0,0,1,1,1,1,0,1,1,1,0,0,0,0,0,0,1,0,1,0,1,1,0,0,0,0,0,0,0,1,0,1,0,1,1,0,0.0435,0.1379,0.13,0.0
2015,sequoia union elementary,"Rural, distant",0.26,0.19,0.32,0.07,0.4,,,,,0.36,,,0.19,9.0,3.0,6.0,1.0,8.0,,,,,5.0,,,4.0,35.0,16.0,19.0,15.0,20.0,,,,,14.0,,,21.0,0,0,0,0,0,1,1,1,1,0,1,1,0,0,0,0,0,0,1,1,1,1,0,1,1,0,0,0,0,0,0,1,1,1,1,0,1,1,0,,,,
2016,sequoia union elementary,"Rural, distant",0.29,0.28,0.31,0.3,0.29,,,,,,,,0.24,10.0,5.0,5.0,6.0,4.0,,,,,0.0,,0.0,5.0,34.0,18.0,16.0,20.0,14.0,,,,,10.0,,3.0,21.0,0,0,0,0,0,1,1,1,1,1,1,1,0,0,0,0,0,0,1,1,1,1,0,1,0,0,0,0,0,0,0,1,1,1,1,0,1,0,0,0.26,,,
2017,sequoia union elementary,"Rural, distant",0.3929,0.3529,0.4545,0.2308,0.5333,,,,,,,,0.5,11.0,6.0,5.0,3.0,8.0,,,,,0.0,,,9.0,28.0,17.0,11.0,13.0,15.0,,,,,0.0,,,18.0,0,0,0,0,0,1,1,1,1,1,1,1,0,0,0,0,0,0,1,1,1,1,0,1,1,0,0,0,0,0,0,1,1,1,1,0,1,1,0,0.29,0.26,,
2018,sequoia union elementary,"Rural, distant",0.4359,0.4091,0.4706,0.4762,0.3889,,,,,0.3077,,,0.5217,17.0,9.0,8.0,10.0,7.0,,0.0,0.0,,4.0,,0.0,12.0,39.0,22.0,17.0,21.0,18.0,,0.0,0.0,,13.0,,0.0,23.0,0,0,0,0,0,1,1,1,1,0,1,1,0,0,0,0,0,0,1,0,0,1,0,1,0,0,0,0,0,0,0,1,0,0,1,0,1,0,0,0.3929,0.29,0.26,
2019,sequoia union elementary,"Rural, distant",0.4468,0.1667,0.5429,0.44,0.4545,,,,,0.3571,,,0.5333,21.0,2.0,19.0,11.0,10.0,,,,,5.0,,0.0,16.0,47.0,12.0,35.0,25.0,22.0,,,,,14.0,,0.0,30.0,0,0,0,0,0,1,1,1,1,0,1,1,0,0,0,0,0,0,1,1,1,1,0,1,0,0,0,0,0,0,0,1,1,1,1,0,1,0,0,0.4359,0.3929,0.29,0.26
2015,shaffer union elementary,"Rural, remote",0.24,0.18,,0.29,,,,,,,,,0.25,5.0,3.0,0.0,4.0,0.0,0.0,,,,0.0,,,4.0,21.0,17.0,4.0,14.0,7.0,1.0,,,,4.0,,,16.0,0,0,1,0,1,1,1,1,1,1,1,1,0,0,0,0,0,0,0,1,1,1,0,1,1,0,0,0,0,0,0,0,1,1,1,0,1,1,0,,,,
2016,shaffer union elementary,"Rural, remote",0.3,0.29,,,0.24,,,,,,,,0.25,8.0,6.0,0.0,0.0,4.0,,,,,0.0,,0.0,4.0,27.0,21.0,6.0,10.0,17.0,,,,,10.0,,1.0,16.0,0,0,1,1,0,1,1,1,1,1,1,1,0,0,0,0,0,0,1,1,1,1,0,1,0,0,0,0,0,0,0,1,1,1,1,0,1,0,0,0.24,,,
2017,shaffer union elementary,"Rural, remote",0.3684,0.2143,,0.25,,,,,,,,,,7.0,3.0,0.0,3.0,0.0,0.0,,,,0.0,,0.0,0.0,19.0,14.0,0.0,12.0,0.0,0.0,,,,0.0,,0.0,0.0,0,0,1,0,1,1,1,1,1,1,1,1,1,0,0,0,0,0,0,1,1,1,0,1,0,0,0,0,0,0,0,0,1,1,1,0,1,0,0,0.3,0.24,,
2018,shaffer union elementary,"Rural, remote",0.5263,0.5455,,,0.4545,,,,,,,,0.5833,10.0,6.0,0.0,0.0,5.0,0.0,,,,0.0,,,7.0,19.0,11.0,0.0,0.0,11.0,0.0,,,,0.0,,,12.0,0,0,1,1,0,1,1,1,1,1,1,1,0,0,0,0,0,0,0,1,1,1,0,1,1,0,0,0,0,0,0,0,1,1,1,0,1,1,0,0.3684,0.3,0.24,
2019,shaffer union elementary,"Rural, remote",0.3913,0.3529,,0.1818,0.5833,,,,,,,,0.4167,9.0,6.0,0.0,2.0,7.0,,0.0,,,0.0,,0.0,5.0,23.0,17.0,6.0,11.0,12.0,,0.0,,,7.0,,0.0,12.0,0,0,1,0,0,1,1,1,1,1,1,1,0,0,0,0,0,0,1,0,1,1,0,1,0,0,0,0,0,0,0,1,0,1,1,0,1,0,0,0.5263,0.3684,0.3,0.24
2015,shandon joint unified,"Rural, distant",0.27,0.24,,0.31,,,,,,0.35,,,,6.0,4.0,0.0,4.0,0.0,,,,,6.0,,,0.0,22.0,17.0,5.0,13.0,9.0,,,,,17.0,,,5.0,0,0,1,0,1,1,1,1,1,0,1,1,1,0,0,0,0,0,1,1,1,1,0,1,1,0,0,0,0,0,0,1,1,1,1,0,1,1,0,,,,
2016,shandon joint unified,"Rural, distant",0.5,0.44,,,,,,,,0.47,,,,10.0,8.0,0.0,0.0,0.0,,,,,7.0,,,0.0,20.0,18.0,2.0,10.0,10.0,,,,,15.0,,,5.0,0,0,1,1,1,1,1,1,1,0,1,1,1,0,0,0,0,0,1,1,1,1,0,1,1,0,0,0,0,0,0,1,1,1,1,0,1,1,0,0.27,,,
2017,shandon joint unified,"Rural, distant",0.4286,0.4,,0.5455,,,,,,0.3333,,,,9.0,6.0,0.0,6.0,0.0,,,,,5.0,,0.0,0.0,21.0,15.0,0.0,11.0,0.0,,,,,15.0,,0.0,0.0,0,0,1,0,1,1,1,1,1,0,1,1,1,0,0,0,0,0,1,1,1,1,0,1,0,0,0,0,0,0,0,1,1,1,1,0,1,0,0,0.5,0.27,,
2018,shandon joint unified,"Rural, distant",0.1071,0.1,,0.0833,0.125,,,,,0.087,,,,3.0,2.0,0.0,1.0,2.0,,,0.0,,2.0,,,0.0,28.0,20.0,0.0,12.0,16.0,,,0.0,,23.0,,,0.0,0,0,1,0,0,1,1,1,1,0,1,1,1,0,0,0,0,0,1,1,0,1,0,1,1,0,0,0,0,0,0,1,1,0,1,0,1,1,0,0.4286,0.5,0.27,
2019,shandon joint unified,"Rural, distant",0.1379,0.0833,,0.1429,0.1333,,,,,0.0556,,,,4.0,2.0,0.0,2.0,2.0,,,,,1.0,,0.0,0.0,29.0,24.0,5.0,14.0,15.0,,,,,18.0,,0.0,9.0,0,0,1,0,0,1,1,1,1,0,1,1,1,0,0,0,0,0,1,1,1,1,0,1,0,0,0,0,0,0,0,1,1,1,1,0,1,0,0,0.1071,0.4286,0.5,0.27
2015,shiloh elementary,"Rural, fringe",0.08,,,,,,,,,,,,,1.0,0.0,0.0,0.0,0.0,,,,,0.0,,,0.0,13.0,10.0,3.0,7.0,6.0,,,,,9.0,,,4.0,0,1,1,1,1,1,1,1,1,1,1,1,1,0,0,0,0,0,1,1,1,1,0,1,1,0,0,0,0,0,0,1,1,1,1,0,1,1,0,,,,
2016,shiloh elementary,"Rural, fringe",0.28,0.31,,0.36,,,,,,0.33,,,,5.0,5.0,0.0,4.0,0.0,,,,,4.0,,,0.0,18.0,16.0,2.0,11.0,7.0,,,,,12.0,,,6.0,0,0,1,0,1,1,1,1,1,0,1,1,1,0,0,0,0,0,1,1,1,1,0,1,1,0,0,0,0,0,0,1,1,1,1,0,1,1,0,0.08,,,
2017,shiloh elementary,"Rural, fringe",0.2778,0.25,,0.1667,,,,,,0.2857,,,,5.0,3.0,0.0,2.0,0.0,,,,,4.0,,,0.0,18.0,12.0,0.0,12.0,0.0,,,,,14.0,,,0.0,0,0,1,0,1,1,1,1,1,0,1,1,1,0,0,0,0,0,1,1,1,1,0,1,1,0,0,0,0,0,0,1,1,1,1,0,1,1,0,0.28,0.08,,
2018,shiloh elementary,"Rural, fringe",0.3333,0.2353,,,0.2143,,,,,0.2308,,,,7.0,4.0,0.0,0.0,3.0,,,0.0,,3.0,,,0.0,21.0,17.0,0.0,0.0,14.0,,,0.0,,13.0,,,0.0,0,0,1,1,0,1,1,1,1,0,1,1,1,0,0,0,0,0,1,1,0,1,0,1,1,0,0,0,0,0,0,1,1,0,1,0,1,1,0,0.2778,0.28,0.08,
2019,shiloh elementary,"Rural, fringe",0.3913,0.3125,,,0.4667,,,,,0.3125,,,,9.0,5.0,0.0,0.0,7.0,,,,,5.0,,,0.0,23.0,16.0,7.0,8.0,15.0,,,,,16.0,,,5.0,0,0,1,1,0,1,1,1,1,0,1,1,1,0,0,0,0,0,1,1,1,1,0,1,1,0,0,0,0,0,0,1,1,1,1,0,1,1,0,0.3333,0.2778,0.28,0.08
2015,shoreline unified,"Rural, distant",0.27,0.2,0.45,0.28,0.26,,,,,0.15,,,0.5,11.0,6.0,5.0,5.0,6.0,,,,,4.0,,,7.0,41.0,30.0,11.0,18.0,23.0,,,,,27.0,,,14.0,0,0,0,0,0,1,1,1,1,0,1,1,0,0,0,0,0,0,1,1,1,1,0,1,1,0,0,0,0,0,0,1,1,1,1,0,1,1,0,,,,
2016,shoreline unified,"Rural, distant",0.41,0.25,0.64,0.35,0.5,,,,,0.33,,,0.5,14.0,5.0,9.0,7.0,7.0,0.0,,,,6.0,,,7.0,34.0,20.0,14.0,20.0,14.0,1.0,,,,18.0,,,14.0,0,0,0,0,0,1,1,1,1,0,1,1,0,0,0,0,0,0,0,1,1,1,0,1,1,0,0,0,0,0,0,0,1,1,1,0,1,1,0,0.27,,,
2017,shoreline unified,"Rural, distant",0.6552,0.5455,0.7222,0.7857,0.5333,,,,,0.4615,,,0.7692,19.0,6.0,13.0,11.0,8.0,0.0,0.0,,,6.0,,,10.0,29.0,11.0,18.0,14.0,15.0,0.0,0.0,,,13.0,,,13.0,0,0,0,0,0,1,1,1,1,0,1,1,0,0,0,0,0,0,0,0,1,1,0,1,1,0,0,0,0,0,0,0,0,1,1,0,1,1,0,0.41,0.27,,
2018,shoreline unified,"Rural, distant",0.2973,,0.3667,0.375,0.2381,,,,,0.1053,,,0.5294,11.0,0.0,11.0,6.0,5.0,,,,,2.0,,0.0,9.0,37.0,0.0,30.0,16.0,21.0,,,,,19.0,,0.0,17.0,0,1,0,0,0,1,1,1,1,0,1,1,0,0,0,0,0,0,1,1,1,1,0,1,0,0,0,0,0,0,0,1,1,1,1,0,1,0,0,0.6552,0.41,0.27,
2019,shoreline unified,"Rural, distant",0.4,0.1875,0.5789,0.3889,0.4118,,,,,0.25,,,0.6,14.0,3.0,11.0,7.0,7.0,,,,,5.0,,,9.0,35.0,16.0,19.0,18.0,17.0,,,,,20.0,,,15.0,0,0,0,0,0,1,1,1,1,0,1,1,0,0,0,0,0,0,1,1,1,1,0,1,1,0,0,0,0,0,0,1,1,1,1,0,1,1,0,0.2973,0.6552,0.41,0.27
2015,sierra sands unified,"Town, remote",0.41,0.32,0.54,0.43,0.4,0.42,,0.06,,0.28,,,0.47,148.0,66.0,82.0,76.0,74.0,5.0,0.0,1.0,0.0,25.0,0.0,0.0,103.0,361.0,206.0,155.0,176.0,185.0,12.0,7.0,17.0,3.0,89.0,4.0,9.0,220.0,0,0,0,0,0,0,1,0,1,0,1,1,0,0,0,0,0,0,0,0,0,0,0,0,0,0,0,0,0,0,0,0,0,0,0,0,0,0,0,,,,
2016,sierra sands unified,"Town, remote",0.4,0.32,0.54,0.35,0.45,,,0.18,,0.32,,,0.46,149.0,77.0,73.0,65.0,84.0,0.0,0.0,3.0,0.0,36.0,0.0,0.0,95.0,373.0,235.0,138.0,186.0,187.0,4.0,10.0,17.0,8.0,112.0,4.0,10.0,208.0,0,0,0,0,0,1,1,0,1,0,1,1,0,0,0,0,0,0,0,0,0,0,0,0,0,0,0,0,0,0,0,0,0,0,0,0,0,0,0,0.41,,,
2017,sierra sands unified,"Town, remote",0.3516,0.2417,0.5347,0.3316,0.3717,,,0.3125,,0.2269,,0.3077,0.3944,135.0,58.0,77.0,64.0,71.0,0.0,0.0,5.0,0.0,27.0,0.0,4.0,84.0,384.0,240.0,144.0,193.0,191.0,0.0,0.0,16.0,0.0,119.0,0.0,13.0,213.0,0,0,0,0,0,1,1,0,1,0,1,0,0,0,0,0,0,0,0,0,0,0,0,0,0,0,0,0,0,0,0,0,0,0,0,0,0,0,0,0.4,0.41,,
2018,sierra sands unified,"Town, remote",0.4232,0.3361,0.5789,0.3693,0.4718,,,0.2308,,0.4632,,0.5625,0.3981,157.0,80.0,77.0,65.0,92.0,0.0,0.0,6.0,0.0,44.0,0.0,9.0,86.0,371.0,238.0,133.0,176.0,195.0,0.0,0.0,26.0,0.0,95.0,0.0,16.0,216.0,0,0,0,0,0,1,1,0,1,0,1,0,0,0,0,0,0,0,0,0,0,0,0,0,0,0,0,0,0,0,0,0,0,0,0,0,0,0,0,0.3516,0.4,0.41,
2019,sierra sands unified,"Town, remote",0.4473,0.3134,0.7438,0.4145,0.4796,,,0.24,,0.32,,0.4286,0.5314,174.0,84.0,90.0,80.0,94.0,0.0,0.0,6.0,0.0,40.0,,6.0,110.0,389.0,268.0,121.0,193.0,196.0,4.0,7.0,25.0,7.0,125.0,,14.0,207.0,0,0,0,0,0,1,1,0,1,0,1,0,0,0,0,0,0,0,0,0,0,0,0,1,0,0,0,0,0,0,0,0,0,0,0,0,1,0,0,0.4232,0.3516,0.4,0.41
2015,sierra unified,"Rural, distant",0.39,0.28,0.46,0.3,0.48,0.36,,,,0.08,,,0.44,34.0,10.0,24.0,13.0,21.0,4.0,,,0.0,1.0,,,27.0,88.0,36.0,52.0,44.0,44.0,11.0,,,3.0,12.0,,,62.0,0,0,0,0,0,0,1,1,1,0,1,1,0,0,0,0,0,0,0,1,1,0,0,1,1,0,0,0,0,0,0,0,1,1,0,0,1,1,0,,,,
2016,sierra unified,"Rural, distant",0.23,0.1,0.38,0.26,0.21,0.07,,,,0.18,,,0.3,17.0,4.0,13.0,10.0,7.0,1.0,,0.0,0.0,2.0,,0.0,13.0,73.0,39.0,34.0,39.0,34.0,14.0,,1.0,2.0,11.0,,1.0,44.0,0,0,0,0,0,0,1,1,1,0,1,1,0,0,0,0,0,0,0,1,0,0,0,1,0,0,0,0,0,0,0,0,1,0,0,0,1,0,0,0.39,,,
2017,sierra unified,"Rural, distant",0.3333,0.283,0.3913,0.3455,0.3182,0.0,,,,0.4737,,,0.3871,33.0,15.0,18.0,19.0,14.0,0.0,,0.0,,9.0,,,24.0,99.0,53.0,46.0,55.0,44.0,17.0,,0.0,,19.0,,,62.0,0,0,0,0,0,0,1,1,1,0,1,1,0,0,0,0,0,0,0,1,0,1,0,1,1,0,0,0,0,0,0,0,1,0,1,0,1,1,0,0.23,0.39,,
2018,sierra unified,"Rural, distant",0.4419,0.1837,0.7838,0.4359,0.4468,0.3636,,,,0.0769,,,0.56,38.0,9.0,29.0,17.0,21.0,8.0,,,,1.0,,0.0,28.0,86.0,49.0,37.0,39.0,47.0,22.0,,,,13.0,,0.0,50.0,0,0,0,0,0,0,1,1,1,0,1,1,0,0,0,0,0,0,0,1,1,1,0,1,0,0,0,0,0,0,0,0,1,1,1,0,1,0,0,0.3333,0.23,0.39,
2019,sierra unified,"Rural, distant",0.4524,0.3137,0.6667,0.4,0.5,0.3333,,,,0.3571,,,0.4706,38.0,16.0,22.0,16.0,22.0,4.0,,0.0,,5.0,,0.0,24.0,84.0,51.0,33.0,40.0,44.0,12.0,,4.0,,14.0,,0.0,51.0,0,0,0,0,0,0,1,1,1,0,1,1,0,0,0,0,0,0,0,1,0,1,0,1,0,0,0,0,0,0,0,0,1,0,1,0,1,0,0,0.4419,0.3333,0.23,0.39
2015,silver valley unified,"Town, remote",0.31,0.26,0.32,0.26,0.37,,,0.44,,0.25,,0.29,0.33,57.0,6.0,52.0,27.0,31.0,0.0,0.0,8.0,0.0,16.0,0.0,4.0,24.0,184.0,24.0,160.0,102.0,82.0,3.0,4.0,18.0,2.0,63.0,5.0,15.0,73.0,0,0,0,0,0,1,1,0,1,0,1,0,0,0,0,0,0,0,0,0,0,0,0,0,0,0,0,0,0,0,0,0,0,0,0,0,0,0,0,,,,
2016,silver valley unified,"Town, remote",0.47,0.41,0.54,0.47,0.46,,,0.44,,0.39,,0.73,0.51,82.0,44.0,39.0,43.0,39.0,0.0,0.0,7.0,0.0,27.0,0.0,11.0,32.0,177.0,105.0,72.0,92.0,85.0,1.0,2.0,16.0,5.0,69.0,3.0,15.0,64.0,0,0,0,0,0,1,1,0,1,0,1,0,0,0,0,0,0,0,0,0,0,0,0,0,0,0,0,0,0,0,0,0,0,0,0,0,0,0,0,0.31,,,
2017,silver valley unified,"Town, remote",0.4371,0.4,0.4805,0.4458,0.4286,,,0.1538,,0.3934,,0.4615,0.4844,73.0,36.0,37.0,37.0,36.0,0.0,0.0,2.0,0.0,24.0,0.0,6.0,31.0,167.0,90.0,77.0,83.0,84.0,0.0,0.0,13.0,0.0,61.0,0.0,13.0,64.0,0,0,0,0,0,1,1,0,1,0,1,0,0,0,0,0,0,0,0,0,0,0,0,0,0,0,0,0,0,0,0,0,0,0,0,0,0,0,0,0.47,0.31,,
2018,silver valley unified,"Town, remote",0.3,0.2212,0.4023,0.3039,0.2959,,,0.1765,,0.194,,0.3,0.3902,60.0,25.0,35.0,31.0,29.0,0.0,0.0,3.0,0.0,13.0,0.0,6.0,32.0,200.0,113.0,87.0,102.0,98.0,0.0,0.0,17.0,0.0,67.0,0.0,20.0,82.0,0,0,0,0,0,1,1,0,1,0,1,0,0,0,0,0,0,0,0,0,0,0,0,0,0,0,0,0,0,0,0,0,0,0,0,0,0,0,0,0.4371,0.47,0.31,
2019,silver valley unified,"Town, remote",0.314,0.2268,0.4267,0.3049,0.3222,,,0.0769,,0.2381,,,0.3766,54.0,22.0,32.0,25.0,29.0,0.0,0.0,1.0,0.0,15.0,0.0,0.0,29.0,172.0,97.0,75.0,82.0,90.0,0.0,0.0,13.0,0.0,63.0,5.0,7.0,77.0,0,0,0,0,0,1,1,0,1,0,1,1,0,0,0,0,0,0,0,0,0,0,0,0,0,0,0,0,0,0,0,0,0,0,0,0,0,0,0,0.3,0.4371,0.47,0.31
2015,simi valley unified,"Suburb, midsize",0.48,0.27,0.59,0.47,0.49,,0.77,0.42,0.83,0.3,,0.55,0.54,602.0,112.0,480.0,294.0,295.0,0.0,81.0,5.0,20.0,128.0,,23.0,336.0,1227.0,414.0,813.0,625.0,602.0,4.0,105.0,12.0,24.0,428.0,,42.0,612.0,0,0,0,0,0,1,0,0,0,0,1,0,0,0,0,0,0,0,0,0,0,0,0,1,0,0,0,0,0,0,0,0,0,0,0,0,1,0,0,,,,
2016,simi valley unified,"Suburb, midsize",0.47,0.26,0.59,0.43,0.51,,0.72,,0.61,0.29,,0.56,0.55,608.0,128.0,483.0,283.0,332.0,0.0,83.0,0.0,11.0,134.0,0.0,32.0,353.0,1293.0,474.0,819.0,642.0,651.0,1.0,115.0,5.0,18.0,464.0,1.0,57.0,630.0,0,0,0,0,0,1,0,1,0,0,1,0,0,0,0,0,0,0,0,0,0,0,0,0,0,0,0,0,0,0,0,0,0,0,0,0,0,0,0,0.48,,,
2017,simi valley unified,"Suburb, midsize",0.4549,0.2936,0.5446,0.4426,0.4669,,0.7765,,0.6667,0.3077,,0.4688,0.5186,555.0,128.0,427.0,266.0,289.0,,66.0,0.0,16.0,144.0,0.0,30.0,293.0,1220.0,436.0,784.0,601.0,619.0,,85.0,0.0,24.0,468.0,0.0,64.0,565.0,0,0,0,0,0,1,0,1,0,0,1,0,0,0,0,0,0,0,1,0,0,0,0,0,0,0,0,0,0,0,0,1,0,0,0,0,0,0,0,0.47,0.48,,
2018,simi valley unified,"Suburb, midsize",0.4743,0.2725,0.5884,0.4428,0.5035,,0.7143,0.3077,0.4545,0.3121,,0.5873,0.5616,525.0,109.0,416.0,236.0,289.0,,60.0,4.0,5.0,132.0,0.0,37.0,287.0,1107.0,400.0,707.0,533.0,574.0,,84.0,13.0,11.0,423.0,0.0,63.0,511.0,0,0,0,0,0,1,0,0,0,0,1,0,0,0,0,0,0,0,1,0,0,0,0,0,0,0,0,0,0,0,0,1,0,0,0,0,0,0,0,0.4549,0.47,0.48,
2019,simi valley unified,"Suburb, midsize",0.5018,0.3202,0.6124,0.4892,0.5138,,0.8298,,0.7778,0.3274,,0.6441,0.5697,571.0,138.0,433.0,273.0,298.0,0.0,78.0,0.0,14.0,148.0,0.0,38.0,286.0,1139.0,432.0,707.0,558.0,581.0,0.0,94.0,10.0,18.0,453.0,0.0,59.0,502.0,0,0,0,0,0,1,0,1,0,0,1,0,0,0,0,0,0,0,0,0,0,0,0,0,0,0,0,0,0,0,0,0,0,0,0,0,0,0,0,0.4743,0.4549,0.47,0.48
2015,snowline joint unified,"Rural, fringe",0.25,0.17,0.39,0.26,0.24,,0.73,0.1,,0.14,,,0.37,144.0,62.0,79.0,72.0,72.0,0.0,8.0,3.0,0.0,35.0,0.0,0.0,91.0,575.0,367.0,208.0,275.0,300.0,3.0,11.0,29.0,4.0,252.0,1.0,9.0,245.0,0,0,0,0,0,1,0,0,1,0,1,1,0,0,0,0,0,0,0,0,0,0,0,0,0,0,0,0,0,0,0,0,0,0,0,0,0,0,0,,,,
2016,snowline joint unified,"Rural, fringe",0.27,0.2,0.45,0.3,0.23,,,0.0,,0.18,,,0.37,159.0,85.0,73.0,90.0,72.0,0.0,0.0,0.0,0.0,50.0,0.0,0.0,89.0,611.0,449.0,162.0,298.0,313.0,2.0,8.0,32.0,3.0,282.0,3.0,10.0,247.0,0,0,0,0,0,1,1,0,1,0,1,1,0,0,0,0,0,0,0,0,0,0,0,0,0,0,0,0,0,0,0,0,0,0,0,0,0,0,0,0.25,,,
2017,snowline joint unified,"Rural, fringe",0.288,0.2132,0.4469,0.2601,0.3147,,,0.0682,,0.2227,,,0.383,161.0,81.0,80.0,71.0,90.0,0.0,0.0,3.0,0.0,55.0,,0.0,90.0,559.0,380.0,179.0,273.0,286.0,0.0,0.0,44.0,0.0,247.0,,0.0,235.0,0,0,0,0,0,1,1,0,1,0,1,1,0,0,0,0,0,0,0,0,0,0,0,1,0,0,0,0,0,0,0,0,0,0,0,0,1,0,0,0.27,0.25,,
2018,snowline joint unified,"Rural, fringe",0.2665,0.2119,0.4155,0.2819,0.2519,,,0.0714,,0.2069,,0.3846,0.3723,141.0,82.0,59.0,73.0,68.0,0.0,0.0,2.0,0.0,54.0,0.0,5.0,70.0,529.0,387.0,142.0,259.0,270.0,0.0,0.0,28.0,0.0,261.0,0.0,13.0,188.0,0,0,0,0,0,1,1,0,1,0,1,0,0,0,0,0,0,0,0,0,0,0,0,0,0,0,0,0,0,0,0,0,0,0,0,0,0,0,0,0.288,0.27,0.25,
2019,snowline joint unified,"Rural, fringe",0.3537,0.2849,0.5232,0.3518,0.3556,,,0.0952,,0.2764,,,0.4915,185.0,106.0,79.0,89.0,96.0,0.0,0.0,2.0,0.0,76.0,0.0,0.0,87.0,523.0,372.0,151.0,253.0,270.0,9.0,8.0,21.0,0.0,275.0,0.0,5.0,177.0,0,0,0,0,0,1,1,0,1,0,1,1,0,0,0,0,0,0,0,0,0,0,0,0,0,0,0,0,0,0,0,0,0,0,0,0,0,0,0,0.2665,0.288,0.27,0.25
2015,solana beach elementary,"City, large",0.76,0.35,0.8,0.7,0.81,,0.91,,,0.48,,0.78,0.76,356.0,17.0,335.0,156.0,199.0,0.0,88.0,0.0,0.0,29.0,,18.0,215.0,468.0,49.0,419.0,223.0,245.0,1.0,97.0,5.0,2.0,60.0,,23.0,280.0,0,0,0,0,0,1,0,1,1,0,1,0,0,0,0,0,0,0,0,0,0,0,0,1,0,0,0,0,0,0,0,0,0,0,0,0,1,0,0,,,,
2016,solana beach elementary,"City, large",0.82,0.33,0.88,0.78,0.88,,0.93,,,0.63,,1.0,0.83,364.0,14.0,350.0,188.0,179.0,,99.0,0.0,0.0,45.0,,22.0,196.0,444.0,42.0,402.0,241.0,203.0,,107.0,2.0,2.0,72.0,,22.0,236.0,0,0,0,0,0,1,0,1,1,0,1,0,0,0,0,0,0,0,1,0,0,0,0,1,0,0,0,0,0,0,0,1,0,0,0,0,1,0,0,0.76,,,
2017,solana beach elementary,"City, large",0.8503,0.5676,0.8762,0.8219,0.8784,,0.9187,,,0.6724,,0.88,0.8522,375.0,21.0,354.0,180.0,195.0,,113.0,0.0,0.0,39.0,,22.0,196.0,441.0,37.0,404.0,219.0,222.0,,123.0,0.0,0.0,58.0,,25.0,230.0,0,0,0,0,0,1,0,1,1,0,1,0,0,0,0,0,0,0,1,0,0,0,0,1,0,0,0,0,0,0,0,1,0,0,0,0,1,0,0,0.82,0.76,,
2018,solana beach elementary,"City, large",0.7986,0.4783,0.8383,0.7748,0.8256,,0.9636,,,0.5472,,0.72,0.7902,333.0,22.0,311.0,172.0,161.0,0.0,106.0,0.0,0.0,29.0,,18.0,177.0,417.0,46.0,371.0,222.0,195.0,0.0,110.0,0.0,0.0,53.0,,25.0,224.0,0,0,0,0,0,1,0,1,1,0,1,0,0,0,0,0,0,0,0,0,0,0,0,1,0,0,0,0,0,0,0,0,0,0,0,0,1,0,0,0.8503,0.82,0.76,
2019,solana beach elementary,"City, large",0.8074,0.6545,0.8284,0.7634,0.8498,,0.9293,,,0.6066,,0.7727,0.8182,369.0,36.0,333.0,171.0,198.0,,92.0,0.0,0.0,37.0,,34.0,198.0,457.0,55.0,402.0,224.0,233.0,,99.0,0.0,0.0,61.0,,44.0,242.0,0,0,0,0,0,1,0,1,1,0,1,0,0,0,0,0,0,0,1,0,0,0,0,1,0,0,0,0,0,0,0,1,0,0,0,0,1,0,0,0.7986,0.8503,0.82,0.76
2015,soledad unified,"Town, distant",0.17,0.16,0.32,0.17,0.18,,,,,0.17,,,0.18,71.0,63.0,9.0,32.0,37.0,0.0,0.0,0.0,0.0,59.0,,0.0,2.0,396.0,368.0,28.0,189.0,207.0,1.0,4.0,1.0,4.0,373.0,,1.0,11.0,0,0,0,0,0,1,1,1,1,0,1,1,0,0,0,0,0,0,0,0,0,0,0,1,0,0,0,0,0,0,0,0,0,0,0,0,1,0,0,,,,
2016,soledad unified,"Town, distant",0.24,0.21,0.51,0.26,0.22,,,,,0.23,,,,93.0,72.0,22.0,47.0,45.0,,0.0,0.0,0.0,81.0,0.0,,0.0,389.0,346.0,43.0,182.0,207.0,,4.0,1.0,3.0,369.0,1.0,,10.0,0,0,0,0,0,1,1,1,1,0,1,1,1,0,0,0,0,0,1,0,0,0,0,0,1,0,0,0,0,0,0,1,0,0,0,0,0,1,0,0.17,,,
2017,soledad unified,"Town, distant",0.199,0.1806,0.5,0.199,0.199,,,,,0.1935,,,,76.0,65.0,11.0,38.0,38.0,0.0,,0.0,0.0,71.0,,0.0,0.0,382.0,360.0,22.0,191.0,191.0,0.0,,0.0,0.0,367.0,,0.0,0.0,0,0,0,0,0,1,1,1,1,0,1,1,1,0,0,0,0,0,0,1,0,0,0,1,0,0,0,0,0,0,0,0,1,0,0,0,1,0,0,0.24,0.17,,
2018,soledad unified,"Town, distant",0.2066,0.2012,0.3,0.2186,0.1944,,,,,0.1935,,,,75.0,69.0,6.0,40.0,35.0,,0.0,0.0,0.0,66.0,,0.0,0.0,363.0,343.0,20.0,183.0,180.0,,0.0,0.0,0.0,341.0,,0.0,0.0,0,0,0,0,0,1,1,1,1,0,1,1,1,0,0,0,0,0,1,0,0,0,0,1,0,0,0,0,0,0,0,1,0,0,0,0,1,0,0,0.199,0.24,0.17,
2019,soledad unified,"Town, distant",0.2784,0.2686,0.4,0.2586,0.3,,,,,0.2722,,,,93.0,83.0,10.0,45.0,48.0,,0.0,0.0,0.0,86.0,,0.0,0.0,335.0,310.0,25.0,175.0,160.0,,0.0,0.0,5.0,317.0,,0.0,8.0,0,0,0,0,0,1,1,1,1,0,1,1,1,0,0,0,0,0,1,0,0,0,0,1,0,0,0,0,0,0,0,1,0,0,0,0,1,0,0,0.2066,0.199,0.24,0.17
2015,solvang elementary,"Town, distant",0.33,0.33,0.32,0.27,0.39,,,,,0.28,,,0.37,16.0,10.0,6.0,7.0,9.0,,,,,8.0,,0.0,7.0,49.0,30.0,19.0,26.0,23.0,,,,,29.0,,1.0,19.0,0,0,0,0,0,1,1,1,1,0,1,1,0,0,0,0,0,0,1,1,1,1,0,1,0,0,0,0,0,0,0,1,1,1,1,0,1,0,0,,,,
2016,solvang elementary,"Town, distant",0.38,0.3,0.5,0.34,0.48,,,,,0.27,,,0.53,29.0,13.0,15.0,18.0,12.0,,,0.0,0.0,11.0,,,16.0,75.0,45.0,30.0,51.0,24.0,,,1.0,1.0,42.0,,,31.0,0,0,0,0,0,1,1,1,1,0,1,1,0,0,0,0,0,0,1,1,0,0,0,1,1,0,0,0,0,0,0,1,1,0,0,0,1,1,0,0.33,,,
2017,solvang elementary,"Town, distant",0.5286,0.3714,0.6857,0.5641,0.4839,,,,,0.4211,,,0.7308,37.0,13.0,24.0,22.0,15.0,0.0,0.0,0.0,0.0,16.0,,,19.0,70.0,35.0,35.0,39.0,31.0,0.0,0.0,0.0,0.0,38.0,,,26.0,0,0,0,0,0,1,1,1,1,0,1,1,0,0,0,0,0,0,0,0,0,0,0,1,1,0,0,0,0,0,0,0,0,0,0,0,1,1,0,0.38,0.33,,
2018,solvang elementary,"Town, distant",0.3973,0.3462,0.5238,0.3,0.4651,,,,,0.3617,,,0.5,29.0,18.0,11.0,9.0,20.0,0.0,0.0,,,17.0,,,12.0,73.0,52.0,21.0,30.0,43.0,0.0,0.0,,,47.0,,,24.0,0,0,0,0,0,1,1,1,1,0,1,1,0,0,0,0,0,0,0,0,1,1,0,1,1,0,0,0,0,0,0,0,0,1,1,0,1,1,0,0.5286,0.38,0.33,
2019,solvang elementary,"Town, distant",0.5862,0.36,0.7576,0.5,0.6667,,,,,0.4545,,,0.697,34.0,9.0,25.0,14.0,20.0,,,,0.0,10.0,,0.0,23.0,58.0,25.0,33.0,28.0,30.0,,,,0.0,22.0,,0.0,33.0,0,0,0,0,0,1,1,1,1,0,1,1,0,0,0,0,0,0,1,1,1,0,0,1,0,0,0,0,0,0,0,1,1,1,0,0,1,0,0,0.3973,0.5286,0.38,0.33
2015,somis union,"Suburb, small",0.16,0.16,,,0.24,,,,,0.1,,,,4.0,3.0,0.0,0.0,4.0,,,,,2.0,,0.0,0.0,25.0,19.0,6.0,8.0,17.0,,,,,20.0,,1.0,4.0,0,0,1,1,0,1,1,1,1,0,1,1,1,0,0,0,0,0,1,1,1,1,0,1,0,0,0,0,0,0,0,1,1,1,1,0,1,0,0,,,,
2016,somis union,"Suburb, small",0.37,0.32,,0.36,0.38,,,,,0.29,,,,10.0,6.0,0.0,4.0,6.0,,,,0.0,5.0,,0.0,0.0,27.0,19.0,8.0,11.0,16.0,,,,1.0,17.0,,1.0,8.0,0,0,1,0,0,1,1,1,1,0,1,1,1,0,0,0,0,0,1,1,1,0,0,1,0,0,0,0,0,0,0,1,1,1,0,0,1,0,0,0.16,,,
2017,somis union,"Suburb, small",0.4412,0.3182,0.6667,0.3889,0.5,,,,,0.4643,,,,15.0,7.0,8.0,7.0,8.0,,,,,13.0,,0.0,0.0,34.0,22.0,12.0,18.0,16.0,,,,,28.0,,0.0,0.0,0,0,0,0,0,1,1,1,1,0,1,1,1,0,0,0,0,0,1,1,1,1,0,1,0,0,0,0,0,0,0,1,1,1,1,0,1,0,0,0.37,0.16,,
2018,somis union,"Suburb, small",0.4583,0.4706,,0.4545,0.4615,,,,,0.3333,,,,11.0,8.0,0.0,5.0,6.0,,,,,5.0,,0.0,0.0,24.0,17.0,0.0,11.0,13.0,,,,,15.0,,0.0,0.0,0,0,1,0,0,1,1,1,1,0,1,1,1,0,0,0,0,0,1,1,1,1,0,1,0,0,0,0,0,0,0,1,1,1,1,0,1,0,0,0.4412,0.37,0.16,
2019,somis union,"Suburb, small",0.2581,0.12,,0.1579,0.4167,,,,,0.1667,,,,8.0,3.0,0.0,3.0,5.0,,,,,4.0,,0.0,0.0,31.0,25.0,6.0,19.0,12.0,,,,,24.0,,0.0,5.0,0,0,1,0,0,1,1,1,1,0,1,1,1,0,0,0,0,0,1,1,1,1,0,1,0,0,0,0,0,0,0,1,1,1,1,0,1,0,0,0.4583,0.4412,0.37,0.16
2015,sonoma valley unified,"Town, fringe",0.18,0.07,0.42,0.18,0.18,,,,,0.08,,,0.36,54.0,15.0,40.0,26.0,28.0,0.0,0.0,,0.0,15.0,,0.0,36.0,303.0,208.0,95.0,143.0,160.0,3.0,2.0,,2.0,191.0,,5.0,99.0,0,0,0,0,0,1,1,1,1,0,1,1,0,0,0,0,0,0,0,0,1,0,0,1,0,0,0,0,0,0,0,0,0,1,0,0,1,0,0,,,,
2016,sonoma valley unified,"Town, fringe",0.27,0.15,0.46,0.21,0.32,,,,,0.14,,,0.48,85.0,29.0,53.0,35.0,48.0,0.0,0.0,0.0,0.0,27.0,0.0,0.0,46.0,313.0,195.0,118.0,165.0,148.0,2.0,10.0,1.0,1.0,193.0,1.0,3.0,96.0,0,0,0,0,0,1,1,1,1,0,1,1,0,0,0,0,0,0,0,0,0,0,0,0,0,0,0,0,0,0,0,0,0,0,0,0,0,0,0,0.18,,,
2017,sonoma valley unified,"Town, fringe",0.2519,0.1552,0.4348,0.2276,0.2727,,,,,0.1509,,,0.404,67.0,27.0,40.0,28.0,39.0,,0.0,0.0,,24.0,,0.0,40.0,266.0,174.0,92.0,123.0,143.0,,0.0,0.0,,159.0,,0.0,99.0,0,0,0,0,0,1,1,1,1,0,1,1,0,0,0,0,0,0,1,0,0,1,0,1,0,0,0,0,0,0,0,1,0,0,1,0,1,0,0,0.27,0.18,,
2018,sonoma valley unified,"Town, fringe",0.2601,0.1744,0.4744,0.2786,0.2406,,,,,0.1512,,,0.5342,71.0,34.0,37.0,39.0,32.0,0.0,0.0,0.0,0.0,26.0,,0.0,39.0,273.0,195.0,78.0,140.0,133.0,0.0,0.0,0.0,0.0,172.0,,0.0,73.0,0,0,0,0,0,1,1,1,1,0,1,1,0,0,0,0,0,0,0,0,0,0,0,1,0,0,0,0,0,0,0,0,0,0,0,0,1,0,0,0.2519,0.27,0.18,
2019,sonoma valley unified,"Town, fringe",0.2688,0.1809,0.4875,0.2746,0.2628,,,,,0.1813,,,0.48,75.0,36.0,39.0,39.0,36.0,,0.0,0.0,0.0,35.0,,0.0,36.0,279.0,199.0,80.0,142.0,137.0,,0.0,0.0,0.0,193.0,,4.0,75.0,0,0,0,0,0,1,1,1,1,0,1,1,0,0,0,0,0,0,1,0,0,0,0,1,0,0,0,0,0,0,0,1,0,0,0,0,1,0,0,0.2601,0.2519,0.27,0.18
2015,sonora elementary,"Town, distant",0.34,0.19,0.44,0.4,0.27,,,,,0.2,,,0.39,27.0,6.0,20.0,17.0,9.0,0.0,0.0,0.0,,3.0,,0.0,22.0,77.0,32.0,45.0,43.0,34.0,1.0,1.0,1.0,,15.0,,1.0,57.0,0,0,0,0,0,1,1,1,1,0,1,1,0,0,0,0,0,0,0,0,0,1,0,1,0,0,0,0,0,0,0,0,0,0,1,0,1,0,0,,,,
2016,sonora elementary,"Town, distant",0.49,0.32,0.63,0.47,0.51,,,,,0.41,,,0.52,43.0,12.0,30.0,21.0,21.0,,,,0.0,7.0,,0.0,33.0,87.0,39.0,48.0,46.0,41.0,,,,2.0,17.0,,3.0,65.0,0,0,0,0,0,1,1,1,1,0,1,1,0,0,0,0,0,0,1,1,1,0,0,1,0,0,0,0,0,0,0,1,1,1,0,0,1,0,0,0.34,,,
2017,sonora elementary,"Town, distant",0.6,0.4074,0.7576,0.5897,0.619,,,,,,,,0.6383,36.0,11.0,25.0,23.0,13.0,,0.0,,,0.0,,0.0,30.0,60.0,27.0,33.0,39.0,21.0,,0.0,,,0.0,,0.0,47.0,0,0,0,0,0,1,1,1,1,1,1,1,0,0,0,0,0,0,1,0,1,1,0,1,0,0,0,0,0,0,0,1,0,1,1,0,1,0,0,0.49,0.34,,
2018,sonora elementary,"Town, distant",0.5349,0.4324,0.6122,0.4524,0.6136,,,,,0.7143,,,0.5161,46.0,16.0,30.0,19.0,27.0,0.0,0.0,,0.0,10.0,,0.0,32.0,86.0,37.0,49.0,42.0,44.0,0.0,0.0,,0.0,14.0,,0.0,62.0,0,0,0,0,0,1,1,1,1,0,1,1,0,0,0,0,0,0,0,0,1,0,0,1,0,0,0,0,0,0,0,0,0,1,0,0,1,0,0,0.6,0.49,0.34,
2019,sonora elementary,"Town, distant",0.5733,0.4722,0.6667,0.5484,0.5909,,,,,0.4167,,,0.6545,43.0,17.0,26.0,17.0,26.0,0.0,0.0,,0.0,5.0,0.0,0.0,36.0,75.0,36.0,39.0,31.0,44.0,0.0,0.0,,0.0,12.0,0.0,0.0,55.0,0,0,0,0,0,1,1,1,1,0,1,1,0,0,0,0,0,0,0,0,1,0,0,0,0,0,0,0,0,0,0,0,0,1,0,0,0,0,0,0.5349,0.6,0.49,0.34
2015,soquel union elementary,"Suburb, midsize",0.4,0.2,0.5,0.4,0.39,,,,,0.18,,0.56,0.47,79.0,13.0,65.0,40.0,38.0,0.0,0.0,0.0,0.0,11.0,,10.0,51.0,197.0,66.0,131.0,99.0,98.0,1.0,6.0,2.0,1.0,61.0,,18.0,108.0,0,0,0,0,0,1,1,1,1,0,1,0,0,0,0,0,0,0,0,0,0,0,0,1,0,0,0,0,0,0,0,0,0,0,0,0,1,0,0,,,,
2016,soquel union elementary,"Suburb, midsize",0.5,0.31,0.62,0.45,0.55,,,,,0.3,,0.53,0.6,100.0,24.0,76.0,45.0,55.0,,0.0,0.0,0.0,20.0,,8.0,68.0,200.0,77.0,123.0,100.0,100.0,,3.0,1.0,1.0,67.0,,15.0,113.0,0,0,0,0,0,1,1,1,1,0,1,0,0,0,0,0,0,0,1,0,0,0,0,1,0,0,0,0,0,0,0,1,0,0,0,0,1,0,0,0.4,,,
2017,soquel union elementary,"Suburb, midsize",0.5516,0.2576,0.6752,0.5185,0.5826,,,,,0.4359,,0.5625,0.6148,123.0,17.0,106.0,56.0,67.0,0.0,0.0,0.0,,34.0,,9.0,75.0,223.0,66.0,157.0,108.0,115.0,0.0,0.0,0.0,,78.0,,16.0,122.0,0,0,0,0,0,1,1,1,1,0,1,0,0,0,0,0,0,0,0,0,0,1,0,1,0,0,0,0,0,0,0,0,0,0,1,0,1,0,0,0.5,0.4,,
2018,soquel union elementary,"Suburb, midsize",0.5241,0.3231,0.6311,0.5256,0.5229,,,,,0.3385,,,0.6346,98.0,21.0,77.0,41.0,57.0,0.0,0.0,0.0,,22.0,0.0,0.0,66.0,187.0,65.0,122.0,78.0,109.0,0.0,0.0,0.0,,65.0,0.0,0.0,104.0,0,0,0,0,0,1,1,1,1,0,1,1,0,0,0,0,0,0,0,0,0,1,0,0,0,0,0,0,0,0,0,0,0,0,1,0,0,0,0,0.5516,0.5,0.4,
2019,soquel union elementary,"Suburb, midsize",0.5916,0.4219,0.6772,0.5172,0.6538,,,,,0.4493,,0.6364,0.6733,113.0,27.0,86.0,45.0,68.0,0.0,0.0,0.0,0.0,31.0,0.0,7.0,68.0,191.0,64.0,127.0,87.0,104.0,0.0,0.0,0.0,0.0,69.0,0.0,11.0,101.0,0,0,0,0,0,1,1,1,1,0,1,0,0,0,0,0,0,0,0,0,0,0,0,0,0,0,0,0,0,0,0,0,0,0,0,0,0,0,0,0.5241,0.5516,0.5,0.4
2015,soulsbyville elementary,"Town, distant",0.27,0.25,0.3,0.29,0.27,,,,,,,,0.26,14.0,7.0,7.0,6.0,8.0,0.0,,0.0,0.0,0.0,,0.0,9.0,51.0,28.0,23.0,21.0,30.0,1.0,,2.0,1.0,10.0,,2.0,34.0,0,0,0,0,0,1,1,1,1,1,1,1,0,0,0,0,0,0,0,1,0,0,0,1,0,0,0,0,0,0,0,0,1,0,0,0,1,0,0,,,,
2016,soulsbyville elementary,"Town, distant",0.38,0.13,0.63,0.36,0.41,,,,,0.33,,,0.36,24.0,4.0,20.0,13.0,11.0,,,,,4.0,,0.0,16.0,63.0,31.0,32.0,36.0,27.0,,,,,12.0,,6.0,45.0,0,0,0,0,0,1,1,1,1,0,1,1,0,0,0,0,0,0,1,1,1,1,0,1,0,0,0,0,0,0,0,1,1,1,1,0,1,0,0,0.27,,,
2017,soulsbyville elementary,"Town, distant",0.2203,0.2,0.2353,0.2,0.2353,,,,,,,,0.2083,13.0,5.0,8.0,5.0,8.0,,,,,0.0,,0.0,10.0,59.0,25.0,34.0,25.0,34.0,,,,,0.0,,0.0,48.0,0,0,0,0,0,1,1,1,1,1,1,1,0,0,0,0,0,0,1,1,1,1,0,1,0,0,0,0,0,0,0,1,1,1,1,0,1,0,0,0.38,0.27,,
2018,soulsbyville elementary,"Town, distant",0.3182,0.2759,0.3514,0.2333,0.3889,,,,,0.3333,,,0.3469,21.0,8.0,13.0,7.0,14.0,,,0.0,,4.0,,0.0,17.0,66.0,29.0,37.0,30.0,36.0,,,0.0,,12.0,,0.0,49.0,0,0,0,0,0,1,1,1,1,0,1,1,0,0,0,0,0,0,1,1,0,1,0,1,0,0,0,0,0,0,0,1,1,0,1,0,1,0,0,0.2203,0.38,0.27,
2019,soulsbyville elementary,"Town, distant",0.4262,0.32,0.5,0.4444,0.4118,,,,,,,,0.4583,26.0,8.0,18.0,12.0,14.0,,,0.0,0.0,0.0,,0.0,22.0,61.0,25.0,36.0,27.0,34.0,,,0.0,0.0,5.0,,6.0,48.0,0,0,0,0,0,1,1,1,1,1,1,1,0,0,0,0,0,0,1,1,0,0,0,1,0,0,0,0,0,0,0,1,1,0,0,0,1,0,0,0.3182,0.2203,0.38,0.27
2015,south bay union,"City, large",0.2,0.18,0.26,0.17,0.23,,,0.09,0.4,0.18,,0.31,0.34,216.0,140.0,79.0,89.0,129.0,0.0,0.0,2.0,18.0,162.0,0.0,8.0,26.0,1084.0,777.0,307.0,522.0,562.0,1.0,5.0,22.0,45.0,898.0,7.0,26.0,77.0,0,0,0,0,0,1,1,0,0,0,1,0,0,0,0,0,0,0,0,0,0,0,0,0,0,0,0,0,0,0,0,0,0,0,0,0,0,0,0,,,,
2016,south bay union,"City, large",0.24,0.21,0.34,0.24,0.25,,,0.21,0.41,0.22,,0.37,0.42,257.0,169.0,91.0,125.0,138.0,0.0,0.0,5.0,14.0,198.0,0.0,14.0,28.0,1074.0,805.0,269.0,523.0,551.0,1.0,5.0,24.0,34.0,899.0,4.0,38.0,67.0,0,0,0,0,0,1,1,0,0,0,1,0,0,0,0,0,0,0,0,0,0,0,0,0,0,0,0,0,0,0,0,0,0,0,0,0,0,0,0,0.2,,,
2017,south bay union,"City, large",0.2681,0.2444,0.3108,0.2468,0.2915,,,0.2,0.4286,0.2463,,0.3333,0.5077,278.0,163.0,115.0,134.0,144.0,0.0,0.0,6.0,12.0,217.0,0.0,8.0,33.0,1037.0,667.0,370.0,543.0,494.0,0.0,0.0,30.0,28.0,881.0,0.0,24.0,65.0,0,0,0,0,0,1,1,0,0,0,1,0,0,0,0,0,0,0,0,0,0,0,0,0,0,0,0,0,0,0,0,0,0,0,0,0,0,0,0,0.24,0.2,,
2018,south bay union,"City, large",0.2444,0.2009,0.3489,0.2018,0.2834,,,0.1923,0.4483,0.2275,,0.2353,0.4286,231.0,134.0,97.0,91.0,140.0,0.0,0.0,5.0,13.0,182.0,0.0,4.0,24.0,945.0,667.0,278.0,451.0,494.0,0.0,0.0,26.0,29.0,800.0,0.0,17.0,56.0,0,0,0,0,0,1,1,0,0,0,1,0,0,0,0,0,0,0,0,0,0,0,0,0,0,0,0,0,0,0,0,0,0,0,0,0,0,0,0,0.2681,0.24,0.2,
2019,south bay union,"City, large",0.3137,0.2764,0.4248,0.2854,0.3406,,,0.4286,0.5769,0.2718,,0.5484,0.5079,282.0,186.0,96.0,125.0,157.0,0.0,0.0,9.0,15.0,203.0,0.0,17.0,32.0,899.0,673.0,226.0,438.0,461.0,0.0,5.0,21.0,26.0,747.0,4.0,31.0,63.0,0,0,0,0,0,1,1,0,0,0,1,0,0,0,0,0,0,0,0,0,0,0,0,0,0,0,0,0,0,0,0,0,0,0,0,0,0,0,0,0.2444,0.2681,0.24,0.2
2015,south fork union,"Rural, distant",0.15,0.13,,0.08,0.21,,,,,,,,0.18,4.0,3.0,0.0,1.0,3.0,0.0,,0.0,,0.0,,0.0,3.0,29.0,25.0,4.0,14.0,15.0,2.0,,1.0,,5.0,,2.0,19.0,0,0,1,0,0,1,1,1,1,1,1,1,0,0,0,0,0,0,0,1,0,1,0,1,0,0,0,0,0,0,0,0,1,0,1,0,1,0,0,,,,
2016,south fork union,"Rural, remote",0.25,0.22,,,0.31,,,,,,,,0.24,6.0,4.0,0.0,0.0,5.0,,,,,0.0,,,4.0,24.0,18.0,6.0,8.0,16.0,,,,,7.0,,,17.0,0,0,1,1,0,1,1,1,1,1,1,1,0,0,0,0,0,0,1,1,1,1,0,1,1,0,0,0,0,0,0,1,1,1,1,0,1,1,0,0.15,,,
2017,south fork union,"Rural, remote",0.4091,0.3333,,0.4375,,,,,,,,,0.4118,9.0,6.0,0.0,7.0,0.0,0.0,,,,0.0,,0.0,7.0,22.0,18.0,0.0,16.0,0.0,0.0,,,,0.0,,0.0,17.0,0,0,1,0,1,1,1,1,1,1,1,1,0,0,0,0,0,0,0,1,1,1,0,1,0,0,0,0,0,0,0,0,1,1,1,0,1,0,0,0.25,0.15,,
2018,south fork union,"Rural, remote",0.1471,0.1379,,0.1,0.2143,,,,,,,,0.1111,5.0,4.0,0.0,2.0,3.0,0.0,,,,0.0,,0.0,3.0,34.0,29.0,0.0,20.0,14.0,0.0,,,,0.0,,0.0,27.0,0,0,1,0,0,1,1,1,1,1,1,1,0,0,0,0,0,0,0,1,1,1,0,1,0,0,0,0,0,0,0,0,1,1,1,0,1,0,0,0.4091,0.25,0.15,
2019,south fork union,"Rural, remote",0.1724,0.1818,,0.25,0.1176,,,,,,,,0.2105,5.0,4.0,0.0,3.0,2.0,0.0,,,,0.0,,0.0,4.0,29.0,22.0,7.0,12.0,17.0,0.0,,,,7.0,,0.0,19.0,0,0,1,0,0,1,1,1,1,1,1,1,0,0,0,0,0,0,0,1,1,1,0,1,0,0,0,0,0,0,0,0,1,1,1,0,1,0,0,0.1471,0.4091,0.25,0.15
2015,south pasadena unified,"Suburb, large",0.8,0.68,0.82,0.79,0.81,,0.88,,,0.6,,0.94,0.82,286.0,32.0,254.0,135.0,152.0,,92.0,0.0,0.0,43.0,0.0,46.0,96.0,357.0,47.0,310.0,172.0,185.0,,106.0,4.0,7.0,72.0,1.0,49.0,118.0,0,0,0,0,0,1,0,1,1,0,1,0,0,0,0,0,0,0,1,0,0,0,0,0,0,0,0,0,0,0,0,1,0,0,0,0,0,0,0,,,,
2016,south pasadena unified,"Suburb, large",0.8,0.63,0.83,0.8,0.81,,0.91,,,0.69,,0.83,0.78,270.0,29.0,238.0,134.0,134.0,0.0,106.0,0.0,0.0,53.0,,30.0,69.0,333.0,46.0,287.0,167.0,166.0,1.0,117.0,4.0,7.0,77.0,,36.0,89.0,0,0,0,0,0,1,0,1,1,0,1,0,0,0,0,0,0,0,0,0,0,0,0,1,0,0,0,0,0,0,0,0,0,0,0,0,1,0,0,0.8,,,
2017,south pasadena unified,"Suburb, large",0.8164,0.675,0.8344,0.7964,0.8342,,0.9038,,,0.7188,,0.8571,0.787,289.0,27.0,262.0,133.0,156.0,,94.0,0.0,0.0,69.0,0.0,30.0,85.0,354.0,40.0,314.0,167.0,187.0,,104.0,0.0,0.0,96.0,0.0,35.0,108.0,0,0,0,0,0,1,0,1,1,0,1,0,0,0,0,0,0,0,1,0,0,0,0,0,0,0,0,0,0,0,0,1,0,0,0,0,0,0,0,0.8,0.8,,
2018,south pasadena unified,"Suburb, large",0.8582,0.7647,0.8781,0.8683,0.847,,0.8807,,,0.7423,,0.9857,0.866,333.0,52.0,281.0,178.0,155.0,0.0,96.0,0.0,0.0,72.0,0.0,69.0,84.0,388.0,68.0,320.0,205.0,183.0,0.0,109.0,0.0,0.0,97.0,0.0,70.0,97.0,0,0,0,0,0,1,0,1,1,0,1,0,0,0,0,0,0,0,0,0,0,0,0,0,0,0,0,0,0,0,0,0,0,0,0,0,0,0,0,0.8164,0.8,0.8,
2019,south pasadena unified,"Suburb, large",0.8291,0.6667,0.86,0.8026,0.8488,,0.9426,,,0.6094,,0.8824,0.8333,296.0,38.0,258.0,122.0,174.0,,115.0,0.0,0.0,39.0,,45.0,90.0,357.0,57.0,300.0,152.0,205.0,,122.0,6.0,0.0,64.0,,51.0,108.0,0,0,0,0,0,1,0,1,1,0,1,0,0,0,0,0,0,0,1,0,0,0,0,1,0,0,0,0,0,0,0,1,0,0,0,0,1,0,0,0.8582,0.8164,0.8,0.8
2015,south whittier elementary,"Suburb, large",0.14,0.13,0.23,0.16,0.11,,,,,0.12,,,0.27,48.0,40.0,7.0,26.0,20.0,,0.0,0.0,0.0,39.0,0.0,,3.0,343.0,312.0,31.0,167.0,176.0,,1.0,1.0,6.0,323.0,1.0,,11.0,0,0,0,0,0,1,1,1,1,0,1,1,0,0,0,0,0,0,1,0,0,0,0,0,1,0,0,0,0,0,0,1,0,0,0,0,0,1,0,,,,
2016,south whittier elementary,"Suburb, large",0.16,0.15,0.25,0.11,0.21,,,,,0.16,,,,57.0,49.0,8.0,24.0,35.0,,,0.0,0.0,52.0,,,0.0,359.0,327.0,32.0,194.0,165.0,,,1.0,3.0,346.0,,,9.0,0,0,0,0,0,1,1,1,1,0,1,1,1,0,0,0,0,0,1,1,0,0,0,1,1,0,0,0,0,0,0,1,1,0,0,0,1,1,0,0.14,,,
2017,south whittier elementary,"Suburb, large",0.2407,0.2293,0.3448,0.223,0.2564,,,,,0.2291,,,0.3846,71.0,61.0,10.0,31.0,40.0,0.0,,0.0,0.0,63.0,,0.0,5.0,295.0,266.0,29.0,139.0,156.0,0.0,,0.0,0.0,275.0,,0.0,13.0,0,0,0,0,0,1,1,1,1,0,1,1,0,0,0,0,0,0,0,1,0,0,0,1,0,0,0,0,0,0,0,0,1,0,0,0,1,0,0,0.16,0.14,,
2018,south whittier elementary,"Suburb, large",0.2476,0.2403,0.3333,0.2025,0.2953,,,,,0.2371,,,,76.0,68.0,8.0,32.0,44.0,,0.0,0.0,0.0,69.0,,,0.0,307.0,283.0,24.0,158.0,149.0,,0.0,0.0,0.0,291.0,,,0.0,0,0,0,0,0,1,1,1,1,0,1,1,1,0,0,0,0,0,1,0,0,0,0,1,1,0,0,0,0,0,0,1,0,0,0,0,1,1,0,0.2407,0.16,0.14,
2019,south whittier elementary,"Suburb, large",0.3182,0.3068,0.4545,0.3077,0.3287,,,,,0.321,,,,91.0,81.0,10.0,44.0,47.0,,0.0,0.0,0.0,87.0,0.0,0.0,0.0,286.0,264.0,22.0,143.0,143.0,,0.0,4.0,0.0,271.0,0.0,0.0,5.0,0,0,0,0,0,1,1,1,1,0,1,1,1,0,0,0,0,0,1,0,0,0,0,0,0,0,0,0,0,0,0,1,0,0,0,0,0,0,0,0.2476,0.2407,0.16,0.14
2015,southern kern unified,"Town, fringe",0.19,0.19,0.18,0.15,0.22,,,0.11,,0.17,,,0.23,46.0,40.0,4.0,19.0,27.0,0.0,0.0,2.0,0.0,21.0,0.0,0.0,19.0,243.0,220.0,23.0,124.0,119.0,2.0,1.0,19.0,4.0,131.0,1.0,5.0,79.0,0,0,0,0,0,1,1,0,1,0,1,1,0,0,0,0,0,0,0,0,0,0,0,0,0,0,0,0,0,0,0,0,0,0,0,0,0,0,0,,,,
2016,southern kern unified,"Town, fringe",0.17,0.14,0.23,0.17,0.17,,,0.04,,0.15,,,0.22,47.0,27.0,19.0,22.0,22.0,0.0,0.0,1.0,0.0,23.0,0.0,0.0,19.0,275.0,191.0,84.0,143.0,132.0,1.0,3.0,25.0,1.0,145.0,1.0,6.0,89.0,0,0,0,0,0,1,1,0,1,0,1,1,0,0,0,0,0,0,0,0,0,0,0,0,0,0,0,0,0,0,0,0,0,0,0,0,0,0,0,0.19,,,
2017,southern kern unified,"Town, fringe",0.1771,0.1298,0.3333,0.1812,0.1729,,,0.1333,,0.1655,,,0.2022,48.0,27.0,21.0,25.0,23.0,0.0,,4.0,0.0,23.0,0.0,0.0,18.0,272.0,209.0,63.0,138.0,134.0,0.0,,30.0,0.0,140.0,0.0,0.0,89.0,0,0,0,0,0,1,1,0,1,0,1,1,0,0,0,0,0,0,0,1,0,0,0,0,0,0,0,0,0,0,0,0,1,0,0,0,0,0,0,0.17,0.19,,
2018,southern kern unified,"Town, fringe",0.1812,0.1441,0.3077,0.1565,0.2071,,,0.1481,,0.129,,,0.25,52.0,32.0,20.0,23.0,29.0,0.0,0.0,4.0,0.0,20.0,0.0,0.0,21.0,287.0,222.0,65.0,147.0,140.0,0.0,0.0,27.0,0.0,155.0,0.0,0.0,84.0,0,0,0,0,0,1,1,0,1,0,1,1,0,0,0,0,0,0,0,0,0,0,0,0,0,0,0,0,0,0,0,0,0,0,0,0,0,0,0,0.1771,0.17,0.19,
2019,southern kern unified,"Town, fringe",0.1687,0.1173,0.3,0.189,0.1475,,,0.125,,0.1727,,0.0909,0.1746,42.0,21.0,21.0,24.0,18.0,0.0,0.0,4.0,0.0,24.0,,1.0,11.0,249.0,179.0,70.0,127.0,122.0,0.0,0.0,32.0,0.0,139.0,,11.0,63.0,0,0,0,0,0,1,1,0,1,0,1,0,0,0,0,0,0,0,0,0,0,0,0,1,0,0,0,0,0,0,0,0,0,0,0,0,1,0,0,0.1812,0.1771,0.17,0.19
2015,southside elementary,"Rural, fringe",0.62,,0.63,0.63,,,,,,0.62,,,,16.0,0.0,10.0,10.0,0.0,,,,,8.0,,,0.0,26.0,10.0,16.0,16.0,10.0,,,,,13.0,,,1.0,0,1,0,0,1,1,1,1,1,0,1,1,1,0,0,0,0,0,1,1,1,1,0,1,1,0,0,0,0,0,0,1,1,1,1,0,1,1,0,,,,
2016,southside elementary,"Rural, fringe",0.68,,0.65,0.67,,,,,,0.55,,,,17.0,0.0,13.0,10.0,0.0,,0.0,0.0,,6.0,,,0.0,25.0,5.0,20.0,15.0,10.0,,1.0,1.0,,11.0,,,3.0,0,1,0,0,1,1,1,1,1,0,1,1,1,0,0,0,0,0,1,0,0,1,0,1,1,0,0,0,0,0,0,1,0,0,1,0,1,1,0,0.62,,,
2017,southside elementary,"Rural, fringe",0.5909,,0.8571,,0.5833,,,,,0.4167,,,,13.0,0.0,12.0,0.0,7.0,,,,,5.0,,,0.0,22.0,0.0,14.0,0.0,12.0,,,,,12.0,,,0.0,0,1,0,1,0,1,1,1,1,0,1,1,1,0,0,0,0,0,1,1,1,1,0,1,1,0,0,0,0,0,0,1,1,1,1,0,1,1,0,0.68,0.62,,
2018,southside elementary,"Rural, fringe",0.6111,,0.7143,0.4167,,,,,,,,,,11.0,0.0,10.0,5.0,0.0,,,,,0.0,,,0.0,18.0,0.0,14.0,12.0,0.0,,,,,0.0,,,0.0,0,1,0,0,1,1,1,1,1,1,1,1,1,0,0,0,0,0,1,1,1,1,0,1,1,0,0,0,0,0,0,1,1,1,1,0,1,1,0,0.5909,0.68,0.62,
2019,southside elementary,"Rural, fringe",0.625,,0.7368,,0.5333,,,,,0.5385,,,0.7273,15.0,0.0,14.0,0.0,8.0,,,,,7.0,,,8.0,24.0,5.0,19.0,9.0,15.0,,,,,13.0,,,11.0,0,1,0,1,0,1,1,1,1,0,1,1,0,0,0,0,0,0,1,1,1,1,0,1,1,0,0,0,0,0,0,1,1,1,1,0,1,1,0,0.6111,0.5909,0.68,0.62
2015,spreckels union elementary,"Suburb, midsize",0.61,0.43,0.63,0.59,0.62,,,,,0.45,,,0.68,63.0,6.0,57.0,35.0,29.0,,0.0,,0.0,14.0,,0.0,41.0,105.0,14.0,91.0,59.0,46.0,,4.0,,4.0,31.0,,8.0,58.0,0,0,0,0,0,1,1,1,1,0,1,1,0,0,0,0,0,0,1,0,1,0,0,1,0,0,0,0,0,0,0,1,0,1,0,0,1,0,0,,,,
2016,spreckels union elementary,"Suburb, midsize",0.6,0.27,0.67,0.56,0.65,,,,,0.56,,,0.7,55.0,4.0,51.0,25.0,30.0,,0.0,,0.0,18.0,0.0,0.0,30.0,91.0,15.0,76.0,45.0,46.0,,2.0,,3.0,32.0,1.0,8.0,43.0,0,0,0,0,0,1,1,1,1,0,1,1,0,0,0,0,0,0,1,0,1,0,0,0,0,0,0,0,0,0,0,1,0,1,0,0,0,0,0,0.61,,,
2017,spreckels union elementary,"Suburb, midsize",0.6224,,0.6517,0.6731,0.5652,,,,,0.4643,,,0.6909,61.0,0.0,58.0,35.0,26.0,0.0,0.0,0.0,0.0,13.0,,0.0,38.0,98.0,0.0,89.0,52.0,46.0,0.0,0.0,0.0,0.0,28.0,,0.0,55.0,0,1,0,0,0,1,1,1,1,0,1,1,0,0,0,0,0,0,0,0,0,0,0,1,0,0,0,0,0,0,0,0,0,0,0,0,1,0,0,0.6,0.61,,
2018,spreckels union elementary,"Suburb, midsize",0.5169,0.2667,0.5676,0.413,0.6279,,,,,0.5,,,0.4898,46.0,4.0,42.0,19.0,27.0,,0.0,,0.0,12.0,,0.0,24.0,89.0,15.0,74.0,46.0,43.0,,0.0,,0.0,24.0,,0.0,49.0,0,0,0,0,0,1,1,1,1,0,1,1,0,0,0,0,0,0,1,0,1,0,0,1,0,0,0,0,0,0,0,1,0,1,0,0,1,0,0,0.6224,0.6,0.61,
2019,spreckels union elementary,"Suburb, midsize",0.5243,0.4211,0.5476,0.4286,0.6111,,,,,0.4474,,,0.5893,54.0,8.0,46.0,21.0,33.0,,0.0,,0.0,17.0,,0.0,33.0,103.0,19.0,84.0,49.0,54.0,,0.0,,0.0,38.0,,6.0,56.0,0,0,0,0,0,1,1,1,1,0,1,1,0,0,0,0,0,0,1,0,1,0,0,1,0,0,0,0,0,0,0,1,0,1,0,0,1,0,0,0.5169,0.6224,0.6,0.61
2015,springville union elementary,"Rural, distant",0.43,0.43,0.43,0.35,0.52,,,,,,,,0.49,20.0,10.0,10.0,8.0,12.0,0.0,,,0.0,0.0,,,18.0,46.0,23.0,23.0,23.0,23.0,1.0,,,1.0,7.0,,,37.0,0,0,0,0,0,1,1,1,1,1,1,1,0,0,0,0,0,0,0,1,1,0,0,1,1,0,0,0,0,0,0,0,1,1,0,0,1,1,0,,,,
2016,springville union elementary,"Rural, distant",0.38,0.19,,,0.35,,,,,,,,0.38,10.0,3.0,0.0,0.0,6.0,0.0,0.0,,,0.0,,,8.0,26.0,16.0,10.0,9.0,17.0,1.0,1.0,,,3.0,,,21.0,0,0,1,1,0,1,1,1,1,1,1,1,0,0,0,0,0,0,0,0,1,1,0,1,1,0,0,0,0,0,0,0,0,1,1,0,1,1,0,0.43,,,
2017,springville union elementary,"Rural, distant",0.4,0.1875,0.5172,0.3636,0.4348,,,,,,,,0.3429,18.0,3.0,15.0,8.0,10.0,0.0,0.0,,,0.0,,,12.0,45.0,16.0,29.0,22.0,23.0,0.0,0.0,,,0.0,,,35.0,0,0,0,0,0,1,1,1,1,1,1,1,0,0,0,0,0,0,0,0,1,1,0,1,1,0,0,0,0,0,0,0,0,1,1,0,1,1,0,0.38,0.43,,
2018,springville union elementary,"Rural, distant",0.2333,0.2105,0.2727,,0.2,,,,,0.0909,,,0.2941,7.0,4.0,3.0,0.0,4.0,,,,0.0,1.0,,0.0,5.0,30.0,19.0,11.0,0.0,20.0,,,,0.0,11.0,,0.0,17.0,0,0,0,1,0,1,1,1,1,0,1,1,0,0,0,0,0,0,1,1,1,0,0,1,0,0,0,0,0,0,0,1,1,1,0,0,1,0,0,0.4,0.38,0.43,
2019,springville union elementary,"Rural, distant",0.3704,0.3333,,0.2667,0.5,,,,,,,,0.5263,10.0,6.0,0.0,4.0,6.0,0.0,0.0,,,0.0,,,10.0,27.0,18.0,9.0,15.0,12.0,0.0,0.0,,,6.0,,,19.0,0,0,1,0,0,1,1,1,1,1,1,1,0,0,0,0,0,0,0,0,1,1,0,1,1,0,0,0,0,0,0,0,0,1,1,0,1,1,0,0.2333,0.4,0.38,0.43
2015,standard elementary,"Suburb, large",0.17,0.15,0.24,0.17,0.17,,,,,0.15,,,0.18,59.0,41.0,17.0,30.0,29.0,0.0,0.0,0.0,0.0,13.0,,0.0,43.0,347.0,276.0,71.0,177.0,170.0,7.0,1.0,1.0,2.0,91.0,,4.0,241.0,0,0,0,0,0,1,1,1,1,0,1,1,0,0,0,0,0,0,0,0,0,0,0,1,0,0,0,0,0,0,0,0,0,0,0,0,1,0,0,,,,
2016,standard elementary,"Suburb, large",0.15,0.14,0.2,0.18,0.12,,,,,0.11,,0.36,0.15,50.0,43.0,9.0,31.0,21.0,0.0,0.0,,0.0,12.0,,4.0,32.0,350.0,305.0,45.0,168.0,182.0,1.0,1.0,,1.0,121.0,,11.0,215.0,0,0,0,0,0,1,1,1,1,0,1,0,0,0,0,0,0,0,0,0,1,0,0,1,0,0,0,0,0,0,0,0,0,1,0,0,1,0,0,0.17,,,
2017,standard elementary,"Suburb, large",0.1873,0.1406,0.3467,0.1722,0.2,,,,,0.1319,,,0.2081,62.0,36.0,26.0,26.0,36.0,0.0,0.0,0.0,0.0,12.0,,0.0,46.0,331.0,256.0,75.0,151.0,180.0,0.0,0.0,0.0,0.0,91.0,,0.0,221.0,0,0,0,0,0,1,1,1,1,0,1,1,0,0,0,0,0,0,0,0,0,0,0,1,0,0,0,0,0,0,0,0,0,0,0,0,1,0,0,0.15,0.17,,
2018,standard elementary,"Suburb, large",0.1723,0.1388,0.3014,0.1818,0.165,,,,,0.161,,,0.186,61.0,39.0,22.0,28.0,33.0,0.0,0.0,0.0,0.0,19.0,,0.0,40.0,354.0,281.0,73.0,154.0,200.0,0.0,0.0,0.0,0.0,118.0,,0.0,215.0,0,0,0,0,0,1,1,1,1,0,1,1,0,0,0,0,0,0,0,0,0,0,0,1,0,0,0,0,0,0,0,0,0,0,0,0,1,0,0,0.1873,0.15,0.17,
2019,standard elementary,"Suburb, large",0.2444,0.2327,0.325,0.1975,0.2911,,,0.0,,0.25,,0.25,0.2564,77.0,64.0,13.0,31.0,46.0,0.0,0.0,0.0,,23.0,,3.0,50.0,315.0,275.0,40.0,157.0,158.0,0.0,0.0,11.0,,92.0,,12.0,195.0,0,0,0,0,0,1,1,0,1,0,1,0,0,0,0,0,0,0,0,0,0,1,0,1,0,0,0,0,0,0,0,0,0,0,1,0,1,0,0,0.1723,0.1873,0.15,0.17
2015,stanislaus union elementary,"City, midsize",0.31,0.21,0.53,0.3,0.32,,0.66,0.09,,0.17,,,0.42,121.0,57.0,63.0,57.0,64.0,0.0,31.0,2.0,0.0,33.0,0.0,0.0,44.0,390.0,270.0,120.0,191.0,199.0,2.0,47.0,22.0,1.0,196.0,4.0,4.0,105.0,0,0,0,0,0,1,0,0,1,0,1,1,0,0,0,0,0,0,0,0,0,0,0,0,0,0,0,0,0,0,0,0,0,0,0,0,0,0,0,,,,
2016,stanislaus union elementary,"City, midsize",0.29,0.2,0.52,0.24,0.33,,0.62,0.26,,0.17,,,0.44,115.0,53.0,59.0,43.0,71.0,0.0,21.0,8.0,0.0,38.0,0.0,0.0,35.0,396.0,283.0,113.0,188.0,208.0,3.0,34.0,31.0,1.0,222.0,3.0,5.0,79.0,0,0,0,0,0,1,0,0,1,0,1,1,0,0,0,0,0,0,0,0,0,0,0,0,0,0,0,0,0,0,0,0,0,0,0,0,0,0,0,0.31,,,
2017,stanislaus union elementary,"City, midsize",0.3243,0.2103,0.5739,0.339,0.3105,,0.5676,0.2,,0.2513,,,0.4,119.0,53.0,66.0,60.0,59.0,0.0,21.0,6.0,0.0,48.0,0.0,0.0,30.0,367.0,252.0,115.0,177.0,190.0,0.0,37.0,30.0,0.0,191.0,0.0,0.0,75.0,0,0,0,0,0,1,0,0,1,0,1,1,0,0,0,0,0,0,0,0,0,0,0,0,0,0,0,0,0,0,0,0,0,0,0,0,0,0,0,0.29,0.31,,
2018,stanislaus union elementary,"City, midsize",0.3787,0.3118,0.5357,0.337,0.4175,,0.6415,0.2609,,0.3352,,,0.3409,142.0,82.0,60.0,61.0,81.0,0.0,34.0,6.0,0.0,61.0,0.0,0.0,30.0,375.0,263.0,112.0,181.0,194.0,0.0,53.0,23.0,0.0,182.0,0.0,0.0,88.0,0,0,0,0,0,1,0,0,1,0,1,1,0,0,0,0,0,0,0,0,0,0,0,0,0,0,0,0,0,0,0,0,0,0,0,0,0,0,0,0.3243,0.29,0.31,
2019,stanislaus union elementary,"City, midsize",0.4119,0.3333,0.5714,0.386,0.4415,,0.5088,0.3478,,0.335,,,0.5104,166.0,90.0,76.0,83.0,83.0,0.0,29.0,8.0,0.0,67.0,0.0,0.0,49.0,403.0,270.0,133.0,215.0,188.0,0.0,57.0,23.0,5.0,200.0,0.0,0.0,96.0,0,0,0,0,0,1,0,0,1,0,1,1,0,0,0,0,0,0,0,0,0,0,0,0,0,0,0,0,0,0,0,0,0,0,0,0,0,0,0,0.3787,0.3243,0.29,0.31
2015,stockton unified,"City, large",0.18,0.17,0.27,0.16,0.2,0.17,0.31,0.11,0.38,0.15,0.24,0.2,0.22,539.0,428.0,85.0,221.0,304.0,13.0,96.0,41.0,42.0,280.0,5.0,10.0,49.0,2994.0,2680.0,314.0,1471.0,1523.0,75.0,307.0,335.0,112.0,1870.0,21.0,50.0,222.0,0,0,0,0,0,0,0,0,0,0,0,0,0,0,0,0,0,0,0,0,0,0,0,0,0,0,0,0,0,0,0,0,0,0,0,0,0,0,0,,,,
2016,stockton unified,"City, large",0.22,0.2,0.3,0.19,0.24,0.17,0.33,0.14,0.44,0.19,0.35,0.21,0.24,669.0,539.0,149.0,304.0,400.0,11.0,97.0,39.0,52.0,427.0,6.0,15.0,49.0,3188.0,2691.0,497.0,1519.0,1669.0,66.0,294.0,279.0,121.0,2136.0,17.0,70.0,205.0,0,0,0,0,0,0,0,0,0,0,0,0,0,0,0,0,0,0,0,0,0,0,0,0,0,0,0,0,0,0,0,0,0,0,0,0,0,0,0,0.18,,,
2017,stockton unified,"City, large",0.223,0.2055,0.3393,0.2031,0.2422,0.2063,0.3295,0.1174,0.4026,0.2072,0.3571,0.2544,0.3059,663.0,531.0,132.0,297.0,366.0,13.0,85.0,31.0,31.0,417.0,5.0,29.0,52.0,2974.0,2585.0,389.0,1462.0,1512.0,63.0,258.0,264.0,77.0,2014.0,14.0,114.0,170.0,0,0,0,0,0,0,0,0,0,0,0,0,0,0,0,0,0,0,0,0,0,0,0,0,0,0,0,0,0,0,0,0,0,0,0,0,0,0,0,0.22,0.18,,
2018,stockton unified,"City, large",0.2339,0.2145,0.35,0.2215,0.2458,0.25,0.3717,0.152,0.4528,0.2089,,0.3596,0.2707,685.0,538.0,147.0,317.0,368.0,9.0,84.0,45.0,48.0,419.0,0.0,41.0,36.0,2929.0,2509.0,420.0,1431.0,1498.0,36.0,226.0,296.0,106.0,2006.0,0.0,114.0,134.0,0,0,0,0,0,0,0,0,0,0,1,0,0,0,0,0,0,0,0,0,0,0,0,0,0,0,0,0,0,0,0,0,0,0,0,0,0,0,0,0.223,0.22,0.18,
2019,stockton unified,"City, large",0.2431,0.2162,0.362,0.2266,0.2579,0.4762,0.4256,0.125,0.4524,0.2136,0.2857,0.3171,0.3305,675.0,490.0,185.0,298.0,377.0,10.0,103.0,34.0,38.0,406.0,4.0,39.0,39.0,2778.0,2267.0,511.0,1316.0,1462.0,21.0,242.0,272.0,84.0,1902.0,14.0,123.0,118.0,0,0,0,0,0,0,0,0,0,0,0,0,0,0,0,0,0,0,0,0,0,0,0,0,0,0,0,0,0,0,0,0,0,0,0,0,0,0,0,0.2339,0.223,0.22,0.18
2015,stone corral elementary,"City, midsize",0.0,0.0,,0.0,,,,,,0.0,,,,0.0,0.0,,0.0,0.0,0.0,,,,0.0,,,,17.0,17.0,,11.0,6.0,1.0,,,,16.0,,,,0,0,1,0,1,1,1,1,1,0,1,1,1,0,0,1,0,0,0,1,1,1,0,1,1,1,0,0,1,0,0,0,1,1,1,0,1,1,1,,,,
2016,stone corral elementary,"City, midsize",0.0,0.0,,,,,,,,0.0,,,,0.0,0.0,,0.0,0.0,,,,,0.0,,,,18.0,18.0,,9.0,9.0,,,,,18.0,,,,0,0,1,1,1,1,1,1,1,0,1,1,1,0,0,1,0,0,1,1,1,1,0,1,1,1,0,0,1,0,0,1,1,1,1,0,1,1,1,0.0,,,
2017,stone corral elementary,"City, midsize",0.1176,0.1176,,,,,,,,0.1176,,,,2.0,2.0,,0.0,0.0,,,,,2.0,,,,17.0,17.0,,0.0,0.0,,,,,17.0,,,,0,0,1,1,1,1,1,1,1,0,1,1,1,0,0,1,0,0,1,1,1,1,0,1,1,1,0,0,1,0,0,1,1,1,1,0,1,1,1,0.0,0.0,,
2018,stone corral elementary,"City, midsize",0.0,0.0,,,,,,,,0.0,,,,0.0,0.0,,0.0,0.0,,,,,0.0,,,,11.0,11.0,,0.0,0.0,,,,,11.0,,,,0,0,1,1,1,1,1,1,1,0,1,1,1,0,0,1,0,0,1,1,1,1,0,1,1,1,0,0,1,0,0,1,1,1,1,0,1,1,1,0.1176,0.0,0.0,
2019,stone corral elementary,"Rural, distant",0.0,0.0,,,,,,,,0.0,,,,0.0,0.0,0.0,0.0,0.0,,,,,0.0,,,,13.0,12.0,0.0,6.0,7.0,,,,,13.0,,,,0,0,1,1,1,1,1,1,1,0,1,1,1,0,0,0,0,0,1,1,1,1,0,1,1,1,0,0,0,0,0,1,1,1,1,0,1,1,1,0.0,0.1176,0.0,0.0
2015,sulphur springs union,"Suburb, large",0.44,0.29,0.6,0.4,0.48,,0.74,0.42,0.76,0.31,,0.5,0.56,344.0,119.0,226.0,149.0,193.0,0.0,29.0,18.0,25.0,124.0,0.0,15.0,138.0,783.0,408.0,375.0,373.0,410.0,3.0,39.0,43.0,33.0,386.0,2.0,30.0,247.0,0,0,0,0,0,1,0,0,0,0,1,0,0,0,0,0,0,0,0,0,0,0,0,0,0,0,0,0,0,0,0,0,0,0,0,0,0,0,0,,,,
2016,sulphur springs union,"Suburb, large",0.48,0.36,0.62,0.47,0.49,,0.71,0.37,0.62,0.4,,0.66,0.58,362.0,141.0,218.0,172.0,190.0,0.0,25.0,14.0,24.0,164.0,0.0,23.0,111.0,754.0,404.0,350.0,366.0,388.0,1.0,35.0,38.0,39.0,411.0,3.0,35.0,192.0,0,0,0,0,0,1,0,0,0,0,1,0,0,0,0,0,0,0,0,0,0,0,0,0,0,0,0,0,0,0,0,0,0,0,0,0,0,0,0,0.44,,,
2017,sulphur springs union,"Suburb, large",0.4781,0.3655,0.5946,0.4752,0.4805,,0.8095,0.2927,0.8333,0.3873,,0.4,0.585,360.0,140.0,220.0,163.0,197.0,,34.0,12.0,25.0,158.0,0.0,12.0,117.0,754.0,384.0,370.0,344.0,410.0,,42.0,41.0,30.0,409.0,0.0,30.0,200.0,0,0,0,0,0,1,0,0,0,0,1,0,0,0,0,0,0,0,1,0,0,0,0,0,0,0,0,0,0,0,0,1,0,0,0,0,0,0,0,0.48,0.44,,
2018,sulphur springs union,"Suburb, large",0.5283,0.4102,0.6676,0.5146,0.5417,,0.6207,0.2045,0.6875,0.4541,,0.75,0.6714,402.0,169.0,233.0,194.0,208.0,,18.0,9.0,22.0,188.0,0.0,21.0,143.0,761.0,412.0,349.0,377.0,384.0,,29.0,44.0,32.0,414.0,0.0,28.0,213.0,0,0,0,0,0,1,0,0,0,0,1,0,0,0,0,0,0,0,1,0,0,0,0,0,0,0,0,0,0,0,0,1,0,0,0,0,0,0,0,0.4781,0.48,0.44,
2019,sulphur springs union,"Suburb, large",0.5188,0.4202,0.6509,0.4889,0.5469,,0.6486,0.5714,0.6944,0.41,,0.7353,0.6839,386.0,179.0,207.0,176.0,210.0,0.0,24.0,32.0,25.0,173.0,,25.0,106.0,744.0,426.0,318.0,360.0,384.0,0.0,37.0,56.0,36.0,422.0,,34.0,155.0,0,0,0,0,0,1,0,0,0,0,1,0,0,0,0,0,0,0,0,0,0,0,0,1,0,0,0,0,0,0,0,0,0,0,0,0,1,0,0,0.5283,0.4781,0.48,0.44
2015,summerville elementary,"Rural, fringe",0.38,0.28,0.47,0.44,0.33,,,,,,,,0.4,14.0,5.0,9.0,7.0,7.0,0.0,,,,0.0,,0.0,10.0,37.0,18.0,19.0,16.0,21.0,2.0,,,,6.0,,4.0,25.0,0,0,0,0,0,1,1,1,1,1,1,1,0,0,0,0,0,0,0,1,1,1,0,1,0,0,0,0,0,0,0,0,1,1,1,0,1,0,0,,,,
2016,summerville elementary,"Rural, fringe",0.31,0.2,0.41,0.27,0.33,,,,,,,,0.33,13.0,4.0,9.0,4.0,9.0,0.0,,0.0,,0.0,,0.0,8.0,43.0,21.0,22.0,16.0,27.0,8.0,,1.0,,7.0,,3.0,24.0,0,0,0,0,0,1,1,1,1,1,1,1,0,0,0,0,0,0,0,1,0,1,0,1,0,0,0,0,0,0,0,0,1,0,1,0,1,0,0,0.38,,,
2017,summerville elementary,"Rural, fringe",0.3684,0.3333,0.4,0.4375,0.3182,,,,,,,,0.4348,14.0,6.0,8.0,7.0,7.0,0.0,,0.0,,0.0,,0.0,10.0,38.0,18.0,20.0,16.0,22.0,0.0,,0.0,,0.0,,0.0,23.0,0,0,0,0,0,1,1,1,1,1,1,1,0,0,0,0,0,0,0,1,0,1,0,1,0,0,0,0,0,0,0,0,1,0,1,0,1,0,0,0.31,0.38,,
2018,summerville elementary,"Rural, fringe",0.2982,0.3043,0.2941,0.2,0.375,,,,,0.3636,,,0.2821,17.0,7.0,10.0,5.0,12.0,0.0,,,,4.0,,0.0,11.0,57.0,23.0,34.0,25.0,32.0,0.0,,,,11.0,,0.0,39.0,0,0,0,0,0,1,1,1,1,0,1,1,0,0,0,0,0,0,0,1,1,1,0,1,0,0,0,0,0,0,0,0,1,1,1,0,1,0,0,0.3684,0.31,0.38,
2019,summerville elementary,"Rural, fringe",0.3721,0.2273,0.5238,0.3158,0.4167,,,,,,,,0.4483,16.0,5.0,11.0,6.0,10.0,0.0,,,,0.0,,0.0,13.0,43.0,22.0,21.0,19.0,24.0,0.0,,,,8.0,,4.0,29.0,0,0,0,0,0,1,1,1,1,1,1,1,0,0,0,0,0,0,0,1,1,1,0,1,0,0,0,0,0,0,0,0,1,1,1,0,1,0,0,0.2982,0.3684,0.31,0.38
2015,sundale union elementary,"Rural, fringe",0.54,0.36,0.72,0.55,0.53,,,,,0.44,,,0.64,47.0,16.0,31.0,22.0,25.0,,,,,19.0,,,28.0,87.0,44.0,43.0,40.0,47.0,,,,,43.0,,,44.0,0,0,0,0,0,1,1,1,1,0,1,1,0,0,0,0,0,0,1,1,1,1,0,1,1,0,0,0,0,0,0,1,1,1,1,0,1,1,0,,,,
2016,sundale union elementary,"Rural, fringe",0.61,0.37,0.81,0.48,0.76,,,,,0.49,,,0.72,54.0,15.0,39.0,23.0,31.0,,,,0.0,22.0,,,31.0,89.0,41.0,48.0,48.0,41.0,,,,1.0,45.0,,,43.0,0,0,0,0,0,1,1,1,1,0,1,1,0,0,0,0,0,0,1,1,1,0,0,1,1,0,0,0,0,0,0,1,1,1,0,0,1,1,0,0.54,,,
2017,sundale union elementary,"Rural, fringe",0.5769,0.4167,0.7143,0.4722,0.6667,,,,,0.4667,,,0.75,45.0,15.0,30.0,17.0,28.0,,,0.0,,21.0,,,24.0,78.0,36.0,42.0,36.0,42.0,,,0.0,,45.0,,,32.0,0,0,0,0,0,1,1,1,1,0,1,1,0,0,0,0,0,0,1,1,0,1,0,1,1,0,0,0,0,0,0,1,1,0,1,0,1,1,0,0.61,0.54,,
2018,sundale union elementary,"Rural, fringe",0.6087,0.3514,0.7818,0.6591,0.5625,,,,,0.5333,,,0.6889,56.0,13.0,43.0,29.0,27.0,0.0,0.0,,,24.0,,,31.0,92.0,37.0,55.0,44.0,48.0,0.0,0.0,,,45.0,,,45.0,0,0,0,0,0,1,1,1,1,0,1,1,0,0,0,0,0,0,0,0,1,1,0,1,1,0,0,0,0,0,0,0,0,1,1,0,1,1,0,0.5769,0.61,0.54,
2019,sundale union elementary,"Rural, fringe",0.5444,0.375,0.68,0.4583,0.6429,,,,,0.3333,,,0.6981,49.0,15.0,34.0,22.0,27.0,,,0.0,,12.0,,,37.0,90.0,40.0,50.0,48.0,42.0,,,0.0,,36.0,,,53.0,0,0,0,0,0,1,1,1,1,0,1,1,0,0,0,0,0,0,1,1,0,1,0,1,1,0,0,0,0,0,0,1,1,0,1,0,1,1,0,0.6087,0.5769,0.61,0.54
2015,sunnyside union elementary,"Rural, fringe",0.14,0.15,,0.11,0.19,,,,,0.16,,,,5.0,5.0,0.0,2.0,3.0,,,,,5.0,,,0.0,35.0,34.0,1.0,19.0,16.0,,,,,31.0,,,4.0,0,0,1,0,0,1,1,1,1,0,1,1,1,0,0,0,0,0,1,1,1,1,0,1,1,0,0,0,0,0,0,1,1,1,1,0,1,1,0,,,,
2016,sunnyside union elementary,"Rural, fringe",0.14,0.15,,0.13,0.15,,,,,0.1,,,,5.0,5.0,0.0,2.0,3.0,,,,,3.0,,,0.0,35.0,34.0,1.0,15.0,20.0,,,,,31.0,,,4.0,0,0,1,0,0,1,1,1,1,0,1,1,1,0,0,0,0,0,1,1,1,1,0,1,1,0,0,0,0,0,0,1,1,1,1,0,1,1,0,0.14,,,
2017,sunnyside union elementary,"Rural, fringe",0.1136,0.0769,,0.1071,0.125,,,,,0.1282,,,,5.0,3.0,0.0,3.0,2.0,,,,,5.0,,,0.0,44.0,39.0,0.0,28.0,16.0,,,,,39.0,,,0.0,0,0,1,0,0,1,1,1,1,0,1,1,1,0,0,0,0,0,1,1,1,1,0,1,1,0,0,0,0,0,0,1,1,1,1,0,1,1,0,0.14,0.14,,
2018,sunnyside union elementary,"Rural, fringe",0.1905,0.1842,,0.2381,0.1429,,,,,0.2222,,,,8.0,7.0,0.0,5.0,3.0,,,,,8.0,,,0.0,42.0,38.0,0.0,21.0,21.0,,,,,36.0,,,0.0,0,0,1,0,0,1,1,1,1,0,1,1,1,0,0,0,0,0,1,1,1,1,0,1,1,0,0,0,0,0,0,1,1,1,1,0,1,1,0,0.1136,0.14,0.14,
2019,sunnyside union elementary,"Rural, fringe",0.1081,0.0909,,0.15,0.0588,,,,,0.0882,,,,4.0,3.0,0.0,3.0,1.0,,,,,3.0,,,0.0,37.0,33.0,4.0,20.0,17.0,,,,,34.0,,,0.0,0,0,1,0,0,1,1,1,1,0,1,1,1,0,0,0,0,0,1,1,1,1,0,1,1,0,0,0,0,0,0,1,1,1,1,0,1,1,0,0.1905,0.1136,0.14,0.14
2015,sunnyvale,"City, midsize",0.56,0.31,0.76,0.57,0.55,,0.89,,0.69,0.25,,0.65,0.72,405.0,95.0,309.0,202.0,203.0,0.0,151.0,0.0,36.0,72.0,0.0,31.0,105.0,724.0,318.0,406.0,355.0,369.0,7.0,170.0,10.0,52.0,286.0,6.0,48.0,145.0,0,0,0,0,0,1,0,1,0,0,1,0,0,0,0,0,0,0,0,0,0,0,0,0,0,0,0,0,0,0,0,0,0,0,0,0,0,0,0,,,,
2016,sunnyvale,"City, midsize",0.59,0.31,0.78,0.57,0.61,,0.83,0.17,0.56,0.3,,0.8,0.77,478.0,98.0,375.0,222.0,249.0,0.0,168.0,2.0,24.0,85.0,0.0,49.0,139.0,797.0,316.0,481.0,389.0,408.0,8.0,202.0,12.0,44.0,282.0,8.0,61.0,180.0,0,0,0,0,0,1,0,0,0,0,1,0,0,0,0,0,0,0,0,0,0,0,0,0,0,0,0,0,0,0,0,0,0,0,0,0,0,0,0,0.56,,,
2017,sunnyvale,"City, midsize",0.5586,0.2887,0.7469,0.5364,0.5789,0.1111,0.8272,0.25,0.5,0.2919,,0.7813,0.6335,386.0,82.0,304.0,177.0,209.0,2.0,134.0,3.0,22.0,61.0,0.0,50.0,102.0,691.0,284.0,407.0,330.0,361.0,18.0,162.0,12.0,44.0,209.0,0.0,64.0,161.0,0,0,0,0,0,0,0,0,0,0,1,0,0,0,0,0,0,0,0,0,0,0,0,0,0,0,0,0,0,0,0,0,0,0,0,0,0,0,0,0.59,0.56,,
2018,sunnyvale,"City, midsize",0.6317,0.3113,0.8046,0.6185,0.6434,0.35,0.8725,,0.6571,0.2925,0.2727,0.7654,0.7959,463.0,80.0,384.0,214.0,249.0,7.0,179.0,0.0,23.0,62.0,3.0,62.0,117.0,734.0,257.0,477.0,347.0,387.0,20.0,205.0,0.0,35.0,212.0,11.0,81.0,147.0,0,0,0,0,0,0,0,1,0,0,0,0,0,0,0,0,0,0,0,0,0,0,0,0,0,0,0,0,0,0,0,0,0,0,0,0,0,0,0,0.5586,0.59,0.56,
2019,sunnyvale,"City, midsize",0.6018,0.2802,0.7672,0.568,0.6335,0.2632,0.8495,,0.6111,0.2934,,0.7736,0.6193,411.0,65.0,346.0,188.0,223.0,5.0,175.0,0.0,22.0,49.0,0.0,41.0,109.0,683.0,232.0,451.0,331.0,352.0,19.0,206.0,10.0,36.0,167.0,6.0,53.0,176.0,0,0,0,0,0,0,0,1,0,0,1,0,0,0,0,0,0,0,0,0,0,0,0,0,0,0,0,0,0,0,0,0,0,0,0,0,0,0,0,0.6317,0.5586,0.59,0.56
2015,sunol glen unified,"Rural, fringe",0.56,,0.55,0.5,0.64,,,,,,,,0.5,18.0,0.0,17.0,9.0,9.0,,0.0,,,0.0,,0.0,9.0,33.0,1.0,32.0,18.0,15.0,,4.0,,,6.0,,5.0,18.0,0,1,0,0,0,1,1,1,1,1,1,1,0,0,0,0,0,0,1,0,1,1,0,1,0,0,0,0,0,0,0,1,0,1,1,0,1,0,0,,,,
2016,sunol glen unified,"Rural, fringe",0.81,,0.81,0.76,,,,,,,,,,25.0,,25.0,16.0,0.0,,0.0,0.0,,0.0,0.0,0.0,0.0,31.0,,31.0,21.0,10.0,,6.0,1.0,,9.0,1.0,6.0,8.0,0,1,0,0,1,1,1,1,1,1,1,1,1,0,1,0,0,0,1,0,0,1,0,0,0,0,0,1,0,0,0,1,0,0,1,0,0,0,0,0.56,,,
2017,sunol glen unified,"Rural, fringe",0.6364,,0.625,0.6667,0.6111,,,,,,,,0.625,21.0,0.0,20.0,10.0,11.0,,0.0,,,0.0,,0.0,10.0,33.0,0.0,32.0,15.0,18.0,,0.0,,,0.0,,0.0,16.0,0,1,0,0,0,1,1,1,1,1,1,1,0,0,0,0,0,0,1,0,1,1,0,1,0,0,0,0,0,0,0,1,0,1,1,0,1,0,0,0.81,0.56,,
2018,sunol glen unified,"Rural, fringe",0.875,,0.8621,0.6923,1.0,,,,,,,,0.8421,28.0,0.0,25.0,9.0,19.0,,0.0,,,0.0,,0.0,16.0,32.0,0.0,29.0,13.0,19.0,,0.0,,,0.0,,0.0,19.0,0,1,0,0,0,1,1,1,1,1,1,1,0,0,0,0,0,0,1,0,1,1,0,1,0,0,0,0,0,0,0,1,0,1,1,0,1,0,0,0.6364,0.81,0.56,
2019,sunol glen unified,"Rural, fringe",0.8788,,0.875,0.8571,0.8947,,,,,,,,0.8462,29.0,0.0,28.0,12.0,17.0,,0.0,,0.0,0.0,,0.0,11.0,33.0,0.0,32.0,14.0,19.0,,8.0,,0.0,4.0,,6.0,13.0,0,1,0,0,0,1,1,1,1,1,1,1,0,0,0,0,0,0,1,0,1,0,0,1,0,0,0,0,0,0,0,1,0,1,0,0,1,0,0,0.875,0.6364,0.81,0.56
2015,susanville elementary,"Town, remote",0.33,0.22,0.51,0.35,0.32,,,,,0.4,,,0.39,36.0,14.0,22.0,19.0,17.0,0.0,0.0,0.0,0.0,8.0,0.0,0.0,24.0,108.0,65.0,43.0,55.0,53.0,6.0,1.0,2.0,2.0,20.0,5.0,10.0,62.0,0,0,0,0,0,1,1,1,1,0,1,1,0,0,0,0,0,0,0,0,0,0,0,0,0,0,0,0,0,0,0,0,0,0,0,0,0,0,0,,,,
2016,susanville elementary,"Town, remote",0.39,0.25,0.57,0.43,0.35,,,,,0.46,,,0.39,39.0,15.0,24.0,21.0,18.0,0.0,0.0,,,13.0,0.0,0.0,21.0,101.0,59.0,42.0,49.0,52.0,5.0,1.0,,,28.0,4.0,9.0,54.0,0,0,0,0,0,1,1,1,1,0,1,1,0,0,0,0,0,0,0,0,1,1,0,0,0,0,0,0,0,0,0,0,0,1,1,0,0,0,0,0.33,,,
2017,susanville elementary,"Town, remote",0.4261,0.3286,0.5778,0.3621,0.4912,,,,,0.3846,,,0.4848,49.0,23.0,26.0,21.0,28.0,0.0,0.0,0.0,,10.0,0.0,0.0,32.0,115.0,70.0,45.0,58.0,57.0,0.0,0.0,0.0,,26.0,0.0,0.0,66.0,0,0,0,0,0,1,1,1,1,0,1,1,0,0,0,0,0,0,0,0,0,1,0,0,0,0,0,0,0,0,0,0,0,0,1,0,0,0,0,0.39,0.33,,
2018,susanville elementary,"Town, remote",0.4122,0.2763,0.6,0.3906,0.4328,,,,,0.3125,,0.3333,0.5,54.0,21.0,33.0,25.0,29.0,0.0,0.0,,0.0,10.0,0.0,5.0,35.0,131.0,76.0,55.0,64.0,67.0,0.0,0.0,,0.0,32.0,0.0,15.0,70.0,0,0,0,0,0,1,1,1,1,0,1,0,0,0,0,0,0,0,0,0,1,0,0,0,0,0,0,0,0,0,0,0,0,1,0,0,0,0,0,0.4261,0.39,0.33,
2019,susanville elementary,"Town, remote",0.4574,0.3514,0.6,0.4412,0.4754,,,,,0.5,,,0.4625,59.0,26.0,33.0,30.0,29.0,0.0,,0.0,0.0,15.0,0.0,0.0,37.0,129.0,74.0,55.0,68.0,61.0,6.0,,0.0,0.0,30.0,7.0,4.0,80.0,0,0,0,0,0,1,1,1,1,0,1,1,0,0,0,0,0,0,0,1,0,0,0,0,0,0,0,0,0,0,0,0,1,0,0,0,0,0,0,0.4122,0.4261,0.39,0.33
2015,sylvan union elementary,"City, midsize",0.26,0.18,0.36,0.26,0.25,,0.36,0.11,0.46,0.18,0.27,0.2,0.33,242.0,98.0,139.0,119.0,118.0,0.0,21.0,5.0,19.0,71.0,4.0,3.0,111.0,929.0,543.0,386.0,459.0,470.0,4.0,58.0,45.0,41.0,393.0,15.0,15.0,338.0,0,0,0,0,0,1,0,0,0,0,0,0,0,0,0,0,0,0,0,0,0,0,0,0,0,0,0,0,0,0,0,0,0,0,0,0,0,0,0,,,,
2016,sylvan union elementary,"City, midsize",0.32,0.22,0.44,0.3,0.34,,0.56,0.13,0.66,0.25,0.36,0.28,0.36,281.0,109.0,172.0,134.0,143.0,0.0,32.0,5.0,19.0,92.0,4.0,5.0,112.0,878.0,495.0,383.0,446.0,432.0,6.0,57.0,40.0,29.0,370.0,11.0,18.0,313.0,0,0,0,0,0,1,0,0,0,0,0,0,0,0,0,0,0,0,0,0,0,0,0,0,0,0,0,0,0,0,0,0,0,0,0,0,0,0,0,0.26,,,
2017,sylvan union elementary,"City, midsize",0.3566,0.2575,0.4658,0.3462,0.3686,,0.5556,0.1667,0.7037,0.2628,,0.36,0.4241,296.0,112.0,184.0,153.0,143.0,0.0,25.0,5.0,19.0,87.0,0.0,9.0,137.0,830.0,435.0,395.0,442.0,388.0,0.0,45.0,30.0,27.0,331.0,0.0,25.0,323.0,0,0,0,0,0,1,0,0,0,0,1,0,0,0,0,0,0,0,0,0,0,0,0,0,0,0,0,0,0,0,0,0,0,0,0,0,0,0,0,0.32,0.26,,
2018,sylvan union elementary,"City, midsize",0.4074,0.3,0.5698,0.3944,0.4203,,0.5745,0.1765,0.7647,0.2688,,0.5714,0.5298,353.0,156.0,196.0,170.0,182.0,0.0,27.0,6.0,13.0,100.0,0.0,16.0,178.0,866.0,521.0,345.0,432.0,434.0,0.0,47.0,34.0,17.0,372.0,0.0,29.0,337.0,0,0,0,0,0,1,0,0,0,0,1,0,0,0,0,0,0,0,0,0,0,0,0,0,0,0,0,0,0,0,0,0,0,0,0,0,0,0,0,0.3566,0.32,0.26,
2019,sylvan union elementary,"City, midsize",0.4286,0.3236,0.5556,0.3995,0.457,,0.5676,0.25,0.8095,0.3376,,0.4,0.5031,375.0,155.0,220.0,173.0,202.0,0.0,21.0,7.0,17.0,133.0,0.0,12.0,163.0,875.0,479.0,396.0,433.0,442.0,0.0,37.0,28.0,21.0,394.0,9.0,30.0,324.0,0,0,0,0,0,1,0,0,0,0,1,0,0,0,0,0,0,0,0,0,0,0,0,0,0,0,0,0,0,0,0,0,0,0,0,0,0,0,0,0.4074,0.3566,0.32,0.26
2015,taft city,"Town, distant",0.19,0.18,0.22,0.16,0.21,,,,,0.19,,,0.15,41.0,32.0,7.0,16.0,24.0,,0.0,0.0,0.0,27.0,,,12.0,215.0,183.0,32.0,100.0,115.0,,2.0,2.0,1.0,130.0,,,79.0,0,0,0,0,0,1,1,1,1,0,1,1,0,0,0,0,0,0,1,0,0,0,0,1,1,0,0,0,0,0,0,1,0,0,0,0,1,1,0,,,,
2016,taft city,"Town, distant",0.23,0.22,0.28,0.2,0.25,,,,,0.18,,,0.3,53.0,45.0,9.0,20.0,33.0,0.0,0.0,0.0,,26.0,,0.0,24.0,228.0,196.0,32.0,98.0,130.0,1.0,2.0,2.0,,137.0,,5.0,80.0,0,0,0,0,0,1,1,1,1,0,1,1,0,0,0,0,0,0,0,0,0,1,0,1,0,0,0,0,0,0,0,0,0,0,1,0,1,0,0,0.19,,,
2017,taft city,"Town, distant",0.25,0.2143,0.4706,0.2061,0.3009,,,,,0.2429,,,0.2527,61.0,45.0,16.0,27.0,34.0,0.0,0.0,0.0,0.0,34.0,0.0,0.0,23.0,244.0,210.0,34.0,131.0,113.0,0.0,0.0,0.0,0.0,140.0,0.0,0.0,91.0,0,0,0,0,0,1,1,1,1,0,1,1,0,0,0,0,0,0,0,0,0,0,0,0,0,0,0,0,0,0,0,0,0,0,0,0,0,0,0,0.23,0.19,,
2018,taft city,"Town, distant",0.2677,0.2533,0.3793,0.2612,0.275,,,,,0.1883,,,0.3854,68.0,57.0,11.0,35.0,33.0,0.0,0.0,0.0,,29.0,,,37.0,254.0,225.0,29.0,134.0,120.0,0.0,0.0,0.0,,154.0,,,96.0,0,0,0,0,0,1,1,1,1,0,1,1,0,0,0,0,0,0,0,0,0,1,0,1,1,0,0,0,0,0,0,0,0,0,1,0,1,1,0,0.25,0.23,0.19,
2019,taft city,"Town, distant",0.2126,0.1751,0.4324,0.2155,0.2101,,,,,0.1465,,,0.3146,54.0,38.0,16.0,25.0,29.0,,0.0,0.0,,23.0,,,28.0,254.0,217.0,37.0,116.0,138.0,,0.0,0.0,,157.0,,,89.0,0,0,0,0,0,1,1,1,1,0,1,1,0,0,0,0,0,0,1,0,0,1,0,1,1,0,0,0,0,0,0,1,0,0,1,0,1,1,0,0.2677,0.25,0.23,0.19
2015,tahoe-truckee unified,"Town, distant",0.45,0.25,0.58,0.43,0.47,,,,,0.24,,,0.58,136.0,30.0,108.0,62.0,76.0,0.0,0.0,0.0,0.0,28.0,0.0,0.0,102.0,303.0,117.0,186.0,145.0,158.0,2.0,2.0,3.0,1.0,113.0,1.0,5.0,175.0,0,0,0,0,0,1,1,1,1,0,1,1,0,0,0,0,0,0,0,0,0,0,0,0,0,0,0,0,0,0,0,0,0,0,0,0,0,0,0,,,,
2016,tahoe-truckee unified,"Town, distant",0.44,0.23,0.6,0.44,0.43,,,,,0.16,,,0.61,135.0,31.0,101.0,73.0,62.0,,0.0,0.0,,19.0,,0.0,111.0,307.0,138.0,169.0,166.0,141.0,,2.0,1.0,,116.0,,3.0,183.0,0,0,0,0,0,1,1,1,1,0,1,1,0,0,0,0,0,0,1,0,0,1,0,1,0,0,0,0,0,0,0,1,0,0,1,0,1,0,0,0.45,,,
2017,tahoe-truckee unified,"Town, distant",0.5788,0.3496,0.7287,0.5513,0.6065,,,,,0.3426,,,0.7113,180.0,43.0,137.0,86.0,94.0,0.0,0.0,,,37.0,,0.0,138.0,311.0,123.0,188.0,156.0,155.0,0.0,0.0,,,108.0,,0.0,194.0,0,0,0,0,0,1,1,1,1,0,1,1,0,0,0,0,0,0,0,0,1,1,0,1,0,0,0,0,0,0,0,0,0,1,1,0,1,0,0,0.44,0.45,,
2018,tahoe-truckee unified,"Town, distant",0.5718,0.3605,0.732,0.5455,0.5966,,,,,0.3178,,,0.7286,195.0,53.0,142.0,90.0,105.0,0.0,0.0,,0.0,41.0,,0.0,145.0,341.0,147.0,194.0,165.0,176.0,0.0,0.0,,0.0,129.0,,0.0,199.0,0,0,0,0,0,1,1,1,1,0,1,1,0,0,0,0,0,0,0,0,1,0,0,1,0,0,0,0,0,0,0,0,0,1,0,0,1,0,0,0.5788,0.44,0.45,
2019,tahoe-truckee unified,"Town, distant",0.5896,0.3684,0.7586,0.5617,0.6207,,,,,0.3333,,,0.76,181.0,49.0,132.0,91.0,90.0,0.0,,0.0,,40.0,,0.0,133.0,307.0,133.0,174.0,162.0,145.0,0.0,,0.0,,120.0,,8.0,175.0,0,0,0,0,0,1,1,1,1,0,1,1,0,0,0,0,0,0,0,1,0,1,0,1,0,0,0,0,0,0,0,0,1,0,1,0,1,0,0,0.5718,0.5788,0.44,0.45
2015,tehachapi unified,"Town, distant",0.28,0.14,0.4,0.25,0.32,,,,,0.16,,,0.34,92.0,21.0,71.0,44.0,48.0,0.0,0.0,0.0,0.0,17.0,0.0,0.0,68.0,325.0,149.0,176.0,177.0,148.0,1.0,2.0,6.0,1.0,107.0,1.0,7.0,200.0,0,0,0,0,0,1,1,1,1,0,1,1,0,0,0,0,0,0,0,0,0,0,0,0,0,0,0,0,0,0,0,0,0,0,0,0,0,0,0,,,,
2016,tehachapi unified,"Town, distant",0.29,0.17,0.41,0.33,0.24,,,,,0.17,,,0.35,93.0,29.0,67.0,54.0,39.0,0.0,,0.0,0.0,20.0,,0.0,69.0,332.0,169.0,163.0,170.0,162.0,3.0,,5.0,1.0,118.0,,7.0,198.0,0,0,0,0,0,1,1,1,1,0,1,1,0,0,0,0,0,0,0,1,0,0,0,1,0,0,0,0,0,0,0,0,1,0,0,0,1,0,0,0.28,,,
2017,tehachapi unified,"Town, distant",0.3864,0.2384,0.4975,0.3653,0.4054,,,,,0.25,,,0.4534,136.0,36.0,100.0,61.0,75.0,0.0,0.0,0.0,0.0,23.0,,0.0,107.0,352.0,151.0,201.0,167.0,185.0,0.0,0.0,0.0,0.0,92.0,,0.0,236.0,0,0,0,0,0,1,1,1,1,0,1,1,0,0,0,0,0,0,0,0,0,0,0,1,0,0,0,0,0,0,0,0,0,0,0,0,1,0,0,0.29,0.28,,
2018,tehachapi unified,"Town, distant",0.3323,0.2013,0.465,0.3108,0.3512,,,,,0.1607,,,0.4286,105.0,32.0,73.0,46.0,59.0,0.0,0.0,0.0,0.0,18.0,0.0,0.0,78.0,316.0,159.0,157.0,148.0,168.0,0.0,0.0,0.0,0.0,112.0,0.0,0.0,182.0,0,0,0,0,0,1,1,1,1,0,1,1,0,0,0,0,0,0,0,0,0,0,0,0,0,0,0,0,0,0,0,0,0,0,0,0,0,0,0,0.3864,0.29,0.28,
2019,tehachapi unified,"Town, distant",0.3645,0.2778,0.4398,0.3681,0.3605,,,,,0.2821,,,0.4375,113.0,40.0,73.0,60.0,53.0,0.0,0.0,0.0,0.0,33.0,,0.0,77.0,310.0,144.0,166.0,163.0,147.0,0.0,0.0,5.0,0.0,117.0,,4.0,176.0,0,0,0,0,0,1,1,1,1,0,1,1,0,0,0,0,0,0,0,0,0,0,0,1,0,0,0,0,0,0,0,0,0,0,0,0,1,0,0,0.3323,0.3864,0.29,0.28
2015,temecula valley unified,"City, midsize",0.54,0.37,0.59,0.49,0.58,0.31,0.61,0.34,0.55,0.42,,0.55,0.63,1094.0,174.0,926.0,490.0,618.0,8.0,43.0,21.0,71.0,271.0,0.0,87.0,601.0,2065.0,469.0,1596.0,999.0,1066.0,26.0,70.0,62.0,128.0,661.0,3.0,159.0,954.0,0,0,0,0,0,0,0,0,0,0,1,0,0,0,0,0,0,0,0,0,0,0,0,0,0,0,0,0,0,0,0,0,0,0,0,0,0,0,0,,,,
2016,temecula valley unified,"City, midsize",0.52,0.38,0.57,0.49,0.54,0.32,0.65,0.38,0.62,0.41,,0.57,0.58,1052.0,227.0,836.0,511.0,563.0,7.0,48.0,24.0,63.0,279.0,0.0,108.0,538.0,2063.0,597.0,1466.0,1022.0,1041.0,22.0,74.0,64.0,101.0,680.0,4.0,190.0,927.0,0,0,0,0,0,0,0,0,0,0,1,0,0,0,0,0,0,0,0,0,0,0,0,0,0,0,0,0,0,0,0,0,0,0,0,0,0,0,0,0.54,,,
2017,temecula valley unified,"City, midsize",0.5237,0.3311,0.5987,0.512,0.5347,0.2353,0.73,0.3714,0.6145,0.3736,,0.6057,0.6119,1128.0,200.0,928.0,535.0,593.0,4.0,73.0,26.0,51.0,275.0,0.0,149.0,547.0,2154.0,604.0,1550.0,1045.0,1109.0,17.0,100.0,70.0,83.0,736.0,0.0,246.0,894.0,0,0,0,0,0,0,0,0,0,0,1,0,0,0,0,0,0,0,0,0,0,0,0,0,0,0,0,0,0,0,0,0,0,0,0,0,0,0,0,0.52,0.54,,
2018,temecula valley unified,"City, midsize",0.5664,0.4432,0.6233,0.5375,0.5942,0.5,0.7849,0.3714,0.7013,0.4669,,0.5852,0.6237,1152.0,285.0,867.0,537.0,615.0,6.0,73.0,26.0,54.0,332.0,0.0,134.0,522.0,2034.0,643.0,1391.0,999.0,1035.0,12.0,93.0,70.0,77.0,711.0,0.0,229.0,837.0,0,0,0,0,0,0,0,0,0,0,1,0,0,0,0,0,0,0,0,0,0,0,0,0,0,0,0,0,0,0,0,0,0,0,0,0,0,0,0,0.5237,0.52,0.54,
2019,temecula valley unified,"City, midsize",0.5801,0.4405,0.6438,0.5741,0.5852,0.2,0.7931,0.4231,0.6974,0.4721,,0.6042,0.643,1134.0,270.0,864.0,519.0,615.0,3.0,69.0,22.0,53.0,322.0,0.0,116.0,544.0,1955.0,613.0,1342.0,904.0,1051.0,15.0,87.0,52.0,76.0,682.0,4.0,192.0,846.0,0,0,0,0,0,0,0,0,0,0,1,0,0,0,0,0,0,0,0,0,0,0,0,0,0,0,0,0,0,0,0,0,0,0,0,0,0,0,0,0.5664,0.5237,0.52,0.54
2015,temple city unified,"Suburb, large",0.63,0.51,0.71,0.61,0.65,,0.74,,,0.35,,0.5,0.52,265.0,83.0,183.0,129.0,136.0,0.0,202.0,0.0,0.0,30.0,0.0,7.0,17.0,421.0,163.0,258.0,212.0,209.0,3.0,273.0,5.0,5.0,86.0,1.0,14.0,34.0,0,0,0,0,0,1,0,1,1,0,1,0,0,0,0,0,0,0,0,0,0,0,0,0,0,0,0,0,0,0,0,0,0,0,0,0,0,0,0,,,,
2016,temple city unified,"Suburb, large",0.59,0.53,0.64,0.59,0.59,,0.7,,,0.25,,0.63,0.53,250.0,97.0,154.0,127.0,122.0,0.0,198.0,0.0,0.0,21.0,,10.0,16.0,423.0,183.0,240.0,216.0,207.0,1.0,283.0,2.0,7.0,83.0,,16.0,31.0,0,0,0,0,0,1,0,1,1,0,1,0,0,0,0,0,0,0,0,0,0,0,0,1,0,0,0,0,0,0,0,0,0,0,0,0,1,0,0,0.63,,,
2017,temple city unified,"Suburb, large",0.6141,0.4578,0.7195,0.6059,0.622,,0.7455,,,0.2658,,0.3125,0.6364,253.0,76.0,177.0,123.0,130.0,0.0,205.0,0.0,0.0,21.0,0.0,5.0,21.0,412.0,166.0,246.0,203.0,209.0,0.0,275.0,0.0,0.0,79.0,0.0,16.0,33.0,0,0,0,0,0,1,0,1,1,0,1,0,0,0,0,0,0,0,0,0,0,0,0,0,0,0,0,0,0,0,0,0,0,0,0,0,0,0,0,0.59,0.63,,
2018,temple city unified,"Suburb, large",0.6658,0.6089,0.7117,0.6237,0.7023,,0.808,,,0.3913,,0.5333,0.4571,267.0,109.0,158.0,116.0,151.0,,202.0,0.0,0.0,36.0,,8.0,16.0,401.0,179.0,222.0,186.0,215.0,,250.0,0.0,0.0,92.0,,15.0,35.0,0,0,0,0,0,1,0,1,1,0,1,0,0,0,0,0,0,0,1,0,0,0,0,1,0,0,0,0,0,0,0,1,0,0,0,0,1,0,0,0.6141,0.59,0.63,
2019,temple city unified,"Suburb, large",0.6701,0.5633,0.7435,0.6322,0.7009,,0.8228,,,0.3263,,0.6667,0.5769,260.0,89.0,171.0,110.0,150.0,,195.0,0.0,0.0,31.0,0.0,14.0,15.0,388.0,158.0,230.0,174.0,214.0,,237.0,0.0,6.0,95.0,0.0,21.0,26.0,0,0,0,0,0,1,0,1,1,0,1,0,0,0,0,0,0,0,1,0,0,0,0,0,0,0,0,0,0,0,0,1,0,0,0,0,0,0,0,0.6658,0.6141,0.59,0.63
2015,templeton unified,"Suburb, small",0.46,0.2,0.54,0.45,0.47,,,,,0.21,,,0.55,77.0,8.0,68.0,39.0,38.0,0.0,,,,8.0,,0.0,64.0,168.0,41.0,127.0,87.0,81.0,1.0,,,,38.0,,10.0,118.0,0,0,0,0,0,1,1,1,1,0,1,1,0,0,0,0,0,0,0,1,1,1,0,1,0,0,0,0,0,0,0,0,1,1,1,0,1,0,0,,,,
2016,templeton unified,"Suburb, small",0.48,0.27,0.56,0.5,0.47,,,,,0.36,,,0.5,80.0,12.0,69.0,39.0,42.0,,0.0,,0.0,17.0,,0.0,56.0,168.0,44.0,124.0,78.0,90.0,,4.0,,1.0,47.0,,5.0,111.0,0,0,0,0,0,1,1,1,1,0,1,1,0,0,0,0,0,0,1,0,1,0,0,1,0,0,0,0,0,0,0,1,0,1,0,0,1,0,0,0.46,,,
2017,templeton unified,"Suburb, small",0.4588,0.0938,0.5309,0.4348,0.4804,,,,,0.2051,,,0.539,89.0,3.0,86.0,40.0,49.0,0.0,0.0,0.0,0.0,8.0,0.0,0.0,76.0,194.0,32.0,162.0,92.0,102.0,0.0,0.0,0.0,0.0,39.0,0.0,0.0,141.0,0,0,0,0,0,1,1,1,1,0,1,1,0,0,0,0,0,0,0,0,0,0,0,0,0,0,0,0,0,0,0,0,0,0,0,0,0,0,0,0.48,0.46,,
2018,templeton unified,"Suburb, small",0.4186,0.2619,0.4692,0.381,0.4545,,,,,0.3171,,,0.4661,72.0,11.0,61.0,32.0,40.0,0.0,0.0,,,13.0,,0.0,55.0,172.0,42.0,130.0,84.0,88.0,0.0,0.0,,,41.0,,0.0,118.0,0,0,0,0,0,1,1,1,1,0,1,1,0,0,0,0,0,0,0,0,1,1,0,1,0,0,0,0,0,0,0,0,0,1,1,0,1,0,0,0.4588,0.48,0.46,
2019,templeton unified,"Suburb, small",0.5203,0.3636,0.5652,0.5122,0.5303,,,,,0.3636,,,0.5612,77.0,12.0,65.0,42.0,35.0,0.0,0.0,,,12.0,0.0,0.0,55.0,148.0,33.0,115.0,82.0,66.0,0.0,0.0,,,33.0,0.0,10.0,98.0,0,0,0,0,0,1,1,1,1,0,1,1,0,0,0,0,0,0,0,0,1,1,0,0,0,0,0,0,0,0,0,0,0,1,1,0,0,0,0,0.4186,0.4588,0.48,0.46
2015,terra bella union elementary,"Town, fringe",0.11,0.11,,0.1,0.12,,,,,0.11,,,,12.0,12.0,,5.0,7.0,0.0,,,,11.0,,,0.0,109.0,109.0,,49.0,60.0,1.0,,,,104.0,,,4.0,0,0,1,0,0,1,1,1,1,0,1,1,1,0,0,1,0,0,0,1,1,1,0,1,1,0,0,0,1,0,0,0,1,1,1,0,1,1,0,,,,
2016,terra bella union elementary,"Town, fringe",0.09,0.08,,0.04,0.15,,,,,0.09,,,,9.0,8.0,0.0,2.0,7.0,,,,,9.0,,,0.0,102.0,98.0,4.0,54.0,48.0,,,,,97.0,,,5.0,0,0,1,0,0,1,1,1,1,0,1,1,1,0,0,0,0,0,1,1,1,1,0,1,1,0,0,0,0,0,0,1,1,1,1,0,1,1,0,0.11,,,
2017,terra bella union elementary,"Town, fringe",0.0532,0.0532,,0.0222,0.0816,,,,,0.0581,,,,5.0,5.0,,1.0,4.0,0.0,,,0.0,5.0,,,0.0,94.0,94.0,,45.0,49.0,0.0,,,0.0,86.0,,,0.0,0,0,1,0,0,1,1,1,1,0,1,1,1,0,0,1,0,0,0,1,1,0,0,1,1,0,0,0,1,0,0,0,1,1,0,0,1,1,0,0.09,0.11,,
2018,terra bella union elementary,"Town, fringe",0.22,0.2062,,0.2128,0.2264,,,,,0.2128,,,,22.0,20.0,0.0,10.0,12.0,,,,0.0,20.0,,,0.0,100.0,97.0,0.0,47.0,53.0,,,,0.0,94.0,,,0.0,0,0,1,0,0,1,1,1,1,0,1,1,1,0,0,0,0,0,1,1,1,0,0,1,1,0,0,0,0,0,0,1,1,1,0,0,1,1,0,0.0532,0.09,0.11,
2019,terra bella union elementary,"Town, fringe",0.3053,0.2955,,0.2292,0.383,,,,,0.3152,,,,29.0,26.0,0.0,11.0,18.0,,0.0,,,29.0,,,0.0,95.0,88.0,7.0,48.0,47.0,,0.0,,,92.0,,,0.0,0,0,1,0,0,1,1,1,1,0,1,1,1,0,0,0,0,0,1,0,1,1,0,1,1,0,0,0,0,0,0,1,0,1,1,0,1,1,0,0.22,0.0532,0.09,0.11
2015,three rivers union elementary,"Rural, distant",0.33,,,,,,,,,,,,,4.0,0.0,0.0,0.0,0.0,,,,,0.0,,,0.0,12.0,5.0,7.0,2.0,10.0,,,,,2.0,,,10.0,0,1,1,1,1,1,1,1,1,1,1,1,1,0,0,0,0,0,1,1,1,1,0,1,1,0,0,0,0,0,0,1,1,1,1,0,1,1,0,,,,
2016,three rivers union elementary,"Rural, distant",0.5,,,0.5,,,,,,,,,0.36,9.0,0.0,0.0,6.0,0.0,,0.0,,,0.0,,0.0,4.0,18.0,9.0,9.0,12.0,6.0,,1.0,,,3.0,,2.0,11.0,0,1,1,0,1,1,1,1,1,1,1,1,0,0,0,0,0,0,1,0,1,1,0,1,0,0,0,0,0,0,0,1,0,1,1,0,1,0,0,0.33,,,
2017,three rivers union elementary,"Rural, distant",0.3684,,0.2857,0.2727,,,,,,,,,0.3529,7.0,0.0,4.0,3.0,0.0,,,,0.0,0.0,,,6.0,19.0,0.0,14.0,11.0,0.0,,,,0.0,0.0,,,17.0,0,1,0,0,1,1,1,1,1,1,1,1,0,0,0,0,0,0,1,1,1,0,0,1,1,0,0,0,0,0,0,1,1,1,0,0,1,1,0,0.5,0.33,,
2018,three rivers union elementary,"Rural, distant",0.6364,,,,,,,,,,,,,7.0,0.0,0.0,0.0,0.0,,0.0,,,0.0,,0.0,0.0,11.0,0.0,0.0,0.0,0.0,,0.0,,,0.0,,0.0,0.0,0,1,1,1,1,1,1,1,1,1,1,1,1,0,0,0,0,0,1,0,1,1,0,1,0,0,0,0,0,0,0,1,0,1,1,0,1,0,0,0.3684,0.5,0.33,
2019,three rivers union elementary,"Rural, distant",0.3636,,,,,,,,,,,,,4.0,0.0,0.0,0.0,0.0,0.0,,,,0.0,,,0.0,11.0,6.0,5.0,4.0,7.0,0.0,,,,4.0,,,6.0,0,1,1,1,1,1,1,1,1,1,1,1,1,0,0,0,0,0,0,1,1,1,0,1,1,0,0,0,0,0,0,0,1,1,1,0,1,1,0,0.6364,0.3684,0.5,0.33
2015,tipton elementary,"Town, fringe",0.17,0.18,,0.14,0.2,,,,,0.19,,,,11.0,11.0,0.0,3.0,8.0,,,,,11.0,,,0.0,63.0,61.0,2.0,22.0,41.0,,,,,59.0,,,4.0,0,0,1,0,0,1,1,1,1,0,1,1,1,0,0,0,0,0,1,1,1,1,0,1,1,0,0,0,0,0,0,1,1,1,1,0,1,1,0,,,,
2016,tipton elementary,"Town, fringe",0.21,0.23,,0.24,0.18,,,,,0.23,,,,15.0,15.0,0.0,8.0,7.0,,0.0,0.0,,14.0,,,0.0,71.0,66.0,5.0,33.0,38.0,,1.0,1.0,,61.0,,,3.0,0,0,1,0,0,1,1,1,1,0,1,1,1,0,0,0,0,0,1,0,0,1,0,1,1,0,0,0,0,0,0,1,0,0,1,0,1,1,0,0.17,,,
2017,tipton elementary,"Town, fringe",0.2353,0.1915,,0.2,0.2857,,,,,0.2444,,,,12.0,9.0,0.0,6.0,6.0,,0.0,,,11.0,,,0.0,51.0,47.0,0.0,30.0,21.0,,0.0,,,45.0,,,0.0,0,0,1,0,0,1,1,1,1,0,1,1,1,0,0,0,0,0,1,0,1,1,0,1,1,0,0,0,0,0,0,1,0,1,1,0,1,1,0,0.21,0.17,,
2018,tipton elementary,"Town, fringe",0.2407,0.2449,,0.2143,0.2692,,,,,0.2453,,,,13.0,12.0,0.0,6.0,7.0,,0.0,,,13.0,,,,54.0,49.0,0.0,28.0,26.0,,0.0,,,53.0,,,,0,0,1,0,0,1,1,1,1,0,1,1,1,0,0,0,0,0,1,0,1,1,0,1,1,1,0,0,0,0,0,1,0,1,1,0,1,1,1,0.2353,0.21,0.17,
2019,tipton elementary,"Town, fringe",0.3571,0.3636,,0.3333,0.3871,,,,,0.3676,,,,25.0,24.0,0.0,13.0,12.0,,,,,25.0,,,0.0,70.0,66.0,4.0,39.0,31.0,,,,,68.0,,,0.0,0,0,1,0,0,1,1,1,1,0,1,1,1,0,0,0,0,0,1,1,1,1,0,1,1,0,0,0,0,0,0,1,1,1,1,0,1,1,0,0.2407,0.2353,0.21,0.17
2015,torrance unified,"City, midsize",0.6,0.36,0.69,0.6,0.6,,0.77,0.21,0.63,0.39,,0.72,0.63,974.0,159.0,815.0,473.0,501.0,0.0,404.0,10.0,46.0,185.0,0.0,95.0,219.0,1623.0,442.0,1181.0,789.0,834.0,4.0,524.0,47.0,73.0,474.0,5.0,132.0,348.0,0,0,0,0,0,1,0,0,0,0,1,0,0,0,0,0,0,0,0,0,0,0,0,0,0,0,0,0,0,0,0,0,0,0,0,0,0,0,0,,,,
2016,torrance unified,"City, midsize",0.66,0.41,0.75,0.65,0.66,,0.84,0.48,0.72,0.43,,0.68,0.65,1018.0,178.0,859.0,495.0,524.0,0.0,430.0,19.0,51.0,185.0,0.0,99.0,233.0,1566.0,436.0,1130.0,773.0,793.0,3.0,511.0,40.0,71.0,420.0,7.0,146.0,359.0,0,0,0,0,0,1,0,0,0,0,1,0,0,0,0,0,0,0,0,0,0,0,0,0,0,0,0,0,0,0,0,0,0,0,0,0,0,0,0,0.6,,,
2017,torrance unified,"City, midsize",0.6747,0.461,0.7607,0.6419,0.7077,,0.8469,0.4754,0.7451,0.4768,,0.7407,0.7015,1087.0,213.0,874.0,518.0,569.0,0.0,426.0,29.0,38.0,226.0,0.0,120.0,235.0,1611.0,462.0,1149.0,807.0,804.0,0.0,503.0,61.0,51.0,474.0,0.0,162.0,335.0,0,0,0,0,0,1,0,0,0,0,1,0,0,0,0,0,0,0,0,0,0,0,0,0,0,0,0,0,0,0,0,0,0,0,0,0,0,0,0,0.66,0.6,,
2018,torrance unified,"City, midsize",0.6851,0.5371,0.7614,0.6764,0.6934,,0.851,0.4516,0.7391,0.5175,,0.8354,0.6509,1114.0,297.0,817.0,535.0,579.0,0.0,434.0,28.0,34.0,252.0,0.0,132.0,220.0,1626.0,553.0,1073.0,791.0,835.0,0.0,510.0,62.0,46.0,487.0,0.0,158.0,338.0,0,0,0,0,0,1,0,0,0,0,1,0,0,0,0,0,0,0,0,0,0,0,0,0,0,0,0,0,0,0,0,0,0,0,0,0,0,0,0,0.6747,0.66,0.6,
2019,torrance unified,"City, midsize",0.7046,0.462,0.7356,0.709,0.7006,,0.8556,0.4923,0.7368,0.5348,,0.7929,0.7276,1064.0,79.0,985.0,514.0,550.0,0.0,391.0,32.0,42.0,246.0,0.0,111.0,227.0,1510.0,171.0,1339.0,725.0,785.0,0.0,457.0,65.0,57.0,460.0,9.0,140.0,312.0,0,0,0,0,0,1,0,0,0,0,1,0,0,0,0,0,0,0,0,0,0,0,0,0,0,0,0,0,0,0,0,0,0,0,0,0,0,0,0,0.6851,0.6747,0.66,0.6
2015,tracy joint unified,"Suburb, small",0.24,0.15,0.38,0.24,0.24,,0.5,0.19,0.43,0.16,0.18,0.33,0.31,260.0,99.0,163.0,124.0,142.0,0.0,51.0,12.0,21.0,95.0,2.0,12.0,68.0,1086.0,656.0,430.0,518.0,568.0,5.0,103.0,64.0,49.0,588.0,12.0,37.0,228.0,0,0,0,0,0,1,0,0,0,0,0,0,0,0,0,0,0,0,0,0,0,0,0,0,0,0,0,0,0,0,0,0,0,0,0,0,0,0,0,,,,
2016,tracy joint unified,"Suburb, small",0.27,0.19,0.39,0.25,0.28,,0.44,0.22,0.41,0.17,,0.34,0.4,286.0,129.0,167.0,133.0,159.0,0.0,56.0,13.0,23.0,102.0,0.0,13.0,83.0,1101.0,683.0,418.0,534.0,567.0,2.0,127.0,58.0,56.0,599.0,7.0,38.0,214.0,0,0,0,0,0,1,0,0,0,0,1,0,0,0,0,0,0,0,0,0,0,0,0,0,0,0,0,0,0,0,0,0,0,0,0,0,0,0,0,0.24,,,
2017,tracy joint unified,"Suburb, small",0.2852,0.208,0.4139,0.2676,0.3023,,0.4034,0.1579,0.4762,0.2164,0.2,0.1795,0.4444,296.0,135.0,161.0,137.0,159.0,0.0,48.0,9.0,20.0,124.0,3.0,7.0,84.0,1038.0,649.0,389.0,512.0,526.0,0.0,119.0,57.0,42.0,573.0,15.0,39.0,189.0,0,0,0,0,0,1,0,0,0,0,0,0,0,0,0,0,0,0,0,0,0,0,0,0,0,0,0,0,0,0,0,0,0,0,0,0,0,0,0,0.27,0.24,,
2018,tracy joint unified,"Suburb, small",0.3196,0.2477,0.4472,0.2895,0.3478,,0.424,0.1892,0.4528,0.2532,,0.3171,0.4378,327.0,162.0,165.0,143.0,184.0,0.0,53.0,7.0,24.0,140.0,0.0,13.0,88.0,1023.0,654.0,369.0,494.0,529.0,0.0,125.0,37.0,53.0,553.0,0.0,41.0,201.0,0,0,0,0,0,1,0,0,0,0,1,0,0,0,0,0,0,0,0,0,0,0,0,0,0,0,0,0,0,0,0,0,0,0,0,0,0,0,0,0.2852,0.27,0.24,
2019,tracy joint unified,"Suburb, small",0.3445,0.2664,0.5146,0.3347,0.3538,,0.463,0.2391,0.6512,0.2703,,0.4468,0.4494,338.0,179.0,159.0,159.0,179.0,0.0,50.0,11.0,28.0,153.0,0.0,21.0,71.0,981.0,672.0,309.0,475.0,506.0,0.0,108.0,46.0,43.0,566.0,10.0,47.0,158.0,0,0,0,0,0,1,0,0,0,0,1,0,0,0,0,0,0,0,0,0,0,0,0,0,0,0,0,0,0,0,0,0,0,0,0,0,0,0,0,0.3196,0.2852,0.27,0.24
2015,traver joint elementary,"Rural, distant",0.06,0.06,,0.0,0.1,,,,,0.06,,,,2.0,2.0,0.0,0.0,2.0,,,,0.0,2.0,,,0.0,35.0,33.0,2.0,15.0,20.0,,,,1.0,33.0,,,1.0,0,0,1,0,0,1,1,1,1,0,1,1,1,0,0,0,0,0,1,1,1,0,0,1,1,0,0,0,0,0,0,1,1,1,0,0,1,1,0,,,,
2016,traver joint elementary,"Rural, distant",0.07,0.04,,0.06,0.08,,,,,0.07,,,,2.0,1.0,0.0,1.0,1.0,,,,,2.0,,,0.0,30.0,28.0,2.0,17.0,13.0,,,,,29.0,,,1.0,0,0,1,0,0,1,1,1,1,0,1,1,1,0,0,0,0,0,1,1,1,1,0,1,1,0,0,0,0,0,0,1,1,1,1,0,1,1,0,0.06,,,
2017,traver joint elementary,"Rural, distant",0.0952,0.1,,0.0,,,,,,0.0526,,,,2.0,2.0,0.0,0.0,0.0,,0.0,,,1.0,,,0.0,21.0,20.0,0.0,12.0,0.0,,0.0,,,19.0,,,0.0,0,0,1,0,1,1,1,1,1,0,1,1,1,0,0,0,0,0,1,0,1,1,0,1,1,0,0,0,0,0,0,1,0,1,1,0,1,1,0,0.07,0.06,,
2018,traver joint elementary,"Rural, distant",0.2857,0.2857,,,,,,,,0.2308,,,,4.0,4.0,,0.0,0.0,,0.0,,,3.0,,,,14.0,14.0,,0.0,0.0,,0.0,,,13.0,,,,0,0,1,1,1,1,1,1,1,0,1,1,1,0,0,1,0,0,1,0,1,1,0,1,1,1,0,0,1,0,0,1,0,1,1,0,1,1,1,0.0952,0.07,0.06,
2019,traver joint elementary,"Rural, distant",0.3846,0.4167,,0.5,,,,,,0.4,,,,10.0,10.0,0.0,8.0,0.0,,,,,10.0,,,0.0,26.0,24.0,0.0,16.0,10.0,,,,,25.0,,,0.0,0,0,1,0,1,1,1,1,1,0,1,1,1,0,0,0,0,0,1,1,1,1,0,1,1,0,0,0,0,0,0,1,1,1,1,0,1,1,0,0.2857,0.0952,0.07,0.06
2015,travis unified,"City, midsize",0.39,0.26,0.48,0.39,0.4,,0.53,0.25,0.43,0.22,,0.44,0.49,164.0,42.0,120.0,78.0,84.0,0.0,10.0,10.0,20.0,19.0,0.0,19.0,82.0,411.0,160.0,251.0,200.0,211.0,1.0,19.0,40.0,47.0,86.0,7.0,43.0,167.0,0,0,0,0,0,1,0,0,0,0,1,0,0,0,0,0,0,0,0,0,0,0,0,0,0,0,0,0,0,0,0,0,0,0,0,0,0,0,0,,,,
2016,travis unified,"City, midsize",0.47,0.32,0.55,0.46,0.47,,0.36,0.29,0.64,0.4,,0.41,0.52,186.0,49.0,137.0,80.0,104.0,0.0,5.0,9.0,23.0,36.0,0.0,19.0,90.0,396.0,152.0,244.0,178.0,218.0,1.0,14.0,31.0,36.0,91.0,4.0,46.0,172.0,0,0,0,0,0,1,0,0,0,0,1,0,0,0,0,0,0,0,0,0,0,0,0,0,0,0,0,0,0,0,0,0,0,0,0,0,0,0,0,0.39,,,
2017,travis unified,"City, midsize",0.4019,0.2562,0.4613,0.4103,0.3946,,0.5,0.2326,0.5952,0.3438,,0.2391,0.4819,168.0,31.0,137.0,80.0,88.0,0.0,6.0,10.0,25.0,33.0,0.0,11.0,80.0,418.0,121.0,297.0,195.0,223.0,0.0,12.0,43.0,42.0,96.0,0.0,46.0,166.0,0,0,0,0,0,1,0,0,0,0,1,0,0,0,0,0,0,0,0,0,0,0,0,0,0,0,0,0,0,0,0,0,0,0,0,0,0,0,0,0.47,0.39,,
2018,travis unified,"City, midsize",0.472,0.3143,0.5427,0.5064,0.4426,,0.6429,0.2927,0.6667,0.4416,,0.4444,0.5042,160.0,33.0,127.0,79.0,81.0,,9.0,12.0,20.0,34.0,0.0,20.0,60.0,339.0,105.0,234.0,156.0,183.0,,14.0,41.0,30.0,77.0,0.0,45.0,119.0,0,0,0,0,0,1,0,0,0,0,1,0,0,0,0,0,0,0,1,0,0,0,0,0,0,0,0,0,0,0,0,1,0,0,0,0,0,0,0,0.4019,0.47,0.39,
2019,travis unified,"City, midsize",0.4892,0.3545,0.5462,0.5,0.4789,,0.4444,0.2813,0.7576,0.4198,,0.551,0.5038,181.0,39.0,142.0,90.0,91.0,0.0,8.0,9.0,25.0,34.0,0.0,27.0,67.0,370.0,110.0,260.0,180.0,190.0,4.0,18.0,32.0,33.0,81.0,7.0,49.0,133.0,0,0,0,0,0,1,0,0,0,0,1,0,0,0,0,0,0,0,0,0,0,0,0,0,0,0,0,0,0,0,0,0,0,0,0,0,0,0,0,0.472,0.4019,0.47,0.39
2015,trinidad union elementary,"Rural, distant",0.35,,0.39,0.25,0.45,,,,,,,,0.38,8.0,0.0,7.0,3.0,5.0,0.0,,,,0.0,,0.0,6.0,24.0,6.0,18.0,12.0,12.0,2.0,,,,3.0,,3.0,16.0,0,1,0,0,0,1,1,1,1,1,1,1,0,0,0,0,0,0,0,1,1,1,0,1,0,0,0,0,0,0,0,0,1,1,1,0,1,0,0,,,,
2016,trinidad union elementary,"Rural, distant",0.59,0.62,,,,,,,,,,,0.64,10.0,8.0,0.0,0.0,0.0,0.0,,,,,,0.0,9.0,17.0,13.0,4.0,8.0,9.0,2.0,,,,,,1.0,14.0,0,0,1,1,1,1,1,1,1,1,1,1,0,0,0,0,0,0,0,1,1,1,1,1,0,0,0,0,0,0,0,0,1,1,1,1,1,0,0,0.35,,,
2017,trinidad union elementary,"Rural, distant",0.5417,0.6154,0.4545,0.4545,0.6154,,,,,,,,0.6875,13.0,8.0,5.0,5.0,8.0,0.0,,,,0.0,,0.0,11.0,24.0,13.0,11.0,11.0,13.0,0.0,,,,0.0,,0.0,16.0,0,0,0,0,0,1,1,1,1,1,1,1,0,0,0,0,0,0,0,1,1,1,0,1,0,0,0,0,0,0,0,0,1,1,1,0,1,0,0,0.59,0.35,,
2018,trinidad union elementary,"Rural, distant",0.3125,,,,,,,,,,,,0.4167,5.0,0.0,0.0,0.0,0.0,,,,,0.0,,0.0,5.0,16.0,0.0,0.0,0.0,0.0,,,,,0.0,,0.0,12.0,0,1,1,1,1,1,1,1,1,1,1,1,0,0,0,0,0,0,1,1,1,1,0,1,0,0,0,0,0,0,0,1,1,1,1,0,1,0,0,0.5417,0.59,0.35,
2019,trinidad union elementary,"Rural, distant",0.4,0.3333,,,,,,,,,,,0.4545,6.0,4.0,0.0,0.0,0.0,0.0,,,,,,0.0,5.0,15.0,12.0,0.0,8.0,7.0,0.0,,,,,,0.0,11.0,0,0,1,1,1,1,1,1,1,1,1,1,0,0,0,0,0,0,0,1,1,1,1,1,0,0,0,0,0,0,0,0,1,1,1,1,1,0,0,0.3125,0.5417,0.59,0.35
2015,trinity alps unified,"Rural, remote",0.27,0.36,0.17,0.32,0.21,,,,,,,,0.26,13.0,9.0,4.0,8.0,5.0,0.0,0.0,,,0.0,,,11.0,49.0,25.0,24.0,25.0,24.0,1.0,1.0,,,5.0,,,42.0,0,0,0,0,0,1,1,1,1,1,1,1,0,0,0,0,0,0,0,0,1,1,0,1,1,0,0,0,0,0,0,0,0,1,1,0,1,1,0,,,,
2016,trinity alps unified,"Rural, remote",0.28,0.27,0.31,0.42,0.17,,,,,,,,0.31,12.0,8.0,4.0,8.0,4.0,0.0,,0.0,,0.0,,0.0,9.0,43.0,30.0,13.0,19.0,24.0,2.0,,1.0,,6.0,,5.0,29.0,0,0,0,0,0,1,1,1,1,1,1,1,0,0,0,0,0,0,0,1,0,1,0,1,0,0,0,0,0,0,0,0,1,0,1,0,1,0,0,0.27,,,
2017,trinity alps unified,"Rural, remote",0.4167,0.375,0.5,0.6154,0.3043,,,,,,,,0.3929,15.0,9.0,6.0,8.0,7.0,0.0,,,,0.0,,0.0,11.0,36.0,24.0,12.0,13.0,23.0,0.0,,,,0.0,,0.0,28.0,0,0,0,0,0,1,1,1,1,1,1,1,0,0,0,0,0,0,0,1,1,1,0,1,0,0,0,0,0,0,0,0,1,1,1,0,1,0,0,0.28,0.27,,
2018,trinity alps unified,"Rural, remote",0.2667,0.25,,0.3333,0.2222,,,,,,,,0.2857,8.0,5.0,0.0,4.0,4.0,0.0,,,,0.0,,0.0,6.0,30.0,20.0,0.0,12.0,18.0,0.0,,,,0.0,,0.0,21.0,0,0,1,0,0,1,1,1,1,1,1,1,0,0,0,0,0,0,0,1,1,1,0,1,0,0,0,0,0,0,0,0,1,1,1,0,1,0,0,0.4167,0.28,0.27,
2019,trinity alps unified,"Rural, remote",0.2903,0.2,0.4545,0.4,0.1875,,,,,,,,0.3913,9.0,4.0,5.0,6.0,3.0,0.0,,,,0.0,,0.0,9.0,31.0,20.0,11.0,15.0,16.0,5.0,,,,0.0,,0.0,23.0,0,0,0,0,0,1,1,1,1,1,1,1,0,0,0,0,0,0,0,1,1,1,0,1,0,0,0,0,0,0,0,0,1,1,1,0,1,0,0,0.2667,0.4167,0.28,0.27
2015,trona joint unified,"Rural, remote",0.48,0.44,,,0.42,,,,,0.55,,,,10.0,7.0,0.0,0.0,5.0,,,0.0,,6.0,,0.0,0.0,21.0,16.0,5.0,9.0,12.0,,,1.0,,11.0,,1.0,8.0,0,0,1,1,0,1,1,1,1,0,1,1,1,0,0,0,0,0,1,1,0,1,0,1,0,0,0,0,0,0,0,1,1,0,1,0,1,0,0,,,,
2016,trona joint unified,"Rural, remote",0.42,0.31,,0.4,0.43,,,,,,,,0.35,10.0,5.0,0.0,4.0,6.0,,,0.0,,0.0,,0.0,6.0,25.0,16.0,9.0,11.0,14.0,,,2.0,,4.0,,1.0,18.0,0,0,1,0,0,1,1,1,1,1,1,1,0,0,0,0,0,0,1,1,0,1,0,1,0,0,0,0,0,0,0,1,1,0,1,0,1,0,0,0.48,,,
2017,trona joint unified,"Rural, remote",0.3043,0.375,,,0.3333,,,,,0.3846,,,,7.0,6.0,0.0,0.0,5.0,,,0.0,,5.0,,,0.0,23.0,16.0,0.0,0.0,15.0,,,0.0,,13.0,,,0.0,0,0,1,1,0,1,1,1,1,0,1,1,1,0,0,0,0,0,1,1,0,1,0,1,1,0,0,0,0,0,0,1,1,0,1,0,1,1,0,0.42,0.48,,
2018,trona joint unified,"City, midsize",0.2,0.2353,,,0.3636,,,,,,,,,4.0,4.0,0.0,0.0,4.0,,,0.0,,0.0,,,0.0,20.0,17.0,0.0,0.0,11.0,,,0.0,,0.0,,,0.0,0,0,1,1,0,1,1,1,1,1,1,1,1,0,0,0,0,0,1,1,0,1,0,1,1,0,0,0,0,0,0,1,1,0,1,0,1,1,0,0.3043,0.42,0.48,
2019,trona joint unified,"Rural, remote",0.3333,0.2727,,,,,,,,,,,,5.0,3.0,0.0,0.0,0.0,,,0.0,,0.0,,0.0,0.0,17.0,13.0,4.0,10.0,7.0,,,0.0,,0.0,,0.0,11.0,0,0,1,1,1,1,1,1,1,1,1,1,1,0,0,0,0,0,1,1,0,1,0,1,0,0,0,0,0,0,0,1,1,0,1,0,1,0,0,0.2,0.3043,0.42,0.48
2015,tulare city,"Suburb, midsize",0.2,0.16,0.39,0.21,0.2,,0.35,0.17,,0.17,,,0.3,221.0,147.0,75.0,111.0,100.0,0.0,7.0,4.0,0.0,137.0,0.0,0.0,52.0,1053.0,865.0,188.0,527.0,526.0,2.0,20.0,24.0,5.0,807.0,4.0,10.0,181.0,0,0,0,0,0,1,0,0,1,0,1,1,0,0,0,0,0,0,0,0,0,0,0,0,0,0,0,0,0,0,0,0,0,0,0,0,0,0,0,,,,
2016,tulare city,"Suburb, midsize",0.24,0.19,0.45,0.23,0.25,,0.56,0.15,,0.21,,,0.33,257.0,168.0,85.0,130.0,126.0,0.0,9.0,4.0,0.0,174.0,0.0,0.0,62.0,1072.0,885.0,187.0,567.0,505.0,3.0,16.0,26.0,4.0,831.0,1.0,5.0,186.0,0,0,0,0,0,1,0,0,1,0,1,1,0,0,0,0,0,0,0,0,0,0,0,0,0,0,0,0,0,0,0,0,0,0,0,0,0,0,0,0.2,,,
2017,tulare city,"Suburb, midsize",0.2281,0.1757,0.4513,0.2048,0.2505,,0.3846,0.0,,0.1958,,0.2727,0.4211,234.0,146.0,88.0,103.0,131.0,0.0,5.0,0.0,0.0,159.0,0.0,3.0,64.0,1026.0,831.0,195.0,503.0,523.0,0.0,13.0,29.0,0.0,812.0,0.0,11.0,152.0,0,0,0,0,0,1,0,0,1,0,1,0,0,0,0,0,0,0,0,0,0,0,0,0,0,0,0,0,0,0,0,0,0,0,0,0,0,0,0,0.24,0.2,,
2018,tulare city,"Suburb, midsize",0.2762,0.2326,0.4706,0.2696,0.2824,,0.4118,0.1786,,0.2494,,0.2667,0.4275,282.0,194.0,88.0,134.0,148.0,0.0,7.0,5.0,0.0,203.0,0.0,4.0,59.0,1021.0,834.0,187.0,497.0,524.0,0.0,17.0,28.0,0.0,814.0,0.0,15.0,138.0,0,0,0,0,0,1,0,0,1,0,1,0,0,0,0,0,0,0,0,0,0,0,0,0,0,0,0,0,0,0,0,0,0,0,0,0,0,0,0,0.2281,0.24,0.2,
2019,tulare city,"Suburb, midsize",0.2661,0.213,0.4764,0.2166,0.308,,0.4,0.1818,,0.2249,,,0.4577,252.0,161.0,91.0,94.0,158.0,0.0,6.0,6.0,0.0,166.0,0.0,0.0,65.0,947.0,756.0,191.0,434.0,513.0,0.0,15.0,33.0,5.0,738.0,0.0,10.0,142.0,0,0,0,0,0,1,0,0,1,0,1,1,0,0,0,0,0,0,0,0,0,0,0,0,0,0,0,0,0,0,0,0,0,0,0,0,0,0,0,0.2762,0.2281,0.24,0.2
2015,turlock unified,"Suburb, small",0.23,0.14,0.39,0.21,0.25,,0.54,0.35,,0.14,,0.43,0.33,237.0,97.0,146.0,100.0,139.0,0.0,30.0,6.0,0.0,82.0,0.0,6.0,112.0,1030.0,646.0,384.0,476.0,554.0,6.0,56.0,17.0,2.0,583.0,3.0,14.0,341.0,0,0,0,0,0,1,0,0,1,0,1,0,0,0,0,0,0,0,0,0,0,0,0,0,0,0,0,0,0,0,0,0,0,0,0,0,0,0,0,,,,
2016,turlock unified,"Suburb, small",0.24,0.14,0.44,0.24,0.24,,0.49,0.12,,0.17,,0.27,0.34,241.0,101.0,146.0,119.0,123.0,0.0,27.0,2.0,0.0,100.0,0.0,3.0,93.0,1004.0,672.0,332.0,494.0,510.0,4.0,55.0,17.0,1.0,623.0,7.0,11.0,272.0,0,0,0,0,0,1,0,0,1,0,1,0,0,0,0,0,0,0,0,0,0,0,0,0,0,0,0,0,0,0,0,0,0,0,0,0,0,0,0,0.23,,,
2017,turlock unified,"Suburb, small",0.2603,0.1735,0.4036,0.2561,0.2643,,0.4792,0.1481,,0.175,,0.2857,0.398,265.0,110.0,155.0,126.0,139.0,0.0,23.0,4.0,0.0,105.0,0.0,4.0,121.0,1019.0,635.0,384.0,493.0,526.0,0.0,48.0,27.0,0.0,600.0,0.0,14.0,305.0,0,0,0,0,0,1,0,0,1,0,1,0,0,0,0,0,0,0,0,0,0,0,0,0,0,0,0,0,0,0,0,0,0,0,0,0,0,0,0,0.24,0.23,,
2018,turlock unified,"Suburb, small",0.2999,0.1953,0.4834,0.2876,0.3107,,0.5741,0.129,,0.2071,,,0.4304,299.0,124.0,175.0,134.0,165.0,0.0,31.0,4.0,0.0,117.0,0.0,0.0,136.0,997.0,635.0,362.0,466.0,531.0,0.0,54.0,31.0,0.0,565.0,0.0,0.0,316.0,0,0,0,0,0,1,0,0,1,0,1,1,0,0,0,0,0,0,0,0,0,0,0,0,0,0,0,0,0,0,0,0,0,0,0,0,0,0,0,0.2603,0.24,0.23,
2019,turlock unified,"Suburb, small",0.3162,0.2049,0.513,0.292,0.338,,0.4722,0.2222,,0.2334,,0.1429,0.4829,302.0,125.0,177.0,132.0,170.0,0.0,17.0,4.0,,134.0,0.0,2.0,141.0,955.0,610.0,345.0,452.0,503.0,5.0,36.0,18.0,,574.0,5.0,14.0,292.0,0,0,0,0,0,1,0,0,1,0,1,0,0,0,0,0,0,0,0,0,0,1,0,0,0,0,0,0,0,0,0,0,0,0,1,0,0,0,0,0.2999,0.2603,0.24,0.23
2015,tustin unified,"City, small",0.54,0.26,0.75,0.52,0.56,,0.85,0.54,0.68,0.28,,0.73,0.7,960.0,198.0,762.0,470.0,489.0,0.0,294.0,19.0,28.0,228.0,0.0,27.0,361.0,1777.0,761.0,1016.0,904.0,873.0,3.0,345.0,35.0,41.0,785.0,4.0,37.0,516.0,0,0,0,0,0,1,0,0,0,0,1,0,0,0,0,0,0,0,0,0,0,0,0,0,0,0,0,0,0,0,0,0,0,0,0,0,0,0,0,,,,
2016,tustin unified,"City, small",0.54,0.26,0.77,0.53,0.56,,0.88,0.27,0.62,0.3,,0.79,0.73,996.0,223.0,787.0,477.0,529.0,0.0,303.0,12.0,23.0,272.0,0.0,44.0,346.0,1845.0,823.0,1022.0,901.0,944.0,5.0,344.0,45.0,37.0,877.0,4.0,56.0,467.0,0,0,0,0,0,1,0,0,0,0,1,0,0,0,0,0,0,0,0,0,0,0,0,0,0,0,0,0,0,0,0,0,0,0,0,0,0,0,0,0.54,,,
2017,tustin unified,"City, small",0.5552,0.3075,0.7084,0.5564,0.5542,,0.8936,0.2955,0.6333,0.3275,,0.7288,0.6972,955.0,202.0,753.0,449.0,506.0,,319.0,13.0,19.0,260.0,0.0,43.0,297.0,1720.0,657.0,1063.0,807.0,913.0,,357.0,44.0,30.0,794.0,0.0,59.0,426.0,0,0,0,0,0,1,0,0,0,0,1,0,0,0,0,0,0,0,1,0,0,0,0,0,0,0,0,0,0,0,0,1,0,0,0,0,0,0,0,0.54,0.54,,
2018,tustin unified,"City, small",0.5444,0.3036,0.7352,0.5117,0.5743,,0.8853,0.3333,0.7368,0.3042,,0.7833,0.704,925.0,228.0,697.0,415.0,510.0,0.0,301.0,10.0,28.0,247.0,0.0,47.0,283.0,1699.0,751.0,948.0,811.0,888.0,0.0,340.0,30.0,38.0,812.0,0.0,60.0,402.0,0,0,0,0,0,1,0,0,0,0,1,0,0,0,0,0,0,0,0,0,0,0,0,0,0,0,0,0,0,0,0,0,0,0,0,0,0,0,0,0.5552,0.54,0.54,
2019,tustin unified,"City, small",0.555,0.3491,0.7132,0.541,0.5689,,0.8689,0.4,0.75,0.3395,,0.6914,0.6767,895.0,244.0,651.0,435.0,458.0,0.0,285.0,10.0,33.0,255.0,0.0,56.0,247.0,1611.0,699.0,912.0,805.0,806.0,0.0,328.0,25.0,44.0,752.0,5.0,81.0,365.0,0,0,0,0,0,1,0,0,0,0,1,0,0,0,0,0,0,0,0,0,0,0,0,0,0,0,0,0,0,0,0,0,0,0,0,0,0,0,0,0.5444,0.5552,0.54,0.54
2015,twain harte,"Town, distant",0.53,0.39,0.69,0.6,0.43,,,,,,,,0.5,18.0,7.0,11.0,12.0,6.0,0.0,,,,0.0,,,15.0,35.0,19.0,16.0,20.0,15.0,1.0,,,,3.0,,,31.0,0,0,0,0,0,1,1,1,1,1,1,1,0,0,0,0,0,0,0,1,1,1,0,1,1,0,0,0,0,0,0,0,1,1,1,0,1,1,0,,,,
2016,twain harte,"Town, distant",0.59,0.56,,0.31,0.83,,,,,,,,0.7,20.0,14.0,0.0,5.0,15.0,,,,,0.0,0.0,,16.0,34.0,25.0,9.0,16.0,18.0,,,,,9.0,2.0,,23.0,0,0,1,0,0,1,1,1,1,1,1,1,0,0,0,0,0,0,1,1,1,1,0,0,1,0,0,0,0,0,0,1,1,1,1,0,0,1,0,0.53,,,
2017,twain harte,"Town, distant",0.52,0.5,,,0.5625,,,,,,,,0.5294,13.0,9.0,0.0,0.0,9.0,,,,,0.0,,0.0,9.0,25.0,18.0,0.0,0.0,16.0,,,,,0.0,,0.0,17.0,0,0,1,1,0,1,1,1,1,1,1,1,0,0,0,0,0,0,1,1,1,1,0,1,0,0,0,0,0,0,0,1,1,1,1,0,1,0,0,0.59,0.53,,
2018,twain harte,"Town, distant",0.8667,0.7895,1.0,0.8571,0.875,,,,,,,,0.8462,26.0,15.0,11.0,12.0,14.0,,,,,0.0,,,22.0,30.0,19.0,11.0,14.0,16.0,,,,,0.0,,,26.0,0,0,0,0,0,1,1,1,1,1,1,1,0,0,0,0,0,0,1,1,1,1,0,1,1,0,0,0,0,0,0,1,1,1,1,0,1,1,0,0.52,0.59,0.53,
2019,twain harte,"Town, distant",0.5278,0.3333,0.8,0.6471,0.4211,,,,,,,,0.5385,19.0,7.0,12.0,11.0,8.0,,,,,0.0,,0.0,14.0,36.0,21.0,15.0,17.0,19.0,,,,,8.0,,0.0,26.0,0,0,0,0,0,1,1,1,1,1,1,1,0,0,0,0,0,0,1,1,1,1,0,1,0,0,0,0,0,0,0,1,1,1,1,0,1,0,0,0.8667,0.52,0.59,0.53
2015,twin hills union elementary,"Rural, fringe",0.45,0.29,0.49,0.44,0.46,,,,,0.41,,,0.47,51.0,7.0,44.0,27.0,24.0,0.0,,0.0,,7.0,,0.0,41.0,114.0,25.0,89.0,61.0,53.0,1.0,,1.0,,17.0,,7.0,88.0,0,0,0,0,0,1,1,1,1,0,1,1,0,0,0,0,0,0,0,1,0,1,0,1,0,0,0,0,0,0,0,0,1,0,1,0,1,0,0,,,,
2016,twin hills union elementary,"Rural, fringe",0.49,0.38,0.53,0.41,0.55,,,,,0.58,,,0.45,52.0,12.0,40.0,21.0,31.0,,0.0,0.0,,11.0,0.0,0.0,33.0,107.0,32.0,75.0,51.0,56.0,,2.0,1.0,,19.0,1.0,10.0,74.0,0,0,0,0,0,1,1,1,1,0,1,1,0,0,0,0,0,0,1,0,0,1,0,0,0,0,0,0,0,0,0,1,0,0,1,0,0,0,0,0.45,,,
2017,twin hills union elementary,"Rural, fringe",0.5612,0.3684,0.6076,0.5682,0.5556,,,,,0.3684,,,0.5942,55.0,7.0,48.0,25.0,30.0,0.0,,,,7.0,,0.0,41.0,99.0,19.0,80.0,45.0,54.0,0.0,,,,19.0,,0.0,69.0,0,0,0,0,0,1,1,1,1,0,1,1,0,0,0,0,0,0,0,1,1,1,0,1,0,0,0,0,0,0,0,0,1,1,1,0,1,0,0,0.49,0.45,,
2018,twin hills union elementary,"Rural, fringe",0.4953,0.3333,0.5676,0.4576,0.5417,,,,,0.3333,,,0.5375,54.0,11.0,42.0,27.0,27.0,,0.0,,,5.0,,0.0,43.0,109.0,35.0,74.0,59.0,50.0,,0.0,,,17.0,,0.0,80.0,0,0,0,0,0,1,1,1,1,0,1,1,0,0,0,0,0,0,1,0,1,1,0,1,0,0,0,0,0,0,0,1,0,1,1,0,1,0,0,0.5612,0.49,0.45,
2019,twin hills union elementary,"Rural, fringe",0.4674,0.1667,0.5735,0.5577,0.35,,,,,0.3333,,0.6154,0.4821,43.0,4.0,39.0,29.0,14.0,,,0.0,0.0,7.0,,8.0,27.0,92.0,24.0,68.0,52.0,40.0,,,0.0,0.0,21.0,,13.0,56.0,0,0,0,0,0,1,1,1,1,0,1,0,0,0,0,0,0,0,1,1,0,0,0,1,0,0,0,0,0,0,0,1,1,0,0,0,1,0,0,0.4953,0.5612,0.49,0.45
2015,twin rivers unified,"Suburb, large",0.24,0.21,0.43,0.22,0.26,0.15,0.3,0.16,0.66,0.21,0.06,0.27,0.33,531.0,404.0,124.0,241.0,291.0,3.0,47.0,57.0,19.0,210.0,2.0,25.0,168.0,2211.0,1921.0,290.0,1092.0,1119.0,21.0,152.0,332.0,30.0,1002.0,34.0,94.0,508.0,0,0,0,0,0,0,0,0,0,0,0,0,0,0,0,0,0,0,0,0,0,0,0,0,0,0,0,0,0,0,0,0,0,0,0,0,0,0,0,,,,
2016,twin rivers unified,"Suburb, large",0.27,0.24,0.48,0.25,0.29,0.2,0.36,0.18,0.58,0.24,0.31,0.2,0.36,604.0,481.0,111.0,279.0,325.0,4.0,71.0,58.0,14.0,243.0,13.0,18.0,173.0,2235.0,2004.0,231.0,1114.0,1121.0,20.0,196.0,319.0,24.0,1010.0,42.0,89.0,481.0,0,0,0,0,0,0,0,0,0,0,0,0,0,0,0,0,0,0,0,0,0,0,0,0,0,0,0,0,0,0,0,0,0,0,0,0,0,0,0,0.24,,,
2017,twin rivers unified,"Suburb, large",0.2734,0.2454,0.5115,0.2636,0.2829,0.2143,0.2934,0.1688,0.5556,0.2564,0.4545,0.24,0.3592,564.0,453.0,111.0,267.0,297.0,3.0,49.0,52.0,10.0,241.0,15.0,24.0,162.0,2063.0,1846.0,217.0,1013.0,1050.0,14.0,167.0,308.0,18.0,940.0,33.0,100.0,451.0,0,0,0,0,0,0,0,0,0,0,0,0,0,0,0,0,0,0,0,0,0,0,0,0,0,0,0,0,0,0,0,0,0,0,0,0,0,0,0,0.27,0.24,,
2018,twin rivers unified,"Suburb, large",0.2999,0.2757,0.5196,0.2969,0.3026,0.4545,0.3448,0.221,0.6471,0.2606,0.2,0.2895,0.4119,616.0,510.0,106.0,288.0,328.0,5.0,60.0,61.0,11.0,251.0,5.0,33.0,180.0,2055.0,1851.0,204.0,970.0,1085.0,11.0,174.0,276.0,17.0,964.0,25.0,114.0,437.0,0,0,0,0,0,0,0,0,0,0,0,0,0,0,0,0,0,0,0,0,0,0,0,0,0,0,0,0,0,0,0,0,0,0,0,0,0,0,0,0.2734,0.27,0.24,
2019,twin rivers unified,"Suburb, large",0.3673,0.3427,0.5385,0.3652,0.3694,0.4,0.3989,0.231,0.6667,0.3504,0.3226,0.422,0.4686,721.0,588.0,133.0,348.0,372.0,8.0,71.0,64.0,18.0,315.0,10.0,46.0,179.0,1963.0,1716.0,247.0,954.0,1009.0,20.0,179.0,277.0,27.0,899.0,31.0,110.0,383.0,0,0,0,0,0,0,0,0,0,0,0,0,0,0,0,0,0,0,0,0,0,0,0,0,0,0,0,0,0,0,0,0,0,0,0,0,0,0,0,0.2999,0.2734,0.27,0.24
2015,two rock union,"Rural, fringe",0.46,0.42,0.5,0.5,,,,,,0.5,,,,11.0,5.0,6.0,7.0,0.0,,,0.0,,6.0,,0.0,0.0,24.0,12.0,12.0,14.0,10.0,,,1.0,,12.0,,2.0,8.0,0,0,0,0,1,1,1,1,1,0,1,1,1,0,0,0,0,0,1,1,0,1,0,1,0,0,0,0,0,0,0,1,1,0,1,0,1,0,0,,,,
2016,two rock union,"Rural, fringe",0.63,0.67,,,,,,,,,,,,12.0,8.0,0.0,0.0,0.0,,,,0.0,0.0,,0.0,0.0,19.0,12.0,7.0,9.0,10.0,,,,1.0,10.0,,1.0,7.0,0,0,1,1,1,1,1,1,1,1,1,1,1,0,0,0,0,0,1,1,1,0,0,1,0,0,0,0,0,0,0,1,1,1,0,0,1,0,0,0.46,,,
2017,two rock union,"Rural, fringe",0.5263,,0.5833,,0.4545,,,,,,,,0.6667,10.0,0.0,7.0,0.0,5.0,,,,,0.0,,0.0,8.0,19.0,0.0,12.0,0.0,11.0,,,,,0.0,,0.0,12.0,0,1,0,1,0,1,1,1,1,1,1,1,0,0,0,0,0,0,1,1,1,1,0,1,0,0,0,0,0,0,0,1,1,1,1,0,1,0,0,0.63,0.46,,
2018,two rock union,"Rural, fringe",0.5,,0.5,0.4167,,,,,,,,,0.5,11.0,0.0,7.0,5.0,0.0,,,,,0.0,0.0,,6.0,22.0,0.0,14.0,12.0,0.0,,,,,0.0,0.0,,12.0,0,1,0,0,1,1,1,1,1,1,1,1,0,0,0,0,0,0,1,1,1,1,0,0,1,0,0,0,0,0,0,1,1,1,1,0,0,1,0,0.5263,0.63,0.46,
2019,two rock union,"Rural, fringe",0.7143,0.6667,,0.6154,,,,,,,,,0.8333,15.0,8.0,0.0,8.0,0.0,,,,,0.0,,0.0,10.0,21.0,12.0,9.0,13.0,8.0,,,,,6.0,,0.0,12.0,0,0,1,0,1,1,1,1,1,1,1,1,0,0,0,0,0,0,1,1,1,1,0,1,0,0,0,0,0,0,0,1,1,1,1,0,1,0,0,0.5,0.5263,0.63,0.46
2015,ukiah unified,"Town, remote",0.19,0.13,0.39,0.2,0.18,0.03,,,,0.11,,,0.31,80.0,50.0,35.0,42.0,39.0,1.0,0.0,0.0,,26.0,0.0,0.0,51.0,446.0,357.0,89.0,214.0,232.0,32.0,6.0,2.0,,237.0,1.0,3.0,165.0,0,0,0,0,0,0,1,1,1,0,1,1,0,0,0,0,0,0,0,0,0,1,0,0,0,0,0,0,0,0,0,0,0,0,1,0,0,0,0,,,,
2016,ukiah unified,"Town, remote",0.26,0.2,0.55,0.26,0.26,0.09,,,,0.2,,,0.41,107.0,68.0,37.0,58.0,51.0,3.0,0.0,0.0,0.0,48.0,,0.0,52.0,411.0,344.0,67.0,214.0,197.0,33.0,2.0,3.0,3.0,240.0,,7.0,123.0,0,0,0,0,0,0,1,1,1,0,1,1,0,0,0,0,0,0,0,0,0,0,0,1,0,0,0,0,0,0,0,0,0,0,0,0,1,0,0,0.19,,,
2017,ukiah unified,"Town, remote",0.2714,0.2178,0.4574,0.2402,0.3009,0.2963,,,,0.1909,,0.2143,0.3947,114.0,71.0,43.0,49.0,65.0,8.0,0.0,0.0,0.0,42.0,,3.0,60.0,420.0,326.0,94.0,204.0,216.0,27.0,0.0,0.0,0.0,220.0,,14.0,152.0,0,0,0,0,0,0,1,1,1,0,1,0,0,0,0,0,0,0,0,0,0,0,0,1,0,0,0,0,0,0,0,0,0,0,0,0,1,0,0,0.26,0.19,,
2018,ukiah unified,"Town, remote",0.2456,0.2044,0.4074,0.23,0.2613,0.4286,,,,0.2037,,0.2353,0.2847,98.0,65.0,33.0,46.0,52.0,9.0,0.0,0.0,0.0,44.0,,4.0,39.0,399.0,318.0,81.0,200.0,199.0,21.0,0.0,0.0,0.0,216.0,,17.0,137.0,0,0,0,0,0,0,1,1,1,0,1,0,0,0,0,0,0,0,0,0,0,0,0,1,0,0,0,0,0,0,0,0,0,0,0,0,1,0,0,0.2714,0.26,0.19,
2019,ukiah unified,"Town, remote",0.3004,0.2665,0.5161,0.2511,0.3529,0.25,,,,0.2222,,0.5,0.4422,137.0,105.0,32.0,59.0,78.0,5.0,,0.0,0.0,60.0,,7.0,65.0,456.0,394.0,62.0,235.0,221.0,20.0,,0.0,0.0,270.0,,14.0,147.0,0,0,0,0,0,0,1,1,1,0,1,0,0,0,0,0,0,0,0,1,0,0,0,1,0,0,0,0,0,0,0,0,1,0,0,0,1,0,0,0.2456,0.2714,0.26,0.19
2015,union elementary,"City, large",0.71,0.34,0.77,0.67,0.75,,0.9,,,0.44,,0.75,0.74,444.0,27.0,414.0,193.0,246.0,0.0,114.0,0.0,0.0,47.0,0.0,43.0,224.0,617.0,79.0,538.0,288.0,329.0,3.0,127.0,10.0,8.0,107.0,1.0,57.0,303.0,0,0,0,0,0,1,0,1,1,0,1,0,0,0,0,0,0,0,0,0,0,0,0,0,0,0,0,0,0,0,0,0,0,0,0,0,0,0,0,,,,
2016,union elementary,"City, large",0.73,0.4,0.78,0.73,0.72,,0.91,0.47,,0.4,,0.82,0.75,459.0,36.0,422.0,236.0,221.0,0.0,117.0,7.0,0.0,38.0,0.0,42.0,230.0,629.0,89.0,540.0,319.0,310.0,3.0,129.0,15.0,10.0,94.0,3.0,51.0,310.0,0,0,0,0,0,1,0,0,1,0,1,0,0,0,0,0,0,0,0,0,0,0,0,0,0,0,0,0,0,0,0,0,0,0,0,0,0,0,0,0.71,,,
2017,union elementary,"City, large",0.7809,0.3188,0.8305,0.7733,0.7872,,0.9721,,,0.4576,,0.859,0.7702,556.0,22.0,534.0,249.0,307.0,,174.0,0.0,0.0,54.0,0.0,67.0,248.0,712.0,69.0,643.0,322.0,390.0,,179.0,0.0,0.0,118.0,0.0,78.0,322.0,0,0,0,0,0,1,0,1,1,0,1,0,0,0,0,0,0,0,1,0,0,0,0,0,0,0,0,0,0,0,0,1,0,0,0,0,0,0,0,0.73,0.71,,
2018,union elementary,"City, large",0.7813,0.4625,0.8243,0.7603,0.8058,,0.9347,,,0.4444,,0.8491,0.7867,525.0,37.0,488.0,276.0,249.0,0.0,186.0,0.0,0.0,48.0,,45.0,225.0,672.0,80.0,592.0,363.0,309.0,0.0,199.0,0.0,0.0,108.0,,53.0,286.0,0,0,0,0,0,1,0,1,1,0,1,0,0,0,0,0,0,0,0,0,0,0,0,1,0,0,0,0,0,0,0,0,0,0,0,0,1,0,0,0.7809,0.73,0.71,
2019,union elementary,"City, large",0.7332,0.3333,0.7852,0.7655,0.7022,,0.9462,,,0.3882,,0.6964,0.7179,459.0,24.0,435.0,235.0,224.0,0.0,176.0,0.0,0.0,33.0,0.0,39.0,196.0,626.0,72.0,554.0,307.0,319.0,0.0,186.0,8.0,5.0,85.0,0.0,56.0,273.0,0,0,0,0,0,1,0,1,1,0,1,0,0,0,0,0,0,0,0,0,0,0,0,0,0,0,0,0,0,0,0,0,0,0,0,0,0,0,0,0.7813,0.7809,0.73,0.71
2015,union hill elementary,"Town, distant",0.33,0.23,0.39,0.34,0.32,,,,,,,,0.38,22.0,5.0,17.0,12.0,10.0,,,,0.0,0.0,0.0,0.0,18.0,66.0,22.0,44.0,35.0,31.0,,,,1.0,5.0,1.0,9.0,48.0,0,0,0,0,0,1,1,1,1,1,1,1,0,0,0,0,0,0,1,1,1,0,0,0,0,0,0,0,0,0,0,1,1,1,0,0,0,0,0,,,,
2016,union hill elementary,"Town, distant",0.27,0.24,0.29,0.21,0.32,,,,,,,,0.31,16.0,7.0,9.0,6.0,10.0,0.0,,,,0.0,,0.0,16.0,60.0,29.0,31.0,29.0,31.0,2.0,,,,4.0,,3.0,51.0,0,0,0,0,0,1,1,1,1,1,1,1,0,0,0,0,0,0,0,1,1,1,0,1,0,0,0,0,0,0,0,0,1,1,1,0,1,0,0,0.33,,,
2017,union hill elementary,"Town, distant",0.2769,0.1154,0.3846,0.2813,0.2727,,,,,,,,0.2549,18.0,3.0,15.0,9.0,9.0,,0.0,,,0.0,,0.0,13.0,65.0,26.0,39.0,32.0,33.0,,0.0,,,0.0,,0.0,51.0,0,0,0,0,0,1,1,1,1,1,1,1,0,0,0,0,0,0,1,0,1,1,0,1,0,0,0,0,0,0,0,1,0,1,1,0,1,0,0,0.27,0.33,,
2018,union hill elementary,"Town, distant",0.3953,0.4063,0.3889,0.3846,0.4043,,,,,,,,0.411,34.0,13.0,21.0,15.0,19.0,0.0,0.0,,,0.0,0.0,0.0,30.0,86.0,32.0,54.0,39.0,47.0,0.0,0.0,,,0.0,0.0,0.0,73.0,0,0,0,0,0,1,1,1,1,1,1,1,0,0,0,0,0,0,0,0,1,1,0,0,0,0,0,0,0,0,0,0,0,1,1,0,0,0,0,0.2769,0.27,0.33,
2019,union hill elementary,"Town, distant",0.3836,0.2308,0.5588,0.3611,0.4054,,,,,,,,0.3729,28.0,9.0,19.0,13.0,15.0,0.0,,0.0,,0.0,,0.0,22.0,73.0,39.0,34.0,36.0,37.0,0.0,,0.0,,9.0,,0.0,59.0,0,0,0,0,0,1,1,1,1,1,1,1,0,0,0,0,0,0,0,1,0,1,0,1,0,0,0,0,0,0,0,0,1,0,1,0,1,0,0,0.3953,0.2769,0.27,0.33
2015,upland unified,"Suburb, large",0.34,0.23,0.5,0.32,0.37,,0.74,0.16,0.43,0.28,,0.58,0.44,298.0,115.0,184.0,136.0,167.0,0.0,28.0,9.0,9.0,138.0,0.0,11.0,106.0,877.0,502.0,375.0,426.0,451.0,2.0,39.0,58.0,21.0,492.0,2.0,19.0,237.0,0,0,0,0,0,1,0,0,0,0,1,0,0,0,0,0,0,0,0,0,0,0,0,0,0,0,0,0,0,0,0,0,0,0,0,0,0,0,0,,,,
2016,upland unified,"Suburb, large",0.35,0.23,0.51,0.32,0.38,,0.71,0.23,0.57,0.28,,0.41,0.47,309.0,103.0,195.0,134.0,167.0,0.0,24.0,14.0,8.0,136.0,0.0,7.0,109.0,858.0,468.0,390.0,419.0,439.0,6.0,34.0,62.0,14.0,485.0,2.0,17.0,232.0,0,0,0,0,0,1,0,0,0,0,1,0,0,0,0,0,0,0,0,0,0,0,0,0,0,0,0,0,0,0,0,0,0,0,0,0,0,0,0,0.34,,,
2017,upland unified,"Suburb, large",0.3716,0.2535,0.5081,0.3553,0.3873,,0.6486,0.2963,0.7857,0.2817,,0.2632,0.5263,298.0,109.0,189.0,140.0,158.0,0.0,24.0,16.0,11.0,129.0,0.0,5.0,110.0,802.0,430.0,372.0,394.0,408.0,0.0,37.0,54.0,14.0,458.0,0.0,19.0,209.0,0,0,0,0,0,1,0,0,0,0,1,0,0,0,0,0,0,0,0,0,0,0,0,0,0,0,0,0,0,0,0,0,0,0,0,0,0,0,0,0.35,0.34,,
2018,upland unified,"Suburb, large",0.3892,0.2682,0.5586,0.376,0.402,,0.7436,0.2097,0.8333,0.295,,0.55,0.5431,311.0,125.0,186.0,147.0,164.0,0.0,29.0,13.0,10.0,136.0,0.0,11.0,107.0,799.0,466.0,333.0,391.0,408.0,0.0,39.0,62.0,12.0,461.0,0.0,20.0,197.0,0,0,0,0,0,1,0,0,0,0,1,0,0,0,0,0,0,0,0,0,0,0,0,0,0,0,0,0,0,0,0,0,0,0,0,0,0,0,0,0.3716,0.35,0.34,
2019,upland unified,"Suburb, large",0.452,0.3348,0.6283,0.4022,0.4963,,0.7879,0.3208,0.6875,0.3735,,0.4118,0.5885,344.0,153.0,191.0,144.0,200.0,0.0,26.0,17.0,11.0,161.0,0.0,7.0,113.0,761.0,457.0,304.0,358.0,403.0,0.0,33.0,53.0,16.0,431.0,4.0,17.0,192.0,0,0,0,0,0,1,0,0,0,0,1,0,0,0,0,0,0,0,0,0,0,0,0,0,0,0,0,0,0,0,0,0,0,0,0,0,0,0,0,0.3892,0.3716,0.35,0.34
2015,vacaville unified,"Suburb, small",0.3,0.16,0.43,0.3,0.31,,0.55,0.13,0.41,0.21,,0.37,0.39,250.0,61.0,194.0,125.0,129.0,0.0,6.0,6.0,9.0,67.0,0.0,25.0,134.0,834.0,383.0,451.0,416.0,418.0,4.0,11.0,48.0,22.0,316.0,2.0,67.0,351.0,0,0,0,0,0,1,0,0,0,0,1,0,0,0,0,0,0,0,0,0,0,0,0,0,0,0,0,0,0,0,0,0,0,0,0,0,0,0,0,,,,
2016,vacaville unified,"Suburb, small",0.35,0.22,0.49,0.34,0.35,,0.55,0.26,0.65,0.27,,0.3,0.43,316.0,105.0,208.0,147.0,170.0,0.0,11.0,13.0,17.0,97.0,0.0,19.0,151.0,902.0,476.0,426.0,430.0,472.0,4.0,20.0,50.0,26.0,373.0,3.0,64.0,352.0,0,0,0,0,0,1,0,0,0,0,1,0,0,0,0,0,0,0,0,0,0,0,0,0,0,0,0,0,0,0,0,0,0,0,0,0,0,0,0,0.3,,,
2017,vacaville unified,"Suburb, small",0.3502,0.2339,0.4641,0.3643,0.3375,,0.4167,0.2128,0.3636,0.2955,,0.3867,0.4159,318.0,105.0,213.0,157.0,161.0,0.0,10.0,10.0,8.0,112.0,0.0,29.0,136.0,908.0,449.0,459.0,431.0,477.0,0.0,24.0,47.0,22.0,379.0,0.0,75.0,327.0,0,0,0,0,0,1,0,0,0,0,1,0,0,0,0,0,0,0,0,0,0,0,0,0,0,0,0,0,0,0,0,0,0,0,0,0,0,0,0,0.35,0.3,,
2018,vacaville unified,"Suburb, small",0.4082,0.2935,0.5348,0.406,0.4103,,0.5,0.3171,0.6667,0.2692,,0.4353,0.5427,358.0,135.0,223.0,175.0,183.0,0.0,9.0,13.0,12.0,98.0,0.0,37.0,178.0,877.0,460.0,417.0,431.0,446.0,0.0,18.0,41.0,18.0,364.0,0.0,85.0,328.0,0,0,0,0,0,1,0,0,0,0,1,0,0,0,0,0,0,0,0,0,0,0,0,0,0,0,0,0,0,0,0,0,0,0,0,0,0,0,0,0.3502,0.35,0.3,
2019,vacaville unified,"Suburb, small",0.4361,0.2979,0.558,0.4244,0.4473,,0.8,0.3261,0.6364,0.3123,,0.4828,0.5271,403.0,129.0,274.0,191.0,212.0,0.0,20.0,15.0,21.0,114.0,0.0,42.0,185.0,924.0,433.0,491.0,450.0,474.0,5.0,25.0,46.0,33.0,365.0,9.0,87.0,351.0,0,0,0,0,0,1,0,0,0,0,1,0,0,0,0,0,0,0,0,0,0,0,0,0,0,0,0,0,0,0,0,0,0,0,0,0,0,0,0,0.4082,0.3502,0.35,0.3
2015,val verde unified,"Suburb, large",0.28,0.26,0.39,0.28,0.28,,0.32,0.21,0.62,0.27,,0.3,0.46,438.0,365.0,82.0,218.0,227.0,0.0,9.0,42.0,18.0,306.0,0.0,7.0,41.0,1562.0,1352.0,210.0,751.0,811.0,4.0,28.0,211.0,29.0,1134.0,3.0,23.0,90.0,0,0,0,0,0,1,0,0,0,0,1,0,0,0,0,0,0,0,0,0,0,0,0,0,0,0,0,0,0,0,0,0,0,0,0,0,0,0,0,,,,
2016,val verde unified,"Suburb, large",0.3,0.27,0.48,0.3,0.3,,0.84,0.24,0.59,0.28,,0.44,0.48,495.0,388.0,105.0,248.0,255.0,0.0,21.0,49.0,10.0,355.0,0.0,15.0,46.0,1650.0,1436.0,214.0,800.0,850.0,4.0,25.0,204.0,17.0,1267.0,4.0,33.0,96.0,0,0,0,0,0,1,0,0,0,0,1,0,0,0,0,0,0,0,0,0,0,0,0,0,0,0,0,0,0,0,0,0,0,0,0,0,0,0,0,0.28,,,
2017,val verde unified,"Suburb, large",0.3209,0.2889,0.5377,0.309,0.3333,,0.5909,0.2183,0.7059,0.3121,,0.4688,0.4533,497.0,390.0,107.0,245.0,252.0,0.0,13.0,43.0,12.0,372.0,0.0,15.0,34.0,1550.0,1350.0,200.0,793.0,757.0,0.0,22.0,198.0,17.0,1192.0,0.0,32.0,75.0,0,0,0,0,0,1,0,0,0,0,1,0,0,0,0,0,0,0,0,0,0,0,0,0,0,0,0,0,0,0,0,0,0,0,0,0,0,0,0,0.3,0.28,,
2018,val verde unified,"Suburb, large",0.3732,0.3496,0.4958,0.3599,0.3855,,0.6667,0.3043,0.75,0.3731,,0.2979,0.4675,546.0,429.0,117.0,253.0,293.0,0.0,16.0,56.0,9.0,413.0,0.0,14.0,36.0,1464.0,1228.0,236.0,703.0,761.0,0.0,24.0,184.0,12.0,1107.0,0.0,48.0,77.0,0,0,0,0,0,1,0,0,0,0,1,0,0,0,0,0,0,0,0,0,0,0,0,0,0,0,0,0,0,0,0,0,0,0,0,0,0,0,0,0.3209,0.3,0.28,
2019,val verde unified,"Suburb, large",0.4156,0.3821,0.6103,0.3891,0.4402,,0.5238,0.3351,0.8235,0.4091,,0.3636,0.5938,603.0,473.0,130.0,272.0,331.0,0.0,11.0,64.0,14.0,461.0,0.0,8.0,38.0,1452.0,1239.0,213.0,700.0,752.0,6.0,21.0,192.0,17.0,1127.0,0.0,22.0,64.0,0,0,0,0,0,1,0,0,0,0,1,0,0,0,0,0,0,0,0,0,0,0,0,0,0,0,0,0,0,0,0,0,0,0,0,0,0,0,0,0.3732,0.3209,0.3,0.28
2015,valle lindo elementary,"Suburb, large",0.28,0.25,0.47,0.25,0.3,,,,,0.25,,,,31.0,24.0,7.0,12.0,19.0,,0.0,,,26.0,,,0.0,111.0,96.0,15.0,48.0,63.0,,6.0,,,104.0,,,1.0,0,0,0,0,0,1,1,1,1,0,1,1,1,0,0,0,0,0,1,0,1,1,0,1,1,0,0,0,0,0,0,1,0,1,1,0,1,1,0,,,,
2016,valle lindo elementary,"Suburb, large",0.34,0.32,0.45,0.39,0.29,,,,,0.33,,,,48.0,38.0,9.0,25.0,22.0,,0.0,,,44.0,,0.0,0.0,139.0,119.0,20.0,64.0,75.0,,3.0,,,134.0,,1.0,1.0,0,0,0,0,0,1,1,1,1,0,1,1,1,0,0,0,0,0,1,0,1,1,0,1,0,0,0,0,0,0,0,1,0,1,1,0,1,0,0,0.28,,,
2017,valle lindo elementary,"Suburb, large",0.4296,0.4182,0.4688,0.4545,0.4138,,,,,0.4179,,,,61.0,46.0,15.0,25.0,36.0,,0.0,,0.0,56.0,,,,142.0,110.0,32.0,55.0,87.0,,0.0,,0.0,134.0,,,,0,0,0,0,0,1,1,1,1,0,1,1,1,0,0,0,0,0,1,0,1,0,0,1,1,1,0,0,0,0,0,1,0,1,0,0,1,1,1,0.34,0.28,,
2018,valle lindo elementary,"Suburb, large",0.4262,0.3925,0.6667,0.3607,0.4918,,,,,0.3874,,,,52.0,42.0,10.0,22.0,30.0,,0.0,,,43.0,,,0.0,122.0,107.0,15.0,61.0,61.0,,0.0,,,111.0,,,0.0,0,0,0,0,0,1,1,1,1,0,1,1,1,0,0,0,0,0,1,0,1,1,0,1,1,0,0,0,0,0,0,1,0,1,1,0,1,1,0,0.4296,0.34,0.28,
2019,valle lindo elementary,"Suburb, large",0.5575,0.5,0.8095,0.4082,0.6719,,,,,0.5481,,,,63.0,46.0,17.0,20.0,43.0,,0.0,0.0,0.0,57.0,,,,113.0,92.0,21.0,49.0,64.0,,6.0,0.0,0.0,104.0,,,,0,0,0,0,0,1,1,1,1,0,1,1,1,0,0,0,0,0,1,0,0,0,0,1,1,1,0,0,0,0,0,1,0,0,0,0,1,1,1,0.4262,0.4296,0.34,0.28
2015,vallecito union,"Rural, remote",0.42,0.25,0.59,0.38,0.48,,,,,,,,0.48,23.0,7.0,16.0,13.0,10.0,,,,,0.0,,0.0,20.0,55.0,28.0,27.0,34.0,21.0,,,,,10.0,,3.0,42.0,0,0,0,0,0,1,1,1,1,1,1,1,0,0,0,0,0,0,1,1,1,1,0,1,0,0,0,0,0,0,0,1,1,1,1,0,1,0,0,,,,
2016,vallecito union,"Rural, remote",0.46,0.25,0.59,0.56,0.34,,,,,,,,0.46,30.0,6.0,24.0,20.0,10.0,,0.0,,,0.0,0.0,0.0,23.0,65.0,24.0,41.0,36.0,29.0,,2.0,,,10.0,1.0,2.0,50.0,0,0,0,0,0,1,1,1,1,1,1,1,0,0,0,0,0,0,1,0,1,1,0,0,0,0,0,0,0,0,0,1,0,1,1,0,0,0,0,0.42,,,
2017,vallecito union,"Rural, remote",0.434,0.2222,0.5429,0.45,0.4242,,,,,,,,0.4444,23.0,4.0,19.0,9.0,14.0,,0.0,,,0.0,,0.0,20.0,53.0,18.0,35.0,20.0,33.0,,0.0,,,0.0,,0.0,45.0,0,0,0,0,0,1,1,1,1,1,1,1,0,0,0,0,0,0,1,0,1,1,0,1,0,0,0,0,0,0,0,1,0,1,1,0,1,0,0,0.46,0.42,,
2018,vallecito union,"Rural, remote",0.4516,0.2973,0.68,0.3684,0.5833,,,,,,,,0.449,28.0,11.0,17.0,14.0,14.0,0.0,,,,0.0,,0.0,22.0,62.0,37.0,25.0,38.0,24.0,0.0,,,,0.0,,0.0,49.0,0,0,0,0,0,1,1,1,1,1,1,1,0,0,0,0,0,0,0,1,1,1,0,1,0,0,0,0,0,0,0,0,1,1,1,0,1,0,0,0.434,0.46,0.42,
2019,vallecito union,"Rural, remote",0.4394,0.3243,0.5862,0.4848,0.3939,,,,,,,,0.4375,29.0,12.0,17.0,16.0,13.0,0.0,,,,0.0,,0.0,21.0,66.0,37.0,29.0,33.0,33.0,0.0,,,,10.0,,6.0,48.0,0,0,0,0,0,1,1,1,1,1,1,1,0,0,0,0,0,0,0,1,1,1,0,1,0,0,0,0,0,0,0,0,1,1,1,0,1,0,0,0.4516,0.434,0.46,0.42
2015,vallecitos elementary,"Rural, fringe",0.18,0.2,,0.0,0.36,,,,,0.15,,,,4.0,4.0,0.0,0.0,4.0,,,,,3.0,,0.0,0.0,22.0,20.0,2.0,11.0,11.0,,,,,20.0,,1.0,1.0,0,0,1,0,0,1,1,1,1,0,1,1,1,0,0,0,0,0,1,1,1,1,0,1,0,0,0,0,0,0,0,1,1,1,1,0,1,0,0,,,,
2016,vallecitos elementary,"Rural, fringe",0.13,0.14,,0.13,,,,,,0.09,,,,3.0,3.0,0.0,2.0,0.0,,,,,2.0,,,0.0,23.0,22.0,1.0,15.0,8.0,,,,,22.0,,,1.0,0,0,1,0,1,1,1,1,1,0,1,1,1,0,0,0,0,0,1,1,1,1,0,1,1,0,0,0,0,0,0,1,1,1,1,0,1,1,0,0.18,,,
2017,vallecitos elementary,"Rural, fringe",0.2,0.1429,,,,,,,,0.0833,,,,3.0,2.0,0.0,0.0,0.0,,,,,1.0,,,0.0,15.0,14.0,0.0,0.0,0.0,,,,,12.0,,,0.0,0,0,1,1,1,1,1,1,1,0,1,1,1,0,0,0,0,0,1,1,1,1,0,1,1,0,0,0,0,0,0,1,1,1,1,0,1,1,0,0.13,0.18,,
2018,vallecitos elementary,"Rural, fringe",0.3636,0.3158,,0.3333,,,,,,0.2941,,,,8.0,6.0,0.0,5.0,0.0,,,,,5.0,,0.0,0.0,22.0,19.0,0.0,15.0,0.0,,,,,17.0,,0.0,0.0,0,0,1,0,1,1,1,1,1,0,1,1,1,0,0,0,0,0,1,1,1,1,0,1,0,0,0,0,0,0,0,1,1,1,1,0,1,0,0,0.2,0.13,0.18,
2019,vallecitos elementary,"Rural, fringe",0.2083,0.2083,,0.2308,0.1818,,,,,0.1818,,,,5.0,5.0,,3.0,2.0,,,,,4.0,,,0.0,24.0,24.0,,13.0,11.0,,,,,22.0,,,0.0,0,0,1,0,0,1,1,1,1,0,1,1,1,0,0,1,0,0,1,1,1,1,0,1,1,0,0,0,1,0,0,1,1,1,1,0,1,1,0,0.3636,0.2,0.13,0.18
2015,vallejo city unified,"City, midsize",0.17,0.14,0.3,0.17,0.17,,0.35,0.06,0.38,0.17,0.11,0.22,0.17,193.0,116.0,74.0,91.0,102.0,0.0,7.0,19.0,67.0,78.0,3.0,5.0,17.0,1139.0,890.0,249.0,536.0,603.0,4.0,21.0,317.0,176.0,460.0,28.0,24.0,100.0,0,0,0,0,0,1,0,0,0,0,0,0,0,0,0,0,0,0,0,0,0,0,0,0,0,0,0,0,0,0,0,0,0,0,0,0,0,0,0,,,,
2016,vallejo city unified,"City, midsize",0.23,0.2,0.33,0.23,0.23,,0.46,0.09,0.48,0.17,0.38,0.39,0.44,284.0,184.0,104.0,139.0,145.0,0.0,19.0,29.0,82.0,83.0,6.0,12.0,48.0,1234.0,920.0,314.0,604.0,630.0,6.0,41.0,364.0,171.0,484.0,16.0,31.0,109.0,0,0,0,0,0,1,0,0,0,0,0,0,0,0,0,0,0,0,0,0,0,0,0,0,0,0,0,0,0,0,0,0,0,0,0,0,0,0,0,0.17,,,
2017,vallejo city unified,"City, midsize",0.2219,0.1872,0.3153,0.2245,0.2197,,0.3846,0.1195,0.4384,0.2024,0.0667,0.1739,0.3434,258.0,159.0,99.0,123.0,134.0,0.0,10.0,38.0,64.0,103.0,1.0,4.0,34.0,1162.0,848.0,314.0,551.0,611.0,0.0,26.0,320.0,146.0,511.0,15.0,23.0,99.0,0,0,0,0,0,1,0,0,0,0,0,0,0,0,0,0,0,0,0,0,0,0,0,0,0,0,0,0,0,0,0,0,0,0,0,0,0,0,0,0.23,0.17,,
2018,vallejo city unified,"City, midsize",0.2029,0.1725,0.3112,0.2068,0.1989,,0.4167,0.098,0.4046,0.1746,0.2414,0.2105,0.2958,223.0,148.0,75.0,115.0,108.0,0.0,15.0,30.0,53.0,81.0,7.0,4.0,21.0,1101.0,860.0,241.0,556.0,545.0,0.0,36.0,308.0,131.0,464.0,29.0,19.0,71.0,0,0,0,0,0,1,0,0,0,0,0,0,0,0,0,0,0,0,0,0,0,0,0,0,0,0,0,0,0,0,0,0,0,0,0,0,0,0,0,0.2219,0.23,0.17,
2019,vallejo city unified,"City, midsize",0.2642,0.2063,0.4361,0.2772,0.2523,,0.6129,0.1672,0.4545,0.2187,0.2667,0.3548,0.3908,279.0,163.0,116.0,140.0,139.0,0.0,19.0,49.0,60.0,96.0,8.0,11.0,34.0,1058.0,791.0,267.0,507.0,551.0,7.0,31.0,294.0,132.0,439.0,30.0,31.0,88.0,0,0,0,0,0,1,0,0,0,0,0,0,0,0,0,0,0,0,0,0,0,0,0,0,0,0,0,0,0,0,0,0,0,0,0,0,0,0,0,0.2029,0.2219,0.23,0.17
2015,valley center-pauma unified,"Rural, fringe",0.26,0.16,0.4,0.22,0.3,0.04,,,,0.2,,0.23,0.49,75.0,24.0,52.0,27.0,50.0,1.0,0.0,,,35.0,0.0,3.0,37.0,290.0,165.0,125.0,123.0,167.0,26.0,2.0,,,173.0,1.0,13.0,75.0,0,0,0,0,0,0,1,1,1,0,1,0,0,0,0,0,0,0,0,0,1,1,0,0,0,0,0,0,0,0,0,0,0,1,1,0,0,0,0,,,,
2016,valley center-pauma unified,"Rural, fringe",0.22,0.13,0.36,0.23,0.22,0.13,,,,0.16,,,0.35,71.0,21.0,48.0,35.0,34.0,3.0,,0.0,0.0,28.0,0.0,0.0,35.0,309.0,177.0,132.0,151.0,158.0,24.0,,4.0,2.0,170.0,1.0,8.0,100.0,0,0,0,0,0,0,1,1,1,0,1,1,0,0,0,0,0,0,0,1,0,0,0,0,0,0,0,0,0,0,0,0,1,0,0,0,0,0,0,0.26,,,
2017,valley center-pauma unified,"Rural, fringe",0.2394,0.1804,0.3235,0.1842,0.3143,0.0769,,,,0.2097,,0.25,0.3263,79.0,35.0,44.0,35.0,44.0,2.0,0.0,0.0,0.0,39.0,,4.0,31.0,330.0,194.0,136.0,190.0,140.0,26.0,0.0,0.0,0.0,186.0,,16.0,95.0,0,0,0,0,0,0,1,1,1,0,1,0,0,0,0,0,0,0,0,0,0,0,0,1,0,0,0,0,0,0,0,0,0,0,0,0,1,0,0,0.22,0.26,,
2018,valley center-pauma unified,"Rural, fringe",0.1791,0.1044,0.2982,0.1387,0.2138,0.125,,,,0.1235,,0.1333,0.284,53.0,19.0,34.0,19.0,34.0,3.0,0.0,0.0,0.0,21.0,0.0,2.0,23.0,296.0,182.0,114.0,137.0,159.0,24.0,0.0,0.0,0.0,170.0,0.0,15.0,81.0,0,0,0,0,0,0,1,1,1,0,1,0,0,0,0,0,0,0,0,0,0,0,0,0,0,0,0,0,0,0,0,0,0,0,0,0,0,0,0,0.2394,0.22,0.26,
2019,valley center-pauma unified,"Rural, fringe",0.2794,0.2177,0.37,0.2295,0.328,0.0952,,,,0.2044,,0.625,0.375,69.0,32.0,37.0,28.0,41.0,2.0,0.0,0.0,0.0,28.0,,10.0,24.0,247.0,147.0,100.0,122.0,125.0,21.0,5.0,0.0,0.0,137.0,,16.0,64.0,0,0,0,0,0,0,1,1,1,0,1,0,0,0,0,0,0,0,0,0,0,0,0,1,0,0,0,0,0,0,0,0,0,0,0,0,1,0,0,0.1791,0.2394,0.22,0.26
2015,valley home joint elementary,"Rural, fringe",0.0,,,0.0,,,,,,,,,,0.0,0.0,0.0,0.0,0.0,,,0.0,,0.0,,0.0,0.0,19.0,10.0,9.0,14.0,5.0,,,1.0,,7.0,,1.0,10.0,0,1,1,0,1,1,1,1,1,1,1,1,1,0,0,0,0,0,1,1,0,1,0,1,0,0,0,0,0,0,0,1,1,0,1,0,1,0,0,,,,
2016,valley home joint elementary,"Rural, fringe",0.33,,,,,,,,,,,,,5.0,0.0,0.0,0.0,0.0,,,,,0.0,,,0.0,15.0,6.0,9.0,5.0,10.0,,,,,6.0,,,9.0,0,1,1,1,1,1,1,1,1,1,1,1,1,0,0,0,0,0,1,1,1,1,0,1,1,0,0,0,0,0,0,1,1,1,1,0,1,1,0,0.0,,,
2017,valley home joint elementary,"Rural, fringe",0.2857,,0.3636,,0.3636,,,,,,,,0.4545,6.0,0.0,4.0,0.0,4.0,,,,,0.0,,0.0,5.0,21.0,0.0,11.0,0.0,11.0,,,,,0.0,,0.0,11.0,0,1,0,1,0,1,1,1,1,1,1,1,0,0,0,0,0,0,1,1,1,1,0,1,0,0,0,0,0,0,0,1,1,1,1,0,1,0,0,0.33,0.0,,
2018,valley home joint elementary,"Rural, fringe",0.2,,0.3636,0.3636,,,,,,,,,,4.0,0.0,4.0,4.0,0.0,,,,,0.0,,,,20.0,0.0,11.0,11.0,0.0,,,,,0.0,,,,0,1,0,0,1,1,1,1,1,1,1,1,1,0,0,0,0,0,1,1,1,1,0,1,1,1,0,0,0,0,0,1,1,1,1,0,1,1,1,0.2857,0.33,0.0,
2019,valley home joint elementary,"Rural, fringe",0.4,,0.4167,0.3333,,,,,,,,,0.4545,8.0,0.0,5.0,4.0,0.0,0.0,,,,0.0,,0.0,5.0,20.0,8.0,12.0,12.0,8.0,0.0,,,,6.0,,0.0,11.0,0,1,0,0,1,1,1,1,1,1,1,1,0,0,0,0,0,0,0,1,1,1,0,1,0,0,0,0,0,0,0,0,1,1,1,0,1,0,0,0.2,0.2857,0.33,0.0
2015,ventura unified,"City, midsize",0.45,0.29,0.62,0.44,0.46,,0.63,,,0.31,,0.63,0.62,573.0,191.0,382.0,267.0,307.0,0.0,22.0,0.0,0.0,212.0,0.0,29.0,298.0,1274.0,658.0,616.0,608.0,666.0,6.0,35.0,10.0,8.0,684.0,5.0,46.0,480.0,0,0,0,0,0,1,0,1,1,0,1,0,0,0,0,0,0,0,0,0,0,0,0,0,0,0,0,0,0,0,0,0,0,0,0,0,0,0,0,,,,
2016,ventura unified,"City, midsize",0.49,0.33,0.68,0.48,0.51,,0.67,0.23,,0.35,,0.6,0.67,637.0,231.0,414.0,305.0,338.0,0.0,24.0,3.0,0.0,245.0,0.0,32.0,327.0,1301.0,700.0,601.0,637.0,664.0,3.0,36.0,13.0,8.0,699.0,1.0,53.0,488.0,0,0,0,0,0,1,0,0,1,0,1,0,0,0,0,0,0,0,0,0,0,0,0,0,0,0,0,0,0,0,0,0,0,0,0,0,0,0,0,0.45,,,
2017,ventura unified,"City, midsize",0.4944,0.3578,0.6833,0.4868,0.5016,,0.775,0.4375,,0.3516,,0.7742,0.6368,614.0,258.0,356.0,295.0,319.0,0.0,31.0,7.0,0.0,231.0,0.0,48.0,291.0,1242.0,721.0,521.0,606.0,636.0,0.0,40.0,16.0,0.0,657.0,0.0,62.0,457.0,0,0,0,0,0,1,0,0,1,0,1,0,0,0,0,0,0,0,0,0,0,0,0,0,0,0,0,0,0,0,0,0,0,0,0,0,0,0,0,0.49,0.45,,
2018,ventura unified,"City, midsize",0.4946,0.3539,0.6978,0.4805,0.5081,,0.8148,0.5789,,0.3698,,0.617,0.6495,596.0,252.0,344.0,284.0,312.0,0.0,22.0,11.0,0.0,250.0,0.0,29.0,278.0,1205.0,712.0,493.0,591.0,614.0,0.0,27.0,19.0,0.0,676.0,0.0,47.0,428.0,0,0,0,0,0,1,0,0,1,0,1,0,0,0,0,0,0,0,0,0,0,0,0,0,0,0,0,0,0,0,0,0,0,0,0,0,0,0,0,0.4944,0.49,0.45,
2019,ventura unified,"City, midsize",0.497,0.3603,0.6938,0.4739,0.5193,,0.8214,0.25,,0.3539,,0.7119,0.6675,582.0,249.0,333.0,272.0,310.0,0.0,23.0,3.0,0.0,229.0,,42.0,277.0,1171.0,691.0,480.0,574.0,597.0,0.0,28.0,12.0,7.0,647.0,,59.0,415.0,0,0,0,0,0,1,0,0,1,0,1,0,0,0,0,0,0,0,0,0,0,0,0,1,0,0,0,0,0,0,0,0,0,0,0,0,1,0,0,0.4946,0.4944,0.49,0.45
2015,victor elementary,"City, midsize",0.16,0.12,0.38,0.15,0.16,0.06,0.56,0.05,0.57,0.14,,0.2,0.29,281.0,179.0,100.0,136.0,145.0,1.0,14.0,16.0,8.0,146.0,0.0,11.0,77.0,1760.0,1489.0,271.0,850.0,910.0,17.0,26.0,324.0,14.0,1048.0,10.0,56.0,265.0,0,0,0,0,0,0,0,0,0,0,1,0,0,0,0,0,0,0,0,0,0,0,0,0,0,0,0,0,0,0,0,0,0,0,0,0,0,0,0,,,,
2016,victor elementary,"City, midsize",0.19,0.15,0.46,0.19,0.19,0.22,0.41,0.08,0.33,0.17,,0.3,0.34,341.0,230.0,116.0,157.0,175.0,4.0,14.0,29.0,5.0,175.0,0.0,9.0,102.0,1794.0,1537.0,257.0,872.0,922.0,18.0,34.0,359.0,15.0,1029.0,8.0,30.0,301.0,0,0,0,0,0,0,0,0,0,0,1,0,0,0,0,0,0,0,0,0,0,0,0,0,0,0,0,0,0,0,0,0,0,0,0,0,0,0,0,0.16,,,
2017,victor elementary,"City, midsize",0.214,0.1746,0.4256,0.2206,0.2079,0.0714,0.4359,0.0866,0.4706,0.207,,0.3333,0.3671,394.0,271.0,123.0,195.0,199.0,1.0,17.0,31.0,8.0,232.0,0.0,16.0,87.0,1844.0,1554.0,290.0,886.0,958.0,14.0,39.0,359.0,17.0,1123.0,0.0,48.0,237.0,0,0,0,0,0,0,0,0,0,0,1,0,0,0,0,0,0,0,0,0,0,0,0,0,0,0,0,0,0,0,0,0,0,0,0,0,0,0,0,0.19,0.16,,
2018,victor elementary,"City, midsize",0.2213,0.1855,0.3922,0.204,0.237,0.0833,0.5,0.1188,0.6429,0.2035,0.0714,0.3415,0.3909,391.0,271.0,120.0,172.0,219.0,2.0,10.0,38.0,9.0,222.0,1.0,14.0,95.0,1768.0,1462.0,306.0,843.0,925.0,24.0,20.0,320.0,14.0,1091.0,14.0,41.0,244.0,0,0,0,0,0,0,0,0,0,0,0,0,0,0,0,0,0,0,0,0,0,0,0,0,0,0,0,0,0,0,0,0,0,0,0,0,0,0,0,0.214,0.19,0.16,
2019,victor elementary,"City, midsize",0.249,0.2019,0.4849,0.2349,0.2625,0.3077,0.7143,0.1288,0.5833,0.2326,0.2727,0.3871,0.3969,447.0,302.0,145.0,206.0,241.0,4.0,15.0,42.0,7.0,260.0,3.0,12.0,104.0,1795.0,1496.0,299.0,877.0,918.0,13.0,21.0,326.0,12.0,1118.0,11.0,31.0,262.0,0,0,0,0,0,0,0,0,0,0,0,0,0,0,0,0,0,0,0,0,0,0,0,0,0,0,0,0,0,0,0,0,0,0,0,0,0,0,0,0.2213,0.214,0.19,0.16
2015,vineland elementary,"Rural, fringe",0.1,0.1,,0.14,0.06,,,,,0.1,,,,9.0,9.0,,6.0,3.0,,,,,9.0,,,0.0,92.0,92.0,,43.0,49.0,,,,,91.0,,,1.0,0,0,1,0,0,1,1,1,1,0,1,1,1,0,0,1,0,0,1,1,1,1,0,1,1,0,0,0,1,0,0,1,1,1,1,0,1,1,0,,,,
2016,vineland elementary,"Rural, fringe",0.22,0.22,,0.23,0.22,,,,,0.23,,,,17.0,17.0,,8.0,9.0,,,,,17.0,,,0.0,76.0,76.0,,35.0,41.0,,,,,75.0,,,1.0,0,0,1,0,0,1,1,1,1,0,1,1,1,0,0,1,0,0,1,1,1,1,0,1,1,0,0,0,1,0,0,1,1,1,1,0,1,1,0,0.1,,,
2017,vineland elementary,"Rural, fringe",0.1222,0.1222,,0.1633,0.0732,,,,,0.1264,,,,11.0,11.0,,8.0,3.0,,,,,11.0,,0.0,0.0,90.0,90.0,,49.0,41.0,,,,,87.0,,0.0,0.0,0,0,1,0,0,1,1,1,1,0,1,1,1,0,0,1,0,0,1,1,1,1,0,1,0,0,0,0,1,0,0,1,1,1,1,0,1,0,0,0.22,0.1,,
2018,vineland elementary,"Rural, fringe",0.1618,0.1618,,0.2188,0.1111,,,,,0.1642,,,,11.0,11.0,,7.0,4.0,,,,,11.0,,0.0,,68.0,68.0,,32.0,36.0,,,,,67.0,,0.0,,0,0,1,0,0,1,1,1,1,0,1,1,1,0,0,1,0,0,1,1,1,1,0,1,0,1,0,0,1,0,0,1,1,1,1,0,1,0,1,0.1222,0.22,0.1,
2019,vineland elementary,"Rural, fringe",0.1176,0.1176,,0.0968,0.1351,,,,,0.1176,,,,8.0,8.0,,3.0,5.0,,,,,8.0,,,,68.0,68.0,,31.0,37.0,,,,,68.0,,,,0,0,1,0,0,1,1,1,1,0,1,1,1,0,0,1,0,0,1,1,1,1,0,1,1,1,0,0,1,0,0,1,1,1,1,0,1,1,1,0.1618,0.1222,0.22,0.1
2015,visalia unified,"City, midsize",0.29,0.21,0.49,0.29,0.29,0.26,0.41,0.12,0.67,0.23,,0.31,0.46,642.0,346.0,313.0,311.0,331.0,5.0,35.0,5.0,10.0,350.0,0.0,19.0,210.0,2214.0,1574.0,640.0,1073.0,1141.0,19.0,85.0,41.0,15.0,1520.0,1.0,62.0,457.0,0,0,0,0,0,0,0,0,0,0,1,0,0,0,0,0,0,0,0,0,0,0,0,0,0,0,0,0,0,0,0,0,0,0,0,0,0,0,0,,,,
2016,visalia unified,"City, midsize",0.34,0.25,0.53,0.34,0.34,0.44,0.42,0.13,0.71,0.28,,0.37,0.51,738.0,380.0,349.0,365.0,362.0,7.0,34.0,4.0,10.0,426.0,0.0,25.0,213.0,2169.0,1522.0,647.0,1073.0,1096.0,16.0,81.0,32.0,14.0,1519.0,5.0,67.0,418.0,0,0,0,0,0,0,0,0,0,0,1,0,0,0,0,0,0,0,0,0,0,0,0,0,0,0,0,0,0,0,0,0,0,0,0,0,0,0,0,0.29,,,
2017,visalia unified,"City, midsize",0.3135,0.2349,0.5337,0.2983,0.3283,0.2667,0.4409,0.2432,0.6,0.2589,,0.4,0.4799,690.0,381.0,309.0,324.0,366.0,4.0,41.0,9.0,9.0,400.0,0.0,28.0,191.0,2202.0,1622.0,580.0,1086.0,1116.0,15.0,93.0,37.0,15.0,1545.0,0.0,70.0,399.0,0,0,0,0,0,0,0,0,0,0,1,0,0,0,0,0,0,0,0,0,0,0,0,0,0,0,0,0,0,0,0,0,0,0,0,0,0,0,0,0.34,0.29,,
2018,visalia unified,"City, midsize",0.323,0.2525,0.5252,0.292,0.3533,,0.4681,0.1304,0.75,0.283,,0.2838,0.4577,695.0,403.0,292.0,311.0,384.0,0.0,44.0,3.0,15.0,442.0,0.0,21.0,157.0,2152.0,1596.0,556.0,1065.0,1087.0,0.0,94.0,23.0,20.0,1562.0,0.0,74.0,343.0,0,0,0,0,0,1,0,0,0,0,1,0,0,0,0,0,0,0,0,0,0,0,0,0,0,0,0,0,0,0,0,0,0,0,0,0,0,0,0,0.3135,0.34,0.29,
2019,visalia unified,"City, midsize",0.3814,0.3163,0.5482,0.3557,0.4065,,0.5882,0.2727,0.7857,0.3279,,0.5085,0.5344,818.0,488.0,330.0,377.0,441.0,0.0,50.0,6.0,11.0,507.0,0.0,30.0,194.0,2145.0,1543.0,602.0,1060.0,1085.0,8.0,85.0,22.0,14.0,1546.0,0.0,59.0,363.0,0,0,0,0,0,1,0,0,0,0,1,0,0,0,0,0,0,0,0,0,0,0,0,0,0,0,0,0,0,0,0,0,0,0,0,0,0,0,0,0.323,0.3135,0.34,0.29
2015,vista unified,"Suburb, large",0.32,0.23,0.55,0.3,0.33,,0.6,0.16,0.43,0.24,0.18,0.47,0.53,539.0,278.0,257.0,246.0,303.0,0.0,28.0,7.0,10.0,286.0,2.0,27.0,189.0,1685.0,1209.0,476.0,793.0,892.0,1.0,47.0,43.0,23.0,1145.0,11.0,58.0,357.0,0,0,0,0,0,1,0,0,0,0,0,0,0,0,0,0,0,0,0,0,0,0,0,0,0,0,0,0,0,0,0,0,0,0,0,0,0,0,0,,,,
2016,vista unified,"Suburb, large",0.34,0.23,0.6,0.32,0.36,,0.77,0.32,0.68,0.23,0.44,0.54,0.6,531.0,261.0,286.0,245.0,295.0,0.0,23.0,13.0,19.0,253.0,7.0,33.0,197.0,1608.0,1131.0,477.0,789.0,819.0,3.0,30.0,41.0,28.0,1099.0,16.0,61.0,327.0,0,0,0,0,0,1,0,0,0,0,0,0,0,0,0,0,0,0,0,0,0,0,0,0,0,0,0,0,0,0,0,0,0,0,0,0,0,0,0,0.32,,,
2017,vista unified,"Suburb, large",0.3441,0.2292,0.5915,0.3202,0.3658,,0.6977,0.3667,0.7273,0.2408,,0.4744,0.5807,587.0,267.0,320.0,260.0,327.0,0.0,30.0,11.0,8.0,276.0,0.0,37.0,223.0,1706.0,1165.0,541.0,812.0,894.0,0.0,43.0,30.0,11.0,1146.0,0.0,78.0,384.0,0,0,0,0,0,1,0,0,0,0,1,0,0,0,0,0,0,0,0,0,0,0,0,0,0,0,0,0,0,0,0,0,0,0,0,0,0,0,0,0.34,0.32,,
2018,vista unified,"Suburb, large",0.3789,0.2845,0.6049,0.3485,0.4086,,0.6944,0.2917,0.6842,0.279,,0.541,0.6185,576.0,305.0,271.0,261.0,315.0,0.0,25.0,7.0,13.0,291.0,0.0,33.0,201.0,1521.0,1073.0,448.0,749.0,772.0,0.0,36.0,24.0,19.0,1044.0,0.0,61.0,325.0,0,0,0,0,0,1,0,0,0,0,1,0,0,0,0,0,0,0,0,0,0,0,0,0,0,0,0,0,0,0,0,0,0,0,0,0,0,0,0,0.3441,0.34,0.32,
2019,vista unified,"Suburb, large",0.4232,0.334,0.6327,0.3879,0.4573,,0.7586,0.5385,,0.3201,0.5882,0.6429,0.6773,626.0,346.0,279.0,282.0,343.0,0.0,22.0,7.0,0.0,330.0,10.0,36.0,212.0,1479.0,1037.0,442.0,728.0,751.0,4.0,29.0,13.0,9.0,1032.0,17.0,56.0,314.0,0,0,0,0,0,1,0,0,1,0,0,0,0,0,0,0,0,0,0,0,0,0,0,0,0,0,0,0,0,0,0,0,0,0,0,0,0,0,0,0.3789,0.3441,0.34,0.32
2015,walnut creek elementary,"City, small",0.66,0.3,0.7,0.62,0.69,,0.84,,,0.38,,0.77,0.7,270.0,14.0,256.0,124.0,146.0,,56.0,0.0,0.0,23.0,,27.0,160.0,408.0,47.0,361.0,197.0,211.0,,67.0,7.0,8.0,61.0,,35.0,228.0,0,0,0,0,0,1,0,1,1,0,1,0,0,0,0,0,0,0,1,0,0,0,0,1,0,0,0,0,0,0,0,1,0,0,0,0,1,0,0,,,,
2016,walnut creek elementary,"City, small",0.74,0.45,0.78,0.69,0.8,,0.88,0.79,,0.44,,0.76,0.77,281.0,20.0,257.0,128.0,151.0,,49.0,11.0,0.0,24.0,,26.0,162.0,374.0,44.0,330.0,185.0,189.0,,56.0,14.0,4.0,54.0,,34.0,211.0,0,0,0,0,0,1,0,0,1,0,1,0,0,0,0,0,0,0,1,0,0,0,0,1,0,0,0,0,0,0,0,1,0,0,0,0,1,0,0,0.66,,,
2017,walnut creek elementary,"City, small",0.71,0.2727,0.7493,0.6907,0.7282,,0.7463,,,0.45,,0.8857,0.7385,284.0,9.0,275.0,134.0,150.0,0.0,50.0,0.0,0.0,27.0,,31.0,161.0,401.0,33.0,368.0,195.0,206.0,0.0,67.0,0.0,0.0,60.0,,35.0,219.0,0,0,0,0,0,1,0,1,1,0,1,0,0,0,0,0,0,0,0,0,0,0,0,1,0,0,0,0,0,0,0,0,0,0,0,0,1,0,0,0.74,0.66,,
2018,walnut creek elementary,"City, small",0.7139,0.3729,0.7751,0.7006,0.724,,0.7115,0.4545,,0.5667,,0.8182,0.7578,277.0,22.0,255.0,117.0,160.0,,37.0,5.0,0.0,34.0,0.0,27.0,169.0,388.0,59.0,329.0,167.0,221.0,,52.0,11.0,0.0,60.0,0.0,33.0,223.0,0,0,0,0,0,1,0,0,1,0,1,0,0,0,0,0,0,0,1,0,0,0,0,0,0,0,0,0,0,0,0,1,0,0,0,0,0,0,0,0.71,0.74,0.66,
2019,walnut creek elementary,"City, small",0.7535,0.5366,0.7816,0.7326,0.7765,,0.8571,,,0.5962,,0.8182,0.7677,269.0,22.0,247.0,137.0,132.0,,48.0,0.0,0.0,31.0,0.0,27.0,152.0,357.0,41.0,316.0,187.0,170.0,,56.0,9.0,6.0,52.0,0.0,33.0,198.0,0,0,0,0,0,1,0,1,1,0,1,0,0,0,0,0,0,0,1,0,0,0,0,0,0,0,0,0,0,0,0,1,0,0,0,0,0,0,0,0.7139,0.71,0.74,0.66
2015,walnut valley unified,"Suburb, large",0.72,0.53,0.76,0.7,0.75,,0.85,0.43,0.85,0.43,,0.87,0.67,641.0,79.0,563.0,299.0,343.0,,418.0,9.0,50.0,96.0,0.0,26.0,41.0,891.0,150.0,741.0,434.0,457.0,,498.0,21.0,59.0,219.0,3.0,30.0,61.0,0,0,0,0,0,1,0,0,0,0,1,0,0,0,0,0,0,0,1,0,0,0,0,0,0,0,0,0,0,0,0,1,0,0,0,0,0,0,0,,,,
2016,walnut valley unified,"Suburb, large",0.72,0.51,0.77,0.71,0.74,,0.88,0.33,0.71,0.47,0.75,0.82,0.58,685.0,89.0,600.0,334.0,351.0,,444.0,6.0,27.0,118.0,9.0,32.0,47.0,952.0,173.0,779.0,471.0,481.0,,511.0,18.0,38.0,252.0,12.0,39.0,81.0,0,0,0,0,0,1,0,0,0,0,0,0,0,0,0,0,0,0,1,0,0,0,0,0,0,0,0,0,0,0,0,1,0,0,0,0,0,0,0,0.72,,,
2017,walnut valley unified,"Suburb, large",0.7693,0.6194,0.7933,0.7352,0.8016,,0.8702,0.1667,0.8889,0.5844,0.75,0.8095,0.5263,747.0,83.0,664.0,347.0,400.0,0.0,516.0,2.0,16.0,135.0,12.0,34.0,30.0,971.0,134.0,837.0,472.0,499.0,0.0,593.0,12.0,18.0,231.0,16.0,42.0,57.0,0,0,0,0,0,1,0,0,0,0,0,0,0,0,0,0,0,0,0,0,0,0,0,0,0,0,0,0,0,0,0,0,0,0,0,0,0,0,0,0.72,0.72,,
2018,walnut valley unified,"Suburb, large",0.7738,0.6758,0.8114,0.7529,0.7926,,0.8807,0.5385,0.8571,0.5154,,0.84,0.7258,715.0,173.0,542.0,329.0,386.0,,465.0,7.0,30.0,117.0,0.0,42.0,45.0,924.0,256.0,668.0,437.0,487.0,,528.0,13.0,35.0,227.0,0.0,50.0,62.0,0,0,0,0,0,1,0,0,0,0,1,0,0,0,0,0,0,0,1,0,0,0,0,0,0,0,0,0,0,0,0,1,0,0,0,0,0,0,0,0.7693,0.72,0.72,
2019,walnut valley unified,"Suburb, large",0.7565,0.6765,0.7807,0.7424,0.7699,,0.8604,0.3636,0.8511,0.5337,,0.7021,0.5652,665.0,138.0,527.0,317.0,348.0,,456.0,4.0,40.0,103.0,0.0,33.0,26.0,879.0,204.0,675.0,427.0,452.0,,530.0,11.0,47.0,193.0,5.0,47.0,46.0,0,0,0,0,0,1,0,0,0,0,1,0,0,0,0,0,0,0,1,0,0,0,0,0,0,0,0,0,0,0,0,1,0,0,0,0,0,0,0,0.7738,0.7693,0.72,0.72
2015,wasco union elementary,"Town, distant",0.12,0.1,0.31,0.09,0.13,,,,,0.12,,,0.11,49.0,39.0,8.0,17.0,31.0,,0.0,0.0,0.0,45.0,,0.0,2.0,413.0,387.0,26.0,190.0,223.0,,5.0,10.0,1.0,377.0,,1.0,19.0,0,0,0,0,0,1,1,1,1,0,1,1,0,0,0,0,0,0,1,0,0,0,0,1,0,0,0,0,0,0,0,1,0,0,0,0,1,0,0,,,,
2016,wasco union elementary,"Town, distant",0.14,0.12,0.36,0.16,0.13,,,,,0.14,,,0.18,60.0,47.0,14.0,34.0,28.0,0.0,,0.0,0.0,56.0,,,3.0,430.0,391.0,39.0,215.0,215.0,1.0,,7.0,1.0,401.0,,,17.0,0,0,0,0,0,1,1,1,1,0,1,1,0,0,0,0,0,0,0,1,0,0,0,1,1,0,0,0,0,0,0,0,1,0,0,0,1,1,0,0.12,,,
2017,wasco union elementary,"Town, distant",0.1414,0.1253,0.4286,0.1458,0.1373,,,,,0.1394,,,0.2727,56.0,47.0,9.0,28.0,28.0,,0.0,0.0,0.0,52.0,0.0,,3.0,396.0,375.0,21.0,192.0,204.0,,0.0,0.0,0.0,373.0,0.0,,11.0,0,0,0,0,0,1,1,1,1,0,1,1,0,0,0,0,0,0,1,0,0,0,0,0,1,0,0,0,0,0,0,1,0,0,0,0,0,1,0,0.14,0.12,,
2018,wasco union elementary,"Town, distant",0.2063,0.1971,0.2895,0.1809,0.2308,,,,,0.1977,,,0.3077,79.0,68.0,11.0,34.0,45.0,,0.0,0.0,,70.0,,0.0,4.0,383.0,345.0,38.0,188.0,195.0,,0.0,0.0,,354.0,,0.0,13.0,0,0,0,0,0,1,1,1,1,0,1,1,0,0,0,0,0,0,1,0,0,1,0,1,0,0,0,0,0,0,0,1,0,0,1,0,1,0,0,0.1414,0.14,0.12,
2019,wasco union elementary,"Town, distant",0.2169,0.1968,0.375,0.1808,0.2528,,,,,0.2078,,,0.4167,77.0,62.0,15.0,32.0,45.0,,0.0,0.0,,69.0,,,5.0,355.0,315.0,40.0,177.0,178.0,,0.0,9.0,,332.0,,,12.0,0,0,0,0,0,1,1,1,1,0,1,1,0,0,0,0,0,0,1,0,0,1,0,1,1,0,0,0,0,0,0,1,0,0,1,0,1,1,0,0.2063,0.1414,0.14,0.12
2015,washington colony elementary,"Suburb, large",0.1,0.12,,0.0,0.22,,,,,0.11,,,,4.0,4.0,0.0,0.0,4.0,,0.0,,,4.0,,0.0,0.0,41.0,33.0,8.0,23.0,18.0,,1.0,,,37.0,,1.0,2.0,0,0,1,0,0,1,1,1,1,0,1,1,1,0,0,0,0,0,1,0,1,1,0,1,0,0,0,0,0,0,0,1,0,1,1,0,1,0,0,,,,
2016,washington colony elementary,"Suburb, large",0.15,0.12,,0.18,0.13,,,,,0.1,,,,7.0,5.0,0.0,3.0,4.0,,0.0,,,4.0,,,0.0,48.0,43.0,5.0,17.0,31.0,,2.0,,,40.0,,,6.0,0,0,1,0,0,1,1,1,1,0,1,1,1,0,0,0,0,0,1,0,1,1,0,1,1,0,0,0,0,0,0,1,0,1,1,0,1,1,0,0.1,,,
2017,washington colony elementary,"Suburb, large",0.2979,0.3,,0.3704,0.2,,,,,0.2683,,,,14.0,12.0,0.0,10.0,4.0,,,,,11.0,,0.0,0.0,47.0,40.0,0.0,27.0,20.0,,,,,41.0,,0.0,0.0,0,0,1,0,0,1,1,1,1,0,1,1,1,0,0,0,0,0,1,1,1,1,0,1,0,0,0,0,0,0,0,1,1,1,1,0,1,0,0,0.15,0.1,,
2018,washington colony elementary,"Suburb, large",0.3559,0.3269,,0.3704,0.3438,,,,,0.3396,,,,21.0,17.0,0.0,10.0,11.0,,0.0,0.0,,18.0,,,0.0,59.0,52.0,0.0,27.0,32.0,,0.0,0.0,,53.0,,,0.0,0,0,1,0,0,1,1,1,1,0,1,1,1,0,0,0,0,0,1,0,0,1,0,1,1,0,0,0,0,0,0,1,0,0,1,0,1,1,0,0.2979,0.15,0.1,
2019,washington colony elementary,"Suburb, large",0.6429,0.6216,,0.7143,0.5714,,,,,0.6316,,,,27.0,23.0,0.0,15.0,12.0,,0.0,,,24.0,,0.0,0.0,42.0,37.0,5.0,21.0,21.0,,0.0,,,38.0,,0.0,0.0,0,0,1,0,0,1,1,1,1,0,1,1,1,0,0,0,0,0,1,0,1,1,0,1,0,0,0,0,0,0,0,1,0,1,1,0,1,0,0,0.3559,0.2979,0.15,0.1
2015,washington unified,"City, large",0.11,0.08,0.41,0.09,0.13,,,0.0,,0.1,,,0.33,21.0,14.0,7.0,8.0,12.0,,0.0,0.0,0.0,13.0,,0.0,5.0,185.0,168.0,17.0,92.0,93.0,,8.0,16.0,1.0,144.0,,1.0,15.0,0,0,0,0,0,1,1,0,1,0,1,1,0,0,0,0,0,0,1,0,0,0,0,1,0,0,0,0,0,0,0,1,0,0,0,0,1,0,0,,,,
2015,washington unified,"Suburb, large",0.27,0.16,0.53,0.25,0.28,,0.41,0.14,0.53,0.13,,0.4,0.42,155.0,70.0,84.0,74.0,81.0,0.0,28.0,5.0,8.0,35.0,0.0,6.0,67.0,574.0,413.0,161.0,287.0,287.0,3.0,69.0,36.0,15.0,267.0,10.0,15.0,159.0,0,0,0,0,0,1,0,0,0,0,1,0,0,0,0,0,0,0,0,0,0,0,0,0,0,0,0,0,0,0,0,0,0,0,0,0,0,0,0,0.11,,,
2016,washington unified,"City, large",0.22,0.21,,0.23,0.21,,0.36,0.14,,0.2,,,,32.0,28.0,0.0,19.0,13.0,,5.0,2.0,0.0,21.0,,0.0,0.0,145.0,137.0,8.0,82.0,63.0,,14.0,14.0,1.0,107.0,,1.0,8.0,0,0,1,0,0,1,0,0,1,0,1,1,1,0,0,0,0,0,1,0,0,0,0,1,0,0,0,0,0,0,0,1,0,0,0,0,1,0,0,0.27,0.11,,
2016,washington unified,"Suburb, large",0.37,0.25,0.62,0.35,0.38,,0.43,0.27,0.75,0.28,,0.36,0.48,233.0,108.0,122.0,108.0,125.0,0.0,23.0,6.0,9.0,89.0,0.0,9.0,96.0,628.0,432.0,196.0,300.0,328.0,6.0,53.0,22.0,12.0,307.0,2.0,25.0,201.0,0,0,0,0,0,1,0,0,0,0,1,0,0,0,0,0,0,0,0,0,0,0,0,0,0,0,0,0,0,0,0,0,0,0,0,0,0,0,0,0.22,0.27,0.11,
2017,washington unified,"City, large",0.2421,0.2265,,0.25,0.2353,,0.3333,0.1667,,0.2297,,,0.3571,46.0,41.0,0.0,22.0,24.0,,5.0,2.0,,34.0,,0.0,5.0,190.0,181.0,0.0,88.0,102.0,,15.0,12.0,,148.0,,0.0,14.0,0,0,1,0,0,1,0,0,1,0,1,1,0,0,0,0,0,0,1,0,0,1,0,1,0,0,0,0,0,0,0,1,0,0,1,0,1,0,0,0.37,0.22,0.27,0.11
2017,washington unified,"Suburb, large",0.3773,0.2721,0.6328,0.3463,0.4043,,0.5849,0.1471,,0.2686,0.4167,0.3214,0.5359,229.0,117.0,112.0,98.0,131.0,0.0,31.0,5.0,0.0,76.0,5.0,9.0,97.0,607.0,430.0,177.0,283.0,324.0,0.0,53.0,34.0,0.0,283.0,12.0,28.0,181.0,0,0,0,0,0,1,0,0,1,0,0,0,0,0,0,0,0,0,0,0,0,0,0,0,0,0,0,0,0,0,0,0,0,0,0,0,0,0,0,0.2421,0.37,0.22,0.27
2018,washington unified,"City, large",0.2561,0.2185,0.6923,0.2727,0.2414,,0.0769,0.25,,0.2578,,,,42.0,33.0,9.0,21.0,21.0,,1.0,3.0,,33.0,0.0,0.0,0.0,164.0,151.0,13.0,77.0,87.0,,13.0,12.0,,128.0,0.0,0.0,0.0,0,0,0,0,0,1,0,0,1,0,1,1,1,0,0,0,0,0,1,0,0,1,0,0,0,0,0,0,0,0,0,1,0,0,1,0,0,0,0,0.3773,0.2421,0.37,0.22
2018,washington unified,"Suburb, large",0.3311,0.198,0.6061,0.3333,0.3291,,0.5323,0.2857,0.5,0.1719,,0.56,0.4703,201.0,81.0,120.0,97.0,104.0,0.0,33.0,8.0,7.0,49.0,0.0,14.0,87.0,607.0,409.0,198.0,291.0,316.0,0.0,62.0,28.0,14.0,285.0,0.0,25.0,185.0,0,0,0,0,0,1,0,0,0,0,1,0,0,0,0,0,0,0,0,0,0,0,0,0,0,0,0,0,0,0,0,0,0,0,0,0,0,0,0,0.2561,0.3773,0.2421,0.37
2019,washington unified,"Suburb, large",0.35540000000000005,0.28925,0.6008,0.38115,0.32965,,0.5593,0.2,0.7273,0.29265,0.2727,0.5263,0.43425,246.0,136.0,110.0,132.0,114.0,0.0,33.0,7.0,8.0,91.0,3.0,20.0,80.0,689.0,502.0,187.0,370.0,319.0,4.0,59.0,42.0,11.0,347.0,11.0,38.0,168.0,0,0,0,0,0,1,0,0,0,0,0,0,0,0,0,0,0,0,0,0,0,0,0,0,0,0,0,0,0,0,0,0,0,0,0,0,0,0,0,0.3311,0.2561,0.3773,0.2421
2015,washington union elementary,"Suburb, midsize",0.66,,0.65,0.57,0.74,,,,,0.58,,,0.65,60.0,0.0,58.0,25.0,35.0,,0.0,,0.0,7.0,,0.0,45.0,91.0,2.0,89.0,44.0,47.0,,4.0,,2.0,12.0,,4.0,69.0,0,1,0,0,0,1,1,1,1,0,1,1,0,0,0,0,0,0,1,0,1,0,0,1,0,0,0,0,0,0,0,1,0,1,0,0,1,0,0,,,,
2016,washington union elementary,"Suburb, midsize",0.7,,0.77,0.61,0.8,,,,,0.56,,0.73,0.73,57.0,0.0,55.0,25.0,32.0,,0.0,,0.0,9.0,,8.0,33.0,81.0,10.0,71.0,41.0,40.0,,8.0,,1.0,16.0,,11.0,45.0,0,1,0,0,0,1,1,1,1,0,1,0,0,0,0,0,0,0,1,0,1,0,0,1,0,0,0,0,0,0,0,1,0,1,0,0,1,0,0,0.66,,,
2017,washington union elementary,"Suburb, midsize",0.6465,,0.6667,0.625,0.661,,,,,0.4444,,,0.6618,64.0,0.0,62.0,25.0,39.0,,0.0,,0.0,8.0,,0.0,45.0,99.0,0.0,93.0,40.0,59.0,,0.0,,0.0,18.0,,0.0,68.0,0,1,0,0,0,1,1,1,1,0,1,1,0,0,0,0,0,0,1,0,1,0,0,1,0,0,0,0,0,0,0,1,0,1,0,0,1,0,0,0.7,0.66,,
2018,washington union elementary,"Suburb, midsize",0.7407,,0.77,0.7308,0.75,,,,,0.5926,,,0.7742,80.0,0.0,77.0,38.0,42.0,,0.0,,0.0,16.0,,0.0,48.0,108.0,0.0,100.0,52.0,56.0,,0.0,,0.0,27.0,,0.0,62.0,0,1,0,0,0,1,1,1,1,0,1,1,0,0,0,0,0,0,1,0,1,0,0,1,0,0,0,0,0,0,0,1,0,1,0,0,1,0,0,0.6465,0.7,0.66,
2019,washington union elementary,"Suburb, midsize",0.625,,0.6479,0.5676,0.6744,,,,,0.5789,,,0.6731,50.0,0.0,46.0,21.0,29.0,,0.0,0.0,0.0,11.0,,0.0,35.0,80.0,9.0,71.0,37.0,43.0,,0.0,0.0,0.0,19.0,,5.0,52.0,0,1,0,0,0,1,1,1,1,0,1,1,0,0,0,0,0,0,1,0,0,0,0,1,0,0,0,0,0,0,0,1,0,0,0,0,1,0,0,0.7407,0.6465,0.7,0.66
2015,waterford unified,"Town, fringe",0.15,0.12,0.25,0.15,0.15,,,,,0.1,,,0.22,21.0,13.0,8.0,11.0,10.0,,0.0,0.0,,9.0,,0.0,10.0,138.0,106.0,32.0,71.0,67.0,,1.0,3.0,,86.0,,1.0,47.0,0,0,0,0,0,1,1,1,1,0,1,1,0,0,0,0,0,0,1,0,0,1,0,1,0,0,0,0,0,0,0,1,0,0,1,0,1,0,0,,,,
2016,waterford unified,"Town, fringe",0.16,0.12,0.5,0.18,0.14,,,,,0.09,,,0.31,18.0,12.0,6.0,10.0,8.0,0.0,,0.0,,7.0,,,11.0,112.0,100.0,12.0,55.0,57.0,1.0,,2.0,,74.0,,,35.0,0,0,0,0,0,1,1,1,1,0,1,1,0,0,0,0,0,0,0,1,0,1,0,1,1,0,0,0,0,0,0,0,1,0,1,0,1,1,0,0.15,,,
2017,waterford unified,"Town, fringe",0.1866,0.156,0.32,0.1667,0.2097,,,,,0.1789,,,0.2258,25.0,17.0,8.0,12.0,13.0,0.0,0.0,0.0,,17.0,0.0,,7.0,134.0,109.0,25.0,72.0,62.0,0.0,0.0,0.0,,95.0,0.0,,31.0,0,0,0,0,0,1,1,1,1,0,1,1,0,0,0,0,0,0,0,0,0,1,0,0,1,0,0,0,0,0,0,0,0,0,1,0,0,1,0,0.16,0.15,,
2018,waterford unified,"Town, fringe",0.1682,0.1667,0.1818,0.1273,0.2115,,,,,0.1408,,,0.2414,18.0,16.0,2.0,7.0,11.0,,0.0,0.0,,10.0,,0.0,7.0,107.0,96.0,11.0,55.0,52.0,,0.0,0.0,,71.0,,0.0,29.0,0,0,0,0,0,1,1,1,1,0,1,1,0,0,0,0,0,0,1,0,0,1,0,1,0,0,0,0,0,0,0,1,0,0,1,0,1,0,0,0.1866,0.16,0.15,
2019,waterford unified,"Town, fringe",0.3246,0.2941,0.5833,0.3019,0.3443,,,,,0.3133,,,0.2917,37.0,30.0,7.0,16.0,21.0,,0.0,0.0,0.0,26.0,,0.0,7.0,114.0,102.0,12.0,53.0,61.0,,0.0,0.0,0.0,83.0,,0.0,24.0,0,0,0,0,0,1,1,1,1,0,1,1,0,0,0,0,0,0,1,0,0,0,0,1,0,0,0,0,0,0,0,1,0,0,0,0,1,0,0,0.1682,0.1866,0.16,0.15
2015,waugh elementary,"Suburb, small",0.53,0.05,0.6,0.51,0.54,,,,,0.3,,0.36,0.57,73.0,1.0,71.0,34.0,38.0,,0.0,0.0,,9.0,,4.0,48.0,138.0,19.0,119.0,68.0,70.0,,10.0,2.0,,30.0,,11.0,85.0,0,0,0,0,0,1,1,1,1,0,1,0,0,0,0,0,0,0,1,0,0,1,0,1,0,0,0,0,0,0,0,1,0,0,1,0,1,0,0,,,,
2016,waugh elementary,"Suburb, small",0.64,0.56,0.67,0.65,0.63,,0.83,,,0.48,,0.79,0.61,74.0,14.0,60.0,34.0,40.0,,10.0,0.0,0.0,13.0,,11.0,35.0,115.0,25.0,90.0,52.0,63.0,,12.0,1.0,2.0,27.0,,14.0,57.0,0,0,0,0,0,1,0,1,1,0,1,0,0,0,0,0,0,0,1,0,0,0,0,1,0,0,0,0,0,0,0,1,0,0,0,0,1,0,0,0.53,,,
2017,waugh elementary,"Suburb, small",0.6364,0.3158,0.6961,0.6129,0.661,,,,,0.4643,,,0.6842,77.0,6.0,71.0,38.0,39.0,,0.0,0.0,0.0,13.0,,0.0,52.0,121.0,19.0,102.0,62.0,59.0,,0.0,0.0,0.0,28.0,,0.0,76.0,0,0,0,0,0,1,1,1,1,0,1,1,0,0,0,0,0,0,1,0,0,0,0,1,0,0,0,0,0,0,0,1,0,0,0,0,1,0,0,0.64,0.53,,
2018,waugh elementary,"Suburb, small",0.6577,0.3333,0.7204,0.5741,0.7368,,,,,0.56,,0.7647,0.6,73.0,6.0,67.0,31.0,42.0,,0.0,0.0,0.0,14.0,,13.0,33.0,111.0,18.0,93.0,54.0,57.0,,0.0,0.0,0.0,25.0,,17.0,55.0,0,0,0,0,0,1,1,1,1,0,1,0,0,0,0,0,0,0,1,0,0,0,0,1,0,0,0,0,0,0,0,1,0,0,0,0,1,0,0,0.6364,0.64,0.53,
2019,waugh elementary,"Suburb, small",0.6446,0.2727,0.7273,0.5517,0.7302,,,,,0.3548,,0.5385,0.75,78.0,6.0,72.0,32.0,46.0,0.0,0.0,0.0,0.0,11.0,0.0,7.0,51.0,121.0,22.0,99.0,58.0,63.0,0.0,4.0,0.0,0.0,31.0,0.0,13.0,68.0,0,0,0,0,0,1,1,1,1,0,1,0,0,0,0,0,0,0,0,0,0,0,0,0,0,0,0,0,0,0,0,0,0,0,0,0,0,0,0,0.6577,0.6364,0.64,0.53
2015,waukena joint union elementary,"Rural, distant",0.19,0.17,,,0.21,,,,,0.12,,,,4.0,3.0,0.0,0.0,3.0,,,,,2.0,,,0.0,21.0,18.0,3.0,7.0,14.0,,,,,17.0,,,4.0,0,0,1,1,0,1,1,1,1,0,1,1,1,0,0,0,0,0,1,1,1,1,0,1,1,0,0,0,0,0,0,1,1,1,1,0,1,1,0,,,,
2016,waukena joint union elementary,"Rural, distant",0.09,0.05,,0.08,,,,,,0.05,,,,2.0,1.0,0.0,1.0,0.0,,,,,1.0,,,0.0,23.0,19.0,4.0,13.0,10.0,,,,,19.0,,,4.0,0,0,1,0,1,1,1,1,1,0,1,1,1,0,0,0,0,0,1,1,1,1,0,1,1,0,0,0,0,0,0,1,1,1,1,0,1,1,0,0.19,,,
2017,waukena joint union elementary,"Rural, distant",0.2963,0.2917,,0.3158,,,,,,0.2083,,,,8.0,7.0,0.0,6.0,0.0,,,,,5.0,,,0.0,27.0,24.0,0.0,19.0,0.0,,,,,24.0,,,0.0,0,0,1,0,1,1,1,1,1,0,1,1,1,0,0,0,0,0,1,1,1,1,0,1,1,0,0,0,0,0,0,1,1,1,1,0,1,1,0,0.09,0.19,,
2018,waukena joint union elementary,"Rural, distant",0.5,0.5,,0.4667,0.5385,,,,,0.52,,,,14.0,13.0,0.0,7.0,7.0,,,,,13.0,,,0.0,28.0,26.0,0.0,15.0,13.0,,,,,25.0,,,0.0,0,0,1,0,0,1,1,1,1,0,1,1,1,0,0,0,0,0,1,1,1,1,0,1,1,0,0,0,0,0,0,1,1,1,1,0,1,1,0,0.2963,0.09,0.19,
2019,waukena joint union elementary,"Rural, distant",0.7368,0.7222,,,0.75,,,,,0.7059,,,,14.0,13.0,0.0,0.0,9.0,,,,,12.0,,,0.0,19.0,18.0,0.0,7.0,12.0,,,,,17.0,,,0.0,0,0,1,1,0,1,1,1,1,0,1,1,1,0,0,0,0,0,1,1,1,1,0,1,1,0,0,0,0,0,0,1,1,1,1,0,1,1,0,0.5,0.2963,0.09,0.19
2015,weaver union,"City, small",0.21,0.2,0.26,0.18,0.24,,0.22,0.25,,0.18,,,0.31,66.0,50.0,12.0,32.0,32.0,,10.0,4.0,,38.0,0.0,,11.0,313.0,267.0,46.0,179.0,134.0,,46.0,16.0,,214.0,2.0,,35.0,0,0,0,0,0,1,0,0,1,0,1,1,0,0,0,0,0,0,1,0,0,1,0,0,1,0,0,0,0,0,0,1,0,0,1,0,0,1,0,,,,
2016,weaver union,"City, small",0.27,0.26,0.5,0.27,0.28,,0.34,0.13,,0.24,,,0.43,86.0,77.0,12.0,37.0,50.0,0.0,15.0,2.0,0.0,49.0,0.0,0.0,12.0,317.0,293.0,24.0,142.0,175.0,2.0,44.0,15.0,3.0,216.0,2.0,2.0,28.0,0,0,0,0,0,1,0,0,1,0,1,1,0,0,0,0,0,0,0,0,0,0,0,0,0,0,0,0,0,0,0,0,0,0,0,0,0,0,0,0.21,,,
2017,weaver union,"City, small",0.3311,0.2824,0.6279,0.3354,0.3262,,0.2553,0.0714,,0.3382,,0.2727,0.5833,101.0,74.0,27.0,55.0,46.0,0.0,12.0,1.0,,69.0,,3.0,14.0,305.0,262.0,43.0,164.0,141.0,0.0,47.0,14.0,,204.0,,11.0,24.0,0,0,0,0,0,1,0,0,1,0,1,0,0,0,0,0,0,0,0,0,0,1,0,1,0,0,0,0,0,0,0,0,0,0,1,0,1,0,0,0.27,0.21,,
2018,weaver union,"City, small",0.3824,0.3603,0.5588,0.4054,0.3608,,0.4375,0.3,,0.3682,,,0.4231,117.0,98.0,19.0,60.0,57.0,,21.0,6.0,0.0,74.0,,0.0,11.0,306.0,272.0,34.0,148.0,158.0,,48.0,20.0,0.0,201.0,,0.0,26.0,0,0,0,0,0,1,0,0,1,0,1,1,0,0,0,0,0,0,1,0,0,0,0,1,0,0,0,0,0,0,0,1,0,0,0,0,1,0,0,0.3311,0.27,0.21,
2019,weaver union,"City, small",0.3846,0.3596,0.5435,0.32,0.454,,0.4783,,,0.3745,,0.3636,0.3,130.0,105.0,25.0,56.0,74.0,0.0,22.0,0.0,0.0,91.0,0.0,4.0,6.0,338.0,292.0,46.0,175.0,163.0,0.0,46.0,10.0,0.0,243.0,0.0,11.0,20.0,0,0,0,0,0,1,0,1,1,0,1,0,0,0,0,0,0,0,0,0,0,0,0,0,0,0,0,0,0,0,0,0,0,0,0,0,0,0,0,0.3824,0.3311,0.27,0.21
2015,weed union elementary,"Town, remote",0.15,0.16,,0.15,0.14,,,,,,,,0.25,4.0,4.0,0.0,2.0,2.0,0.0,0.0,0.0,,0.0,,0.0,3.0,27.0,25.0,2.0,13.0,14.0,1.0,1.0,1.0,,9.0,,3.0,12.0,0,0,1,0,0,1,1,1,1,1,1,1,0,0,0,0,0,0,0,0,0,1,0,1,0,0,0,0,0,0,0,0,0,0,1,0,1,0,0,,,,
2016,weed union elementary,"Town, remote",0.32,0.31,,0.27,0.37,,,,,,,,0.33,11.0,9.0,0.0,4.0,7.0,,0.0,0.0,,0.0,,0.0,6.0,34.0,29.0,5.0,15.0,19.0,,3.0,2.0,,5.0,,6.0,18.0,0,0,1,0,0,1,1,1,1,1,1,1,0,0,0,0,0,0,1,0,0,1,0,1,0,0,0,0,0,0,0,1,0,0,1,0,1,0,0,0.15,,,
2017,weed union elementary,"Town, remote",0.2353,0.2,,0.0667,0.3684,,,,,,,,0.2778,8.0,6.0,0.0,1.0,7.0,,0.0,0.0,,0.0,,0.0,5.0,34.0,30.0,0.0,15.0,19.0,,0.0,0.0,,0.0,,0.0,18.0,0,0,1,0,0,1,1,1,1,1,1,1,0,0,0,0,0,0,1,0,0,1,0,1,0,0,0,0,0,0,0,1,0,0,1,0,1,0,0,0.32,0.15,,
2018,weed union elementary,"Town, remote",0.125,0.1429,,0.0909,0.1538,,,,,,,,0.2727,3.0,3.0,0.0,1.0,2.0,0.0,,0.0,,0.0,,0.0,3.0,24.0,21.0,0.0,11.0,13.0,0.0,,0.0,,0.0,,0.0,11.0,0,0,1,0,0,1,1,1,1,1,1,1,0,0,0,0,0,0,0,1,0,1,0,1,0,0,0,0,0,0,0,0,1,0,1,0,1,0,0,0.2353,0.32,0.15,
2019,weed union elementary,"Town, remote",0.2143,0.2609,,0.2308,0.2,,,,,,,,0.3333,6.0,6.0,0.0,3.0,3.0,0.0,0.0,0.0,,0.0,,0.0,4.0,29.0,23.0,6.0,13.0,16.0,0.0,0.0,0.0,,8.0,,5.0,13.0,0,0,1,0,0,1,1,1,1,1,1,1,0,0,0,0,0,0,0,0,0,1,0,1,0,0,0,0,0,0,0,0,0,0,1,0,1,0,0,0.125,0.2353,0.32,0.15
2015,west covina unified,"Suburb, large",0.29,0.24,0.46,0.26,0.33,,0.68,0.29,0.52,0.22,,,0.53,181.0,102.0,73.0,78.0,97.0,0.0,34.0,5.0,11.0,103.0,0.0,0.0,19.0,603.0,446.0,157.0,299.0,304.0,1.0,50.0,17.0,21.0,469.0,2.0,7.0,36.0,0,0,0,0,0,1,0,0,0,0,1,1,0,0,0,0,0,0,0,0,0,0,0,0,0,0,0,0,0,0,0,0,0,0,0,0,0,0,0,,,,
2016,west covina unified,"Suburb, large",0.44,0.39,0.6,0.47,0.41,,0.71,0.36,0.7,0.4,,,0.46,295.0,206.0,92.0,155.0,143.0,,42.0,8.0,19.0,206.0,0.0,0.0,16.0,671.0,514.0,157.0,323.0,348.0,,59.0,22.0,27.0,516.0,1.0,10.0,35.0,0,0,0,0,0,1,0,0,0,0,1,1,0,0,0,0,0,0,1,0,0,0,0,0,0,0,0,0,0,0,0,1,0,0,0,0,0,0,0,0.29,,,
2017,west covina unified,"Suburb, large",0.3885,0.328,0.5577,0.3732,0.4019,,0.6949,0.2632,0.6875,0.3385,,,0.4375,230.0,143.0,87.0,103.0,127.0,0.0,41.0,5.0,11.0,153.0,0.0,0.0,14.0,592.0,436.0,156.0,276.0,316.0,0.0,59.0,19.0,16.0,452.0,0.0,0.0,32.0,0,0,0,0,0,1,0,0,0,0,1,1,0,0,0,0,0,0,0,0,0,0,0,0,0,0,0,0,0,0,0,0,0,0,0,0,0,0,0,0.44,0.29,,
2018,west covina unified,"Suburb, large",0.4762,0.4236,0.6218,0.45,0.5035,,0.7901,0.5455,0.7143,0.3991,,,0.5,280.0,183.0,97.0,135.0,145.0,,64.0,6.0,15.0,178.0,,0.0,10.0,588.0,432.0,156.0,300.0,288.0,,81.0,11.0,21.0,446.0,,0.0,20.0,0,0,0,0,0,1,0,0,0,0,1,1,0,0,0,0,0,0,1,0,0,0,0,1,0,0,0,0,0,0,0,1,0,0,0,0,1,0,0,0.3885,0.44,0.29,
2019,west covina unified,"Suburb, large",0.4686,0.4413,0.5979,0.4359,0.5,,0.8226,0.375,,0.4112,,,0.5294,261.0,203.0,58.0,119.0,142.0,0.0,51.0,6.0,0.0,183.0,0.0,0.0,9.0,557.0,460.0,97.0,273.0,284.0,0.0,62.0,16.0,9.0,445.0,0.0,4.0,17.0,0,0,0,0,0,1,0,0,1,0,1,1,0,0,0,0,0,0,0,0,0,0,0,0,0,0,0,0,0,0,0,0,0,0,0,0,0,0,0,0.4762,0.3885,0.44,0.29
2015,west park elementary,"Rural, fringe",0.19,0.17,,0.19,0.19,,,,,0.19,,,,8.0,6.0,0.0,3.0,5.0,,0.0,0.0,,6.0,,,0.0,42.0,36.0,6.0,16.0,26.0,,3.0,2.0,,32.0,,,4.0,0,0,1,0,0,1,1,1,1,0,1,1,1,0,0,0,0,0,1,0,0,1,0,1,1,0,0,0,0,0,0,1,0,0,1,0,1,1,0,,,,
2016,west park elementary,"Rural, fringe",0.04,0.02,,0.0,0.1,,,,,0.03,,,,2.0,1.0,0.0,0.0,2.0,,0.0,,,1.0,,,0.0,47.0,42.0,5.0,27.0,20.0,,3.0,,,39.0,,,5.0,0,0,1,0,0,1,1,1,1,0,1,1,1,0,0,0,0,0,1,0,1,1,0,1,1,0,0,0,0,0,0,1,0,1,1,0,1,1,0,0.19,,,
2017,west park elementary,"Rural, fringe",0.2368,0.2222,,0.4,0.0556,,,,,0.1786,,,,9.0,8.0,0.0,8.0,1.0,0.0,0.0,,,5.0,,,0.0,38.0,36.0,0.0,20.0,18.0,0.0,0.0,,,28.0,,,0.0,0,0,1,0,0,1,1,1,1,0,1,1,1,0,0,0,0,0,0,0,1,1,0,1,1,0,0,0,0,0,0,0,0,1,1,0,1,1,0,0.04,0.19,,
2018,west park elementary,"Rural, fringe",0.1277,0.1364,,0.087,0.1667,,,,,0.1282,,,,6.0,6.0,0.0,2.0,4.0,,0.0,,,5.0,,0.0,0.0,47.0,44.0,0.0,23.0,24.0,,0.0,,,39.0,,0.0,0.0,0,0,1,0,0,1,1,1,1,0,1,1,1,0,0,0,0,0,1,0,1,1,0,1,0,0,0,0,0,0,0,1,0,1,1,0,1,0,0,0.2368,0.04,0.19,
2019,west park elementary,"Rural, fringe",0.1915,0.1628,,0.2273,0.16,,,,,0.2051,,,,9.0,7.0,0.0,5.0,4.0,,0.0,,,8.0,,,0.0,47.0,43.0,4.0,22.0,25.0,,0.0,,,39.0,,,6.0,0,0,1,0,0,1,1,1,1,0,1,1,1,0,0,0,0,0,1,0,1,1,0,1,1,0,0,0,0,0,0,1,0,1,1,0,1,1,0,0.1277,0.2368,0.04,0.19
2015,west side union elementary,"Rural, fringe",0.26,,0.38,,0.29,,,,,,,,0.35,6.0,0.0,6.0,0.0,4.0,,,,,0.0,,,6.0,23.0,7.0,16.0,9.0,14.0,,,,,6.0,,,17.0,0,1,0,1,0,1,1,1,1,1,1,1,0,0,0,0,0,0,1,1,1,1,0,1,1,0,0,0,0,0,0,1,1,1,1,0,1,1,0,,,,
2016,west side union elementary,"Rural, fringe",0.39,,0.5,0.5,,,,,,,,,0.45,9.0,0.0,7.0,7.0,0.0,,,,,0.0,,0.0,5.0,23.0,9.0,14.0,14.0,9.0,,,,,10.0,,1.0,11.0,0,1,0,0,1,1,1,1,1,1,1,1,0,0,0,0,0,0,1,1,1,1,0,1,0,0,0,0,0,0,0,1,1,1,1,0,1,0,0,0.26,,,
2017,west side union elementary,"Rural, fringe",0.3913,,0.5333,0.2727,0.5,,,,,,,,0.5,9.0,0.0,8.0,3.0,6.0,,,,,0.0,,0.0,8.0,23.0,0.0,15.0,11.0,12.0,,,,,0.0,,0.0,16.0,0,1,0,0,0,1,1,1,1,1,1,1,0,0,0,0,0,0,1,1,1,1,0,1,0,0,0,0,0,0,0,1,1,1,1,0,1,0,0,0.39,0.26,,
2018,west side union elementary,"Rural, fringe",0.5769,,0.6875,0.7333,0.3636,,,,,,,,0.625,15.0,0.0,11.0,11.0,4.0,,,,,0.0,,0.0,10.0,26.0,0.0,16.0,15.0,11.0,,,,,0.0,,0.0,16.0,0,1,0,0,0,1,1,1,1,1,1,1,0,0,0,0,0,0,1,1,1,1,0,1,0,0,0,0,0,0,0,1,1,1,1,0,1,0,0,0.3913,0.39,0.26,
2019,west side union elementary,"Rural, fringe",0.5556,,0.6364,0.6364,,,,,,,,,0.6429,10.0,0.0,7.0,7.0,0.0,,,,,0.0,,,9.0,18.0,7.0,11.0,11.0,7.0,,,,,4.0,,,14.0,0,1,0,0,1,1,1,1,1,1,1,1,0,0,0,0,0,0,1,1,1,1,0,1,1,0,0,0,0,0,0,1,1,1,1,0,1,1,0,0.5769,0.3913,0.39,0.26
2015,western placer unified,"Suburb, large",0.4,0.27,0.48,0.4,0.41,,0.56,0.29,0.19,0.29,,0.12,0.48,220.0,55.0,165.0,105.0,117.0,0.0,9.0,5.0,3.0,48.0,0.0,2.0,151.0,549.0,205.0,344.0,264.0,285.0,5.0,17.0,17.0,16.0,164.0,4.0,18.0,308.0,0,0,0,0,0,1,0,0,0,0,1,0,0,0,0,0,0,0,0,0,0,0,0,0,0,0,0,0,0,0,0,0,0,0,0,0,0,0,0,,,,
2016,western placer unified,"Suburb, large",0.44,0.3,0.53,0.4,0.48,,0.45,,0.57,0.31,,0.26,0.51,239.0,64.0,174.0,110.0,129.0,0.0,5.0,0.0,8.0,50.0,0.0,6.0,164.0,544.0,215.0,329.0,275.0,269.0,2.0,11.0,7.0,14.0,160.0,3.0,23.0,322.0,0,0,0,0,0,1,0,1,0,0,1,0,0,0,0,0,0,0,0,0,0,0,0,0,0,0,0,0,0,0,0,0,0,0,0,0,0,0,0,0.4,,,
2017,western placer unified,"Suburb, large",0.444,0.3298,0.5057,0.4398,0.4481,,0.8235,0.1333,0.6667,0.375,,,0.463,238.0,62.0,176.0,117.0,121.0,0.0,14.0,2.0,8.0,60.0,0.0,0.0,144.0,536.0,188.0,348.0,266.0,270.0,0.0,17.0,15.0,12.0,160.0,0.0,0.0,311.0,0,0,0,0,0,1,0,0,0,0,1,1,0,0,0,0,0,0,0,0,0,0,0,0,0,0,0,0,0,0,0,0,0,0,0,0,0,0,0,0.44,0.4,,
2018,western placer unified,"Suburb, large",0.5513,0.419,0.6196,0.5283,0.5747,,0.5833,0.6364,0.4,0.443,,,0.5974,290.0,75.0,215.0,140.0,150.0,0.0,14.0,7.0,6.0,66.0,0.0,0.0,181.0,526.0,179.0,347.0,265.0,261.0,0.0,24.0,11.0,15.0,149.0,0.0,0.0,303.0,0,0,0,0,0,1,0,0,0,0,1,1,0,0,0,0,0,0,0,0,0,0,0,0,0,0,0,0,0,0,0,0,0,0,0,0,0,0,0,0.444,0.44,0.4,
2019,western placer unified,"Suburb, large",0.5509,0.3526,0.6623,0.5385,0.5641,,0.7273,0.1818,0.7647,0.3446,,,0.6558,265.0,61.0,204.0,133.0,132.0,0.0,8.0,2.0,13.0,51.0,0.0,0.0,181.0,481.0,173.0,308.0,247.0,234.0,0.0,11.0,11.0,17.0,148.0,0.0,9.0,276.0,0,0,0,0,0,1,0,0,0,0,1,1,0,0,0,0,0,0,0,0,0,0,0,0,0,0,0,0,0,0,0,0,0,0,0,0,0,0,0,0.5513,0.444,0.44,0.4
2015,westminster,"Suburb, large",0.48,0.41,0.69,0.47,0.49,,0.7,,,0.26,,0.45,0.57,491.0,310.0,185.0,235.0,256.0,,268.0,0.0,0.0,116.0,0.0,9.0,84.0,1024.0,755.0,269.0,501.0,523.0,,384.0,8.0,5.0,448.0,6.0,20.0,147.0,0,0,0,0,0,1,0,1,1,0,1,0,0,0,0,0,0,0,1,0,0,0,0,0,0,0,0,0,0,0,0,1,0,0,0,0,0,0,0,,,,
2016,westminster,"Suburb, large",0.51,0.44,0.67,0.49,0.52,,0.73,,,0.29,,0.55,0.61,503.0,320.0,184.0,239.0,258.0,0.0,268.0,0.0,0.0,133.0,0.0,6.0,75.0,986.0,712.0,274.0,489.0,497.0,6.0,368.0,6.0,7.0,457.0,4.0,11.0,122.0,0,0,0,0,0,1,0,1,1,0,1,0,0,0,0,0,0,0,0,0,0,0,0,0,0,0,0,0,0,0,0,0,0,0,0,0,0,0,0,0.48,,,
2017,westminster,"Suburb, large",0.5582,0.4648,0.7759,0.5318,0.5821,,0.7701,,0.6667,0.3311,,0.7083,0.75,556.0,324.0,232.0,251.0,305.0,0.0,288.0,0.0,8.0,148.0,0.0,17.0,87.0,996.0,697.0,299.0,472.0,524.0,0.0,374.0,0.0,12.0,447.0,0.0,24.0,116.0,0,0,0,0,0,1,0,1,0,0,1,0,0,0,0,0,0,0,0,0,0,0,0,0,0,0,0,0,0,0,0,0,0,0,0,0,0,0,0,0.51,0.48,,
2018,westminster,"Suburb, large",0.5369,0.4513,0.7517,0.508,0.5652,,0.7726,,,0.3209,,0.7667,0.5538,539.0,324.0,215.0,253.0,286.0,0.0,299.0,0.0,0.0,138.0,0.0,23.0,72.0,1004.0,718.0,286.0,498.0,506.0,0.0,387.0,0.0,0.0,430.0,0.0,30.0,130.0,0,0,0,0,0,1,0,1,1,0,1,0,0,0,0,0,0,0,0,0,0,0,0,0,0,0,0,0,0,0,0,0,0,0,0,0,0,0,0,0.5582,0.51,0.48,
2019,westminster,"Suburb, large",0.5299,0.4642,0.7022,0.5285,0.5314,,0.744,,,0.3147,,0.75,0.6102,522.0,331.0,191.0,260.0,262.0,0.0,279.0,0.0,0.0,141.0,0.0,15.0,72.0,986.0,714.0,272.0,493.0,493.0,0.0,376.0,7.0,8.0,448.0,5.0,20.0,118.0,0,0,0,0,0,1,0,1,1,0,1,0,0,0,0,0,0,0,0,0,0,0,0,0,0,0,0,0,0,0,0,0,0,0,0,0,0,0,0,0.5369,0.5582,0.51,0.48
2015,westmorland union elementary,"Rural, distant",0.33,0.3,,0.27,0.38,,,,,0.31,,,,15.0,13.0,0.0,6.0,9.0,,,,,13.0,,,0.0,46.0,43.0,3.0,22.0,24.0,,,,,42.0,,,3.0,0,0,1,0,0,1,1,1,1,0,1,1,1,0,0,0,0,0,1,1,1,1,0,1,1,0,0,0,0,0,0,1,1,1,1,0,1,1,0,,,,
2016,westmorland union elementary,"Rural, distant",0.13,0.11,,0.1,0.16,,,,,0.1,,,,5.0,4.0,0.0,2.0,3.0,,,,,4.0,,,0.0,40.0,37.0,3.0,21.0,19.0,,,,,39.0,,,1.0,0,0,1,0,0,1,1,1,1,0,1,1,1,0,0,0,0,0,1,1,1,1,0,1,1,0,0,0,0,0,0,1,1,1,1,0,1,1,0,0.33,,,
2017,westmorland union elementary,"Rural, distant",0.2381,0.2381,,0.2273,0.25,,,,,0.2368,,,,10.0,10.0,,5.0,5.0,,,,,9.0,,,0.0,42.0,42.0,,22.0,20.0,,,,,38.0,,,0.0,0,0,1,0,0,1,1,1,1,0,1,1,1,0,0,1,0,0,1,1,1,1,0,1,1,0,0,0,1,0,0,1,1,1,1,0,1,1,0,0.13,0.33,,
2018,westmorland union elementary,"Rural, distant",0.2424,0.2188,,0.2667,0.2222,,,,,0.2,,,,8.0,7.0,0.0,4.0,4.0,,,0.0,,6.0,,,0.0,33.0,32.0,0.0,15.0,18.0,,,0.0,,30.0,,,0.0,0,0,1,0,0,1,1,1,1,0,1,1,1,0,0,0,0,0,1,1,0,1,0,1,1,0,0,0,0,0,0,1,1,0,1,0,1,1,0,0.2381,0.13,0.33,
2019,westmorland union elementary,"Rural, distant",0.1818,0.2069,,0.3333,0.0,,,,,0.1875,,,,6.0,6.0,0.0,6.0,0.0,,,,,6.0,,,0.0,33.0,29.0,4.0,18.0,15.0,,,,,32.0,,,0.0,0,0,1,0,0,1,1,1,1,0,1,1,1,0,0,0,0,0,1,1,1,1,0,1,1,0,0,0,0,0,0,1,1,1,1,0,1,1,0,0.2424,0.2381,0.13,0.33
2015,westside elementary,"City, large",0.21,0.21,,,0.0,,,,,0.21,,,,4.0,4.0,,0.0,0.0,,,,,4.0,,,,20.0,20.0,,9.0,11.0,,,,,20.0,,,,0,0,1,1,0,1,1,1,1,0,1,1,1,0,0,1,0,0,1,1,1,1,0,1,1,1,0,0,1,0,0,1,1,1,1,0,1,1,1,,,,
2016,westside elementary,"City, large",0.04,0.0,,0.08,0.0,,,,,0.04,,,,1.0,0.0,0.0,1.0,0.0,,,,,1.0,,,,24.0,16.0,8.0,13.0,11.0,,,,,24.0,,,,0,0,1,0,0,1,1,1,1,0,1,1,1,0,0,0,0,0,1,1,1,1,0,1,1,1,0,0,0,0,0,1,1,1,1,0,1,1,1,0.21,,,
2017,westside elementary,"City, large",0.1739,0.1667,,,0.2143,,,,,0.1739,,,,4.0,3.0,0.0,0.0,3.0,,,,,4.0,,,,23.0,18.0,0.0,0.0,14.0,,,,,23.0,,,,0,0,1,1,0,1,1,1,1,0,1,1,1,0,0,0,0,0,1,1,1,1,0,1,1,1,0,0,0,0,0,1,1,1,1,0,1,1,1,0.04,0.21,,
2018,westside elementary,"City, large",0.0,0.0,,,0.0,,,,,0.0,,,,0.0,0.0,0.0,0.0,0.0,,,,,0.0,,,,22.0,19.0,0.0,0.0,14.0,,,,,22.0,,,,0,0,1,1,0,1,1,1,1,0,1,1,1,0,0,0,0,0,1,1,1,1,0,1,1,1,0,0,0,0,0,1,1,1,1,0,1,1,1,0.1739,0.04,0.21,
2019,westside elementary,"Rural, distant",0.0,0.0,,,0.0,,,,,0.0,,,,0.0,0.0,,0.0,0.0,,,,,0.0,,,,21.0,21.0,,8.0,13.0,,,,,21.0,,,,0,0,1,1,0,1,1,1,1,0,1,1,1,0,0,1,0,0,1,1,1,1,0,1,1,1,0,0,1,0,0,1,1,1,1,0,1,1,1,0.0,0.1739,0.04,0.21
2015,wheatland,"Town, fringe",0.31,0.23,0.35,0.34,0.28,,,,,0.24,,0.18,0.35,40.0,11.0,29.0,20.0,19.0,0.0,0.0,0.0,0.0,8.0,,2.0,24.0,128.0,48.0,80.0,59.0,69.0,2.0,7.0,3.0,1.0,34.0,,11.0,70.0,0,0,0,0,0,1,1,1,1,0,1,0,0,0,0,0,0,0,0,0,0,0,0,1,0,0,0,0,0,0,0,0,0,0,0,0,1,0,0,,,,
2016,wheatland,"Town, fringe",0.42,0.32,0.53,0.33,0.51,,,,,0.31,,0.5,0.44,61.0,24.0,37.0,25.0,35.0,,0.0,0.0,0.0,11.0,,9.0,37.0,145.0,76.0,69.0,75.0,70.0,,2.0,6.0,1.0,35.0,,18.0,82.0,0,0,0,0,0,1,1,1,1,0,1,0,0,0,0,0,0,0,1,0,0,0,0,1,0,0,0,0,0,0,0,1,0,0,0,0,1,0,0,0.31,,,
2017,wheatland,"Town, fringe",0.35,0.2836,0.411,0.35,0.35,,,,,0.4194,,0.4167,0.3418,49.0,19.0,30.0,21.0,28.0,0.0,0.0,0.0,0.0,13.0,0.0,5.0,27.0,140.0,67.0,73.0,60.0,80.0,0.0,0.0,0.0,0.0,31.0,0.0,12.0,79.0,0,0,0,0,0,1,1,1,1,0,1,0,0,0,0,0,0,0,0,0,0,0,0,0,0,0,0,0,0,0,0,0,0,0,0,0,0,0,0,0.42,0.31,,
2018,wheatland,"Town, fringe",0.4487,0.3881,0.4944,0.4474,0.45,,,0.1818,,0.5833,,0.5455,0.3977,70.0,26.0,44.0,34.0,36.0,0.0,0.0,2.0,0.0,21.0,0.0,6.0,35.0,156.0,67.0,89.0,76.0,80.0,0.0,0.0,11.0,0.0,36.0,0.0,11.0,88.0,0,0,0,0,0,1,1,0,1,0,1,0,0,0,0,0,0,0,0,0,0,0,0,0,0,0,0,0,0,0,0,0,0,0,0,0,0,0,0,0.35,0.42,0.31,
2019,wheatland,"Town, fringe",0.448,0.4333,0.4615,0.3276,0.5522,,,,,0.5833,,0.5455,0.4063,56.0,26.0,30.0,19.0,37.0,0.0,0.0,0.0,0.0,21.0,0.0,6.0,26.0,125.0,60.0,65.0,58.0,67.0,0.0,0.0,6.0,0.0,36.0,0.0,11.0,64.0,0,0,0,0,0,1,1,1,1,0,1,0,0,0,0,0,0,0,0,0,0,0,0,0,0,0,0,0,0,0,0,0,0,0,0,0,0,0,0,0.4487,0.35,0.42,0.31
2015,whittier city elementary,"Suburb, large",0.2,0.17,0.33,0.17,0.22,,,,,0.19,,,0.36,136.0,87.0,45.0,56.0,78.0,0.0,0.0,,,121.0,,0.0,9.0,679.0,541.0,138.0,327.0,352.0,1.0,2.0,,,638.0,,1.0,26.0,0,0,0,0,0,1,1,1,1,0,1,1,0,0,0,0,0,0,0,0,1,1,0,1,0,0,0,0,0,0,0,0,0,1,1,0,1,0,0,,,,
2016,whittier city elementary,"Suburb, large",0.27,0.25,0.4,0.25,0.3,,,,,0.28,,,0.42,190.0,145.0,49.0,91.0,101.0,0.0,0.0,0.0,0.0,171.0,,0.0,10.0,704.0,581.0,123.0,365.0,339.0,1.0,4.0,6.0,1.0,608.0,,4.0,24.0,0,0,0,0,0,1,1,1,1,0,1,1,0,0,0,0,0,0,0,0,0,0,0,1,0,0,0,0,0,0,0,0,0,0,0,0,1,0,0,0.2,,,
2017,whittier city elementary,"Suburb, large",0.3581,0.3164,0.5188,0.3063,0.4092,,,,,0.3502,,,0.4074,231.0,162.0,69.0,98.0,133.0,0.0,0.0,0.0,0.0,208.0,0.0,0.0,11.0,645.0,512.0,133.0,320.0,325.0,0.0,0.0,0.0,0.0,594.0,0.0,0.0,27.0,0,0,0,0,0,1,1,1,1,0,1,1,0,0,0,0,0,0,0,0,0,0,0,0,0,0,0,0,0,0,0,0,0,0,0,0,0,0,0,0.27,0.2,,
2018,whittier city elementary,"Suburb, large",0.3979,0.3699,0.4903,0.3355,0.4513,,,,,0.3967,,,0.4091,265.0,189.0,76.0,103.0,162.0,0.0,0.0,0.0,0.0,244.0,,0.0,9.0,666.0,511.0,155.0,307.0,359.0,0.0,0.0,0.0,0.0,615.0,,0.0,22.0,0,0,0,0,0,1,1,1,1,0,1,1,0,0,0,0,0,0,0,0,0,0,0,1,0,0,0,0,0,0,0,0,0,0,0,0,1,0,0,0.3581,0.27,0.2,
2019,whittier city elementary,"Suburb, large",0.4801,0.4574,0.5578,0.4331,0.5237,,,,,0.4731,,,0.5556,313.0,231.0,82.0,136.0,177.0,0.0,0.0,0.0,0.0,281.0,,0.0,10.0,652.0,505.0,147.0,314.0,338.0,0.0,4.0,7.0,6.0,594.0,,7.0,18.0,0,0,0,0,0,1,1,1,1,0,1,1,0,0,0,0,0,0,0,0,0,0,0,1,0,0,0,0,0,0,0,0,0,0,0,0,1,0,0,0.3979,0.3581,0.27,0.2
2015,williams unified,"Town, distant",0.04,0.03,0.06,0.04,0.04,,,,,0.03,,,,4.0,3.0,1.0,2.0,2.0,0.0,0.0,,,3.0,,,0.0,109.0,93.0,16.0,55.0,54.0,1.0,2.0,,,100.0,,,6.0,0,0,0,0,0,1,1,1,1,0,1,1,1,0,0,0,0,0,0,0,1,1,0,1,1,0,0,0,0,0,0,0,0,1,1,0,1,1,0,,,,
2016,williams unified,"Town, distant",0.04,0.04,,0.07,0.0,,,,,0.04,,,,4.0,4.0,0.0,4.0,0.0,0.0,,,,4.0,,,0.0,110.0,105.0,5.0,57.0,53.0,1.0,,,,103.0,,,5.0,0,0,1,0,0,1,1,1,1,0,1,1,1,0,0,0,0,0,0,1,1,1,0,1,1,0,0,0,0,0,0,0,1,1,1,0,1,1,0,0.04,,,
2017,williams unified,"Town, distant",0.2642,0.2778,0.1875,0.26,0.2679,,,,,0.2609,,,,28.0,25.0,3.0,13.0,15.0,0.0,0.0,,,24.0,,0.0,0.0,106.0,90.0,16.0,50.0,56.0,0.0,0.0,,,92.0,,0.0,0.0,0,0,0,0,0,1,1,1,1,0,1,1,1,0,0,0,0,0,0,0,1,1,0,1,0,0,0,0,0,0,0,0,0,1,1,0,1,0,0,0.04,0.04,,
2018,williams unified,"Town, distant",0.2661,0.2292,0.5385,0.2632,0.2676,,,,,0.2642,,,,29.0,22.0,7.0,10.0,19.0,,,,,28.0,,,0.0,109.0,96.0,13.0,38.0,71.0,,,,,106.0,,,0.0,0,0,0,0,0,1,1,1,1,0,1,1,1,0,0,0,0,0,1,1,1,1,0,1,1,0,0,0,0,0,0,1,1,1,1,0,1,1,0,0.2642,0.04,0.04,
2019,williams unified,"Town, distant",0.1132,0.101,,0.1111,0.1148,,,,,0.1078,,,,12.0,10.0,0.0,5.0,7.0,,0.0,,,11.0,,,0.0,106.0,99.0,7.0,45.0,61.0,,0.0,,,102.0,,,0.0,0,0,1,0,0,1,1,1,1,0,1,1,1,0,0,0,0,0,1,0,1,1,0,1,1,0,0,0,0,0,0,1,0,1,1,0,1,1,0,0.2661,0.2642,0.04,0.04
2015,willits unified,"Town, remote",0.22,0.15,0.39,0.17,0.26,,,,,0.13,,,0.28,28.0,14.0,13.0,10.0,18.0,0.0,0.0,0.0,0.0,6.0,,0.0,19.0,127.0,94.0,33.0,61.0,66.0,8.0,1.0,1.0,1.0,48.0,,2.0,66.0,0,0,0,0,0,1,1,1,1,0,1,1,0,0,0,0,0,0,0,0,0,0,0,1,0,0,0,0,0,0,0,0,0,0,0,0,1,0,0,,,,
2016,willits unified,"Town, remote",0.23,0.15,0.38,0.17,0.28,,,,,0.18,,,0.29,23.0,10.0,13.0,8.0,15.0,0.0,0.0,,0.0,6.0,,0.0,16.0,100.0,66.0,34.0,46.0,54.0,7.0,1.0,,1.0,34.0,,1.0,56.0,0,0,0,0,0,1,1,1,1,0,1,1,0,0,0,0,0,0,0,0,1,0,0,1,0,0,0,0,0,0,0,0,0,1,0,0,1,0,0,0.22,,,
2017,willits unified,"Town, remote",0.2963,0.2267,0.4545,0.2979,0.2951,,,,,0.2353,,,0.3214,32.0,17.0,15.0,14.0,18.0,0.0,0.0,0.0,,8.0,,0.0,18.0,109.0,76.0,33.0,48.0,61.0,0.0,0.0,0.0,,34.0,,0.0,57.0,0,0,0,0,0,1,1,1,1,0,1,1,0,0,0,0,0,0,0,0,0,1,0,1,0,0,0,0,0,0,0,0,0,0,1,0,1,0,0,0.23,0.22,,
2018,willits unified,"Town, remote",0.1513,0.0909,0.3226,0.1754,0.129,0.0833,,,,0.1042,,,0.2245,18.0,8.0,10.0,10.0,8.0,1.0,,0.0,,5.0,,0.0,11.0,120.0,89.0,31.0,57.0,63.0,12.0,,0.0,,49.0,,0.0,49.0,0,0,0,0,0,0,1,1,1,0,1,1,0,0,0,0,0,0,0,1,0,1,0,1,0,0,0,0,0,0,0,0,1,0,1,0,1,0,0,0.2963,0.23,0.22,
2019,willits unified,"Town, remote",0.2065,0.1857,0.2727,0.2558,0.1633,,,,,0.1875,,,0.2093,19.0,13.0,6.0,11.0,8.0,0.0,0.0,0.0,,6.0,,0.0,9.0,92.0,70.0,22.0,43.0,49.0,0.0,0.0,0.0,,32.0,,0.0,43.0,0,0,0,0,0,1,1,1,1,0,1,1,0,0,0,0,0,0,0,0,0,1,0,1,0,0,0,0,0,0,0,0,0,0,1,0,1,0,0,0.1513,0.2963,0.23,0.22
2015,willows unified,"Town, distant",0.13,0.1,0.29,0.13,0.14,,0.0,,,0.07,,,0.28,16.0,10.0,6.0,6.0,10.0,0.0,0.0,0.0,0.0,5.0,,0.0,9.0,120.0,99.0,21.0,48.0,72.0,4.0,11.0,1.0,1.0,67.0,,1.0,33.0,0,0,0,0,0,1,0,1,1,0,1,1,0,0,0,0,0,0,0,0,0,0,0,1,0,0,0,0,0,0,0,0,0,0,0,0,1,0,0,,,,
2016,willows unified,"Town, distant",0.15,0.11,0.26,0.13,0.16,,,,,0.12,,,0.21,15.0,9.0,6.0,6.0,9.0,0.0,0.0,,,6.0,0.0,0.0,8.0,102.0,79.0,23.0,45.0,57.0,1.0,7.0,,,52.0,1.0,3.0,38.0,0,0,0,0,0,1,1,1,1,0,1,1,0,0,0,0,0,0,0,0,1,1,0,0,0,0,0,0,0,0,0,0,0,1,1,0,0,0,0,0.13,,,
2017,willows unified,"Town, distant",0.3146,0.2239,0.5909,0.3023,0.3261,,,,,0.2326,,,0.4848,28.0,15.0,13.0,13.0,15.0,0.0,0.0,0.0,0.0,10.0,,0.0,16.0,89.0,67.0,22.0,43.0,46.0,0.0,0.0,0.0,0.0,43.0,,0.0,33.0,0,0,0,0,0,1,1,1,1,0,1,1,0,0,0,0,0,0,0,0,0,0,0,1,0,0,0,0,0,0,0,0,0,0,0,0,1,0,0,0.15,0.13,,
2018,willows unified,"Town, distant",0.2593,0.1948,0.4194,0.1538,0.3571,,,,,0.1538,,,0.3617,28.0,15.0,13.0,8.0,20.0,0.0,0.0,0.0,,8.0,,0.0,17.0,108.0,77.0,31.0,52.0,56.0,0.0,0.0,0.0,,52.0,,0.0,47.0,0,0,0,0,0,1,1,1,1,0,1,1,0,0,0,0,0,0,0,0,0,1,0,1,0,0,0,0,0,0,0,0,0,0,1,0,1,0,0,0.3146,0.15,0.13,
2019,willows unified,"Town, distant",0.1628,0.1061,0.35,0.075,0.2391,,,,,0.125,,,0.2381,14.0,7.0,7.0,3.0,11.0,0.0,0.0,,,7.0,0.0,0.0,5.0,86.0,66.0,20.0,40.0,46.0,0.0,0.0,,,56.0,0.0,0.0,21.0,0,0,0,0,0,1,1,1,1,0,1,1,0,0,0,0,0,0,0,0,1,1,0,0,0,0,0,0,0,0,0,0,0,1,1,0,0,0,0,0.2593,0.3146,0.15,0.13
2015,wilmar union elementary,"Suburb, small",0.77,,0.88,0.71,0.81,,,,,,,,0.81,23.0,0.0,22.0,10.0,13.0,,,,,0.0,,0.0,21.0,30.0,5.0,25.0,14.0,16.0,,,,,3.0,,1.0,26.0,0,1,0,0,0,1,1,1,1,1,1,1,0,0,0,0,0,0,1,1,1,1,0,1,0,0,0,0,0,0,0,1,1,1,1,0,1,0,0,,,,
2016,wilmar union elementary,"Suburb, small",0.53,0.18,0.7,0.63,0.4,,,,,,,,0.56,18.0,2.0,16.0,12.0,6.0,,0.0,,,0.0,,0.0,14.0,34.0,11.0,23.0,19.0,15.0,,1.0,,,5.0,,3.0,25.0,0,0,0,0,0,1,1,1,1,1,1,1,0,0,0,0,0,0,1,0,1,1,0,1,0,0,0,0,0,0,0,1,0,1,1,0,1,0,0,0.77,,,
2017,wilmar union elementary,"Suburb, small",0.6154,,0.6875,0.6429,0.5833,,,,,,,,0.7647,16.0,0.0,11.0,9.0,7.0,0.0,,,,0.0,,0.0,13.0,26.0,0.0,16.0,14.0,12.0,0.0,,,,0.0,,0.0,17.0,0,1,0,0,0,1,1,1,1,1,1,1,0,0,0,0,0,0,0,1,1,1,0,1,0,0,0,0,0,0,0,0,1,1,1,0,1,0,0,0.53,0.77,,
2018,wilmar union elementary,"Suburb, small",0.7727,,0.8125,0.8333,,,,,,,,,0.8125,17.0,0.0,13.0,10.0,0.0,,,,,0.0,,,13.0,22.0,0.0,16.0,12.0,0.0,,,,,0.0,,,16.0,0,1,0,0,1,1,1,1,1,1,1,1,0,0,0,0,0,0,1,1,1,1,0,1,1,0,0,0,0,0,0,1,1,1,1,0,1,1,0,0.6154,0.53,0.77,
2019,wilmar union elementary,"Suburb, small",0.6857,,0.6923,0.5556,0.8235,,,,,,,,0.8214,24.0,0.0,18.0,10.0,14.0,,,,,0.0,0.0,0.0,23.0,35.0,9.0,26.0,18.0,17.0,,,,,5.0,0.0,0.0,28.0,0,1,0,0,0,1,1,1,1,1,1,1,0,0,0,0,0,0,1,1,1,1,0,0,0,0,0,0,0,0,0,1,1,1,1,0,0,0,0,0.7727,0.6154,0.53,0.77
2015,wilsona elementary,"Rural, fringe",0.19,0.19,,0.18,0.21,,,0.0,,0.16,,,0.32,28.0,25.0,0.0,11.0,15.0,,0.0,0.0,,13.0,,0.0,10.0,136.0,130.0,6.0,62.0,74.0,,1.0,16.0,,82.0,,5.0,31.0,0,0,1,0,0,1,1,0,1,0,1,1,0,0,0,0,0,0,1,0,0,1,0,1,0,0,0,0,0,0,0,1,0,0,1,0,1,0,0,,,,
2016,wilsona elementary,"Rural, fringe",0.07,0.06,,0.06,0.08,,,0.0,,0.06,,,0.14,10.0,9.0,0.0,4.0,7.0,,,0.0,,6.0,,0.0,5.0,163.0,158.0,5.0,70.0,93.0,,,15.0,,105.0,,7.0,35.0,0,0,1,0,0,1,1,0,1,0,1,1,0,0,0,0,0,0,1,1,0,1,0,1,0,0,0,0,0,0,0,1,1,0,1,0,1,0,0,0.19,,,
2017,wilsona elementary,"Rural, fringe",0.2105,0.2109,,0.2716,0.1408,,,0.2174,,0.1845,,,0.3333,32.0,31.0,0.0,22.0,10.0,0.0,0.0,5.0,0.0,19.0,,0.0,6.0,152.0,147.0,0.0,81.0,71.0,0.0,0.0,23.0,0.0,103.0,,0.0,18.0,0,0,1,0,0,1,1,0,1,0,1,1,0,0,0,0,0,0,0,0,0,0,0,1,0,0,0,0,0,0,0,0,0,0,0,0,1,0,0,0.07,0.19,,
2018,wilsona elementary,"Rural, fringe",0.1985,0.2,0.1818,0.1774,0.2162,,,0.0,,0.1875,,,0.4444,27.0,25.0,2.0,11.0,16.0,0.0,,0.0,,18.0,,0.0,8.0,136.0,125.0,11.0,62.0,74.0,0.0,,12.0,,96.0,,0.0,18.0,0,0,0,0,0,1,1,0,1,0,1,1,0,0,0,0,0,0,0,1,0,1,0,1,0,0,0,0,0,0,0,0,1,0,1,0,1,0,0,0.2105,0.07,0.19,
2019,wilsona elementary,"Rural, fringe",0.1488,0.1504,,0.1667,0.1311,,,,,0.1463,,,0.2,18.0,17.0,0.0,10.0,8.0,0.0,,0.0,,12.0,,0.0,4.0,121.0,113.0,8.0,60.0,61.0,0.0,,7.0,,82.0,,7.0,20.0,0,0,1,0,0,1,1,1,1,0,1,1,0,0,0,0,0,0,0,1,0,1,0,1,0,0,0,0,0,0,0,0,1,0,1,0,1,0,0,0.1985,0.2105,0.07,0.19
2015,windsor unified,"Suburb, large",0.24,0.11,0.38,0.2,0.28,,,,,0.13,,0.09,0.4,85.0,20.0,67.0,38.0,48.0,0.0,0.0,0.0,0.0,25.0,,1.0,55.0,353.0,177.0,176.0,179.0,174.0,3.0,8.0,1.0,1.0,193.0,,11.0,136.0,0,0,0,0,0,1,1,1,1,0,1,0,0,0,0,0,0,0,0,0,0,0,0,1,0,0,0,0,0,0,0,0,0,0,0,0,1,0,0,,,,
2016,windsor unified,"Suburb, large",0.34,0.14,0.47,0.34,0.33,,,,,0.21,,,0.49,114.0,21.0,92.0,60.0,53.0,0.0,0.0,0.0,0.0,35.0,,0.0,67.0,335.0,138.0,197.0,174.0,161.0,5.0,9.0,3.0,3.0,174.0,,5.0,136.0,0,0,0,0,0,1,1,1,1,0,1,1,0,0,0,0,0,0,0,0,0,0,0,1,0,0,0,0,0,0,0,0,0,0,0,0,1,0,0,0.24,,,
2017,windsor unified,"Suburb, large",0.3289,0.2099,0.4174,0.3102,0.3472,,,,,0.2599,,,0.4307,125.0,34.0,91.0,58.0,67.0,0.0,0.0,,0.0,59.0,0.0,0.0,59.0,380.0,162.0,218.0,187.0,193.0,0.0,0.0,,0.0,227.0,0.0,0.0,137.0,0,0,0,0,0,1,1,1,1,0,1,1,0,0,0,0,0,0,0,0,1,0,0,0,0,0,0,0,0,0,0,0,0,1,0,0,0,0,0,0.34,0.24,,
2018,windsor unified,"Suburb, large",0.3246,0.1617,0.48,0.2529,0.3988,,,,,0.1923,,0.5625,0.5421,111.0,27.0,84.0,44.0,67.0,0.0,0.0,0.0,,40.0,,9.0,58.0,342.0,167.0,175.0,174.0,168.0,0.0,0.0,0.0,,208.0,,16.0,107.0,0,0,0,0,0,1,1,1,1,0,1,0,0,0,0,0,0,0,0,0,0,1,0,1,0,0,0,0,0,0,0,0,0,0,1,0,1,0,0,0.3289,0.34,0.24,
2019,windsor unified,"Suburb, large",0.4167,0.2639,0.5476,0.4354,0.4,,,,,0.3372,,0.7273,0.5041,130.0,38.0,92.0,64.0,66.0,0.0,0.0,,,58.0,,8.0,61.0,312.0,144.0,168.0,147.0,165.0,4.0,4.0,,,172.0,,11.0,121.0,0,0,0,0,0,1,1,1,1,0,1,0,0,0,0,0,0,0,0,0,1,1,0,1,0,0,0,0,0,0,0,0,0,1,1,0,1,0,0,0.3246,0.3289,0.34,0.24
2015,winters joint unified,"Town, fringe",0.34,0.28,0.49,0.29,0.4,,,,,0.29,,,0.48,42.0,23.0,18.0,18.0,23.0,,0.0,0.0,,24.0,,0.0,16.0,120.0,83.0,37.0,62.0,58.0,,1.0,2.0,,83.0,,1.0,33.0,0,0,0,0,0,1,1,1,1,0,1,1,0,0,0,0,0,0,1,0,0,1,0,1,0,0,0,0,0,0,0,1,0,0,1,0,1,0,0,,,,
2016,winters joint unified,"Town, fringe",0.27,0.19,0.54,0.23,0.3,,,,,0.22,,,0.46,29.0,17.0,13.0,11.0,18.0,,,0.0,0.0,17.0,0.0,,12.0,111.0,86.0,25.0,49.0,62.0,,,1.0,2.0,81.0,1.0,,26.0,0,0,0,0,0,1,1,1,1,0,1,1,0,0,0,0,0,0,1,1,0,0,0,0,1,0,0,0,0,0,0,1,1,0,0,0,0,1,0,0.34,,,
2017,winters joint unified,"Town, fringe",0.3579,0.2923,0.5,0.3889,0.3171,,,,,0.2222,,,0.6207,34.0,19.0,15.0,21.0,13.0,,,0.0,,14.0,0.0,,18.0,95.0,65.0,30.0,54.0,41.0,,,0.0,,63.0,0.0,,29.0,0,0,0,0,0,1,1,1,1,0,1,1,0,0,0,0,0,0,1,1,0,1,0,0,1,0,0,0,0,0,0,1,1,0,1,0,0,1,0,0.27,0.34,,
2018,winters joint unified,"Town, fringe",0.3689,0.2286,0.6667,0.3,0.4651,,,,,0.2615,,,0.6176,38.0,16.0,22.0,18.0,20.0,,0.0,0.0,,17.0,,0.0,21.0,103.0,70.0,33.0,60.0,43.0,,0.0,0.0,,65.0,,0.0,34.0,0,0,0,0,0,1,1,1,1,0,1,1,0,0,0,0,0,0,1,0,0,1,0,1,0,0,0,0,0,0,0,1,0,0,1,0,1,0,0,0.3579,0.27,0.34,
2019,winters joint unified,"Town, fringe",0.2887,0.2121,0.4516,0.18,0.4043,,,,,0.209,,,0.5,28.0,14.0,14.0,9.0,19.0,,,0.0,,14.0,,,13.0,97.0,66.0,31.0,50.0,47.0,,,4.0,,67.0,,,26.0,0,0,0,0,0,1,1,1,1,0,1,1,0,0,0,0,0,0,1,1,0,1,0,1,1,0,0,0,0,0,0,1,1,0,1,0,1,1,0,0.3689,0.3579,0.27,0.34
2015,winton,"Suburb, midsize",0.23,0.22,0.29,0.21,0.25,,,,,0.21,,,0.38,49.0,41.0,7.0,21.0,29.0,0.0,0.0,0.0,,39.0,,0.0,5.0,211.0,187.0,24.0,100.0,111.0,1.0,9.0,1.0,,184.0,,3.0,13.0,0,0,0,0,0,1,1,1,1,0,1,1,0,0,0,0,0,0,0,0,0,1,0,1,0,0,0,0,0,0,0,0,0,0,1,0,1,0,0,,,,
2016,winton,"Suburb, midsize",0.23,0.18,0.53,0.21,0.25,,,,,0.21,,,0.38,53.0,36.0,18.0,25.0,28.0,,0.0,0.0,,42.0,,0.0,8.0,231.0,197.0,34.0,119.0,112.0,,3.0,3.0,,203.0,,1.0,21.0,0,0,0,0,0,1,1,1,1,0,1,1,0,0,0,0,0,0,1,0,0,1,0,1,0,0,0,0,0,0,0,1,0,0,1,0,1,0,0,0.23,,,
2017,winton,"Suburb, midsize",0.3721,0.3515,0.6923,0.3396,0.4037,,,,,0.3704,,,0.4706,80.0,71.0,9.0,36.0,44.0,,0.0,0.0,,70.0,,,8.0,215.0,202.0,13.0,106.0,109.0,,0.0,0.0,,189.0,,,17.0,0,0,0,0,0,1,1,1,1,0,1,1,0,0,0,0,0,0,1,0,0,1,0,1,1,0,0,0,0,0,0,1,0,0,1,0,1,1,0,0.23,0.23,,
2018,winton,"Suburb, midsize",0.3317,0.3069,0.6923,0.3491,0.3125,,0.6667,,,0.3006,,,0.4118,67.0,58.0,9.0,37.0,30.0,,8.0,0.0,,52.0,,,7.0,202.0,189.0,13.0,106.0,96.0,,12.0,0.0,,173.0,,,17.0,0,0,0,0,0,1,0,1,1,0,1,1,0,0,0,0,0,0,1,0,0,1,0,1,1,0,0,0,0,0,0,1,0,0,1,0,1,1,0,0.3721,0.23,0.23,
2019,winton,"Suburb, midsize",0.3258,0.3155,,0.375,0.2778,,,,,0.3,,,0.4706,58.0,53.0,0.0,33.0,25.0,0.0,0.0,0.0,,45.0,,,8.0,178.0,168.0,10.0,88.0,90.0,0.0,9.0,0.0,,150.0,,,17.0,0,0,1,0,0,1,1,1,1,0,1,1,0,0,0,0,0,0,0,0,0,1,0,1,1,0,0,0,0,0,0,0,0,0,1,0,1,1,0,0.3317,0.3721,0.23,0.23
2015,wiseburn unified,"Suburb, large",0.44,0.27,0.58,0.44,0.43,,,0.43,,0.39,,0.59,0.65,114.0,32.0,81.0,64.0,50.0,,0.0,13.0,0.0,65.0,0.0,10.0,20.0,260.0,119.0,141.0,144.0,116.0,,7.0,30.0,5.0,168.0,2.0,17.0,31.0,0,0,0,0,0,1,1,0,1,0,1,0,0,0,0,0,0,0,1,0,0,0,0,0,0,0,0,0,0,0,0,1,0,0,0,0,0,0,0,,,,
2016,wiseburn unified,"Suburb, large",0.45,0.31,0.56,0.41,0.51,,,0.37,,0.41,,0.62,0.58,114.0,32.0,80.0,58.0,54.0,,0.0,14.0,0.0,60.0,0.0,16.0,18.0,247.0,104.0,143.0,141.0,106.0,,3.0,38.0,2.0,146.0,1.0,26.0,31.0,0,0,0,0,0,1,1,0,1,0,1,0,0,0,0,0,0,0,1,0,0,0,0,0,0,0,0,0,0,0,0,1,0,0,0,0,0,0,0,0.44,,,
2017,wiseburn unified,"Suburb, large",0.4559,0.2742,0.6081,0.4247,0.4921,,0.6364,0.3846,,0.3492,,0.6957,0.5806,124.0,34.0,90.0,62.0,62.0,0.0,7.0,15.0,0.0,44.0,0.0,16.0,36.0,272.0,124.0,148.0,146.0,126.0,0.0,11.0,39.0,0.0,126.0,0.0,23.0,62.0,0,0,0,0,0,1,0,0,1,0,1,0,0,0,0,0,0,0,0,0,0,0,0,0,0,0,0,0,0,0,0,0,0,0,0,0,0,0,0,0.45,0.44,,
2018,wiseburn unified,"Suburb, large",0.5481,0.4458,0.6026,0.4874,0.6083,,,0.5357,,0.4923,,0.6471,0.6154,131.0,37.0,94.0,58.0,73.0,0.0,0.0,15.0,0.0,64.0,0.0,11.0,32.0,239.0,83.0,156.0,119.0,120.0,0.0,0.0,28.0,0.0,130.0,0.0,17.0,52.0,0,0,0,0,0,1,1,0,1,0,1,0,0,0,0,0,0,0,0,0,0,0,0,0,0,0,0,0,0,0,0,0,0,0,0,0,0,0,0,0.4559,0.45,0.44,
2019,wiseburn unified,"Suburb, large",0.631,0.5429,0.6939,0.6328,0.629,,,0.5517,,0.5484,,0.85,0.8205,159.0,57.0,102.0,81.0,78.0,0.0,0.0,16.0,0.0,85.0,,17.0,32.0,252.0,105.0,147.0,128.0,124.0,0.0,5.0,29.0,0.0,155.0,,20.0,39.0,0,0,0,0,0,1,1,0,1,0,1,0,0,0,0,0,0,0,0,0,0,0,0,1,0,0,0,0,0,0,0,0,0,0,0,0,1,0,0,0.5481,0.4559,0.45,0.44
2015,woodlake unified,"Town, fringe",0.16,0.12,0.31,0.16,0.16,,,,,0.14,,,0.38,27.0,16.0,10.0,15.0,12.0,,0.0,,0.0,22.0,,0.0,5.0,170.0,138.0,32.0,93.0,77.0,,1.0,,1.0,153.0,,2.0,13.0,0,0,0,0,0,1,1,1,1,0,1,1,0,0,0,0,0,0,1,0,1,0,0,1,0,0,0,0,0,0,0,1,0,1,0,0,1,0,0,,,,
2016,woodlake unified,"Town, fringe",0.16,0.15,0.29,0.19,0.14,,,,,0.15,,,0.31,28.0,23.0,4.0,15.0,13.0,0.0,0.0,,,24.0,,,4.0,171.0,157.0,14.0,81.0,90.0,1.0,2.0,,,155.0,,,13.0,0,0,0,0,0,1,1,1,1,0,1,1,0,0,0,0,0,0,0,0,1,1,0,1,1,0,0,0,0,0,0,0,0,1,1,0,1,1,0,0.16,,,
2017,woodlake unified,"Town, fringe",0.2553,0.2366,,0.241,0.2759,,,,,0.2656,,,,36.0,31.0,0.0,20.0,16.0,0.0,,0.0,,34.0,,0.0,0.0,141.0,131.0,0.0,83.0,58.0,0.0,,0.0,,128.0,,0.0,0.0,0,0,1,0,0,1,1,1,1,0,1,1,1,0,0,0,0,0,0,1,0,1,0,1,0,0,0,0,0,0,0,0,1,0,1,0,1,0,0,0.16,0.16,,
2018,woodlake unified,"Town, fringe",0.2683,0.2483,0.4667,0.2471,0.2911,,,,,0.2685,,,,44.0,37.0,7.0,21.0,23.0,0.0,0.0,0.0,,40.0,,,0.0,164.0,149.0,15.0,85.0,79.0,0.0,0.0,0.0,,149.0,,,0.0,0,0,0,0,0,1,1,1,1,0,1,1,1,0,0,0,0,0,0,0,0,1,0,1,1,0,0,0,0,0,0,0,0,0,1,0,1,1,0,0.2553,0.16,0.16,
2019,woodlake unified,"Town, fringe",0.2981,0.2635,0.6923,0.2727,0.3214,,,,,0.2941,,,,48.0,39.0,9.0,21.0,27.0,,0.0,,,45.0,,,0.0,161.0,148.0,13.0,77.0,84.0,,0.0,,,153.0,,,7.0,0,0,0,0,0,1,1,1,1,0,1,1,1,0,0,0,0,0,1,0,1,1,0,1,1,0,0,0,0,0,0,1,0,1,1,0,1,1,0,0.2683,0.2553,0.16,0.16
2015,woodland joint unified,"Suburb, small",0.26,0.2,0.45,0.24,0.28,,0.28,,,0.2,,0.36,0.41,196.0,110.0,90.0,87.0,109.0,0.0,10.0,0.0,0.0,101.0,0.0,4.0,72.0,751.0,551.0,200.0,363.0,388.0,2.0,36.0,9.0,5.0,507.0,1.0,11.0,177.0,0,0,0,0,0,1,0,1,1,0,1,0,0,0,0,0,0,0,0,0,0,0,0,0,0,0,0,0,0,0,0,0,0,0,0,0,0,0,0,,,,
2016,woodland joint unified,"Suburb, small",0.25,0.19,0.44,0.25,0.24,,0.42,,,0.18,,,0.41,199.0,122.0,82.0,105.0,97.0,0.0,13.0,0.0,0.0,98.0,0.0,0.0,76.0,827.0,638.0,189.0,421.0,406.0,5.0,31.0,3.0,7.0,582.0,2.0,10.0,185.0,0,0,0,0,0,1,0,1,1,0,1,1,0,0,0,0,0,0,0,0,0,0,0,0,0,0,0,0,0,0,0,0,0,0,0,0,0,0,0,0.26,,,
2017,woodland joint unified,"Suburb, small",0.3306,0.2417,0.5364,0.3296,0.3316,,0.4286,0.1875,,0.2549,,,0.5333,241.0,123.0,118.0,117.0,124.0,0.0,12.0,3.0,0.0,129.0,0.0,0.0,80.0,729.0,509.0,220.0,355.0,374.0,0.0,28.0,16.0,0.0,506.0,0.0,0.0,150.0,0,0,0,0,0,1,0,0,1,0,1,1,0,0,0,0,0,0,0,0,0,0,0,0,0,0,0,0,0,0,0,0,0,0,0,0,0,0,0,0.25,0.26,,
2018,woodland joint unified,"Suburb, small",0.294,0.2336,0.4619,0.2649,0.3227,,0.3333,,,0.2505,,0.25,0.4406,219.0,128.0,91.0,98.0,121.0,0.0,14.0,0.0,0.0,131.0,0.0,3.0,63.0,745.0,548.0,197.0,370.0,375.0,0.0,42.0,0.0,0.0,523.0,0.0,12.0,143.0,0,0,0,0,0,1,0,1,1,0,1,0,0,0,0,0,0,0,0,0,0,0,0,0,0,0,0,0,0,0,0,0,0,0,0,0,0,0,0,0.3306,0.25,0.26,
2019,woodland joint unified,"Suburb, small",0.317,0.2289,0.4865,0.306,0.3274,,0.4444,,,0.2538,,,0.4645,240.0,114.0,126.0,112.0,128.0,0.0,20.0,0.0,0.0,133.0,0.0,0.0,72.0,758.0,499.0,259.0,367.0,391.0,0.0,45.0,9.0,6.0,525.0,0.0,9.0,155.0,0,0,0,0,0,1,0,1,1,0,1,1,0,0,0,0,0,0,0,0,0,0,0,0,0,0,0,0,0,0,0,0,0,0,0,0,0,0,0,0.294,0.3306,0.25,0.26
2015,woodside elementary,"Suburb, large",0.85,,0.89,0.75,1.0,,,,,,,,0.89,51.0,0.0,48.0,27.0,24.0,,0.0,0.0,,0.0,0.0,0.0,40.0,60.0,6.0,54.0,36.0,24.0,,2.0,2.0,,7.0,1.0,3.0,45.0,0,1,0,0,0,1,1,1,1,1,1,1,0,0,0,0,0,0,1,0,0,1,0,0,0,0,0,0,0,0,0,1,0,0,1,0,0,0,0,,,,
2016,woodside elementary,"Suburb, large",0.75,,0.88,0.84,0.67,,,,,,,,0.86,30.0,0.0,28.0,16.0,14.0,,0.0,0.0,,0.0,0.0,0.0,19.0,40.0,8.0,32.0,19.0,21.0,,3.0,1.0,,7.0,1.0,6.0,22.0,0,1,0,0,0,1,1,1,1,1,1,1,0,0,0,0,0,0,1,0,0,1,0,0,0,0,0,0,0,0,0,1,0,0,1,0,0,0,0,0.85,,,
2017,woodside elementary,"Suburb, large",0.75,,0.7609,0.5652,0.92,,,,,,,,0.7647,36.0,0.0,35.0,13.0,23.0,,0.0,,,0.0,0.0,0.0,26.0,48.0,0.0,46.0,23.0,25.0,,0.0,,,0.0,0.0,0.0,34.0,0,1,0,0,0,1,1,1,1,1,1,1,0,0,0,0,0,0,1,0,1,1,0,0,0,0,0,0,0,0,0,1,0,1,1,0,0,0,0,0.75,0.85,,
2018,woodside elementary,"Suburb, large",0.8889,,0.9024,0.9048,0.875,,,,,,,,0.9143,41.0,0.0,38.0,19.0,22.0,,,0.0,,0.0,,0.0,33.0,46.0,0.0,42.0,21.0,25.0,,,0.0,,0.0,,0.0,36.0,0,1,0,0,0,1,1,1,1,1,1,1,0,0,0,0,0,0,1,1,0,1,0,1,0,0,0,0,0,0,0,1,1,0,1,0,1,0,0,0.75,0.75,0.85,
2019,woodside elementary,"Suburb, large",0.875,,0.902,0.92,0.8387,,,,,,,,0.9429,49.0,0.0,46.0,23.0,26.0,0.0,0.0,0.0,,0.0,,0.0,33.0,56.0,5.0,51.0,25.0,31.0,0.0,0.0,0.0,,8.0,,9.0,35.0,0,1,0,0,0,1,1,1,1,1,1,1,0,0,0,0,0,0,0,0,0,1,0,1,0,0,0,0,0,0,0,0,0,0,1,0,1,0,0,0.8889,0.75,0.75,0.85
2015,woodville union elementary,"Rural, fringe",0.0,0.0,,0.0,0.0,,,,,0.0,,,,0.0,0.0,0.0,0.0,0.0,,,,,0.0,,,0.0,49.0,48.0,1.0,19.0,30.0,,,,,47.0,,,2.0,0,0,1,0,0,1,1,1,1,0,1,1,1,0,0,0,0,0,1,1,1,1,0,1,1,0,0,0,0,0,0,1,1,1,1,0,1,1,0,,,,
2016,woodville union elementary,"Rural, fringe",0.17,0.17,,0.17,0.16,,,,,0.18,,,,7.0,7.0,,4.0,3.0,,,,,7.0,,,0.0,42.0,42.0,,23.0,19.0,,,,,40.0,,,2.0,0,0,1,0,0,1,1,1,1,0,1,1,1,0,0,1,0,0,1,1,1,1,0,1,1,0,0,0,1,0,0,1,1,1,1,0,1,1,0,0.0,,,
2017,woodville union elementary,"Rural, fringe",0.22,0.22,,0.0741,0.3913,,,,,0.22,,,,11.0,11.0,,2.0,9.0,,,,,11.0,,,,50.0,50.0,,27.0,23.0,,,,,50.0,,,,0,0,1,0,0,1,1,1,1,0,1,1,1,0,0,1,0,0,1,1,1,1,0,1,1,1,0,0,1,0,0,1,1,1,1,0,1,1,1,0.17,0.0,,
2018,woodville union elementary,"Rural, fringe",0.1176,0.12,,0.1379,0.0909,,,,,0.12,,,,6.0,6.0,0.0,4.0,2.0,,,,,6.0,,,0.0,51.0,50.0,0.0,29.0,22.0,,,,,50.0,,,0.0,0,0,1,0,0,1,1,1,1,0,1,1,1,0,0,0,0,0,1,1,1,1,0,1,1,0,0,0,0,0,0,1,1,1,1,0,1,1,0,0.22,0.17,0.0,
2019,woodville union elementary,"Rural, fringe",0.0476,0.0488,,0.0435,0.0526,,,,,0.0488,,,,2.0,2.0,0.0,1.0,1.0,,,,,2.0,,,,42.0,41.0,0.0,23.0,19.0,,,,,41.0,,,,0,0,1,0,0,1,1,1,1,0,1,1,1,0,0,0,0,0,1,1,1,1,0,1,1,1,0,0,0,0,0,1,1,1,1,0,1,1,1,0.1176,0.22,0.17,0.0
2015,wright elementary,"City, midsize",0.36,0.35,0.38,0.32,0.4,,0.6,,,0.28,,,0.44,72.0,50.0,21.0,32.0,39.0,0.0,9.0,0.0,0.0,35.0,,0.0,20.0,199.0,142.0,57.0,101.0,98.0,2.0,15.0,6.0,1.0,127.0,,3.0,45.0,0,0,0,0,0,1,0,1,1,0,1,1,0,0,0,0,0,0,0,0,0,0,0,1,0,0,0,0,0,0,0,0,0,0,0,0,1,0,0,,,,
2016,wright elementary,"City, midsize",0.4,0.36,0.48,0.37,0.42,,0.67,,,0.34,,,0.43,90.0,62.0,29.0,38.0,51.0,0.0,8.0,0.0,0.0,52.0,,0.0,20.0,225.0,165.0,60.0,104.0,121.0,2.0,12.0,7.0,4.0,152.0,,2.0,46.0,0,0,0,0,0,1,0,1,1,0,1,1,0,0,0,0,0,0,0,0,0,0,0,1,0,0,0,0,0,0,0,0,0,0,0,0,1,0,0,0.36,,,
2017,wright elementary,"City, midsize",0.3861,0.3444,0.5098,0.3365,0.4388,,0.4286,,,0.3488,,,0.4324,78.0,52.0,26.0,35.0,43.0,0.0,6.0,0.0,0.0,45.0,,0.0,16.0,202.0,151.0,51.0,104.0,98.0,0.0,14.0,0.0,0.0,129.0,,0.0,37.0,0,0,0,0,0,1,0,1,1,0,1,1,0,0,0,0,0,0,0,0,0,0,0,1,0,0,0,0,0,0,0,0,0,0,0,0,1,0,0,0.4,0.36,,
2018,wright elementary,"City, midsize",0.4028,0.3557,0.5161,0.3838,0.4196,,0.5833,,,0.3359,,,0.5208,85.0,53.0,32.0,38.0,47.0,0.0,7.0,0.0,0.0,43.0,0.0,0.0,25.0,211.0,149.0,62.0,99.0,112.0,0.0,12.0,0.0,0.0,128.0,0.0,0.0,48.0,0,0,0,0,0,1,0,1,1,0,1,1,0,0,0,0,0,0,0,0,0,0,0,0,0,0,0,0,0,0,0,0,0,0,0,0,0,0,0,0.3861,0.4,0.36,
2019,wright elementary,"City, midsize",0.4531,0.4091,0.6316,0.3444,0.549,,0.5714,,,0.4109,,,0.5172,87.0,63.0,24.0,31.0,56.0,0.0,8.0,0.0,0.0,53.0,0.0,0.0,15.0,192.0,154.0,38.0,90.0,102.0,0.0,14.0,5.0,0.0,129.0,0.0,8.0,29.0,0,0,0,0,0,1,0,1,1,0,1,1,0,0,0,0,0,0,0,0,0,0,0,0,0,0,0,0,0,0,0,0,0,0,0,0,0,0,0,0.4028,0.3861,0.4,0.36
2015,yosemite unified,"Rural, distant",0.27,0.16,0.42,0.22,0.35,,,,,0.09,,,0.29,29.0,10.0,19.0,15.0,14.0,0.0,,0.0,,2.0,,0.0,20.0,108.0,63.0,45.0,68.0,40.0,5.0,,2.0,,23.0,,9.0,69.0,0,0,0,0,0,1,1,1,1,0,1,1,0,0,0,0,0,0,0,1,0,1,0,1,0,0,0,0,0,0,0,0,1,0,1,0,1,0,0,,,,
2016,yosemite unified,"Rural, distant",0.39,0.23,0.51,0.33,0.45,,,,,0.14,,,0.43,39.0,10.0,28.0,16.0,23.0,0.0,0.0,,,2.0,,0.0,29.0,99.0,44.0,55.0,49.0,50.0,7.0,1.0,,,14.0,,9.0,68.0,0,0,0,0,0,1,1,1,1,0,1,1,0,0,0,0,0,0,0,0,1,1,0,1,0,0,0,0,0,0,0,0,0,1,1,0,1,0,0,0.27,,,
2017,yosemite unified,"Rural, distant",0.34,0.2182,0.4889,0.3191,0.3585,,,,,0.2083,,0.5455,0.4107,34.0,12.0,22.0,15.0,19.0,0.0,0.0,,,5.0,,6.0,23.0,100.0,55.0,45.0,47.0,53.0,0.0,0.0,,,24.0,,11.0,56.0,0,0,0,0,0,1,1,1,1,0,1,0,0,0,0,0,0,0,0,0,1,1,0,1,0,0,0,0,0,0,0,0,0,1,1,0,1,0,0,0.39,0.27,,
2018,yosemite unified,"Rural, distant",0.3776,0.3148,0.4545,0.3529,0.4043,,,,,0.3158,,,0.4118,37.0,17.0,20.0,18.0,19.0,0.0,0.0,,,6.0,,0.0,28.0,98.0,54.0,44.0,51.0,47.0,0.0,0.0,,,19.0,,0.0,68.0,0,0,0,0,0,1,1,1,1,0,1,1,0,0,0,0,0,0,0,0,1,1,0,1,0,0,0,0,0,0,0,0,0,1,1,0,1,0,0,0.34,0.39,0.27,
2019,yosemite unified,"Rural, distant",0.4,0.325,0.5,0.375,0.4333,,,,,0.3636,,,0.4444,28.0,13.0,15.0,15.0,13.0,0.0,0.0,0.0,,4.0,,0.0,20.0,70.0,40.0,30.0,40.0,30.0,0.0,0.0,0.0,,11.0,,7.0,45.0,0,0,0,0,0,1,1,1,1,0,1,1,0,0,0,0,0,0,0,0,0,1,0,1,0,0,0,0,0,0,0,0,0,0,1,0,1,0,0,0.3776,0.34,0.39,0.27
2015,yreka union elementary,"Town, distant",0.36,0.34,0.41,0.36,0.36,0.29,,,,0.22,,,0.44,37.0,25.0,13.0,22.0,15.0,5.0,0.0,,,5.0,,0.0,24.0,104.0,72.0,32.0,61.0,43.0,18.0,3.0,,,23.0,,6.0,54.0,0,0,0,0,0,0,1,1,1,0,1,1,0,0,0,0,0,0,0,0,1,1,0,1,0,0,0,0,0,0,0,0,0,1,1,0,1,0,0,,,,
2016,yreka union elementary,"Town, distant",0.34,0.24,0.56,0.26,0.42,0.18,,,,0.31,,,0.39,38.0,19.0,18.0,15.0,22.0,4.0,0.0,,,5.0,,0.0,26.0,110.0,78.0,32.0,58.0,52.0,22.0,2.0,,,16.0,,4.0,66.0,0,0,0,0,0,0,1,1,1,0,1,1,0,0,0,0,0,0,0,0,1,1,0,1,0,0,0,0,0,0,0,0,0,1,1,0,1,0,0,0.36,,,
2017,yreka union elementary,"Town, distant",0.2353,0.1375,0.4359,0.22,0.2464,0.05,,,,0.1538,,,0.2895,28.0,11.0,17.0,11.0,17.0,1.0,,,,2.0,,0.0,22.0,119.0,80.0,39.0,50.0,69.0,20.0,,,,13.0,,0.0,76.0,0,0,0,0,0,0,1,1,1,0,1,1,0,0,0,0,0,0,0,1,1,1,0,1,0,0,0,0,0,0,0,0,1,1,1,0,1,0,0,0.34,0.36,,
2018,yreka union elementary,"Town, distant",0.3504,0.2738,0.5455,0.3654,0.3385,0.3462,,,,0.3889,,,0.3279,41.0,23.0,18.0,19.0,22.0,9.0,0.0,,,7.0,,0.0,20.0,117.0,84.0,33.0,52.0,65.0,26.0,0.0,,,18.0,,0.0,61.0,0,0,0,0,0,0,1,1,1,0,1,1,0,0,0,0,0,0,0,0,1,1,0,1,0,0,0,0,0,0,0,0,0,1,1,0,1,0,0,0.2353,0.34,0.36,
2019,yreka union elementary,"Town, distant",0.3364,0.2857,0.4545,0.2807,0.3962,0.36,,,,0.3333,,,0.339,37.0,22.0,15.0,16.0,21.0,9.0,0.0,,0.0,6.0,,0.0,20.0,110.0,77.0,33.0,57.0,53.0,25.0,0.0,,0.0,18.0,,4.0,59.0,0,0,0,0,0,0,1,1,1,0,1,1,0,0,0,0,0,0,0,0,1,0,0,1,0,0,0,0,0,0,0,0,0,1,0,0,1,0,0,0.3504,0.2353,0.34,0.36
2015,yuba city unified,"City, small",0.28,0.22,0.44,0.29,0.28,,0.42,0.16,,0.17,,0.33,0.36,288.0,172.0,123.0,136.0,152.0,0.0,81.0,3.0,0.0,75.0,0.0,18.0,110.0,1028.0,748.0,280.0,487.0,541.0,5.0,194.0,19.0,5.0,441.0,1.0,54.0,305.0,0,0,0,0,0,1,0,0,1,0,1,0,0,0,0,0,0,0,0,0,0,0,0,0,0,0,0,0,0,0,0,0,0,0,0,0,0,0,0,,,,
2016,yuba city unified,"City, small",0.31,0.25,0.45,0.29,0.32,,0.39,0.07,,0.24,,0.38,0.36,305.0,185.0,126.0,145.0,165.0,0.0,72.0,1.0,0.0,107.0,0.0,27.0,93.0,1017.0,738.0,279.0,502.0,515.0,3.0,185.0,14.0,5.0,467.0,3.0,70.0,266.0,0,0,0,0,0,1,0,0,1,0,1,0,0,0,0,0,0,0,0,0,0,0,0,0,0,0,0,0,0,0,0,0,0,0,0,0,0,0,0,0.28,,,
2017,yuba city unified,"City, small",0.2814,0.2142,0.5067,0.2678,0.2939,,0.454,,,0.2004,,0.234,0.3217,273.0,160.0,113.0,124.0,149.0,0.0,79.0,0.0,0.0,93.0,0.0,11.0,83.0,971.0,748.0,223.0,463.0,508.0,0.0,174.0,0.0,0.0,464.0,0.0,47.0,259.0,0,0,0,0,0,1,0,1,1,0,1,0,0,0,0,0,0,0,0,0,0,0,0,0,0,0,0,0,0,0,0,0,0,0,0,0,0,0,0,0.31,0.28,,
2018,yuba city unified,"City, small",0.3115,0.2456,0.5556,0.2836,0.3398,,0.4107,0.1739,,0.218,,0.2879,0.4292,290.0,180.0,110.0,133.0,157.0,0.0,69.0,4.0,0.0,92.0,0.0,19.0,100.0,931.0,733.0,198.0,469.0,462.0,0.0,168.0,23.0,0.0,422.0,0.0,66.0,233.0,0,0,0,0,0,1,0,0,1,0,1,0,0,0,0,0,0,0,0,0,0,0,0,0,0,0,0,0,0,0,0,0,0,0,0,0,0,0,0,0.2814,0.31,0.28,
2019,yuba city unified,"City, small",0.3507,0.2893,0.5792,0.2982,0.4042,,0.4211,0.3125,,0.2494,,0.5,0.4426,303.0,197.0,106.0,130.0,173.0,0.0,64.0,5.0,0.0,101.0,0.0,20.0,104.0,864.0,681.0,183.0,436.0,428.0,6.0,152.0,16.0,5.0,405.0,0.0,40.0,235.0,0,0,0,0,0,1,0,0,1,0,1,0,0,0,0,0,0,0,0,0,0,0,0,0,0,0,0,0,0,0,0,0,0,0,0,0,0,0,0,0.3115,0.2814,0.31,0.28
